t_s,theta_pll_rad,theta_ref_rad,theta_err_rad
0,0,0,0
0.0002,0.0753982236904548,0.075398223686155,4.29981050764638e-12
0.0004,0.150252531569056,0.15079644737231,-0.000543915803254524
0.0006,0.225286659533477,0.226194671058465,-0.000908011524987706
0.0008,0.301428463413579,0.30159289474462,-0.000164431331041437
0.001,0.37830508694427,0.376991118430775,0.0013139685134948
0.0012,0.453813087594535,0.45238934211693,0.00142374547760443
0.0014,0.525736188933698,0.527787565803085,-0.00205137686938772
0.0016,0.593478348929579,0.60318578948924,-0.00970744055966122
0.0018,0.658025056269015,0.678584013175395,-0.0205589569063809
0.002,0.720351611303743,0.75398223686155,-0.0336306255578072
0.0022,0.780302533710966,0.829380460547705,-0.0490779268367391
0.0024,0.836802563144274,0.904778684233861,-0.0679761210895864
0.0026,0.889626107132073,0.980176907920016,-0.0905508007879424
0.0028,0.940288841092171,1.05557513160617,-0.115286290514
0.003,0.990888020475283,1.13097335529233,-0.140085334817043
0.0032,1.04239641634134,1.20637157897848,-0.163975162637139
0.0034,1.09459909464259,1.28176980266464,-0.18717070802205
0.0036,1.14740635663048,1.35716802635079,-0.209761669720313
0.0038,1.20162729150135,1.43256625003695,-0.230938958535594
0.004,1.25841357855167,1.5079644737231,-0.249550895171436
0.0042,1.31778720396532,1.58336269740926,-0.265575493443936
0.0044,1.3787625925467,1.65876092109541,-0.279998328548707
0.0046,1.44019062501066,1.73415914478157,-0.293968519770906
0.0048,1.50172603819246,1.80955736846772,-0.307831330275261
0.005,1.56389141193732,1.88495559215388,-0.321064180216555
0.0052,1.62722327303259,1.96035381584003,-0.333130542807446
0.0054,1.69157102220176,2.03575203952619,-0.344181017324425
0.0056,1.75645980089687,2.11115026321234,-0.354690462315472
0.0058,1.82161334262016,2.1865484868985,-0.36493514427834
0.006,1.88737070739334,2.26194671058465,-0.374576003191307
0.0062,1.95418639633357,2.33734493427081,-0.383158537937239
0.0064,2.0220638366934,2.41274315795696,-0.390679321263565
0.0066,2.09058751987309,2.48814138164312,-0.397553861770031
0.0068,2.1593243860419,2.56353960532927,-0.404215219287376
0.007,2.22818825918309,2.63893782901543,-0.410749569832332
0.0072,2.29732788379506,2.71433605270158,-0.417008168906522
0.0074,2.36692571422966,2.78973427638774,-0.422808562158077
0.0076,2.43697227770976,2.86513250007389,-0.428160222364132
0.0078,2.50746032826338,2.94053072376005,-0.433070395496663
0.008,2.57847293935413,3.0159289474462,-0.43745600809207
0.0082,2.6500824789298,3.09132717113236,-0.441244692202555
0.0084,2.72222761776576,3.16672539481851,-0.444497777052749
0.0086,2.79486073346979,3.24212361850467,-0.447262885034875
0.0088,2.86790198683459,3.31752184219082,-0.44961985535623
0.009,2.94115239168291,3.39292006587698,-0.451767674194064
0.0092,3.01435479417996,3.46831828956313,-0.453963495383173
0.0094,3.08744258130461,3.54371651324929,-0.456273931944681
0.0096,3.16069261584108,3.61911473693544,-0.458422121094359
0.0098,3.23456667802013,3.6945129606216,-0.459946282601462
0.01,3.30938310773343,3.76991118430775,-0.460528076574318
0.0102,3.38513346862543,3.84530940799391,-0.460175939368477
0.0104,3.46154702176926,3.92070763168006,-0.4591606099108
0.0106,3.53849195184903,3.99610585536622,-0.457613903517186
0.0108,3.61593032134857,4.07150407905237,-0.455573757703803
0.011,3.69377582676462,4.14690230273853,-0.453126475973912
0.0112,3.77181340913396,4.22230052642468,-0.450487117290718
0.0114,3.84979590019494,4.29769875011084,-0.447902849915898
0.0116,3.9276536331755,4.37309697379699,-0.445443340621491
0.0118,4.00572002638139,4.44849519748315,-0.442775171101752
0.012,4.08448105695178,4.5238934211693,-0.439412364217524
0.0122,4.16418216916378,4.59929164485546,-0.435109475691677
0.0124,4.24463284562722,4.67468986854161,-0.430057022914391
0.0126,4.32559063358063,4.75008809222777,-0.424497458647141
0.0128,4.40695914091273,4.82548631591392,-0.418527175001188
0.013,4.48873588647198,4.90088453960008,-0.412148653128099
0.0132,4.57089063874743,4.97628276328623,-0.405392124538798
0.0134,4.6532781129435,5.05168098697239,-0.39840287402889
0.0136,4.73572757327331,5.12707921065854,-0.39135163738523
0.0138,4.81824088865596,5.2024774343447,-0.38423654568874
0.014,4.90099471033736,5.27787565803085,-0.376880947693497
0.0142,4.98421353383952,5.35327388171701,-0.369060347877486
0.0144,5.06806780515897,5.42867210540316,-0.360604300244196
0.0146,5.15258758263019,5.50407032908932,-0.351482746459127
0.0148,5.23767125505139,5.57946855277547,-0.341797297724081
0.015,5.32318419549249,5.65486677646163,-0.331682580969142
0.0152,5.40904329532228,5.73026500014778,-0.3212217048255
0.0154,5.49520594954889,5.80566322383394,-0.310457274285051
0.0156,5.58158661470517,5.88106144752009,-0.299474832814919
0.0158,5.66800570114352,5.95645967120625,-0.288453970062731
0.016,5.75420538081267,6.0318578948924,-0.277652514079734
0.0162,5.84006678083365,6.10725611857856,-0.267189337744908
0.0164,5.92565962869724,6.18265434226471,-0.256994713567472
0.0166,6.01118401899136,6.25805256595087,-0.24686854695951
0.0168,6.09684466629776,6.06033390199832,0.0365107642994396
0.017,6.18277671493295,6.13948235752676,0.0432943574061886
0.0172,6.26904945690681,6.22042476057154,0.0486246963352741
0.0174,0.0724601497507917,0.0191707912772384,0.0532893584735534
0.0176,0.159270405001146,0.102389104729035,0.0568813002721114
0.0178,0.246125764849428,0.187980719710379,0.0581450451390494
0.018,0.332856129394779,0.276294830514615,0.0565612988801639
0.0182,0.41935293551335,0.366215649768469,0.0531372857448805
0.0184,0.505613795400838,0.455911933807083,0.0497018615937548
0.0186,0.591782151216166,0.544458848204063,0.0473233030121036
0.0188,0.678122241357487,0.632034997886675,0.0460872434708117
0.019,0.764810108498417,0.71904772287322,0.0457623856251964
0.0192,0.851859088296154,0.805164428385279,0.0466946599108744
0.0194,0.939206406438851,0.889549032724992,0.0496573737138591
0.0196,1.02677265155931,0.971764331036797,0.05500832052251
0.0198,1.11447603926509,1.05215507191204,0.0623209673530556
0.02,1.20221843454927,1.13129275422656,0.0709256803227143
0.0202,1.28986270828076,1.20933656753633,0.0805261407444298
0.0204,1.37716903340532,1.2861175885494,0.0910514448559254
0.0206,1.46397332798626,1.36172301092088,0.102250317065379
0.0208,1.55037306321972,1.43661897865401,0.113754084565715
0.021,1.63660248509972,1.51138458951756,0.125217895582161
0.0212,1.72294988480405,1.58658953856248,0.136360346241568
0.0214,1.80958920776327,1.6626738505763,0.146915357186965
0.0216,1.89653748131089,1.73994648908678,0.156590992224118
0.0218,1.98373193187705,1.81853365071527,0.165198281161774
0.022,2.0710947877918,1.89828478336782,0.172810004423978
0.0222,2.15853846613215,1.97888145496147,0.17965701117068
0.0224,2.24589626199926,2.06023592272146,0.185660339277799
0.0226,2.33293077977117,2.14263408714907,0.190296692622105
0.0228,2.41947298825086,2.22646429182187,0.193008696428991
0.023,2.50550097565289,2.31186797005212,0.193633005600777
0.0232,2.59117514883419,2.39877958083892,0.192395567995268
0.0234,2.67673661559037,2.48716851132008,0.18956810427029
0.0236,2.76238430844019,2.57695486165263,0.185429446787567
0.0238,2.84822652552863,2.66784259125558,0.180383934273052
0.024,2.93429191146193,2.75921571914374,0.175076192318196
0.0242,3.02054545619245,2.85037572234164,0.170169733850808
0.0244,3.10682890323281,2.94068488097137,0.166144022261442
0.0246,3.19286680978316,3.0297197592579,0.163147050525268
0.0248,3.27849441519321,3.11741611763092,0.161078297562287
0.025,3.36367177162331,3.20372547371702,0.159946297906287
0.0252,3.44845974515554,3.28835697474645,0.160102770409086
0.0254,3.53296648321241,3.37117441537,0.161792067842413
0.0256,3.61734954710151,3.45250073358153,0.164848813519985
0.0258,3.70175875278037,3.53282254754199,0.16893620523838
0.026,3.78619786332034,3.6120398970132,0.174157966307135
0.0262,3.87050710245607,3.68957725407684,0.180929848379234
0.0264,3.9545518023689,3.7649620112231,0.189589791145807
0.0266,4.0382111890128,3.83810224020846,0.200108948804338
0.0268,4.12138068165047,3.90925214083168,0.212128540818796
0.027,4.20383292850172,3.97874321374581,0.225089714755903
0.0272,4.28536184405158,4.04684175013189,0.238520093919694
0.0274,4.36576931779086,4.11394325435916,0.251826063431699
0.0276,4.44500019317934,4.18061617415876,0.264384019020575
0.0278,4.52304491275369,4.24741889394577,0.275626018807915
0.028,4.59989024621888,4.31479948431283,0.285090761906054
0.0282,4.67546083874907,4.38306520034705,0.292395638402027
0.0284,4.74975383109577,4.45252373082723,0.297230100268541
0.0286,4.82267452989466,4.52339912847119,0.299275401423472
0.0288,4.89419596014122,4.59581915110639,0.298376809034835
0.029,4.96433402317998,4.66975900448943,0.294575018690553
0.0292,5.03321547612674,4.74507203841603,0.288143437710718
0.0294,5.10097658629569,4.82153685917467,0.279439727121026
0.0296,5.16782791522485,4.89889478929079,0.268933125934065
0.0298,5.23387191560555,4.97684846509623,0.257023450509323
0.03,5.29924233280524,5.05491116819724,0.244331164607999
0.0302,5.36413957948286,5.13233917963696,0.231800399845898
0.0304,5.42861276100134,5.20842741193258,0.220185349068765
0.0306,5.49274653913211,5.28287744244668,0.20986909668543
0.0308,5.55664348147835,5.3554867621529,0.201156719325457
0.031,5.62037913573458,5.42614084896471,0.194238286769869
0.0312,5.6840833825614,5.49503083815361,0.18905254440779
0.0314,5.74790872112934,5.56263848457176,0.185270236557586
0.0316,5.81199724361322,5.62958919631698,0.182408047296235
0.0318,5.87637539921532,5.69643663011973,0.179938769095589
0.032,5.94112303371304,5.76360445042153,0.177518583291514
0.0322,6.00627190297197,5.83138190170266,0.174890001269309
0.0324,6.07182859009749,5.90007310155769,0.171755488539802
0.0326,6.13782148425168,5.96982577425713,0.167995709994552
0.0328,6.20430681462137,6.04070790907931,0.16359890554206
0.033,6.27132474583223,6.11259618695793,0.158728558874297
0.0332,0.0556397214998618,6.18508243947068,0.15374258920877
0.0334,0.123542132908514,6.25794198784103,0.148785452247074
0.0336,0.191781728578369,0.0477863475081077,0.143995381070261
0.0338,0.260315954117199,0.120885289341897,0.139430664775302
0.034,0.329133712502482,0.193963421368729,0.135170291133753
0.0342,0.398221406101972,0.267087967766615,0.131133438335357
0.0344,0.467601590783501,0.340327993988246,0.127273596795255
0.0346,0.537270903642054,0.413726801595397,0.123544102046657
0.0348,0.607230760017009,0.487224285819154,0.120006474197855
0.035,0.677447259300137,0.560797732022895,0.116649527277242
0.0352,0.747869774629413,0.634402554536617,0.113467220092796
0.0354,0.818403319027018,0.707951201832853,0.110452117194165
0.0356,0.888984295730629,0.781312626529454,0.107671669201174
0.0358,0.959549090637995,0.854488958648622,0.105060131989373
0.036,1.0300129702711,0.927623069383464,0.102389900887633
0.0362,1.10028712296763,1.00085489832657,0.0994322246410626
0.0364,1.17041768599231,1.07426561505728,0.096152070935037
0.0366,1.24037541646348,1.1478756245333,0.09249979193018
0.0368,1.31012554809859,1.2217549366924,0.0883706114061971
0.037,1.37967294488911,1.29607497471882,0.0835979701702869
0.0372,1.44900569922699,1.37091642450187,0.0780892747251194
0.0374,1.51809168668975,1.44615305168335,0.0719386350064035
0.0376,1.58697122175651,1.52160571120985,0.0653655105466648
0.0378,1.65567600450753,1.59702152745337,0.0586544770541544
0.038,1.72418499560226,1.67215733822964,0.0520276573726133
0.0382,1.79251597838111,1.74685870643354,0.045657271947571
0.0384,1.86070451322224,1.82104779398181,0.0396567192404325
0.0386,1.92878867862927,1.89469258188525,0.0340960967440258
0.0388,1.99680114338726,1.96776800561325,0.0290331377740147
0.039,2.06484865905419,2.04021867921052,0.0246299798436649
0.0392,2.13294405132061,2.11197284994489,0.0209712013757168
0.0394,2.20109467253143,2.18293838076937,0.0181562917620592
0.0396,2.26939808356679,2.25298809462322,0.0164099889435678
0.0398,2.33785617270244,2.32208113430302,0.0157750383994175
0.04,2.40646005984837,2.39030306088974,0.0161569989586314
0.0402,2.47521605383604,2.45779007389912,0.0174259799369225
0.0404,2.54420813910134,2.52473820521096,0.0194699338903748
0.0406,2.61343755923089,2.59124865885444,0.0221889003764497
0.0408,2.68288099547364,2.65753262006375,0.0253483754098949
0.041,2.75251280853767,2.72393424434241,0.0285785641952621
0.0412,2.82234806075628,2.7908478773181,0.0315001834381756
0.0414,2.89239205964416,2.85864632390359,0.0337457357405713
0.0416,2.96267217203289,2.92753351819943,0.0351386538334606
0.0418,3.03317311554391,2.99768604823739,0.0354870673065202
0.042,3.10395977415507,3.06912263269897,0.0348371414561006
0.0422,3.17496951561156,3.14171090528822,0.0332586103233328
0.0424,3.24620412366619,3.21529996979929,0.0309041538668935
0.0426,3.31765890319694,3.28990615684006,0.0277527463568763
0.0428,3.38935766666332,3.36579516189518,0.0235625047681389
0.043,3.46130651112728,3.44312704491643,0.0181794662108565
0.0432,3.53348406993622,3.52194299671416,0.0115410732220638
0.0434,3.60582746542257,3.60227891554567,0.00354854987690123
0.0436,3.67837525870433,3.68417896568169,-0.00580370697736354
0.0438,3.75110500988535,3.76747594185447,-0.0163709319691159
0.044,3.82402427869619,3.85177367267822,-0.027749393982035
0.0442,3.89709138236908,3.93650943411433,-0.0394180517452454
0.0444,3.97026341031686,4.02116558863575,-0.0509021783188901
0.0446,4.04357387589792,4.10532011257537,-0.0617462366774451
0.0448,4.11702021136179,4.18856522748662,-0.0715450161248334
0.045,4.190580308036,4.27064952182626,-0.0800692137902619
0.0452,4.26423668515784,4.35144048463232,-0.0872037994744828
0.0454,4.33794607111213,4.43088862725444,-0.092942556142309
0.0456,4.41173360312031,4.50905102498826,-0.097317421867956
0.0458,4.4856217189825,4.5860962134692,-0.100474494486697
0.046,4.55961372774613,4.66223012363875,-0.102616395892617
0.0462,4.63367500724607,4.73771523725132,-0.104040230005248
0.0464,4.70783293412304,4.81282865729186,-0.104995723168819
0.0466,4.78213160362742,4.88783490101974,-0.105703297392317
0.0468,4.85658517748253,4.96299145810491,-0.106406280622384
0.047,4.93122141414421,5.03853602206521,-0.107314607920996
0.0472,5.00601145849407,5.11466063807472,-0.108649179580652
0.0474,5.08099685294121,5.19151329568943,-0.110516442748222
0.0476,5.15613971825101,5.26921744542658,-0.113077727175563
0.0478,5.23145759718048,5.34772926452509,-0.116271667344611
0.048,5.30689923727291,5.42690395845518,-0.120004721182266
0.0482,5.38247881776906,5.50653228995356,-0.124053472184499
0.0484,5.45814858672164,5.58639413722272,-0.128245550501081
0.0486,5.5339283541656,5.66623360024393,-0.132305246078328
0.0488,5.60983753428967,5.74581453942772,-0.135977005138051
0.049,5.68584354189358,5.82489740417222,-0.139053862278637
0.0492,5.76198572667393,5.90326318476645,-0.141277458092519
0.0494,5.83824454873817,5.98072291402034,-0.142478365282175
0.0496,5.91455979268197,6.05716292111181,-0.142603128429847
0.0498,5.99094606677364,6.13269599641877,-0.141749929645132
0.05,6.06738284552061,6.20738927937933,-0.140006433858722
0.0502,6.14382483901055,6.2814371117753,-0.137612272764748
0.0504,6.22034244792504,0.0718436138798197,-0.134686473134366
0.0506,0.0137533187036203,0.145150062500834,-0.131396743797214
0.0508,0.0904140314215355,0.21826570343752,-0.127851672015984
0.051,0.167108891366531,0.291315662705851,-0.12420677133932
0.0512,0.243877170606627,0.364500027809312,-0.120622857202684
0.0514,0.320764392394369,0.437936368811289,-0.117171976416919
0.0516,0.397763172690981,0.511694930850822,-0.113931758159841
0.0518,0.474867375815243,0.585890795800689,-0.111023419985446
0.052,0.552104922317856,0.660588736875074,-0.108483814557217
0.0522,0.62942468553004,0.735712651127527,-0.106287965597487
0.0524,0.706861102212691,0.81128330595522,-0.104422203742529
0.0526,0.784442687124834,0.887265965020407,-0.102823277895574
0.0528,0.86214959106125,0.96351919598554,-0.10136960492429
0.053,0.939978962837857,1.03989817574284,-0.0999192129049812
0.0532,1.01786702195276,1.1163099729022,-0.098442950949444
0.0534,1.09582182610224,1.19265616800836,-0.0968343419061224
0.0536,1.17383295458336,1.26888366203418,-0.0950507074508211
0.0538,1.25189961944394,1.34496128619486,-0.0930616667509228
0.054,1.33001792478001,1.42083997327255,-0.0908220484925419
0.0542,1.40817183466327,1.49652040304783,-0.0883485683845617
0.0544,1.48634235063063,1.57200778524638,-0.0856654346157484
0.0546,1.5645534972232,1.64732134750804,-0.0827678502848366
0.0548,1.6427898475606,1.72249748345294,-0.079707635892335
0.055,1.7210009821458,1.79757874153191,-0.0765777593861183
0.0552,1.79920676293503,1.87259857777244,-0.0733918148374177
0.0554,1.87738562648644,1.94761130353918,-0.0702256770527392
0.0556,1.95548991413919,2.02268332224324,-0.0671934081040553
0.0558,2.03359138469122,2.09788794645099,-0.0642965617597748
0.056,2.11169865103415,2.17324380191126,-0.0615451508771079
0.0562,2.18980245429439,2.24876424481268,-0.0589617905182975
0.0564,2.26787228585847,2.32450868518929,-0.0566363993308165
0.0566,2.34594393217993,2.40047587870031,-0.0545319465203882
0.0568,2.42403309688559,2.47660674318528,-0.052573646299694
0.057,2.50212044263453,2.55285716104766,-0.0507367184131304
0.0572,2.58025048652212,2.62922023062368,-0.0489697441015586
0.0574,2.65837504836178,2.70563311898634,-0.0472580706245642
0.0576,2.73650311554756,2.78211191221819,-0.0456087966706371
0.0578,2.81468896098871,2.85861393867907,-0.043924977690363
0.058,2.89291815995417,2.93503906275792,-0.0421209028037515
0.0582,2.97116042185662,3.01139730305268,-0.0402368811960576
0.0584,3.04947509200872,3.08762292956221,-0.0381478375534949
0.0586,3.12779556412487,3.16360908560065,-0.0358135214757747
0.0588,3.20612202039756,3.2394089905714,-0.0332869701738381
0.059,3.28440420918845,3.31498840589748,-0.0305841967090279
0.0592,3.36263140523615,3.39038703816916,-0.0277556329330086
0.0594,3.44081913841759,3.46560469638049,-0.0247855579628991
0.0596,3.51894630682387,3.54065898632011,-0.0217126794962392
0.0598,3.59705178699751,3.6156274657226,-0.0185756787250928
0.06,3.67507322973816,3.69046959496556,-0.0153963652274061
0.0602,3.75293959539148,3.76516489419266,-0.0122252988011797
0.0604,3.83072349286087,3.83980176291834,-0.00907827005747031
0.0606,3.90839549901216,3.91441543494147,-0.00601993592930983
0.0608,3.98598332251641,3.98907587052853,-0.00309254801212733
0.061,4.06350156001306,4.06380092716161,-0.000299367148548058
0.0612,4.14092288607806,4.13855670640099,0.00236617967706909
0.0614,4.21821215718512,4.21339259024879,0.00481956693633112
0.0616,4.29546483697019,4.28831156104337,0.00715327592681358
0.0618,4.37270462947241,4.36331462900254,0.00939000046986749
0.062,4.44992325882358,4.43841487243351,0.0115083863900738
0.0622,4.52709690423864,4.51359639765501,0.0135005065836298
0.0624,4.60424069004621,4.58886125495694,0.0153794350892698
0.0626,4.68136160050657,4.66419519445723,0.0171664060493377
0.0628,4.75843516437832,4.7395853389351,0.0188498254432208
0.063,4.83548316266981,4.81502359660864,0.0204595660611728
0.0632,4.91249768285801,4.89050508624689,0.0219925966111179
0.0634,4.98951401686397,4.96602595463045,0.0234880622335165
0.0636,5.06647303777934,5.04158096955203,0.0248920682273051
0.0638,5.14337072408054,5.11716090723087,0.0262098168496641
0.064,5.22022963038007,5.19278512537294,0.027444505007125
0.0642,5.29708943747617,5.26841487933079,0.0286745581453873
0.0644,5.37391209738187,5.34405491671329,0.0298571806685821
0.0646,5.45071208431281,5.41972056305926,0.0309915212535481
0.0648,5.52744683809844,5.49541151614507,0.0320353219533684
0.065,5.60415184289173,5.57115075307253,0.0330010898191944
0.0652,5.68080649248499,5.64693597229401,0.033870520190983
0.0654,5.75744135573989,5.72273429649811,0.0347070592417849
0.0656,5.83400311297224,5.79849772934336,0.0355053836288794
0.0658,5.91048566266296,5.87422308026096,0.0362625824020029
0.066,5.98688564685949,5.94989847307144,0.0369871737880558
0.0662,6.0631640838765,6.02551617906229,0.03764790481421
0.0664,6.13934733968718,6.10104976495353,0.0382975747336536
0.0666,6.21541770796831,6.17648778620031,0.0389299217679957
0.0668,0.00817676415279589,6.25185079685791,0.0395112744744672
0.067,0.0839904481796442,0.0438738206225289,0.0401166275571153
0.0672,0.159733227046982,0.119000787679056,0.040732439367926
0.0674,0.235435742870751,0.194080526508366,0.0413552163623847
0.0676,0.31109124167905,0.269137594026508,0.0419536476525421
0.0678,0.386699272473371,0.344145275471513,0.0425539970018583
0.068,0.462300404017129,0.419055890322352,0.0432445136947778
0.0682,0.537842178651945,0.49387270543146,0.0439694732204844
0.0684,0.6133263963116,0.568648765433145,0.044677630878455
0.0686,0.688790658905174,0.643381314312835,0.0454093445923395
0.0688,0.764220826969692,0.718098168684835,0.0461226582848567
0.069,0.839585836945437,0.792796552086896,0.0467892848585409
0.0692,0.914944781175397,0.867486286565813,0.0474584946095841
0.0694,0.990282747906333,0.942224859846555,0.048057888059778
0.0696,1.06559075482509,1.01704372235356,0.0485470324715218
0.0698,1.14089580529405,1.09196830537645,0.0489274999176001
0.07,1.21616569205992,1.16697092634435,0.0491947657155665
0.0702,1.29142221754627,1.24206397196895,0.0493582455773154
0.0704,1.36662681060531,1.31720191876474,0.0494248918405731
0.0706,1.44179674075305,1.39240403819974,0.0493927025533103
0.0708,1.51688837181268,1.46768150653394,0.0492068652787396
0.071,1.59188782893685,1.54302008740939,0.0488677415274594
0.0712,1.66679298497871,1.61842790975143,0.0483650752272802
0.0714,1.74158805806499,1.69389825570399,0.047689802361
0.0716,1.81630418840312,1.76943142466171,0.0468727637414075
0.0718,1.89091516672383,1.84502493740798,0.0458902293158538
0.072,1.9654833279085,1.92064763898374,0.0448356889247641
0.0722,2.03997906386331,1.99629156203106,0.0436875018322518
0.0724,2.11438552960477,2.07191845687841,0.0424670727263607
0.0726,2.18870377013155,2.14749651832942,0.0412072518021276
0.0728,2.26299608915147,2.22305340636716,0.0399426827843183
0.073,2.33728933616941,2.29860028260656,0.0386890535628512
0.0732,2.41157157285288,2.37406040229547,0.0375111705574054
0.0734,2.48584127831108,2.44947049439688,0.0363707839142018
0.0736,2.56011752646025,2.52476549589772,0.0353520305625308
0.0738,2.63433514158104,2.59992986260188,0.0344052789791567
0.074,2.70853872747553,2.67507822144951,0.0334605060260191
0.0742,2.78275731309363,2.75014861843915,0.0326086946544812
0.0744,2.85699625543804,2.82510586127334,0.031890394164706
0.0746,2.93122861683435,2.89999503232924,0.0312335845051122
0.0748,3.00545637673311,2.97479311276047,0.0306632639726394
0.075,3.07967467676694,3.04943584543346,0.03023883133348
0.0752,3.15385303574099,3.12399575349469,0.0298572822463026
0.0754,3.22802044217637,3.1985689975661,0.0294514446102623
0.0756,3.30221099458325,3.27323505348951,0.0289759410937389
0.0758,3.37644076701085,3.34798016842416,0.0284605985866873
0.076,3.45065838942749,3.42277223404434,0.0278861553831486
0.0762,3.52489764655104,3.49764145314641,0.0272561934046269
0.0764,3.59913872038033,3.57253448880777,0.026604231572561
0.0766,3.67337552891435,3.64746006694073,0.0259154619736233
0.0768,3.74754607639407,3.72248005988617,0.025066016507894
0.077,3.82169885061113,3.79757503134572,0.024123819265407
0.0772,3.89582579305757,3.87271976232282,0.0231060307347466
0.0774,3.969886498486,3.94787232779595,0.0220141706900523
0.0776,4.04391508433467,4.02307072030977,0.0208443640249047
0.0778,4.11789863375151,4.09829712357078,0.0196015101807268
0.078,4.19182070989109,4.17354776536331,0.0182729445277809
0.0782,4.26566785649641,4.24880598902731,0.0168618674691068
0.0784,4.33941199162959,4.32409108994004,0.0153209016895541
0.0786,4.41315659873657,4.39939061644663,0.0137659822899332
0.0788,4.48691657461623,4.47473423505993,0.0121823395563005
0.079,4.56069428032863,4.55010019456863,0.0105940857599931
0.0792,4.63454595633619,4.6254826931535,0.00906326318269013
0.0794,4.70842373793,4.70087983179459,0.00754390613540412
0.0796,4.78231845052196,4.7762768656324,0.00604158488955875
0.0798,4.85625617476359,4.85167248875429,0.00458368600929848
0.08,4.93021410145775,4.92705237510543,0.00316172635232181
0.0802,5.00421639600624,5.00241523547173,0.0018011605345114
0.0804,5.07824030636795,5.07774752224319,0.000492784124753953
0.0806,5.15227511533404,5.153021914497,-0.000746799162966383
0.0808,5.22632421106137,5.22825423408132,-0.00193002301994571
0.081,5.30041913280076,5.30340712324455,-0.00298799044379194
0.0812,5.37453256754207,5.37849425080743,-0.00396168326535573
0.0814,5.44869571975325,5.45353571025394,-0.00483999050069261
0.0816,5.52287558396828,5.52852516718836,-0.00564958322007403
0.0818,5.59710625151321,5.60347067046392,-0.0063644189507146
0.082,5.67136022507219,5.67834033489172,-0.00698010981953701
0.0822,5.74562486781181,5.75315679182986,-0.00753192401804892
0.0824,5.8198375093919,5.82789562239939,-0.0080581130074977
0.0826,5.89404259316662,5.9026155512071,-0.00857295804048697
0.0828,5.96823920540849,5.97735791068829,-0.00911870527980252
0.083,6.04239465446071,6.0521033434008,-0.00970868894009413
0.0832,6.1165508984174,6.12691308339564,-0.0103621849782423
0.0834,6.19072227433071,6.20179163639282,-0.0110693620621127
0.0836,6.26488687687704,6.27676084568411,-0.0118739688070653
0.0838,0.0559008197806357,0.0685851571337988,-0.0126843373531631
0.084,0.130113173519426,0.143590221695107,-0.0134770481756816
0.0842,0.204327068517688,0.218603615822506,-0.014276547304818
0.0844,0.278554913649299,0.293637990547292,-0.0150830768979928
0.0846,0.35280804776781,0.368712809354345,-0.0159047615865354
0.0848,0.427125003362102,0.443863183498043,-0.0167381801359406
0.085,0.501451807619068,0.519023470118125,-0.0175716624990574
0.0852,0.575790285266818,0.594211730831437,-0.0184214455646196
0.0854,0.650171261803658,0.669436447070709,-0.0192651852670509
0.0856,0.724610523728446,0.744773868980802,-0.0201633452523559
0.0858,0.799142638584203,0.820174512073974,-0.0210318734897714
0.086,0.873692474434649,0.895587776829863,-0.0218953023952149
0.0862,0.948265232728619,0.971019003048908,-0.0227537703202884
0.0864,1.02287907620138,1.04644688020273,-0.0235678040013485
0.0866,1.09756002228706,1.12190169139787,-0.0243416691108125
0.0868,1.17226393772731,1.19734891277709,-0.025084975049783
0.087,1.24701253669864,1.27279712081995,-0.0257845841213045
0.0872,1.3217731205369,1.34825504245514,-0.0264819219182357
0.0874,1.39658353750375,1.42370753742896,-0.0271239999252109
0.0876,1.47141886913124,1.49914820585054,-0.0277293367193006
0.0878,1.54630442019038,1.5745627384905,-0.0282583183001188
0.088,1.62118613850682,1.6499397445081,-0.0287536060012861
0.0882,1.69605201096933,1.72526996409344,-0.0292179531241019
0.0884,1.77089764501054,1.80054935262792,-0.0296517076173743
0.0886,1.84575880957956,1.87580065517388,-0.0300418455943121
0.0888,1.9205967410099,1.95100670589279,-0.0304099648828884
0.089,1.99540095187756,2.02615377663547,-0.030752824757915
0.0892,2.07016681282035,2.10126181978449,-0.0310950069641427
0.0894,2.1448787829988,2.17631722938547,-0.0314384463866655
0.0896,2.21959861487468,2.25131162717729,-0.0317130123026144
0.0898,2.29436041839226,2.32630340539441,-0.0319429870021528
0.09,2.36918485294366,2.40130693172881,-0.0321220787851564
0.0902,2.44408129810476,2.4763131617331,-0.032231863628343
0.0904,2.5190434958407,2.55135606339225,-0.0323125675515556
0.0906,2.59408297068472,2.6263418621367,-0.0322588914519808
0.0908,2.66912708911779,2.70128660372722,-0.0321595146094311
0.091,2.74419744618484,2.77619531716261,-0.0319978709777677
0.0912,2.8193189416401,2.85113160761161,-0.0318126659715072
0.0914,2.8945245336551,2.92609724302712,-0.0315727093720151
0.0916,2.96975367216353,3.0010835090957,-0.0313298369321728
0.0918,3.04503552883159,3.07618062101703,-0.0311450921854464
0.092,3.12039311903623,3.15132117993505,-0.0309280608988156
0.0922,3.19579474949071,3.22642248171805,-0.0306277322273414
0.0924,3.27119869645705,3.3014794613936,-0.0302807649365473
0.0926,3.34662725167282,3.37654191424535,-0.0299146625725255
0.0928,3.42204076592514,3.4515543000485,-0.0295135341233621
0.093,3.49745671789819,3.52656171992397,-0.0291050020257804
0.0932,3.57287875816031,3.60164672206215,-0.0287679639018426
0.0934,3.64830393659156,3.67677931403939,-0.028475377447827
0.0936,3.72367250497716,3.7519083945572,-0.0282358895800412
0.0938,3.79903821067495,3.82708764478676,-0.0280494341118058
0.094,3.8743944195313,3.90236052987941,-0.0279661103481135
0.0942,3.94980300881211,3.97769736966582,-0.0278943608537063
0.0944,4.02522895747935,4.05307219666329,-0.0278432391839347
0.0946,4.1006241013029,4.12850512668868,-0.027881025385784
0.0948,4.17598820535656,4.20397250820848,-0.0279843028519275
0.095,4.25137636746844,4.27944557580612,-0.0280692083376763
0.0952,4.32677369963211,4.35493551631403,-0.0281618166819273
0.0954,4.40215299729198,4.43040902031168,-0.0282560230196962
0.0956,4.4775422316753,4.50586267927778,-0.0283204476024803
0.0958,4.55296711593051,4.58129753228839,-0.0283304163578819
0.096,4.62842841137824,4.65671104029032,-0.0282826289120752
0.0962,4.70387988687255,4.73211172272556,-0.028231835853016
0.0964,4.77933264264261,4.80749305806488,-0.0281604154222723
0.0966,4.85481390580047,4.88285003449638,-0.0280361286959012
0.0968,4.93032745351527,4.95818123287736,-0.0278537793620934
0.097,5.00584055002949,5.03350035113666,-0.0276598011071769
0.0972,5.08135880642264,5.10880211955832,-0.0274433131356862
0.0974,5.15692665024141,5.18407519279338,-0.0271485425519717
0.0976,5.23256101007092,5.25936525662223,-0.0268042465513103
0.0978,5.30826665473206,5.3346446652812,-0.0263780105491431
0.098,5.38398040177384,5.40988389873595,-0.0259034969621119
0.0982,5.45972469581908,5.48508953201102,-0.0253648361919412
0.0984,5.53546923425024,5.56026380489136,-0.0247945706411112
0.0986,5.61122595102986,5.63544624140907,-0.024220290379211
0.0988,5.68703662628606,5.71061906829925,-0.0235824420131854
0.099,5.76285818365682,5.78584478205698,-0.0229865984001654
0.0992,5.83868113844985,5.86104644993789,-0.022365311488044
0.0994,5.91445294845442,5.93617106545976,-0.0217181170053449
0.0996,5.99016671189734,6.01129196547139,-0.0211252535740494
0.0998,6.06587540918546,6.08639929899855,-0.0205238898130915
0.1,6.14155318750578,6.16147749543778,-0.0199243079320031
0.1002,6.21717853662646,6.23648006859476,-0.0193015319683001
0.1004,0.00953936187070781,0.0282460303188195,-0.0187066684481117
0.1006,0.0850962924237257,0.103227206723717,-0.0181309142999913
0.1008,0.16065324747174,0.178222876334475,-0.0175696288627353
0.101,0.236183867894541,0.253217043971,-0.017033176076459
0.1012,0.311719802733112,0.328249117433131,-0.016529314700019
0.1014,0.387284931845813,0.403307248851816,-0.0160223170060023
0.1016,0.462872002626996,0.478418693146471,-0.0155466905194749
0.1018,0.538455761546794,0.553538140110616,-0.0150823785638224
0.102,0.614060371043559,0.628697644910023,-0.0146372738664644
0.1022,0.68966965303979,0.703859328475535,-0.0141896754357449
0.1024,0.765311868234101,0.779012493619033,-0.013700625384932
0.1026,0.84096033889283,0.854169275636454,-0.0132089367436234
0.1028,0.916603717891843,0.929338104792918,-0.0127343869010751
0.103,0.992299162376132,1.0045555952797,-0.0122564329035656
0.1032,1.06804024407515,1.07978996844751,-0.0117497243723612
0.1034,1.14382812531618,1.15506864931011,-0.0112405239939266
0.1036,1.21965124568237,1.23036763371386,-0.010716388031488
0.1038,1.29546327154864,1.30569124998905,-0.0102279784404038
0.104,1.37129723722029,1.38103578307401,-0.00973854585371869
0.1042,1.44712414146194,1.45639813272436,-0.00927399126242645
0.1044,1.52296973335843,1.53178279909546,-0.00881306573702467
0.1046,1.59877701050049,1.60718144344504,-0.00840443294455784
0.1048,1.6744735862732,1.68259537583584,-0.00812178956264065
0.105,1.75013555657174,1.75801808255952,-0.00788252598777461
0.1052,1.82573551094386,1.83343302693506,-0.00769751599120383
0.1054,1.90129696018225,1.90884864708598,-0.00755168690373131
0.1056,1.97682298741469,1.98426401926781,-0.00744103185312039
0.1058,2.05227808722169,2.05964342433936,-0.00736533711766674
0.106,2.12762656272827,2.13498181272945,-0.00735525000117399
0.1062,2.20288810478971,2.21029713658422,-0.00740903179451191
0.1064,2.27814298983494,2.28552996230768,-0.00738697247274001
0.1066,2.35338793470744,2.36066939296116,-0.00728145825371795
0.1068,2.42863208411167,2.43578939098792,-0.00715730687625049
0.107,2.50392334986338,2.51092737207769,-0.00700402221430663
0.1072,2.57928460550051,2.58606297500526,-0.0067783695047523
0.1074,2.65464472933443,2.66121636666129,-0.00657163732685584
0.1076,2.73002475955204,2.73632560364224,-0.00630084409020304
0.1078,2.80540528971,2.81135984750913,-0.00595455779912957
0.108,2.88080934558134,2.8863411344068,-0.00553178882546357
0.1082,2.95621023143967,2.96128243101073,-0.00507219957105454
0.1084,3.03160380207592,3.03615437067823,-0.00455056860230973
0.1086,3.1070059779872,3.11100942800084,-0.00400345001364277
0.1088,3.18245781434059,3.1858868237867,-0.0034290094461098
0.109,3.25792696501055,3.26081253289244,-0.00288556788189087
0.1092,3.33343566131229,3.33576512125489,-0.00232945994259959
0.1094,3.40894336424295,3.41077006632951,-0.00182670208656344
0.1096,3.48447811101303,3.48582493876104,-0.00134682774801309
0.1098,3.56000692395559,3.56090034148766,-0.000893417532062735
0.11,3.63555983124798,3.63605667186221,-0.000496840614233385
0.1102,3.71107474032098,3.7112371266414,-0.000162386320418317
0.1104,3.78648154126993,3.78638224987448,9.92913954540597e-05
0.1106,3.86185084110307,3.86154121496895,0.000309626134125995
0.1108,3.93714347684111,3.93665623960456,0.00048723723654609
0.111,4.01237935563063,4.01176221255626,0.000617143074376436
0.1112,4.08756771489678,4.08688424471433,0.0006834701824463
0.1114,4.16269951362799,4.16200869182168,0.000690821806309749
0.1116,4.23775945401955,4.23720212496854,0.000557329051011024
0.1118,4.31281789955322,4.31244514502786,0.00037275452535912
0.112,4.38788008749233,4.38771057070829,0.000169516784037427
0.1122,4.46293806764204,4.46302484063628,-8.67729942441997e-05
0.1124,4.53799030155172,4.53836828267819,-0.000377981126463922
0.1126,4.61308159446412,4.61373811999724,-0.000656525533123897
0.1128,4.68816088348852,4.68912425395307,-0.000963370464559077
0.113,4.76322935664813,4.76452558344579,-0.00129622679765884
0.1132,4.83832507965093,4.83993997696639,-0.00161489731546016
0.1134,4.91342407894605,4.91535975106658,-0.00193567212052947
0.1136,4.98855438700714,4.99077127377848,-0.00221688677134058
0.1138,5.06369630702997,5.06616008902683,-0.00246378199686603
0.114,5.13884578474686,5.14153966772527,-0.00269388297841466
0.1142,5.21401180436572,5.21690183388894,-0.00289002952322193
0.1144,5.28924016649416,5.29224006534458,-0.00299989885041629
0.1146,5.36447755775167,5.36756857616654,-0.00309101841487003
0.1148,5.43973092592389,5.44287500690342,-0.003144080979534
0.115,5.51496171630453,5.51815406699511,-0.00319235069057999
0.1152,5.59020664298234,5.59336674615118,-0.00316010316883641
0.1154,5.6654422965337,5.66852408264351,-0.00308178610981535
0.1156,5.74069719163682,5.74365522172902,-0.00295803009220208
0.1158,5.81592238891026,5.81870326279138,-0.00278087388111548
0.116,5.89111459532944,5.89376870111895,-0.00265410578951464
0.1162,5.96627739780322,5.96883408700895,-0.00255668920573182
0.1164,6.04137381342787,6.04381887573792,-0.00244506231004582
0.1166,6.11642997305288,6.11876215876976,-0.00233218571687566
0.1168,6.19145290646827,6.19371986503521,-0.00226695856693571
0.117,6.26642970271251,6.26866942210206,-0.00223971938955536
0.1172,0.0581536348154374,0.0603685164439294,-0.00221488162849193
0.1174,0.13306080241906,0.135269783618638,-0.0022089811995778
0.1176,0.207970815824924,0.210201749779922,-0.00223093395499793
0.1178,0.282876763829832,0.285119730662417,-0.00224296683258579
0.118,0.357775914884118,0.360026033785002,-0.00225011890088422
0.1182,0.432702786477592,0.434922919640078,-0.00222013316248609
0.1184,0.507604935735678,0.509832278759079,-0.00222734302340166
0.1186,0.582490372696946,0.584764923918122,-0.00227455122117581
0.1188,0.657400797209553,0.659726858086709,-0.0023260608771557
0.119,0.732324922725795,0.734705864444669,-0.00238094171887426
0.1192,0.807230006032645,0.809733430488747,-0.00250342445610185
0.1194,0.882163178547799,0.88483782360056,-0.0026746450527606
0.1196,0.957124951226414,0.959978085644096,-0.00285313441768198
0.1198,1.03210847220944,1.0351593805624,-0.00305090835295818
0.12,1.10714087654253,1.11038470184778,-0.00324382530524669
0.1202,1.18218510594175,1.18565711347806,-0.00347200753630728
0.1204,1.257260114597,1.26097650858938,-0.00371639399237211
0.1206,1.33232700735697,1.33632620385601,-0.00399919649904423
0.1208,1.40742176078453,1.41170618229133,-0.00428442150680408
0.121,1.48252007582747,1.48709980628303,-0.00457973045555637
0.1212,1.55764622020326,1.56249821002703,-0.00485198982377066
0.1214,1.63274386958522,1.6378940873776,-0.00515021779237945
0.1216,1.70780504880983,1.71327839791813,-0.00547334910830077
0.1218,1.78283192522368,1.78864118819325,-0.00580926296957562
0.122,1.85777149258592,1.86396913992488,-0.00619764733896022
0.1222,1.93265786171764,1.93926486393384,-0.00660700221619459
0.1224,2.00748030454329,2.01454647307688,-0.00706616853358932
0.1226,2.08222783467924,2.08982371106968,-0.00759587639044623
0.1228,2.1569031335189,2.16506502397882,-0.00816189045991678
0.123,2.23157465862274,2.24028582495373,-0.00871116633099112
0.1232,2.30627550047188,2.31552535406519,-0.00924985359331565
0.1234,2.38099609446888,2.39069349566813,-0.00969740119924456
0.1236,2.45573423760208,2.46578247024012,-0.0100482326380389
0.1238,2.53053587226111,2.54084086816247,-0.0103049959013597
0.124,2.60541678918731,2.61584126316199,-0.0104244739746751
0.1242,2.68029689779746,2.69081526948258,-0.010518371685118
0.1244,2.75519487553739,2.76580324977726,-0.0106083742398715
0.1246,2.8301391861103,2.84081110992167,-0.0106719238113708
0.1248,2.90516790828368,2.91586230649404,-0.0106943982103647
0.125,2.98021898307154,2.99092005918071,-0.0107010761091728
0.1252,3.05531033120389,3.0659927608209,-0.01068242961701
0.1254,3.13045607351003,3.14106395093299,-0.0106078774229599
0.1256,3.20566319366137,3.21612989291507,-0.0104666992537079
0.1258,3.28087104649721,3.29115339580706,-0.0102823493098558
0.126,3.35610093938193,3.36618336834478,-0.0100824289628547
0.1262,3.43131732970952,3.44118006017031,-0.00986273046079367
0.1264,3.50653724124372,3.51618749081142,-0.0096502495677
0.1266,3.58173889061702,3.5911606507384,-0.00942176012138107
0.1268,3.65691144393833,3.66610484659802,-0.00919340265968227
0.127,3.73200240552993,3.74109493616155,-0.00909253063162074
0.1272,3.8070755657758,3.81613949585812,-0.00906393008231676
0.1274,3.88213161023481,3.89123903174068,-0.0091074215058744
0.1276,3.95713196596964,3.96636250825341,-0.00923054228376596
0.1278,4.03211010425406,4.0415404905039,-0.00943038624983572
0.128,4.1070496823223,4.11676031888549,-0.00971063656318893
0.1282,4.18192742613939,4.19199784035042,-0.0100704142110315
0.1284,4.25674341262435,4.26721765152183,-0.0104742388974763
0.1286,4.33156275346743,4.34249562775186,-0.0109328742844248
0.1288,4.40638368116274,4.41780271470469,-0.0114190335419533
0.129,4.48120618646216,4.49314657475345,-0.011940388291297
0.1292,4.55604114606667,4.56851892383772,-0.0124777777710499
0.1294,4.63093600095798,4.64391577602302,-0.0129797750650349
0.1296,4.70590323432349,4.71931751101078,-0.0134142766872944
0.1298,4.78086338419532,4.79470676773048,-0.0138433835351588
0.13,4.85583775694326,4.87008291371736,-0.0142451567741011
0.1302,4.93085438546176,4.94544086915566,-0.0145864836939023
0.1304,5.00589030050265,5.02079176607547,-0.0149014655728212
0.1306,5.08094334736788,5.09612334365635,-0.0151799962884756
0.1308,5.1560058626002,5.17139407428035,-0.0153882116801487
0.131,5.23107798553092,5.24663385664098,-0.0155558711100632
0.1312,5.30622527709082,5.3218396393087,-0.0156143622178817
0.1314,5.38138222800887,5.39699465603514,-0.0156124280262624
0.1316,5.45656556077501,5.47210796363308,-0.0155424028580695
0.1318,5.53174966357677,5.5471794428286,-0.015429779251825
0.132,5.6069618590008,5.62220915552472,-0.0152472965239143
0.1322,5.68217903825171,5.69716340814071,-0.0149843698889951
0.1324,5.75741647860988,5.7721365175669,-0.0147200389570239
0.1326,5.83261658335284,5.84706318274733,-0.0144465993944962
0.1328,5.90778349922475,5.92195067564275,-0.014167176417998
0.133,5.98292268932277,5.99687959205041,-0.0139569027276343
0.1332,6.05807918342018,6.07184475413876,-0.0137655707185838
0.1334,6.13322508870782,6.14682764943288,-0.0136025607250634
0.1336,6.20833844868285,6.22177667381268,-0.0134382251298311
0.1338,0.000201241367376426,0.0135640738623842,-0.0133628324950078
0.134,0.0752629423181356,0.0885285448609789,-0.0132656025428433
0.1342,0.150318901659257,0.163455089818199,-0.0131361881589418
0.1344,0.225342472201863,0.238355917924561,-0.0130134457226983
0.1346,0.300346291147787,0.313263569832895,-0.0129172786851079
0.1348,0.375352163801206,0.388176976562754,-0.0128248127615484
0.135,0.45033122603961,0.463133822610399,-0.0128025965707887
0.1352,0.525301961714784,0.538141815108945,-0.012839853394161
0.1354,0.600280381404951,0.613212082098017,-0.0129317006930662
0.1356,0.675292256600919,0.68833920338224,-0.0130469467813209
0.1358,0.750352156667095,0.763583332597346,-0.0132311759302507
0.136,0.825490991260763,0.838866679833195,-0.0133756885724325
0.1362,0.900645467718862,0.914153345077677,-0.0135078773588153
0.1364,0.975834848860818,0.98949957554554,-0.013664726684722
0.1366,1.05107761491376,1.06485078115616,-0.013773166242403
0.1368,1.12638045363925,1.14023041317279,-0.0138499595335309
0.137,1.20167743518728,1.21562415528694,-0.0139467200996519
0.1372,1.27698697150259,1.29102937344603,-0.014042401943436
0.1374,1.35227872474375,1.36642505365503,-0.0141463289112815
0.1376,1.42757090256961,1.44181748007719,-0.0142465775075789
0.1378,1.50291482425638,1.51721805595142,-0.0143032316950389
0.138,1.57824211061369,1.59261687389525,-0.0143747632815587
0.1382,1.65351310073863,1.66801736817979,-0.0145042674411602
0.1384,1.72877834288213,1.74341825357078,-0.014639910688645
0.1386,1.80403370526973,1.81882111178323,-0.0147874065134983
0.1388,1.87930960456237,1.89422894523318,-0.014919340670807
0.139,1.95456682647221,1.96963469084343,-0.0150678643712145
0.1392,2.02977355587568,2.0450087396097,-0.015235183734025
0.1394,2.10489543150727,2.12036458600154,-0.0154691544942716
0.1396,2.18002466169924,2.1957301318223,-0.0157054701230672
0.1398,2.255162170638,2.2710359079612,-0.015873737323199
0.14,2.3302924165917,2.3463151694047,-0.016022752812999
0.1402,2.40544778863342,2.42158357882251,-0.0161357901890908
0.1404,2.48064413881519,2.4967541803543,-0.0161100415391116
0.1406,2.55579148511914,2.57184522708845,-0.0160537419693108
0.1408,2.6308984430206,2.64685942975758,-0.015960986736983
0.141,2.70598834926966,2.72179693723662,-0.0158085879669616
0.1412,2.78108757649106,2.79663018620145,-0.0155426097103857
0.1414,2.8562114217927,2.87138157994551,-0.0151701581528076
0.1416,2.93134462946926,2.9461078365923,-0.0147632071230337
0.1418,3.0064935701566,3.02078883721977,-0.0142952670631731
0.142,3.08168730310025,3.0954620613733,-0.0137747582730503
0.1422,3.15693157396668,3.17014415190528,-0.0132125779386065
0.1424,3.23222994120869,3.24487007262703,-0.0126401314183404
0.1426,3.30752429536359,3.31957885283596,-0.0120545574723696
0.1428,3.38281367449818,3.3943412287986,-0.0115275543004283
0.143,3.45815457369012,3.4691651350101,-0.0110105613199774
0.1432,3.53351754173822,3.5440590303086,-0.0105414885703747
0.1434,3.6089303025088,3.61909036245032,-0.0101600599415188
0.1436,3.6843264105393,3.6941821459992,-0.00985573545989871
0.1438,3.75963188325463,3.76927302004793,-0.00964113679329071
0.144,3.83491079612034,3.84441783365146,-0.00950703753111926
0.1442,3.9101627551991,3.91966211816491,-0.00949936296580933
0.1444,3.98541750906275,3.99492708062552,-0.00950957156276511
0.1446,4.06063535609576,4.07022222724029,-0.00958687114452506
0.1448,4.13578932128576,4.14555254233396,-0.00976322104820238
0.145,4.21085360441198,4.22094204705401,-0.0100884426420276
0.1452,4.28592741009607,4.29633631088038,-0.010408900784312
0.1454,4.36103336492356,4.37173595598631,-0.010702591062743
0.1456,4.43616254994131,4.44713348681872,-0.0109709368774196
0.1458,4.51129381906735,4.52251762040455,-0.0112238013372004
0.146,4.58644805596932,4.59790402878368,-0.0114559728143551
0.1462,4.66156344153404,4.67328951104989,-0.0117260695158521
0.1464,4.73665122249338,4.74868659426443,-0.0120353717710495
0.1466,4.81172962113333,4.82409073860609,-0.0123611174727571
0.1468,4.88685347528272,4.89950318039716,-0.0126497051144456
0.147,4.96205520659914,4.97491315833872,-0.0128579517395826
0.1472,5.0372550102496,5.05030850354891,-0.0130534932993092
0.1474,5.11246247244391,5.12570845393402,-0.0132459814901127
0.1476,5.18775364246467,5.20109095961847,-0.0133373171538018
0.1478,5.2631165428892,5.27642509573145,-0.0133085528422487
0.148,5.33853677273713,5.35171433726358,-0.0131775645264431
0.1482,5.41394664329159,5.42696275915887,-0.0130161158672815
0.1484,5.48933370007057,5.50220676954968,-0.0128730694791122
0.1486,5.56474113947015,5.57742135594097,-0.0126802164708222
0.1488,5.64013474687447,5.65263270612676,-0.0124979592522827
0.149,5.71554111865916,5.7278050226759,-0.0122639040167378
0.1492,5.790921800984,5.80289007255141,-0.0119682715674116
0.1494,5.86620888621372,5.87791537809818,-0.011706491884456
0.1496,5.94146831045853,5.95289769659066,-0.0114293861321295
0.1498,6.01666191704685,6.02771159520374,-0.0110496781568941
0.15,6.09173895836277,6.10241293005679,-0.010673971694013
0.1502,6.16678775823737,6.17713735672843,-0.0103495984910573
0.1504,6.2418019753221,6.2518366894783,-0.0100347141561983
0.1506,0.0335523873814507,0.0433075256320698,-0.00975513825061908
0.1508,0.108499793067192,0.118028558081537,-0.0095287650143441
0.151,0.183482982677997,0.192861216869226,-0.00937823419122982
0.1512,0.258495787465676,0.267742302475353,-0.00924651500967683
0.1514,0.333517584875546,0.342656491118314,-0.0091389062427672
0.1516,0.408567571271791,0.417680071428725,-0.00911250015693349
0.1518,0.483654178133192,0.492761718671552,-0.0091075405383606
0.152,0.5587149942236,0.567802085136611,-0.00908709091301085
0.1522,0.633753785890906,0.642873870927513,-0.00912008503660677
0.1524,0.708799266630752,0.717951769013212,-0.00915250238245913
0.1526,0.783874920162274,0.7930327736541,-0.00915785349182574
0.1528,0.858951675481075,0.868160878159067,-0.00920920267799163
0.153,0.934067853500706,0.943302445398303,-0.00923459189759646
0.1532,1.00925256281455,1.01847509976792,-0.00922253695337294
0.1534,1.08448710674121,1.09368973614214,-0.00920262940093552
0.1536,1.15974300723895,1.16893875445848,-0.00919574721952809
0.1538,1.23504953695194,1.24421863114207,-0.00916909419012568
0.154,1.31036359407807,1.31953446883294,-0.00917087475487155
0.1542,1.38571124048101,1.39489021486419,-0.00917897438317761
0.1544,1.46106290276765,1.47026647579593,-0.00920357302827846
0.1546,1.53645289320415,1.54565937130682,-0.00920647810266995
0.1548,1.61181861111697,1.6210575717118,-0.00923896059482643
0.155,1.68708511971212,1.69645068227207,-0.00936556255995558
0.1552,1.76231921526596,1.77183462413076,-0.00951540886479108
0.1554,1.83748253911717,1.84719423172381,-0.00971169260664051
0.1556,1.91259753414678,1.92252052087971,-0.00992298673293135
0.1558,1.98767527433431,1.99781445730295,-0.0101391829686421
0.156,2.06270570701941,2.07309185158114,-0.0103861445617279
0.1562,2.13767113853372,2.14828416858166,-0.0106130300479443
0.1564,2.21263996609719,2.22343107994224,-0.010791113845054
0.1566,2.28763089072487,2.29855081860022,-0.0109199278753493
0.1568,2.36263460644637,2.37359548386948,-0.0109608774231167
0.157,2.43762821830923,2.44862490580104,-0.010996687491811
0.1572,2.5126607990342,2.52367235404095,-0.0110115550067493
0.1574,2.587684919926,2.59869458175587,-0.0110096618298701
0.1576,2.66270257759494,2.67374453086753,-0.0110419532725845
0.1578,2.73775444984547,2.74882132916134,-0.011066879315869
0.158,2.81286116939513,2.82391897617031,-0.0110578067751796
0.1582,2.88799668616577,2.89899247148527,-0.0109957853195022
0.1584,2.96314343773672,2.9740328537804,-0.0108894160436765
0.1586,3.03831377683652,3.04902103391282,-0.0107072570763087
0.1588,3.11351532166878,3.12399621922095,-0.0104808975521622
0.159,3.18877106363587,3.19894118083771,-0.0101701172018442
0.1592,3.26403558277574,3.27388732585887,-0.00985174308312642
0.1594,3.33930038287459,3.34883086806815,-0.0095304851935647
0.1596,3.41455004476873,3.42373630389251,-0.00918625912377502
0.1598,3.4898217664159,3.49864762586001,-0.00882585944410952
0.16,3.56508874087106,3.57352373535167,-0.0084349944806168
0.1602,3.64038162866456,3.64847807657093,-0.00809644790637343
0.1604,3.71565587370077,3.7235115445319,-0.00785567083113259
0.1606,3.79090653097915,3.79855010313789,-0.00764357215874201
0.1608,3.86612993533083,3.87359738410406,-0.00746744877322802
0.161,3.941267283362,3.94864881633286,-0.00738153297085864
0.1612,4.01635176136707,4.02375189681356,-0.00740013544648743
0.1614,4.09139970087996,4.09892495784907,-0.007525256969104
0.1616,4.16639780051687,4.17412161562501,-0.00772381510814135
0.1618,4.24132302975826,4.24936421224217,-0.00804118248391283
0.162,4.31616461072678,4.32464727991066,-0.00848266918387797
0.1622,4.39101086399696,4.39995256080527,-0.0089416968083027
0.1624,4.46588050437765,4.47530953301412,-0.00942902863646289
0.1626,4.5407687338125,4.55068991698585,-0.00992118317334878
0.1628,4.61571139218254,4.62607689595521,-0.01036550377267
0.163,4.69065750066342,4.70147307230856,-0.0108155716451366
0.1632,4.76560957930814,4.77687108700241,-0.0112615076942753
0.1634,4.8405975153999,4.85226009783722,-0.0116625824373182
0.1636,4.91563265791699,4.92763019993232,-0.0119975420153313
0.1638,4.99075474175661,5.00297994870291,-0.0122252069463036
0.164,5.06588188483765,5.07829560756264,-0.0124137227249914
0.1642,5.14100746883212,5.15357161771676,-0.0125641488846489
0.1644,5.21614718398207,5.22884719653723,-0.0127000125551691
0.1646,5.29137165441634,5.30412032297029,-0.0127486685539546
0.1648,5.36661474419258,5.37937814495771,-0.0127634007651327
0.165,5.44188713658343,5.45457930478644,-0.0126921682030066
0.1652,5.51715373678392,5.52971299875781,-0.0125592619738972
0.1654,5.59244537266164,5.60479730004493,-0.0123519273832891
0.1656,5.66772802617681,5.67980862651842,-0.012080600341605
0.1658,5.7430228232056,5.75481969826407,-0.0117968750584758
0.166,5.81827873458546,5.82981046836622,-0.0115317337807594
0.1662,5.89349321074381,5.90475961132649,-0.0112664005826755
0.1664,5.96867090762195,5.9797404340026,-0.0110695263806528
0.1666,6.04377750650359,6.05476295024562,-0.010985443742026
0.1668,6.11884395401368,6.12974993882337,-0.0109059848096908
0.167,6.19385726180919,6.20470261977025,-0.0108453579610588
0.1672,6.26880577722802,6.27964796069366,-0.0108421834656403
0.1674,0.060500505260098,0.0713128434122125,-0.0108123381521145
0.1676,0.135373940561912,0.146135878638873,-0.0107619380769613
0.1678,0.210273000543092,0.22096283262553,-0.0106898320824387
0.168,0.285189053875965,0.295812167417188,-0.0106231135412222
0.1682,0.360115270127722,0.370681115856404,-0.0105658457286826
0.1684,0.435088217779418,0.445617732641716,-0.010529514862298
0.1686,0.510118339767567,0.520646116391494,-0.0105277766239267
0.1688,0.585129441474529,0.595686114543266,-0.010556673068737
0.169,0.660149644905153,0.670733475243767,-0.0105838303386142
0.1692,0.735214881215991,0.745823712326894,-0.0106088311109027
0.1694,0.810307902453952,0.820940900766616,-0.0106329983126644
0.1696,0.885429537310906,0.896091226510967,-0.0106616892000604
0.1698,0.960572562128597,0.971291977753149,-0.0107194156245513
0.17,1.0357338481662,1.04652300060701,-0.010789152440809
0.1702,1.11093537122662,1.12181265843457,-0.0108772872079517
0.1704,1.18613417953955,1.19713044479822,-0.0109962652586784
0.1706,1.26134987519411,1.27248052794024,-0.0111306527461226
0.1708,1.33654790084618,1.34785522211091,-0.0113073212647321
0.171,1.41176676755512,1.42325221164204,-0.0114854440869163
0.1712,1.48698264893128,1.49865258790235,-0.0116699389710715
0.1714,1.56222254583601,1.57405212547313,-0.0118295796371199
0.1716,1.63743494832799,1.64944870633377,-0.0120137580057817
0.1718,1.71262346717413,1.72483621991597,-0.0122127527418376
0.172,1.7877893736347,1.80022261735863,-0.0124332437239221
0.1722,1.86297044525814,1.87561144329906,-0.0126409980409183
0.1724,1.93812217532009,1.95098350415687,-0.0128613288367825
0.1726,2.01320997822677,2.02632745439111,-0.013117476164346
0.1728,2.08822877603307,2.10165780817894,-0.0134290321458685
0.173,2.1631890424429,2.1769806511261,-0.0137916086831948
0.1732,2.23815010219965,2.25224092370003,-0.0140908215003797
0.1734,2.3131000715707,2.32746595538235,-0.0143658838116543
0.1736,2.38806281366749,2.40266275711616,-0.0145999434486708
0.1738,2.46306893448775,2.47779224469626,-0.0147233102085123
0.174,2.53812534783379,2.55292336179619,-0.0147980139624035
0.1742,2.61318385178092,2.62797270732632,-0.0147888555453948
0.1744,2.68824916435223,2.70296392072212,-0.0147147563698935
0.1746,2.76334724633261,2.77788394732755,-0.0145367009949471
0.1748,2.83844912395813,2.85272053577927,-0.0142714118211424
0.175,2.91357080224377,2.92757104678687,-0.0140002445430989
0.1752,2.98870939990031,3.00240259671529,-0.0136931968149767
0.1754,3.06384506310133,3.07714814953349,-0.0133030864321628
0.1756,3.13897949231205,3.15189387546589,-0.0129143831538436
0.1758,3.21418357554168,3.22668969202525,-0.012506116483578
0.176,3.28939371214219,3.30150435581846,-0.0121106436762721
0.1762,3.364623598224,3.37635884213308,-0.0117352439090737
0.1764,3.43984370707341,3.45120339236629,-0.0113596852928777
0.1766,3.51507234108754,3.52608070904756,-0.0110083679600268
0.1768,3.59029804480287,3.60098673946245,-0.010688694659581
0.177,3.66550521458492,3.67587389255248,-0.0103686779675671
0.1772,3.74063245519777,3.7507794749467,-0.0101470197489268
0.1774,3.81574091798616,3.82575418921726,-0.010013271231105
0.1776,3.89083338143528,3.90079678931138,-0.00996340787610128
0.1778,3.96587218490443,3.97586045476356,-0.00998826985912693
0.178,4.0408888415407,4.05097366939791,-0.0100848278572157
0.1782,4.11586627317914,4.12613633836081,-0.0102700651816683
0.1784,4.1907852169278,4.2013580483885,-0.0105728314606992
0.1786,4.26574916183969,4.27665545898092,-0.010906297141223
0.1788,4.34074769367318,4.35201068550536,-0.011262991832182
0.179,4.41573035799948,4.42737378589184,-0.0116434278923601
0.1792,4.49073240569829,4.50274773547107,-0.0120153297727734
0.1794,4.56577807181858,4.57814589354556,-0.01236782172698
0.1796,4.64085719004638,4.65354863153217,-0.0126914414857913
0.1798,4.71591182031366,4.72894806355438,-0.0130362432407223
0.18,4.7909473931599,4.80433864696028,-0.0133912538003766
0.1802,4.86599679960498,4.87971552079599,-0.0137187211910073
0.1804,4.94107719131211,4.95507051414498,-0.0139933228328664
0.1806,5.01616859731,5.03041704057736,-0.0142484432673626
0.1808,5.09127745776223,5.10574460845939,-0.0144671506971612
0.181,5.16644954223632,5.18103068011797,-0.0145811378816472
0.1812,5.24168424782684,5.25626924398523,-0.0145849961583853
0.1814,5.31697639482468,5.33147500439192,-0.0144986095672417
0.1816,5.39226831332291,5.40663917140337,-0.0143708580804613
0.1818,5.46758624939217,5.48176339843502,-0.0141771490428493
0.182,5.54289589719926,5.5568457564524,-0.0139498592531409
0.1822,5.61820510959232,5.63193358679901,-0.0137284772066861
0.1824,5.69355905640283,5.70699251108327,-0.0134334546804418
0.1826,5.76889034532102,5.78206675474114,-0.0131764094201161
0.1828,5.84419625168104,5.85716024602145,-0.0129639943404101
0.183,5.91948820074972,5.93223079525464,-0.0127425945049202
0.1832,5.99474922444627,6.00731019218947,-0.0125609677431955
0.1834,6.07001276857161,6.08238506446119,-0.012372295889576
0.1836,6.14524613084732,6.15746651628787,-0.0122203854405472
0.1838,6.22042338946606,6.23249261668078,-0.0120692272147132
0.184,0.0123278776205584,0.024305435001747,-0.0119775573811886
0.1842,0.0873431541603583,0.0992261251598536,-0.0118829709994953
0.1844,0.162320277961241,0.174101349537542,-0.0117810715763004
0.1846,0.237295090482895,0.248983989116464,-0.0116888986335689
0.1848,0.312297419498361,0.323914976003204,-0.0116175565048422
0.185,0.38733643093754,0.398785784961796,-0.0114493540242556
0.1852,0.462328888860799,0.473574767237245,-0.0112458783764463
0.1854,0.537296089220484,0.548403058561952,-0.0111069693414679
0.1856,0.612263512449315,0.62331568346893,-0.0110521710196149
0.1858,0.68725805589982,0.698261060779321,-0.0110030048795016
0.186,0.762302941680421,0.773278508050256,-0.0109755663698357
0.1862,0.837368125796534,0.848341888594524,-0.0109737627979906
0.1864,0.912445755299133,0.923446300474312,-0.0110005451751793
0.1866,0.987563497229109,0.998632165677815,-0.0110686684487054
0.1868,1.06273176087292,1.07384380442885,-0.0111120435559267
0.187,1.13795908003884,1.14911393970105,-0.0111548596622086
0.1872,1.21318972045417,1.22443207805019,-0.011242357596019
0.1874,1.28844866553231,1.2997897419955,-0.0113410764631878
0.1876,1.3637026246219,1.37515791672006,-0.0114552920981568
0.1878,1.43896218198604,1.45053653306054,-0.0115743510745063
0.188,1.51427173238639,1.52593297510338,-0.0116612427169931
0.1882,1.5895598848258,1.60133183380177,-0.0117719489759651
0.1884,1.66475146368394,1.67672606195323,-0.0119745982692874
0.1886,1.73991994961559,1.75211141583442,-0.0121914662188316
0.1888,1.81503413930847,1.82747478017719,-0.0124406408687163
0.189,1.89011799917719,1.90282818798427,-0.0127101888070769
0.1892,1.9651854041446,1.97816719856534,-0.0129817944207402
0.1894,2.04021281865405,2.05346094324169,-0.0132481245876468
0.1896,2.11516637783328,2.12869558060504,-0.0135292027717613
0.1898,2.19013523565784,2.20391386542321,-0.0137786297653699
0.19,2.26511870449985,2.2791065544204,-0.0139878499205515
0.1902,2.34011450426478,2.35424275956393,-0.0141282552991502
0.1904,2.41513212184359,2.42934924397375,-0.0142171221301606
0.1906,2.49019108793437,2.50438477693003,-0.0141936889956584
0.1908,2.56529534733551,2.57941072115018,-0.0141153738146698
0.191,2.64038148651526,2.65438238098063,-0.01400089446537
0.1912,2.71545190042535,2.72928655758765,-0.0138346571623025
0.1914,2.79053365308137,2.80417974029474,-0.0136460872133757
0.1916,2.86564685289183,2.87906164073578,-0.0134147878439466
0.1918,2.94075873337708,2.95389009042199,-0.0131313570449088
0.192,3.01586542513297,3.02873959787593,-0.01287417274296
0.1922,3.09103165868166,3.10364611094139,-0.0126144522597276
0.1924,3.16624981772606,3.17853110688349,-0.0122812891574213
0.1926,3.24151570544245,3.25343476021321,-0.0119190547707557
0.1928,3.31677184904771,3.32830620122904,-0.0115343521813296
0.193,3.3920164133985,3.40321035741375,-0.0111939440152438
0.1932,3.46730300265167,3.47816330254689,-0.0108602998952216
0.1934,3.54260273860476,3.55312886754146,-0.0105261289367014
0.1936,3.61793902352736,3.62817310561786,-0.0102340820904949
0.1938,3.69326572093003,3.70326677885962,-0.0100010579295842
0.194,3.76850922279818,3.77833524472126,-0.00982602192307613
0.1942,3.84373419719603,3.85342342560805,-0.00968922841201625
0.1944,3.91890182248374,3.92854720143644,-0.00964537895270068
0.1946,3.99403214568052,4.00369120264536,-0.00965905696484182
0.1948,4.06913373909388,4.07887783368808,-0.00974409459419601
0.195,4.14417940905041,4.15409927617228,-0.00991986712187654
0.1952,4.21913786408462,4.22932308433753,-0.0101852202529136
0.1954,4.2940276973718,4.30454895483478,-0.0105212574629778
0.1956,4.36892545168083,4.37984319625452,-0.0109177445736863
0.1958,4.44382386545421,4.45517873232973,-0.0113548668755152
0.196,4.51872822807853,4.53052443835333,-0.0117962102748006
0.1962,4.59365520820194,4.60590078416647,-0.0122455759645383
0.1964,4.66861682877485,4.68129278494961,-0.0126759561747605
0.1966,4.74359437258755,4.75669109577559,-0.0130967231880392
0.1968,4.81861058910277,4.8320913174219,-0.0134807283191218
0.197,4.89364007915851,4.90748335916905,-0.0138432800105424
0.1972,4.96870304058162,4.98285758441971,-0.0141545438380906
0.1974,5.04377081239661,5.05820823876486,-0.0144374263682536
0.1976,5.11883794958352,5.13354044367703,-0.0147024940935125
0.1978,5.19392227124393,5.20885086771663,-0.0149285964726991
0.198,5.26907062327723,5.28412127379624,-0.0150506505190178
0.1982,5.34425424906196,5.35935240775039,-0.0150981586884269
0.1984,5.41944910184574,5.43452699466133,-0.0150778928155946
0.1986,5.49465103274598,5.50969053777093,-0.0150395050249479
0.1988,5.56990014482002,5.58480578622946,-0.0149056414094408
0.199,5.64515969667811,5.65984890767557,-0.014689210997461
0.1992,5.72045966167126,5.73485825515781,-0.014398593486546
0.1994,5.79573902398931,5.80978318474945,-0.0140441607601396
0.1996,5.8709947573901,5.88467122481974,-0.0136764674296446
0.1998,5.94622980028369,5.95952696661512,-0.0132971663314319
0.2,6.02142023430613,6.03432799158865,-0.0129077572825231
0.2002,6.09660059313691,6.10911327184836,-0.0125126787114551
0.2004,6.1717379240359,6.18392123881441,-0.0121833147785066
0.2006,6.24680537791893,6.25871107636654,-0.0119056984476096
0.2008,0.038588730834225,0.0502989684207697,-0.0117102375865447
0.201,0.113477643865155,0.125075861792952,-0.011598217927797
0.2012,0.188370652063827,0.199878313122856,-0.0115076610590288
0.2014,0.2632743896017,0.274665772372731,-0.0113913827710311
0.2016,0.338178376526329,0.349473830538251,-0.0112954540119215
0.2018,0.413128195800129,0.424409126907841,-0.0112809311077112
0.202,0.48808081510006,0.499385105489318,-0.0113042903892579
0.2022,0.563042229314025,0.574391445024233,-0.0113492157102077
0.2024,0.638049640563762,0.649451405944934,-0.0114017653811722
0.2026,0.713076451586584,0.724553481475789,-0.0114770298892046
0.2028,0.788146711951814,0.799717922658467,-0.011571210706653
0.203,0.863237152832483,0.874919033276494,-0.0116818804440102
0.2032,0.938340988382884,0.950095561461506,-0.0117545730786219
0.2034,1.01346703390765,1.02529683722566,-0.0118298033180146
0.2036,1.08865017492802,1.10053353416442,-0.0118833592363949
0.2038,1.16385397441841,1.17578796509772,-0.0119339906793094
0.204,1.23909719695422,1.25105817150104,-0.0119609745468199
0.2042,1.31433834225916,1.32635851585763,-0.0120201735984722
0.2044,1.38960944615818,1.40170137788254,-0.012091931724356
0.2046,1.4648839261446,1.47706588947875,-0.0121819633341496
0.2048,1.54018548364487,1.55245195927329,-0.0122664756284161
0.205,1.61545961504163,1.62785268377646,-0.0123930687348259
0.2052,1.69069721581325,1.70325561473564,-0.012558398922391
0.2054,1.76590124786082,1.77864774734727,-0.0127464994864592
0.2056,1.84102464030519,1.85401493318243,-0.0129902928772441
0.2058,1.9161084864472,1.92935766467029,-0.0132491782230895
0.206,1.99117232398488,2.00467109137843,-0.0134987673935498
0.2062,2.066189181396,2.07993292195893,-0.0137437405629308
0.2064,2.14112373410527,2.15508780814669,-0.0139640740414206
0.2066,2.21599017531637,2.23017519584609,-0.0141850205297231
0.2068,2.29086686681276,2.30524833569235,-0.0143814688795891
0.207,2.36575603103695,2.38024040744832,-0.0144843764113727
0.2072,2.44064602628543,2.45518115750501,-0.0145351312195756
0.2074,2.51558154486177,2.53010453463446,-0.0145229897726944
0.2076,2.59058645723632,2.60500819028327,-0.0144217330469476
0.2078,2.6655880291879,2.6799235690094,-0.0143355398215004
0.208,2.7406095080527,2.75484872857686,-0.0142392205241535
0.2082,2.81568237163929,2.8297705808381,-0.0140882091988161
0.2084,2.89078613071425,2.90469459248564,-0.0139084617713872
0.2086,2.96590800769119,2.97961668951766,-0.013708681826472
0.2088,3.04105191743662,3.05445120144049,-0.013399284003865
0.209,3.11622198439797,3.12927407504546,-0.0130520906474865
0.2092,3.19145050071497,3.20408759634401,-0.0126370956290351
0.2094,3.26670059637813,3.27894081128419,-0.0122402149060572
0.2096,3.34198862350909,3.35382423345966,-0.011835609950575
0.2098,3.41726968895751,3.42868790110038,-0.0114182121428636
0.21,3.49257510468449,3.50358733986201,-0.0110122351775197
0.2102,3.56788147687472,3.57849958501954,-0.0106181081448202
0.2104,3.64318114747158,3.65341501800667,-0.0102338705350933
0.2106,3.71841404385138,3.72837984555926,-0.00996580170787675
0.2108,3.7935499668267,3.80336084261626,-0.00981087578955941
0.211,3.8686433624321,3.87839964576616,-0.00975628333406187
0.2112,3.94365248714959,3.95346108129453,-0.00980859414493418
0.2114,4.01861521206104,4.02855708469974,-0.00994187263870128
0.2116,4.09355763890895,4.10372198618633,-0.010164347277378
0.2118,4.16847393588576,4.17892202225553,-0.0104480863697702
0.212,4.24333919787889,4.25420231066185,-0.010863112782963
0.2122,4.31821118698459,4.32951668101236,-0.0113054940277717
0.2124,4.39308942518935,4.40483426404665,-0.0117448388572932
0.2126,4.46796847219535,4.48019947387516,-0.0122310016798055
0.2128,4.54285385906493,4.55558335697978,-0.0127294979148429
0.213,4.61779066278514,4.63096880943495,-0.0131781466498113
0.2132,4.69280498939201,4.70636670325642,-0.013561713864414
0.2134,4.76783170739317,4.78176309879726,-0.0139313914040873
0.2136,4.84289042971118,4.85715915321162,-0.0142687235004377
0.2138,4.91800533763896,4.93254712538374,-0.0145417877447791
0.214,4.99320524373265,5.00792038372944,-0.0147151399967944
0.2142,5.06840859907337,5.08327140552044,-0.0148628064470708
0.2144,5.1436060831394,5.15856595367519,-0.0149598705357832
0.2146,5.21881175761189,5.23382444063347,-0.0150126830215784
0.2148,5.2940619023167,5.3090250282312,-0.0149631259144929
0.215,5.36932225598212,5.38421803146201,-0.0148957754798884
0.2152,5.44461451768678,5.45936771885667,-0.0147532011698885
0.2154,5.51989832217361,5.53444766904979,-0.0145493468761853
0.2156,5.59520239724053,5.60947739395533,-0.0142749967147928
0.2158,5.67049578193407,5.68446138736579,-0.0139656054317268
0.216,5.74576730123742,5.75941841254686,-0.0136511113094384
0.2162,5.82095994327623,5.83429832378551,-0.0133383805092766
0.2164,5.89612989119661,5.90912887285765,-0.0129989816610347
0.2166,5.97127021386925,5.98397934445783,-0.01270913058858
0.2168,6.04641211246369,6.05881101728433,-0.0123989048206461
0.217,6.12151917115881,6.13360303731806,-0.0120838661592533
0.2172,6.19656767776128,6.20839034447148,-0.0118226667102004
0.2174,6.27155865522083,3.10071438360815e-05,-0.011657659102589
0.2176,0.0633035325736619,0.0748604852285523,-0.0115569526548903
0.2178,0.138224195227483,0.149692849979377,-0.0114686547518943
0.218,0.213158495843184,0.224532696818399,-0.0113742009752149
0.2182,0.288098365398305,0.29938908758182,-0.0112907221835153
0.2184,0.36304557154775,0.374260947258667,-0.0112153757109164
0.2186,0.438046573891123,0.449275404204793,-0.0112288303136701
0.2188,0.513115979124797,0.524366960477124,-0.0112509813523267
0.219,0.588174213920406,0.59944490556211,-0.0112706916417042
0.2192,0.663241287749049,0.674527850542302,-0.0112865627932532
0.2194,0.73834441748645,0.749638385907479,-0.0112939684210293
0.2196,0.813459867397174,0.824751340396907,-0.0112914729997327
0.2198,0.888585047927707,0.899901951823059,-0.0113169038953523
0.22,0.963713224047148,0.975112659777183,-0.0113994357300348
0.2202,1.03884703413726,1.05034132819068,-0.0114942940534193
0.2204,1.1140557434089,1.12561991036644,-0.0115641669575408
0.2206,1.18927595831452,1.20093490700854,-0.0116589486940213
0.2208,1.26452335422831,1.2762845469559,-0.0117611927275916
0.221,1.33977000266816,1.35164465734611,-0.0118746546779438
0.2212,1.41503494501054,1.42701987953539,-0.0119849345248435
0.2214,1.49030810402337,1.50241506822905,-0.0121069642056801
0.2216,1.56557375770846,1.57781184650403,-0.0122380887955669
0.2218,1.64076719495008,1.65321161919898,-0.0124444242488952
0.222,1.7159418776942,1.72860542376355,-0.0126635460693483
0.2222,1.79109186573575,1.80399161429592,-0.0128997485601747
0.2224,1.86617660318714,1.87936526461448,-0.0131886614273391
0.2226,1.94123293851828,1.95471582243067,-0.0134828839123953
0.2228,2.01625073587888,2.03006065943732,-0.0138099235584437
0.223,2.09121005000178,2.1054199896329,-0.0142099396311184
0.2232,2.16617147908113,2.18077789700965,-0.0146064179285168
0.2234,2.24112020741382,2.25604428380401,-0.0149240763901921
0.2236,2.31604498106379,2.33125561003974,-0.0152106289759457
0.2238,2.39095808923231,2.40638623326091,-0.0154281440286028
0.224,2.46587890136788,2.48143418629914,-0.015555284931255
0.2242,2.54085314830151,2.55645261727357,-0.0155994689720598
0.2244,2.6158275263804,2.63138228491537,-0.0155547585349742
0.2246,2.69080182634605,2.70625132828293,-0.0154495019368772
0.2248,2.76580732974023,2.78105398924593,-0.0152466595057001
0.225,2.84085839317569,2.85583622766056,-0.0149778344848772
0.2252,2.91592635012434,2.93060172263191,-0.0146753725075652
0.2254,2.99100916637312,3.00535172391078,-0.0143425575376601
0.2256,3.06609990680525,3.08003545876133,-0.0139355519560822
0.2258,3.14120060709249,3.1547042971945,-0.0135036901020107
0.226,3.21634117146919,3.22938606667164,-0.0130448952024578
0.2262,3.29148914272291,3.30407452136623,-0.0125853786433123
0.2264,3.36667079403005,3.37881382359849,-0.0121430295684433
0.2266,3.44185138657745,3.45354817137316,-0.0116967847957126
0.2268,3.51704466772257,3.52831310321266,-0.01126843549009
0.227,3.59223741879241,3.60317154884053,-0.0109341300481192
0.2272,3.66744892717059,3.67813692102555,-0.0106879938549636
0.2274,3.74262211334112,3.75315435141772,-0.0105322380765989
0.2276,3.81776319845489,3.82823038687488,-0.0104671884199918
0.2278,3.89287825414276,3.90339628815879,-0.0105180340160227
0.228,3.96800756522024,3.97860273460982,-0.0105951693895778
0.2282,4.04311480501865,4.05381189576175,-0.0106970907431005
0.2284,4.11817407376251,4.12903798337701,-0.0108639096144971
0.2286,4.19315964875304,4.20429200376652,-0.0111323550134816
0.2288,4.26816584991048,4.27954256976122,-0.0113767198507349
0.229,4.34318607972645,4.35484382745049,-0.0116577477240449
0.2292,4.41819494405366,4.43016848269345,-0.0119735386397917
0.2294,4.49322213668254,4.50551783225055,-0.0122956955680085
0.2296,4.56829141803839,4.58090162756483,-0.0126102095264367
0.2298,4.64339796763465,4.65629454947835,-0.0128965818436946
0.23,4.71848798917192,4.73169195487454,-0.0132039657026199
0.2302,4.79356715120175,4.80708273078479,-0.0135155795830437
0.2304,4.86866484207475,4.882457606955,-0.0137927648802521
0.2306,4.94379020111161,4.95781423631769,-0.0140240352060825
0.2308,5.01891305825636,5.03315529367018,-0.014242235413815
0.231,5.09403371858256,5.10849936348756,-0.0144656449049956
0.2312,5.16916803589506,5.18384197138736,-0.014673935492298
0.2314,5.24436173026425,5.25917759305445,-0.0148158627901944
0.2316,5.31962287299518,5.33447314674626,-0.0148502737510752
0.2318,5.39488864356527,5.40970529460879,-0.0148166510435184
0.232,5.47017862408604,5.48487915646875,-0.0147005323827125
0.2322,5.54545506897003,5.55999326148121,-0.0145381925111767
0.2324,5.62072651110626,5.63504891776075,-0.0143224066544825
0.2326,5.69594232734526,5.70997926560931,-0.014036938264046
0.2328,5.77108827952939,5.7848490032503,-0.013760723720913
0.233,5.84616697159893,5.85968504419197,-0.0135180725930413
0.2332,5.92124367876744,5.93451436481127,-0.0132706860438292
0.2334,5.99631225467579,6.00931311204583,-0.0130008573700389
0.2336,6.07140352042694,6.08414003332813,-0.0127365129011938
0.2338,6.14648225348145,6.15900611396142,-0.0125238604799671
0.234,6.22151761261143,6.23382787169701,-0.0123102590855781
0.2342,0.0132891444100389,0.0254946893972749,-0.012205544987236
0.2344,0.0882594141436744,0.100374314396602,-0.0121149002529271
0.2346,0.163241576889127,0.175247937363201,-0.0120063604740746
0.2348,0.2382126523692,0.250121074352559,-0.0119084219833591
0.235,0.313197084130253,0.325031466315166,-0.0118343821849133
0.2352,0.388211512085215,0.399869312613285,-0.0116578005280704
0.2354,0.463179582811814,0.474615710673032,-0.0114361278612183
0.2356,0.538130637699137,0.549417889017077,-0.0112872513179403
0.2358,0.613093822643657,0.62431727515768,-0.0112234525140233
0.236,0.688091519407434,0.699258937593122,-0.0111674181856876
0.2362,0.763140787168149,0.774289828902778,-0.0111490417346286
0.2364,0.838206761219535,0.849387788064412,-0.0111810268448773
0.2366,0.913281133209854,0.924542908558781,-0.0112617753489264
0.2368,0.988391013538165,0.999787719724959,-0.0113967061867944
0.237,1.06354278845563,1.07506604244141,-0.011523253985783
0.2372,1.13874098484297,1.15037844967956,-0.0116374648365949
0.2374,1.21393188461913,1.22569686383741,-0.0117649792182875
0.2376,1.28912090515201,1.30103234468493,-0.011911439532925
0.2378,1.36431293851487,1.37640269126812,-0.0120897527532415
0.238,1.43952329586274,1.4517754465975,-0.0122521507347655
0.2382,1.51478041161611,1.52716335235821,-0.0123829407420963
0.2384,1.5900267440356,1.60256164520466,-0.0125349011690625
0.2386,1.66518800358936,1.67796140344922,-0.0127733998598694
0.2388,1.7403354725882,1.7533576750707,-0.0130222024825009
0.239,1.81546515914905,1.82873144356941,-0.0132662844203562
0.2392,1.89060025297526,1.90408820384838,-0.0134879508731198
0.2394,1.96570701699084,1.97942327813687,-0.013716261146026
0.2396,2.04076711017661,2.0547050360025,-0.0139379258258874
0.2398,2.11575193264974,2.12991407528025,-0.0141621426305139
0.24,2.19066767011233,2.20509566274658,-0.0144279926342454
0.2402,2.2655804906239,2.28022619888125,-0.0146457082573548
0.2404,2.34048671399004,2.35533387886603,-0.0148471648759907
0.2406,2.41541342178081,2.43042882264603,-0.0150154008652192
0.2408,2.49038223259053,2.50541435162559,-0.0150321190350686
0.241,2.5653135398899,2.58035527050717,-0.0150417306172712
0.2412,2.6402207110953,2.65524331583462,-0.0150226047393183
0.2414,2.71512552786194,2.73006429119981,-0.0149387633378733
0.2416,2.79005001442042,2.80481985714062,-0.0147698427201943
0.2418,2.86501589020377,2.87956882819018,-0.0145529379864087
0.242,2.93999490969583,2.95428898185995,-0.0142940721641236
0.2422,3.01498434935953,3.02903829611147,-0.0140539467519472
0.2424,3.0900485304996,3.10385776315407,-0.0138092326544776
0.2426,3.16518246600869,3.17870616958992,-0.0135237035812308
0.2428,3.24038644964811,3.2535877155838,-0.0132012659356904
0.243,3.31560374069583,3.32844940118635,-0.0128456604905143
0.2432,3.39083927547086,3.4033602953028,-0.0125210198319379
0.2434,3.46612353376565,3.4783088590636,-0.0121853252979505
0.2436,3.54141516324327,3.55328168886952,-0.0118665256262491
0.2438,3.61674216645644,3.62829920405047,-0.0115570375940228
0.244,3.69204110572659,3.70332820198813,-0.0112870962615443
0.2442,3.76724041509445,3.77834738244527,-0.0111069673508211
0.2444,3.84241273700668,3.85338656615901,-0.0109738291523223
0.2446,3.91752700809238,3.92842941380129,-0.0109024057089053
0.2448,3.99260804518933,4.00351980924755,-0.0109117640582248
0.245,4.06766466424881,4.07867941627265,-0.0110147520238444
0.2452,4.14266643922847,4.15387750199335,-0.0112110627648851
0.2454,4.21757913117939,4.22912549524409,-0.0115463640647047
0.2456,4.29249971155994,4.30440491533403,-0.0119052037740932
0.2458,4.36745102373222,4.3797209193134,-0.0122698955811771
0.246,4.44242435369487,4.45506750989874,-0.012643156203878
0.2462,4.51740069361219,4.530421460503,-0.0130207668908131
0.2464,4.5924058977447,4.60579818147514,-0.0133922837304414
0.2466,4.66738432589456,4.6811868658216,-0.0138025399270374
0.2468,4.74235081398982,4.75658498339191,-0.0142341694020871
0.247,4.81732111651545,4.83198504768264,-0.0146639311671803
0.2472,4.8923427043207,4.90738340350054,-0.0150406991798349
0.2474,4.96744010838908,4.98276481759374,-0.0153247092046627
0.2476,5.04252810182117,5.05810831826514,-0.0155802164439756
0.2478,5.11761493715709,5.13339648831688,-0.0157815511597894
0.248,5.19273048211304,5.20865626883364,-0.0159257867205991
0.2482,5.26791358435719,5.28386457025453,-0.0159509858973399
0.2484,5.34315795416018,5.35901486845315,-0.0158569142929794
0.2486,5.41839104184538,5.43411192592041,-0.0157208840750283
0.2488,5.4936043407094,5.50920355297205,-0.0155992122626509
0.249,5.5688500288545,5.58426433072293,-0.0154143018684358
0.2492,5.64410104512702,5.65937190803653,-0.0152708629095173
0.2494,5.71938603236595,5.73451724583304,-0.0151312134670878
0.2496,5.79466295192253,5.8095984023999,-0.0149354504773678
0.2498,5.8698574654216,5.8845773239719,-0.0147198585503077
0.25,5.94502888686225,5.95950290215459,-0.0144740152923379
0.2502,6.02013383180554,6.03430681539967,-0.01417298359413
0.2504,6.09519441621542,6.1090585587881,-0.0138641425726806
0.2506,6.17022425449549,6.18382348572191,-0.0135992312264221
0.2508,6.24519964246326,6.25855388288005,-0.0133542404167866
0.251,0.0369045709938813,0.050042656905195,-0.0131380859113137
0.2512,0.111808070480423,0.124753711542013,-0.0129456410615903
0.2514,0.186748603778493,0.199546192686595,-0.0127975889081018
0.2516,0.26171560383368,0.27434071210433,-0.0126251082706493
0.2518,0.336683177209396,0.34915404812533,-0.012470870915934
0.252,0.411695467426416,0.424084411071462,-0.0123889436450456
0.2522,0.486701486876516,0.499025852728003,-0.0123243658514877
0.2524,0.561704006190327,0.573961655039271,-0.0122576488489439
0.2526,0.636746297533095,0.648917963829088,-0.0121716662959934
0.2528,0.711811597022835,0.723884530620284,-0.0120729335974483
0.253,0.786855219830336,0.798881098078907,-0.0120258782485713
0.2532,0.861909338263859,0.873927661331894,-0.0120183230680351
0.2534,0.936980988563828,0.948960994185341,-0.0119800056215127
0.2536,1.01207650724152,1.02403968122175,-0.0119631739802226
0.2538,1.08723176420267,1.09918942375063,-0.0119576595479565
0.254,1.16241242363914,1.1744118346658,-0.0119994110266584
0.2542,1.23759318550148,1.24971283213654,-0.0121196466350559
0.2544,1.31277477331862,1.32504205900435,-0.012267285685734
0.2546,1.38800350390657,1.4004067041013,-0.0124032001947281
0.2548,1.46324519401885,1.4758007966384,-0.0125556026195526
0.255,1.53852660107933,1.55120253435324,-0.0126759332739064
0.2552,1.61378084252394,1.62659857011893,-0.0128177275949846
0.2554,1.68893127381625,1.70198014087947,-0.0130488670632196
0.2556,1.76404463073309,1.77734340980301,-0.0132987790699126
0.2558,1.83908464387657,1.85267506444342,-0.0135904205668562
0.256,1.91407758533302,1.92796872448825,-0.0138911391552308
0.2562,1.98903689268671,2.00322687135789,-0.0141899786711748
0.2564,2.06395235537992,2.07847117837763,-0.0145188229977107
0.2566,2.13880557149237,2.15365292650358,-0.0148473550112089
0.2568,2.21366725649013,2.2287964358607,-0.0151291793705672
0.257,2.28854767454042,2.30394112806776,-0.0153934535273406
0.2572,2.36344570447953,2.37901652109672,-0.0155708166171897
0.2574,2.43836353236577,2.45406429067337,-0.0157007583076063
0.2576,2.51331566740591,2.52905574122134,-0.0157400738154241
0.2578,2.58823615098551,2.60400874452108,-0.0157725935355737
0.258,2.66317189297893,2.67899879268175,-0.015826899702819
0.2582,2.73815623054307,2.75400387641293,-0.0158476458698615
0.2584,2.81319709409494,2.82901003212325,-0.0158129380283039
0.2586,2.88832376847772,2.90404079649739,-0.0157170280196723
0.2588,2.96347637900556,2.97905099434488,-0.0155746153393208
0.259,3.03864188448653,3.05394481037233,-0.0153029258857953
0.2592,3.11383047658019,3.12880049305031,-0.0149700164701199
0.2594,3.18907521152741,3.20361359812698,-0.0145383865995634
0.2596,3.26433389738014,3.27840097747139,-0.0140670800912468
0.2598,3.33957169072404,3.353134465843,-0.0135627751189573
0.26,3.41478263529291,3.42783592214828,-0.0130532868553632
0.2602,3.49001292398327,3.50256917309934,-0.0125562491160731
0.2604,3.56523781194875,3.57728547062593,-0.0120476586771825
0.2606,3.64045448400101,3.65202293135602,-0.0115684473550024
0.2608,3.71561370312391,3.72686299213657,-0.0112492890126581
0.261,3.79076272866682,3.80177250849265,-0.0110097798258257
0.2612,3.86589091367621,3.87675817542001,-0.0108672617437988
0.2614,3.94093590111198,3.95178579685165,-0.0108498957396708
0.2616,4.01593865292703,4.0268689683249,-0.0109303153978777
0.2618,4.09092105135959,4.10203529773259,-0.0111142463730021
0.262,4.16586768097873,4.17723608849087,-0.0113684075121414
0.2622,4.24075056827755,4.2524937652829,-0.011743197005357
0.2624,4.31563467236769,4.32779600507233,-0.0121613327046486
0.2626,4.39052938551569,4.40310718632174,-0.0125778008060546
0.2628,4.46543354844507,4.47846211923294,-0.0130285707878608
0.263,4.54034967117019,4.5538392973423,-0.0134896261721069
0.2632,4.61531662520043,4.62922520288862,-0.0139085776881949
0.2634,4.69028436583469,4.70462179248158,-0.014337426646895
0.2636,4.76525833496124,4.78001924611608,-0.0147609111548386
0.2638,4.84027214292759,4.85541240262912,-0.0151402597015267
0.264,4.91530607371858,4.93078412458373,-0.0154780508651422
0.2642,4.99038032645494,5.00613565891285,-0.0157553324579141
0.2644,5.06546841631031,5.08145482479573,-0.0159864084854204
0.2646,5.14056051971417,5.1567171483081,-0.016156628593933
0.2648,5.21566179476854,5.23194805713518,-0.016286262366644
0.265,5.29080433729552,5.30714170516957,-0.0163373678740495
0.2652,5.36595728538275,5.38232655586609,-0.0163692704833451
0.2654,5.44114929949455,5.45746306559984,-0.0163137661052968
0.2656,5.51634599174905,5.53252924583274,-0.0161832540836881
0.2658,5.59157839135437,5.60753630449268,-0.0159579131383145
0.266,5.66681358030793,5.68245706321812,-0.0156434829101917
0.2662,5.74203474679224,5.75734645799881,-0.0153117112065697
0.2664,5.81717977454553,5.83221028123761,-0.0150305066920868
0.2666,5.89229994394506,5.9070232947236,-0.0147233507785414
0.2668,5.9673926243571,5.98183955296685,-0.0144469286097424
0.267,6.04241837070647,6.05661272772457,-0.0141943570181038
0.2672,6.11741200425066,6.13136644227875,-0.0139544380280903
0.2674,6.19238765528351,6.20615945148387,-0.0137717962003556
0.2676,6.26733281222951,6.2809652242593,-0.0136324120297857
0.2678,0.0590382043521132,0.0725267980754112,-0.0134885937232981
0.268,0.133938721064117,0.14725239182738,-0.0133136707632631
0.2682,0.208855344176981,0.221985330873054,-0.0131299866960733
0.2684,0.283783913518926,0.2967569332175,-0.0129730196985743
0.2686,0.358723862362463,0.371551409903838,-0.0128275475413749
0.2688,0.43370885829244,0.446452957802644,-0.0127440995102037
0.269,0.508752387629652,0.521424746271635,-0.0126723586419831
0.2692,0.583781730616752,0.596409808169722,-0.0126280775529702
0.2694,0.658817970024603,0.671428445315829,-0.0126104752912258
0.2696,0.733894242993932,0.746540597111765,-0.0126463541178334
0.2698,0.808991970363843,0.821666173257084,-0.0126742028932413
0.27,0.884109581929668,0.896836135360307,-0.012726553430639
0.2702,0.959238893895971,0.972070466602428,-0.0128315727064565
0.2704,1.03438063334412,1.04732925235509,-0.0129486190109767
0.2706,1.10956550695477,1.12263606648772,-0.0130705595329474
0.2708,1.18475907392017,1.19795085634161,-0.0131917824214363
0.271,1.25998493810617,1.2732977131254,-0.0133127750192292
0.2712,1.33520751122637,1.3486576373385,-0.0134501261121236
0.2714,1.41044356242889,1.42402996679986,-0.0135864043709686
0.2716,1.48568798330966,1.49941522677388,-0.0137272434642224
0.2718,1.56092878277497,1.57480900973521,-0.0138802269602429
0.272,1.63610095003232,1.6502127258813,-0.0141117758489795
0.2722,1.7112556361338,1.72561729132282,-0.0143616551890255
0.2724,1.78638276151331,1.80102217922855,-0.0146394177152407
0.2726,1.86143508926906,1.87642352099507,-0.0149884317260016
0.2728,1.93644362247538,1.95180529590642,-0.0153616734310373
0.273,2.01142409727265,2.02713660620029,-0.015712508927638
0.2732,2.08636930077673,2.10243719305491,-0.0160678922781767
0.2734,2.16125766327978,2.17766137293268,-0.0164037096529017
0.2736,2.23614932632403,2.252790732385,-0.0166414060609705
0.2738,2.31104408097687,2.32788102479205,-0.0168369438151754
0.274,2.3859600155822,2.40294125948739,-0.0169812439051924
0.2742,2.46091340832627,2.47796706364925,-0.017053655322985
0.2744,2.53590567315292,2.55300785206076,-0.0171021789078392
0.2746,2.61089213097989,2.62793723670141,-0.0170451057215262
0.2748,2.68588240583988,2.70279203136181,-0.0169096255219316
0.275,2.76090515680013,2.77757209677569,-0.0166669399755603
0.2752,2.83596971455835,2.85228154013518,-0.0163118255768331
0.2754,2.9110453782847,2.92695183590378,-0.0159064576190806
0.2756,2.98613011865984,3.00160956989538,-0.0154794512355361
0.2758,3.06121859882749,3.07620286839684,-0.0149842695693434
0.276,3.13631751184017,3.15081462586115,-0.014497114020978
0.2762,3.21150365176079,3.22550139422002,-0.0139977424592326
0.2764,3.28671853881714,3.30025832085767,-0.0135397820405294
0.2766,3.3619734019216,3.37508159531025,-0.0131081933886503
0.2768,3.43722895377119,3.44990021032261,-0.0126712565514273
0.277,3.51249526213109,3.52474567145429,-0.0122504093232085
0.2772,3.58776085489565,3.59967051569333,-0.011909660797679
0.2774,3.6630140879184,3.67460495657005,-0.0115908686516519
0.2776,3.73819241918518,3.74953384571719,-0.0113414265320144
0.2778,3.81334597999021,3.82451357428624,-0.0111675942960345
0.278,3.88846226354488,3.89954486504395,-0.011082601499067
0.2782,3.96349500332161,3.97457742278473,-0.011082419463126
0.2784,4.03847938173978,4.04964372163809,-0.0111643398983157
0.2786,4.11340996366973,4.12475470771044,-0.0113447440407111
0.2788,4.18827857550348,4.19990972436769,-0.0116311488642067
0.279,4.2630969937048,4.27508184127756,-0.0119848475727569
0.2792,4.33793443341955,4.35034041449838,-0.01240598107883
0.2794,4.41278632281019,4.42564427116819,-0.0128579483580022
0.2796,4.48767242081979,4.50098092379661,-0.0133085029768152
0.2798,4.56261000026293,4.57635579801145,-0.0137457977485189
0.28,4.63759392859173,4.65174591335114,-0.0141519847594047
0.2802,4.71257154319137,4.72714259115017,-0.014571047958805
0.2804,4.78754941554045,4.80253644042504,-0.0149870248845918
0.2806,4.86255800755347,4.87792020094426,-0.0153621933907981
0.2808,4.93760895249129,4.95328830712533,-0.0156793546340417
0.281,5.01267408432868,5.02864661652188,-0.0159725321931976
0.2812,5.08775341201513,5.10397780163387,-0.0162243896187464
0.2814,5.16284031418051,5.17924248911486,-0.0164021749343508
0.2816,5.23793514893883,5.25446862739446,-0.0165334784556386
0.2818,5.31306579206836,5.32962173291328,-0.0165559408449214
0.282,5.38819947083118,5.40470861467884,-0.0165091438476557
0.2822,5.46336240039925,5.47973965881039,-0.0163772584111381
0.2824,5.53851874518037,5.55471860644691,-0.0161998612665437
0.2826,5.61368085778272,5.62965535824881,-0.0159745004660898
0.2828,5.68883537557884,5.7045188200973,-0.0156834445184542
0.283,5.76396863612601,5.77935663700618,-0.0153880008801712
0.2832,5.83902224186926,5.85414081276086,-0.0151185708915991
0.2834,5.91405858757384,5.92890196430903,-0.014843376735187
0.2836,5.98907856642209,6.00371116545774,-0.0146325990356493
0.2838,6.06411585476361,6.07854358236237,-0.0144277275987585
0.284,6.13913785662572,6.15337009635497,-0.0142322397292585
0.2842,6.21412420424603,6.22814652160078,-0.014022317354744
0.2844,0.00586513511770548,0.0197657390628841,-0.0139006039451786
0.2846,0.0808225889829775,0.0945837203577752,-0.0137611313747977
0.2848,0.15579946635658,0.169386636407556,-0.0135871700509754
0.285,0.230765523406564,0.244176597413605,-0.0134110740070417
0.2852,0.305748136474171,0.319006962475901,-0.0132588260017296
0.2854,0.380771956684929,0.393861199751072,-0.0130892430661428
0.2856,0.455834975467751,0.468720146629502,-0.0128851711617511
0.2858,0.530885047884602,0.543620687001738,-0.0127356391171355
0.286,0.605926505239629,0.618596593386586,-0.012670088146957
0.2862,0.68098593948329,0.693612140585619,-0.0126262011023289
0.2864,0.756070950130023,0.768704789347122,-0.0126338392170986
0.2866,0.83115209474509,0.843821403123622,-0.0126693083785319
0.2868,0.906230636022371,0.918963044667914,-0.0127324086455428
0.287,0.981302849033216,0.994157426955609,-0.0128545779223932
0.2872,1.05637414300116,1.06937409700106,-0.0129999539998971
0.2874,1.13151547460893,1.14464787301497,-0.0131323984060465
0.2876,1.2066648926135,1.21994582228379,-0.013280929670292
0.2878,1.28180951372401,1.29526205448618,-0.0134525407621675
0.288,1.3570030832144,1.37061183262115,-0.0136087494067496
0.2882,1.43221682526887,1.44597860629362,-0.0137617810247579
0.2884,1.50748102417891,1.52136910982426,-0.0138880856453538
0.2886,1.58273475244779,1.5967676547825,-0.0140329023347077
0.2888,1.65790936043978,1.67216608079737,-0.0142567203575932
0.289,1.73307616440941,1.74756016063579,-0.0144839962263856
0.2892,1.80819960517859,1.82294310728574,-0.014743502107152
0.2894,1.88329977146313,1.89832014214514,-0.0150203706820136
0.2896,1.95838850697573,1.97369684624587,-0.0153083392701454
0.2898,2.03344139911981,2.04904014017945,-0.0155987410596472
0.29,2.10842530686369,2.12435488327306,-0.0159295764093672
0.2902,2.18335036389185,2.19965987371273,-0.0163095098208816
0.2904,2.25828345522123,2.27488782890964,-0.0166043736884127
0.2906,2.33321272146561,2.35002611441866,-0.016813392953043
0.2908,2.40815426485141,2.42510532793512,-0.0169510630837122
0.291,2.4831272913125,2.50009363384185,-0.0169663425293511
0.2912,2.55813235995334,2.57505687011326,-0.0169245101599191
0.2914,2.63312012059268,2.64992298167133,-0.016802861078645
0.2916,2.70809389358575,2.72471064373953,-0.0166167501537795
0.2918,2.78307880665466,2.79941360301563,-0.0163347963609688
0.292,2.85808358587997,2.87407847387037,-0.0159948879904044
0.2922,2.93308474408621,2.94871731236386,-0.0156325682776592
0.2924,3.00809154210224,3.0233656955447,-0.0152741534424572
0.2926,3.08308692257843,3.09796280990872,-0.0148758873302932
0.2928,3.15810657179005,3.17253246532194,-0.0144258935318917
0.293,3.23319688483624,3.24712574006029,-0.013928855224048
0.2932,3.30830329478385,3.32171816827984,-0.0134148734959867
0.2934,3.38343942546963,3.39635775505456,-0.0129183295849309
0.2936,3.45856949722079,3.47102757228189,-0.0124580750611072
0.2938,3.53371029268071,3.5457576247844,-0.0120473321036885
0.294,3.60891333534428,3.62062234269161,-0.0117090073473252
0.2942,3.68411189491576,3.69555823726532,-0.0114463423495539
0.2944,3.75923214975887,3.77049940742502,-0.011267257666153
0.2946,3.83434602780052,3.84550421894741,-0.0111581911468899
0.2948,3.9094483012601,3.92063607237405,-0.011187771113947
0.295,3.98455920398339,3.99579762834596,-0.0112384243625749
0.2952,4.05964004190551,4.0709875007584,-0.0113474588528897
0.2954,4.13466809115347,4.14621692720429,-0.0115488360508138
0.2956,4.20961593550758,4.22152039785709,-0.0119044623495075
0.2958,4.28457506884867,4.29684828572784,-0.0122732168791657
0.296,4.35954403241287,4.37220452310288,-0.0126604906900152
0.2962,4.43451521114726,4.44757874294691,-0.0130635317996513
0.2964,4.50948103197402,4.52295193505204,-0.0134709030780193
0.2966,4.58446067506188,4.59834275194565,-0.0138820768837755
0.2968,4.65939355586835,4.67373846834474,-0.0143449124763846
0.297,4.7343025407007,4.74913577831324,-0.0148332376125477
0.2972,4.80922217510261,4.82453059445772,-0.0153084193551081
0.2974,4.88418127111387,4.89991760624583,-0.0157363351319617
0.2976,4.95919877508489,4.97528885070046,-0.01609007561557
0.2978,5.03423995501697,5.05063703987339,-0.0163970848564183
0.298,5.10929566562821,5.12598304977343,-0.0166873841452277
0.2982,5.1844222758404,5.20131474859752,-0.0168924727571262
0.2984,5.25960407746218,5.27663454025314,-0.0170304627909568
0.2986,5.33483230762433,5.35190662751678,-0.0170743198924459
0.2988,5.4100493149005,5.42712382855884,-0.0170745136583434
0.299,5.4852552246429,5.50229605442617,-0.0170408297832711
0.2992,5.56045002625814,5.57737952221973,-0.0169294959615938
0.2994,5.63565072198632,5.65246839469077,-0.0168176727044527
0.2996,5.71085398438352,5.72752103156798,-0.0166670471844599
0.2998,5.78599799871425,5.802494659844,-0.0164966611297483
0.3,5.86106276406109,5.87739003810445,-0.0163272740433653
0.3002,5.93611042887734,5.95221855140862,-0.0161081225312829
0.3004,6.011130332694,6.02697328265316,-0.0158429499591586
0.3006,6.08615585700695,6.10172682330545,-0.0155709662985002
0.3008,6.16119474250771,6.17668236190352,-0.0154876193958051
0.301,6.23640428826074,6.25217981438972,-0.0157755261289809
0.3012,0.0290111104891926,0.0455666661381799,-0.0165555556489874
0.3014,0.106149592218099,0.12370315620901,-0.0175535639909106
0.3016,0.185267144468767,0.203226685802868,-0.0179595413341018
0.3018,0.266422928012227,0.283049025339685,-0.016626097327458
0.302,0.348865585578113,0.361840716094311,-0.012975130516198
0.3022,0.431525259846973,0.43876668306794,-0.00724142322096727
0.3024,0.513604058130184,0.513725054240742,-0.000120996110558158
0.3026,0.594882714774432,0.587055491961732,0.00782722281269965
0.3028,0.675547215203194,0.659239029280064,0.0163081859231302
0.303,0.755849876519332,0.730691410530308,0.0251584659890237
0.3032,0.836110324859281,0.801827443001855,0.0342828818574261
0.3034,0.916595423102752,0.872856460734323,0.0437389623684296
0.3036,0.997323831648137,0.943831103469829,0.0534927281783077
0.3038,1.07803492480513,1.01476052484222,0.0632743999629151
0.304,1.15826620820027,1.08565979808017,0.0726064101200989
0.3042,1.23757771349114,1.15665538323148,0.0809223302596611
0.3044,1.31586312116283,1.22799310270061,0.0878700184622192
0.3046,1.39325904508435,1.29991963038557,0.0933394146987854
0.3048,1.47003994157655,1.37260437811964,0.0974355634569049
0.305,1.54630282422987,1.44610900835766,0.100193815872206
0.3052,1.6219182226128,1.52046640734089,0.101451815271911
0.3054,1.69675015919167,1.59571798270921,0.101032176482469
0.3056,1.77089087699998,1.67189544616089,0.0989954308390926
0.3058,1.84454759481164,1.7490074155376,0.0955401792740391
0.306,1.9179524591587,1.82702279392532,0.0909296652333842
0.3062,1.99119595280853,1.90589555975022,0.0853003930583069
0.3064,2.06431491941949,1.98555881317078,0.0787561062487048
0.3066,2.13749152399537,2.06587170390102,0.0716198200943459
0.3068,2.21084289125147,2.14653638781831,0.0643065034331629
0.307,2.28445241533883,2.22731607725794,0.0571363380808911
0.3072,2.3582201743611,2.30805117985852,0.0501689945025738
0.3074,2.43209218472733,2.38856751112549,0.0435246736018451
0.3076,2.50597505377976,2.46869078689084,0.0372842668889266
0.3078,2.57986412091162,2.54815545296289,0.0317086679487231
0.308,2.65368925974119,2.62682085224388,0.0268684074973087
0.3082,2.72744758118162,2.70472513011373,0.0227224510678892
0.3084,2.80114524772088,2.78196562817163,0.0191796195492469
0.3086,2.87477814200174,2.8585268789186,0.0162512630831357
0.3088,2.94834402630614,2.93444192179209,0.0139021045140497
0.309,3.0218941425349,3.0097246904088,0.0121694521261007
0.3092,3.09546521534156,3.08448131403554,0.0109839013060244
0.3094,3.169143328216,3.15883188962751,0.0103114385884933
0.3096,3.24306463403288,3.23281681329251,0.0102478207403718
0.3098,3.31722470141548,3.30639940328527,0.0108252981302064
0.31,3.39164070459708,3.37958951131428,0.0120511932828027
0.3102,3.4663308834337,3.45241480890322,0.0139160745304756
0.3104,3.54132618974487,3.52487077589554,0.0164554138493362
0.3106,3.61664539209379,3.59690572843625,0.0197396636575404
0.3108,3.69236005033127,3.66862650270899,0.0237335476222831
0.311,3.76843651473208,3.73995308798555,0.0284834267465346
0.3112,3.84467425689843,3.81075542239371,0.0339188345047248
0.3114,3.92094031738649,3.88101454927371,0.0399257681127758
0.3116,3.99719426307203,3.95081969073205,0.0463745723399773
0.3118,4.07343851397865,4.02034302238287,0.0530954915957826
0.312,4.14967444831959,4.0896471056982,0.0600273426213915
0.3122,4.22579691920686,4.15884621890418,0.0669507003026828
0.3124,4.30168126797731,4.2280712928565,0.0736099751208084
0.3126,4.37728822309559,4.29752035996851,0.0797678631270804
0.3128,4.45269514948421,4.36744423267251,0.0852509168116997
0.313,4.52793182585116,4.43806823927647,0.0898635865746984
0.3132,4.60298813931899,4.50956438219617,0.0934237571228271
0.3134,4.67788206946483,4.58211955076713,0.0957625186976978
0.3136,4.75257792146239,4.65588449955675,0.0966934219056386
0.3138,4.82707639701197,4.73095245008362,0.0961239469283441
0.314,4.90142512661514,4.8073862285417,0.0940388980734408
0.3142,4.97565691964476,4.8851785750634,0.0904783445813626
0.3144,5.04976024683389,4.96427149589384,0.0854887509400477
0.3146,5.12370107818523,5.04456207160902,0.0791390065762112
0.3148,5.19748450067498,5.12586676513569,0.0716177355392897
0.315,5.27114820507337,5.20795352975038,0.0631946753229871
0.3152,5.34472651820978,5.29054753442263,0.054178983787148
0.3154,5.41817513975369,5.37337729538378,0.0447978443699064
0.3156,5.4914692397883,5.45615573420533,0.0353135055829625
0.3158,5.56462300641266,5.5386726874385,0.0259503189741626
0.316,5.63762652003338,5.62061212514877,0.017014394884602
0.3162,5.71051063464528,5.7017232867816,0.00878734786368085
0.3164,5.78333159491659,5.78201004851241,0.00132154640418136
0.3166,5.85611056689405,5.86143040519241,-0.00531983829835614
0.3168,5.92890115007418,5.93997322075078,-0.0110720706766054
0.317,6.00176825949733,6.01763669914675,-0.0158684396494193
0.3172,6.07467516183196,6.09426225199917,-0.0195870901672084
0.3174,6.14761659270953,6.16979929582656,-0.0221827031170214
0.3176,6.22064685745587,6.24402509376203,-0.0233782363061632
0.3178,0.0106571354414005,0.0330175487032407,-0.0223604132618402
0.318,0.0840411218614809,0.102126503584676,-0.018085381723195
0.3182,0.157544549362999,0.168093204610106,-0.0105486552471067
0.3184,0.231198695292489,0.232429341685257,-0.00123064639276799
0.3186,0.30505985469162,0.297389685646114,0.00767016904550588
0.3188,0.379063843753654,0.36487935973196,0.0141844840216944
0.319,0.453258149657579,0.435708780029386,0.0175493696281936
0.3192,0.527637582009345,0.509463410775623,0.0181741712337226
0.3194,0.602199475054011,0.585302139384387,0.0168973356696248
0.3196,0.676986893421915,0.662482308289204,0.0145045851327105
0.3198,0.751991294369919,0.740275333192955,0.0117159611769641
0.32,0.82725159913504,0.818287801020669,0.00896379811437109
0.3202,0.902791612913257,0.896272919102129,0.00651869381112813
0.3204,0.978563313990854,0.974229966744907,0.00433334724594658
0.3206,1.05459334127791,1.05219788097022,0.00239546030769078
0.3208,1.13084474297992,1.13016725448482,0.000677488495096634
0.321,1.20734801298819,1.20797883892797,-0.000630825939779367
0.3212,1.28402887855886,1.28534132912548,-0.00131245056662044
0.3214,1.360827820406,1.36206519620513,-0.00123737579912797
0.3216,1.43770092994152,1.43820916274866,-0.000508232807132636
0.3218,1.51459477574151,1.5139469198713,0.000647855870209213
0.322,1.59141498365287,1.58940295856177,0.00201202509109821
0.3222,1.6681506310274,1.6646730007565,0.00347763027089831
0.3224,1.74478109185834,1.73984480111054,0.00493629074780455
0.3226,1.82126788371271,1.81500751048593,0.00626037322678119
0.3228,1.89759527128848,1.89023654954315,0.00735872174533658
0.323,1.97374027566278,1.96561850189,0.00812177377278323
0.3232,2.04972199107755,2.04120838231081,0.00851360876674256
0.3234,2.12550757538718,2.11717288496361,0.00833469042357349
0.3236,2.20110685793819,2.19367340783753,0.00743345010066232
0.3238,2.27654737745271,2.2707496047251,0.00579777272760706
0.324,2.35182319107149,2.34828407848746,0.00353911258403361
0.3242,2.42696977873125,2.42625809953226,0.000711679198993398
0.3244,2.50202110869927,2.50466993402629,-0.00264882532702249
0.3246,2.57695797644185,2.58350279479077,-0.00654481834892406
0.3248,2.65176961095106,2.66249797840358,-0.0107283674525216
0.325,2.72645018959519,2.74127120342747,-0.0148210138322797
0.3252,2.80099231174821,2.81957557675135,-0.0185832650031363
0.3254,2.87538024262792,2.89724092161723,-0.0218606789893143
0.3256,2.94962403745298,2.97423276120462,-0.0246087237516459
0.3258,3.02375833750327,3.05048764599627,-0.0267293084930018
0.326,3.09777343007111,3.12575825143115,-0.0279848213600347
0.3262,3.17168238079809,3.19997599522645,-0.0282936144283581
0.3264,3.24551447848111,3.27331031556079,-0.0277958370796729
0.3266,3.31928669433277,3.34597952993202,-0.02669283559925
0.3268,3.39303819656238,3.41810688316656,-0.0250686866041798
0.327,3.46677983196892,3.48983091051861,-0.02305107854969
0.3272,3.54053040448245,3.561360391397,-0.0208299869145487
0.3274,3.61432387554428,3.63281688885143,-0.0184930133071433
0.3276,3.68814076984716,3.70456506337665,-0.0164242935294943
0.3278,3.76204841805957,3.77696395131554,-0.0149155332559641
0.328,3.83602905333912,3.85012527131098,-0.0140962179718684
0.3282,3.91009409730053,3.92409954235594,-0.0140054450554108
0.3284,3.98420671572153,3.99877584222354,-0.01456912650201
0.3286,4.05837561401855,4.07413852171499,-0.0157629076964412
0.3288,4.13264157229005,4.15008858597254,-0.017447013682494
0.329,4.20696129122054,4.22652737717656,-0.0195660859560229
0.3292,4.28136013524386,4.30330749576627,-0.0219473605224074
0.3294,4.35583981013203,4.38019381260592,-0.0243540024738831
0.3296,4.43037467708389,4.45701332942488,-0.0266386523409912
0.3298,4.50499240482978,4.53360486881745,-0.028612463987665
0.33,4.57966645603335,4.60983822615957,-0.0301717701262278
0.3302,4.65440243613787,4.68562513506335,-0.0312226989254851
0.3304,4.72919218583659,4.76095597420655,-0.0317637883699593
0.3306,4.80404658748596,4.8358675569274,-0.0318209694414353
0.3308,4.87897058711791,4.91044813852969,-0.0314775514117818
0.331,4.95398478807443,4.98481849780255,-0.0308337097281175
0.3312,5.02910354997178,5.05907347152184,-0.0299699215500633
0.3314,5.10433115459295,5.13335632313679,-0.0290251685438419
0.3316,5.17969090175166,5.2078568075874,-0.0281659058357455
0.3318,5.2551313025286,5.28275415844987,-0.0276228559212734
0.332,5.33063254451657,5.35817643746692,-0.0275438929503515
0.3322,5.4061786241272,5.43418052596993,-0.0280019018427273
0.3324,5.48175767215538,5.51080345068741,-0.0290457785320299
0.3326,5.55738210204574,5.58811288034287,-0.0307307782971264
0.3328,5.6330896306805,5.66611506225126,-0.0330254315707617
0.333,5.7088259993192,5.74466741329009,-0.0358414139708891
0.3332,5.78458445914009,5.823651391739,-0.0390669325989128
0.3334,5.86029036440674,5.90265230934655,-0.0423619449398132
0.3336,5.93586179341497,5.98139665814035,-0.0455348647253846
0.3338,6.01129342900471,6.05992092289099,-0.0486274938862827
0.334,6.08665081017654,6.13815428631618,-0.0515034761396391
0.3342,6.16193575471899,6.21578531986267,-0.0538495651436737
0.3344,6.23711315073026,0.00939543387877273,-0.0554675903280994
0.3346,0.0290583350656437,0.0853031949690622,-0.0562448599034185
0.3348,0.104117765719126,0.160368099597103,-0.0562503338779776
0.335,0.179128950728699,0.234508273393663,-0.0553793226649638
0.3352,0.254081573584947,0.307696567003302,-0.053614993418354
0.3354,0.328941164569855,0.38011580267757,-0.0511746381077149
0.3356,0.403760050331586,0.451858066031732,-0.0480980157001462
0.3358,0.47854324104734,0.523084954234888,-0.0445417131875485
0.336,0.553278581449943,0.594024339176583,-0.0407457577266398
0.3362,0.627981132394958,0.664774189189724,-0.0367930567947657
0.3364,0.702655849345586,0.735586218721288,-0.032930369375702
0.3366,0.777311203229713,0.806612964134203,-0.0293017609044893
0.3368,0.851966458458568,0.87800463498871,-0.0260381765301424
0.337,0.926663525048031,0.949934845414928,-0.0232713203668977
0.3372,1.00139887945327,1.02245578729292,-0.0210569078396499
0.3374,1.0761893392161,1.09557308880737,-0.0193837495912685
0.3376,1.15095229473698,1.16918445574134,-0.0182321610043623
0.3378,1.22570885035045,1.24331031515284,-0.0176014648023863
0.338,1.30052599660483,1.31794222935676,-0.0174162327519258
0.3382,1.37540409957935,1.392989516236,-0.0175854166566489
0.3384,1.45037256792767,1.46827909241701,-0.0179065244893455
0.3386,1.52541331413558,1.54368071390933,-0.0182673997737561
0.3388,1.60048531579235,1.61906399753078,-0.0185786817384295
0.339,1.67560394447906,1.69431383713204,-0.0187098926529763
0.3392,1.75073156326287,1.76934381991525,-0.0186122566523867
0.3394,1.82589890697741,1.84411752241715,-0.0182186154397401
0.3396,1.90109177987357,1.9186110583678,-0.0175192784942291
0.3398,1.97634027486604,1.99284129463572,-0.0165010197696875
0.34,2.05163295517859,2.06687623527364,-0.0152432800950537
0.3402,2.12700363606309,2.14075594470533,-0.0137523086422364
0.3404,2.20242567574943,2.21455279473361,-0.0121271189841816
0.3406,2.27786946770965,2.28831874179609,-0.0104492740864464
0.3408,2.35329623061907,2.36205251143782,-0.00875628081875579
0.341,2.42874621888629,2.43591699619201,-0.00717077730572324
0.3412,2.50423883714399,2.51009267605904,-0.00585383891504954
0.3414,2.57976328198891,2.58467697551528,-0.00491369352636983
0.3416,2.655299114315,2.65980032073878,-0.00450120642377616
0.3418,2.73086233766146,2.73544432648941,-0.00458198882794747
0.342,2.80645287249365,2.81171642847251,-0.00526355597885608
0.3422,2.88208363587518,2.88846115769536,-0.00637752182018092
0.3424,2.95769345631704,2.96560775262887,-0.00791429631183593
0.3426,3.03330941112796,3.04310193029139,-0.00979251916343138
0.3428,3.10891972825167,3.12081894739728,-0.0118992191456111
0.343,3.1845245161427,3.19863925208496,-0.0141147359422633
0.3432,3.26014195811671,3.2764991974166,-0.0163572392998863
0.3434,3.33580254649118,3.35428967602522,-0.018487129534047
0.3436,3.41150388549134,3.43186652929436,-0.0203626438030131
0.3438,3.48718287335963,3.50905734829719,-0.0218744749375639
0.344,3.56286064903644,3.5858293080814,-0.0229686590449609
0.3442,3.63851727335208,3.66210768002649,-0.0235904066744128
0.3444,3.7141048443645,3.73778346439689,-0.0236786200323911
0.3446,3.78965718291248,3.81299963475343,-0.0233424518409455
0.3448,3.86515006686688,3.88779497546672,-0.0226449085998399
0.345,3.94055613029838,3.96229663760725,-0.0217405073088708
0.3452,4.01589254927372,4.03658753135991,-0.020694982086189
0.3454,4.09119003846616,4.11077781105752,-0.0195877725913576
0.3456,4.16642655759906,4.18497103947106,-0.0185444818720004
0.3458,4.2415395439052,4.25915689499925,-0.0176173510940538
0.346,4.31659524770028,4.33343321914408,-0.0168379714437989
0.3462,4.3915899381474,4.40785328580581,-0.0162633476584064
0.3464,4.46652741825379,4.48245903303013,-0.0159316147763464
0.3466,4.54138081555239,4.55730764282166,-0.0159268272692685
0.3468,4.61621535656297,4.63240682561321,-0.0161914690502387
0.347,4.69104103264235,4.70771272335534,-0.016671690712986
0.3472,4.76583852107127,4.78316685014954,-0.0173283290782669
0.3474,4.84061930649717,4.85869606450286,-0.0180767580056989
0.3476,4.91537941094953,4.93423157111997,-0.0188521601704359
0.3478,4.9901343384464,5.00971243018024,-0.0195780917338366
0.348,5.06487918552642,5.08509528677276,-0.0202161012463389
0.3482,5.13968435662069,5.16025760979558,-0.0205732531748861
0.3484,5.2145459586942,5.23519417701941,-0.0206482183252108
0.3486,5.28943601897366,5.30985305014744,-0.0204170311737792
0.3488,5.36431643116449,5.3842389906372,-0.0199225594727155
0.349,5.43921077564371,5.45834118091305,-0.019130405269336
0.3492,5.51417063129581,5.53217505559156,-0.0180044242957562
0.3494,5.58914919754614,5.60571843298726,-0.0165692354411213
0.3496,5.66417344253065,5.67919187034699,-0.0150184278163339
0.3498,5.73925853310641,5.75259375662709,-0.013335223520679
0.35,5.81439802112741,5.82613796656125,-0.0117399454338445
0.3502,5.88959993735472,5.89998416186287,-0.0103842245081438
0.3504,5.96481196260473,5.97408970991715,-0.00927774731241637
0.3506,6.04005885899718,6.04844107398969,-0.00838221499251013
0.3508,6.11532617912387,6.12308598572369,-0.0077598065998199
0.351,6.19064565210979,6.19811436408568,-0.00746871197589272
0.3512,6.26600905139057,6.27338498851756,-0.00737593712699258
0.3514,0.058187249293006,0.0657680049825506,-0.00758075568954462
0.3516,0.13360135278843,0.141627339937105,-0.0080259871486745
0.3518,0.20905732340869,0.217709065779601,-0.00865174237091151
0.352,0.284507195467347,0.293916420802589,-0.0094092253352418
0.3522,0.359914183121651,0.370151717951415,-0.0102375348297643
0.3524,0.435349231338501,0.446489342958668,-0.0111401116201671
0.3526,0.510800131050428,0.52283544744977,-0.0120353163993419
0.3528,0.586284097549688,0.599187864072671,-0.0129037665229831
0.353,0.661802113609229,0.675434909791101,-0.013632796181872
0.3532,0.737347362733596,0.75149155421762,-0.0141441914840231
0.3534,0.812933271329358,0.82726798272997,-0.0143347114006127
0.3536,0.888498266826762,0.902711502253328,-0.0142132354265652
0.3538,0.964071265661127,0.977911242527965,-0.013839976866838
0.354,1.03964486788972,1.05293960594526,-0.0132947380555328
0.3542,1.11526019942058,1.12796166809821,-0.0127014686776334
0.3544,1.19097825722793,1.20295998934511,-0.0119817321171851
0.3546,1.26672102534097,1.27792315127302,-0.0112021259320492
0.3548,1.34248356811571,1.35289670187796,-0.0104131337622471
0.355,1.41823182700839,1.42795257245138,-0.00972074544299328
0.3552,1.49398049725851,1.50312821507679,-0.0091477178182795
0.3554,1.56970529727819,1.57845886368832,-0.0087535664101317
0.3556,1.64535479019555,1.65396902848264,-0.00861423828709174
0.3558,1.72095697570358,1.72966480876215,-0.00870783305856992
0.356,1.79648041232163,1.80551296382834,-0.00903255150670801
0.3562,1.87189415860038,1.88146631808798,-0.00957215948760393
0.3564,1.94724827705743,1.95747908914823,-0.0102308120908037
0.3566,2.02254824345401,2.03347713574788,-0.0109288922938706
0.3568,2.09776264810486,2.10938886744125,-0.0116262193363887
0.357,2.17293789017899,2.18516521619921,-0.0122273260202195
0.3572,2.24807695394877,2.26080682601847,-0.0127298720697024
0.3574,2.32313136160967,2.33634706566966,-0.0132157040599883
0.3576,2.39811718618081,2.41166565400135,-0.0135484678205335
0.3578,2.47304761510508,2.48658957444303,-0.0135419593379522
0.358,2.54792938541234,2.56121493382324,-0.0132855484109
0.3582,2.62276462136993,2.63546719551106,-0.0127025741411311
0.3584,2.69754613315249,2.70940010802811,-0.0118539748756259
0.3586,2.77229144235157,2.78304091319213,-0.0107494708405524
0.3588,2.84700915832054,2.85654137694408,-0.00953221862353804
0.359,2.9217710683866,2.92997363723864,-0.00820256885204484
0.3592,2.99656787005396,3.0034476180821,-0.00687974802814173
0.3594,3.07140357215734,3.07697461027348,-0.00557103811614601
0.3596,3.14626964126125,3.15066340846827,-0.00439376720702445
0.3598,3.22114896078635,3.22440817332538,-0.0032592125390325
0.36,3.29604561972486,3.29836727940635,-0.00232165968148967
0.3602,3.37104131971911,3.37260474865721,-0.00156342893809969
0.3604,3.44608459355728,3.44715264955883,-0.00106805600154836
0.3606,3.52118537662103,3.52205847477103,-0.000873098149997364
0.3608,3.59635974617661,3.59734693904425,-0.000987192867636377
0.361,3.67161141959957,3.67300509250585,-0.00139367290628289
0.3612,3.74688744308136,3.74888016042824,-0.00199271734687478
0.3614,3.82220138046295,3.8249167557397,-0.00271537527674859
0.3616,3.89752104213579,3.90108405118533,-0.003563009049532
0.3618,3.97287344924745,3.97730569132133,-0.00443224207387249
0.362,4.04824675174192,4.05350860480959,-0.00526185306766536
0.3622,4.12369151770234,4.1296650591292,-0.00597354142686246
0.3624,4.1991559807037,4.20569682633526,-0.00654084563155255
0.3626,4.27459266140879,4.28162594924632,-0.00703328783753676
0.3628,4.35003936916981,4.35746528714312,-0.00742591797331915
0.363,4.42548237234055,4.43316886222394,-0.00768648988339038
0.3632,4.50086536552388,4.50874859158556,-0.00788322606168101
0.3634,4.57618190478292,4.58422333115933,-0.00804142637641192
0.3636,4.65144494836166,4.65963655643009,-0.00819160806843477
0.3638,4.7266514819337,4.73503501088758,-0.00838352895387295
0.364,4.80185098104811,4.81046546276344,-0.00861448171532953
0.3642,4.8770609990288,4.8859616229127,-0.00890062388390334
0.3644,4.95227550180008,4.96156172097466,-0.00928621917457306
0.3646,5.02751220229095,5.03726704066788,-0.00975483837693236
0.3648,5.10273814007877,5.11312113918118,-0.0103829991024078
0.365,5.17797320686461,5.18910879169311,-0.0111355848285051
0.3652,5.25323851850042,5.26514174700746,-0.011903228507034
0.3654,5.32850137289615,5.34121491486709,-0.0127135419709417
0.3656,5.40374068835716,5.41731411607662,-0.0135734277194635
0.3658,5.47896593787707,5.49344317955543,-0.0144772416783612
0.366,5.55419793584744,5.56958256167036,-0.0153846258229207
0.3662,5.62944619065926,5.64557677747297,-0.0161305868137038
0.3664,5.70467112795684,5.7214395476681,-0.0167684197112621
0.3666,5.77988588277254,5.797133145562,-0.0172472627894598
0.3668,5.85505249686765,5.87246833845556,-0.0174158415879049
0.367,5.93011423400165,5.9475413707572,-0.017427136755547
0.3672,6.00510850222481,6.02230000980628,-0.0171915075814733
0.3674,6.08001521861812,6.09675987775962,-0.016744659141497
0.3676,6.15489489150901,6.17095456895344,-0.0160596774444333
0.3678,6.22973608757399,6.24489404330608,-0.0151579557320831
0.368,0.0213546208671467,0.0355367429929423,-0.0141821221257956
0.3682,0.0961813949035664,0.109274898184391,-0.0130935032808242
0.3684,0.171037463614383,0.18301784202365,-0.011980378409267
0.3686,0.245939589548211,0.256897682621009,-0.0109580930727984
0.3688,0.320870844639661,0.330897048428136,-0.010026203788475
0.369,0.395763878660402,0.404800437050078,-0.00903655838967599
0.3692,0.470589616638412,0.478700562912291,-0.0081109462738792
0.3694,0.545389278910908,0.552707359859353,-0.00731808094844577
0.3696,0.620239810374269,0.626943924550137,-0.00670411417586825
0.3698,0.695126398493931,0.701416670769914,-0.00629027227598278
0.37,0.770049107089971,0.776115328117414,-0.00606622102744281
0.3702,0.844995151931117,0.851146641955298,-0.00615149002418058
0.3704,0.919973325979005,0.926401733424558,-0.00642840744555351
0.3706,0.99499515499468,1.00177796925962,-0.00678281426493654
0.3708,1.07003785266764,1.0771757920347,-0.00713793936706963
0.371,1.14506833945803,1.15258215144827,-0.00751381199024115
0.3712,1.22012204041572,1.22805623266604,-0.00793419225031733
0.3714,1.2952596932195,1.30353258531079,-0.0082728920912869
0.3716,1.37046502110417,1.37898235578536,-0.0085173346811962
0.3718,1.4457342309694,1.4544440631166,-0.00870983214720522
0.372,1.52112275875753,1.52988552970223,-0.00876277094469469
0.3722,1.59656544677815,1.60528488263922,-0.0087194358610696
0.3724,1.67206042962841,1.68062938725583,-0.00856895762742638
0.3726,1.74756958561741,1.75592562792242,-0.00835604230501663
0.3728,1.82305070590704,1.83118585927286,-0.00813515336582182
0.373,1.89853347170679,1.90645737025266,-0.00792389854587183
0.3732,1.97396779585168,1.98174417214481,-0.00777637629312644
0.3734,2.04933894320979,2.05708672317642,-0.00774777996663056
0.3736,2.12468685356333,2.13249066883779,-0.00780381527446039
0.3738,2.20000531496932,2.2078863202602,-0.00788100529087554
0.374,2.27523251647662,2.28330901485009,-0.00807649837347046
0.3742,2.35036288864577,2.35879580332806,-0.00843291468228857
0.3744,2.42546581986429,2.43438414599788,-0.00891832613359345
0.3746,2.50053293406825,2.51009574019735,-0.00956280612910332
0.3748,2.57556313450977,2.58588171755274,-0.0103185830429666
0.375,2.65055927511427,2.66175152438916,-0.0111922492748899
0.3752,2.72553622251744,2.7376471444144,-0.0121109218969555
0.3754,2.80049118041666,2.81350878035273,-0.0130175999360644
0.3756,2.87543892610493,2.88926438524732,-0.0138254591423905
0.3758,2.95038515524084,2.96489369844573,-0.0145085432048839
0.376,3.02534040234493,3.04032691551535,-0.0149865131704212
0.3762,3.1002699889267,3.11552391017913,-0.0152539212524267
0.3764,3.17519367922208,3.19064645029274,-0.0154527710706631
0.3766,3.2501414346764,3.26563531955461,-0.0154938848782087
0.3768,3.32509107126678,3.34033219451641,-0.0152411232496319
0.377,3.40004769832822,3.41491695084287,-0.0148692525146528
0.3772,3.47502813788595,3.4893633736569,-0.0143352357709459
0.3774,3.55000333759926,3.56364615612666,-0.0136428185274031
0.3776,3.62496830815198,3.63774882068944,-0.0127805125374691
0.3778,3.69987707807077,3.71177147506654,-0.0118943969957708
0.378,3.77475896146652,3.78577340799958,-0.0110144465330544
0.3782,3.84957796814133,3.85982534730672,-0.0102473791653885
0.3784,3.92438909672125,3.93401390024617,-0.00962480352492134
0.3786,3.99919214823009,4.00840021476009,-0.00920806652999362
0.3788,4.0740263843531,4.08294924677406,-0.00892286242096585
0.379,4.14886343035091,4.15773154919171,-0.00886811884079819
0.3792,4.2237451310885,4.23271017645783,-0.00896504536933485
0.3794,4.29861785155429,4.30778523218163,-0.00916738062733913
0.3796,4.3734707677509,4.38298653135434,-0.00951576360343953
0.3798,4.44838873920367,4.45831170385378,-0.00992296465011222
0.38,4.52332274129724,4.5336855050859,-0.0103627637886614
0.3802,4.59823138674767,4.60908976240445,-0.0108583756567837
0.3804,4.67313098127202,4.68450708846823,-0.0113761071962077
0.3806,4.7480155592487,4.75989705092046,-0.0118814916717511
0.3808,4.82295617242349,4.83521961545176,-0.0122634430282718
0.381,4.89793488122015,4.91044839715617,-0.0125135159360203
0.3812,4.9729430531809,4.98556191629236,-0.0126188631114577
0.3814,5.04797019348115,5.06058524456263,-0.012615051081486
0.3816,5.12303630858312,5.13552207855826,-0.0124857699751368
0.3818,5.19809304649197,5.21047220725635,-0.0123791607643788
0.382,5.27316859955079,5.28546099514944,-0.0122923955986582
0.3822,5.34829087032992,5.36055118466838,-0.0122603143384596
0.3824,5.42350788060671,5.43568750177098,-0.0121796211642735
0.3826,5.4987427771433,5.51090301196719,-0.0121602348238889
0.3828,5.57400651216988,5.58619390424691,-0.0121873920770312
0.383,5.64928644935757,5.66151732105692,-0.0122308716993498
0.3832,5.72453639810886,5.73685110676547,-0.0123147086566089
0.3834,5.79982075110017,5.81234788064338,-0.0125271295432139
0.3836,5.87514624766141,5.88805568518073,-0.0129094375193199
0.3838,5.95051626154868,5.96390869274046,-0.0133924311917779
0.384,6.02588368565052,6.03990850694858,-0.0140248212980563
0.3842,6.10125696062493,6.11588309404437,-0.0146261334194424
0.3844,6.17657452128695,6.19176748536921,-0.0151929640822592
0.3846,6.25182547525726,6.26756814799328,-0.0157426727360219
0.3848,0.0438743979637222,0.0600473792884358,-0.0161729813247137
0.385,0.119091929234281,0.135492163249671,-0.01640023401539
0.3852,0.194229734455907,0.210551679521065,-0.0163219450651572
0.3854,0.269280879709212,0.285280527897918,-0.0159996481887066
0.3856,0.344241908859291,0.359924551128318,-0.0156826422690274
0.3858,0.419192839140465,0.434675557388594,-0.015482718248129
0.386,0.494149290873419,0.509394099390921,-0.015244808517502
0.3862,0.569091868264703,0.583975274546635,-0.0148834062819324
0.3864,0.644028487948993,0.658399218808484,-0.0143707308594909
0.3866,0.718955033663779,0.732750085233668,-0.0137950515698896
0.3868,0.793877963517537,0.807036201674067,-0.0131582381565292
0.387,0.868790594803922,0.881317316862512,-0.0125267220585903
0.3872,0.943712688797753,0.955686931723939,-0.0119742429261859
0.3874,1.01860608051568,1.03021280637601,-0.0116067258603374
0.3876,1.09348647098436,1.10493997457427,-0.011453503589905
0.3878,1.16838567930288,1.17982051168192,-0.0114348323790343
0.388,1.24328747173861,1.2548486815925,-0.0115612098538931
0.3882,1.31822961685007,1.33005497107963,-0.0118253542295625
0.3884,1.39320520938685,1.40534515068368,-0.0121399412968324
0.3886,1.46821903723108,1.48068447975585,-0.0124654425247797
0.3888,1.54323482917653,1.55606432950433,-0.0128295003278005
0.389,1.61825991791741,1.63146812047929,-0.0132082025618872
0.3892,1.69328859086661,1.70686536490582,-0.0135767740392103
0.3894,1.76836864609944,1.78222469707701,-0.0138560509775691
0.3896,1.84345951164883,1.85748416934687,-0.0140246576980483
0.3898,1.918515164901,1.93262981578885,-0.0141146508878487
0.39,1.99357345660529,2.00769227856671,-0.0141188219614206
0.3902,2.0685797236432,2.08268613177183,-0.0141064081286304
0.3904,2.14359562872285,2.15766931202145,-0.0140736832985975
0.3906,2.21863066396903,2.23265438942168,-0.0140237254526467
0.3908,2.29364028253183,2.30760983765492,-0.0139695551230909
0.391,2.3687044544452,2.3825842390327,-0.0138797845874969
0.3912,2.44378261227069,2.45750206044628,-0.01371944817559
0.3914,2.51882841964553,2.53235703259354,-0.0135286129480061
0.3916,2.59384176580092,2.60716050220488,-0.0133187364039586
0.3918,2.66881770426697,2.68194650349111,-0.0131287992241393
0.392,2.7437728281346,2.75670357304721,-0.0129307449126106
0.3922,2.81876662471772,2.83159228076631,-0.0128256560485984
0.3924,2.89381378686812,2.90654196919925,-0.0127281823311325
0.3926,2.96889679202246,2.98160824749819,-0.0127114554757299
0.3928,3.04397641019518,3.05674826902629,-0.0127718588311114
0.393,3.11906016817138,3.13195498385462,-0.0128948156832362
0.3932,3.19417259729473,3.20716196789883,-0.0129893706041027
0.3934,3.26932341152544,3.28251946120774,-0.0131960496822954
0.3936,3.34456226181539,3.35796048814314,-0.0133982263277526
0.3938,3.41983575879721,3.43335031261135,-0.0135145538141361
0.394,3.49511635695109,3.50872850731921,-0.013612150368123
0.3942,3.57043409549957,3.58410963350136,-0.013675538001797
0.3944,3.64574220513143,3.65950880501988,-0.0137665998884562
0.3946,3.72104499860773,3.73489100429227,-0.0138460056845462
0.3948,3.79632952710097,3.8103479487706,-0.0140184216696397
0.395,3.87165905840523,3.88579314972507,-0.0141340913198458
0.3952,3.94699611972829,3.96115792117855,-0.0141618014502582
0.3954,4.02238156780997,4.03646594042318,-0.0140843726132065
0.3956,4.09775708244448,4.11163050142322,-0.0138734189787444
0.3958,4.17306241939675,4.18673123352117,-0.0136688141244212
0.396,4.2483384659122,4.26185581875609,-0.0135173528438983
0.3962,4.32358656193258,4.33699837570033,-0.013411813767747
0.3964,4.3987529841099,4.41209969519323,-0.0133467110833321
0.3966,4.47384726179696,4.48723040499094,-0.0133831431939804
0.3968,4.54895091510038,4.56246318938301,-0.0135122742826361
0.397,4.62406675815911,4.63777530959649,-0.0137085514373823
0.3972,4.69918208250136,4.7131472623258,-0.0139651798244387
0.3974,4.77427393472072,4.78857464177064,-0.0143007070499106
0.3976,4.84934402296251,4.86406216086639,-0.0147181379038752
0.3978,4.92438279639852,4.93961467807846,-0.0152318816799379
0.398,4.99939847093167,5.01519675587553,-0.0157982849438643
0.3982,5.07439479024929,5.09080823183363,-0.0164134415843424
0.3984,5.14940334263759,5.1663587316208,-0.0169553889832139
0.3986,5.2244279847965,5.24183610728264,-0.0174081224861409
0.3988,5.29949192792085,5.31715555726984,-0.0176636293489913
0.399,5.37455510232864,5.39226841436856,-0.0177133120399215
0.3992,5.44963702309353,5.46725153165359,-0.0176145085600687
0.3994,5.52476946597105,5.54212862756309,-0.017359161592041
0.3996,5.59991693855986,5.61693742004529,-0.0170204814854245
0.3998,5.67509536398032,5.69172552640796,-0.016630162427635
0.4,5.75026954437859,5.766442287408,-0.0161727430294167
0.4002,5.82545822524899,5.84107259408572,-0.0156143688367205
0.4004,5.90064647005779,5.91558727922842,-0.0149408091706276
0.4006,5.97587470356165,5.98998221045271,-0.0141075068910617
0.4008,6.05096360495517,6.06340837063989,-0.0124447656847142
0.401,6.12521000574483,6.13348049730496,-0.00827049156012727
0.4012,6.19685192358901,6.19486146564604,0.00199045794297259
0.4014,6.26277747659231,6.24002625719976,0.022751219392549
0.4016,0.0364733418665804,6.26368511363249,0.0559735354136768
0.4018,0.0830186341072047,6.26724490257378,0.0989590387130121
0.402,0.121499008697485,6.26114884340809,0.143535472468977
0.4022,0.157900020784496,6.26204045041956,0.179044877544525
0.4024,0.19938144279785,0.00152943305857245,0.197852009739277
0.4026,0.250770033206902,0.0531054141796142,0.197664619027288
0.4028,0.31316035703988,0.133338445160247,0.179821911879632
0.403,0.384728006911643,0.23289926136326,0.151828745548383
0.4032,0.460599376757651,0.337736029660863,0.122863347096788
0.4034,0.536168459065771,0.436543731475483,0.0996247275902876
0.4036,0.608696217381784,0.524044844318962,0.0846513730628216
0.4038,0.677557312011956,0.601461312536564,0.0760959994753928
0.404,0.74402340679775,0.674429657687623,0.0695937491101266
0.4042,0.810126928956856,0.749195905990795,0.0609310229660608
0.4044,0.877375947526814,0.829094082518548,0.0482818650082658
0.4046,0.946096712234799,0.91337948108489,0.0327172311499089
0.4048,1.01572899734396,0.999172638023521,0.0165563593204382
0.405,1.08560471905059,1.08433841650893,0.00126630254165572
0.4052,1.15540725752052,1.16833598109812,-0.0129287235776074
0.4054,1.22506536661143,1.25130775908047,-0.0262423924690371
0.4056,1.29458193781703,1.33309587215516,-0.0385139343381238
0.4058,1.36405711036187,1.41321045578948,-0.049153345427603
0.406,1.43370488388553,1.49140865969296,-0.0577037758074321
0.4062,1.50374242346989,1.56774589787028,-0.0640034744003892
0.4064,1.57437686704319,1.64236907272918,-0.0679922056859852
0.4066,1.64564951045261,1.71546289684687,-0.0698133863942627
0.4068,1.71764946613197,1.78731837029579,-0.0696689041638183
0.407,1.79040069352452,1.85816210400832,-0.0677614104837923
0.4072,1.86355473224723,1.92785392592275,-0.0642991936755157
0.4074,1.93635725752625,1.99591920635072,-0.0595619488244705
0.4076,2.00814114122523,2.06205600598311,-0.0539148647578735
0.4078,2.0789718404865,2.12680109443364,-0.0478292539471363
0.408,2.149772751293,2.19139063984351,-0.0416178885505154
0.4082,2.22169703915727,2.25689776518999,-0.0352007260327158
0.4084,2.29518307859929,2.32344823639185,-0.0282651577925561
0.4086,2.36980715705838,2.39079750787292,-0.0209903508145395
0.4088,2.4450341409771,2.45864949337109,-0.0136153523939848
0.409,2.5205816616761,2.52706570279209,-0.00648404111599143
0.4092,2.59649810825905,2.5962979009258,0.000200207333250546
0.4094,2.67278747689391,2.66633822545841,0.00644925143549724
0.4096,2.74912916452523,2.73679122636846,0.0123379381567696
0.4098,2.82515285166421,2.80745048866905,0.0177023629951574
0.41,2.90084583825392,2.87860228572858,0.022243552525341
0.4102,2.97655306260895,2.95096906111437,0.0255840014945794
0.4104,3.05261700050357,3.0250317044755,0.0275852960280725
0.4106,3.12909884967888,3.10056879326375,0.0285300564151258
0.4108,3.20583613273525,3.17730447746674,0.0285316552685067
0.411,3.28295818579207,3.25569930508536,0.0272588807067122
0.4112,3.36100394230631,3.33647248808152,0.0245314542247841
0.4114,3.44038331032765,3.41968901474569,0.0206942955819578
0.4116,3.52089399552561,3.50448258671518,0.0164114088104328
0.4118,3.60186130527961,3.58966887808604,0.0121924271935701
0.412,3.68268677316873,3.67450840979015,0.00817836337857969
0.4122,3.76318144277422,3.75900534248639,0.00417610028783333
0.4124,3.8434259268047,3.8433301349653,9.57918393962309e-05
0.4126,3.92350980943999,3.92721723438692,-0.00370742494692688
0.4128,4.00351559642817,4.01038207544562,-0.00686647901744752
0.413,4.08354127440862,4.09272211567938,-0.00918084127076391
0.4132,4.16383067023942,4.17438897395461,-0.0105583037151948
0.4134,4.2445706886402,4.25548504121562,-0.0109143525754174
0.4136,4.32581757389719,4.33590948774475,-0.0100919138475648
0.4138,4.40756833254832,4.41543818512982,-0.00786985258150086
0.414,4.48980077512816,4.49392940041303,-0.00412862528487512
0.4142,4.57243423421503,4.571418508802,0.00101572541303341
0.4144,4.65525858342285,4.64799831643078,0.00726026699207072
0.4146,4.73797670130517,4.72369831970017,0.0142783816049992
0.4148,4.82038654809587,4.79851179526158,0.0218747528342904
0.415,4.90250930434247,4.87246028498034,0.0300490193621288
0.4152,4.98451711524007,4.94566904992567,0.0388480653144008
0.4154,5.06660694371632,5.01836587350572,0.0482410702105911
0.4156,5.14891751757899,5.09069875614986,0.0582187614291279
0.4158,5.2313776771137,5.16271219469085,0.0686654824228521
0.416,5.31399239858337,5.23455788754181,0.0794345110415531
0.4162,5.39694746180696,5.30652766804623,0.0904197937607352
0.4164,5.48037388116967,5.37877824061037,0.101595640559302
0.4166,5.56415600594584,5.45128578615369,0.112870219792148
0.4168,5.64803088800824,5.5239720757512,0.124058812257044
0.417,5.73182009082218,5.59685182067136,0.134968270150821
0.4172,5.81549641064633,5.6699606669049,0.145535743741432
0.4174,5.89904368342661,5.74359595065264,0.155447732773973
0.4176,5.98237434938162,5.81875288519571,0.16362146418591
0.4178,6.06548010682009,5.89766405865539,0.167816048164693
0.418,6.14848443221363,5.98426855528538,0.164215876928247
0.4182,6.23171426822124,6.08261642837964,0.149097839841599
0.4184,0.0322016565275147,6.19398362421847,0.121403339488631
0.4186,0.116310483319676,0.0312665333357821,0.0850439499838938
0.4188,0.200717951713877,0.151950975073715,0.0487669766401617
0.419,0.28527904451779,0.26349265145915,0.0217863930586406
0.4192,0.369901551992137,0.360903995683982,0.00899755630815408
0.4194,0.454495698416615,0.444044283197888,0.0104514152187269
0.4196,0.538905926082292,0.516500850867919,0.022405075214373
0.4198,0.622945249940386,0.584533686611316,0.0384115633290699
0.42,0.706533786107707,0.65357524999891,0.0529585361087974
0.4202,0.78987513311395,0.726879684513241,0.0629954486007087
0.4204,0.873363208068939,0.804942481573194,0.0684207264957444
0.4206,0.957190111114581,0.885742431474091,0.07144767964049
0.4208,1.04136942553929,0.966302261693083,0.0750671638462118
0.421,1.12585350837936,1.04470044154027,0.0811530668390921
0.4212,1.21057946763732,1.12083864019996,0.0897408274373657
0.4214,1.29546106350735,1.19573146469625,0.099729598811098
0.4216,1.3803712205503,1.27033803021284,0.110033190337465
0.4218,1.46515421822656,1.34500674801518,0.120147470211377
0.422,1.54967044918705,1.41970373066354,0.129966718523513
0.4222,1.63383576948044,1.49447555450472,0.139360214975719
0.4224,1.71771385414364,1.56959780885937,0.148116045284264
0.4226,1.80146447711036,1.6453352788654,0.156129198244956
0.4228,1.88527779086316,1.72186814438575,0.163409646477404
0.423,1.9692647780042,1.799303134513,0.169961643491209
0.4232,2.05343416636218,1.87767887219193,0.175755294170246
0.4234,2.13777865758806,1.95688763746946,0.180891020118601
0.4236,2.22227918738473,2.03677183319725,0.18550735418748
0.4238,2.30687169659153,2.11747193618896,0.189399760402571
0.424,2.39144210169913,2.19957955253691,0.191862549162218
0.4242,2.47585850831605,2.28368849795449,0.19217001036156
0.4244,2.56000720757037,2.36968401810045,0.190323189469923
0.4246,2.64380365838217,2.45671145503615,0.187092203346024
0.4248,2.72727293663218,2.54366120161712,0.183611735015059
0.425,2.81061005163256,2.63012085565112,0.180489195981443
0.4252,2.89400405794083,2.71630924666797,0.177694811272865
0.4254,2.97756561710507,2.80253844691548,0.175027170189584
0.4256,3.06134025584632,2.8888213294829,0.172518926363422
0.4258,3.14530211798403,2.97479039280973,0.170511725174297
0.426,3.22936799151522,3.06022654699231,0.169141444522915
0.4262,3.31343528420438,3.14534706750878,0.168088216695604
0.4264,3.39740292409106,3.23036136008072,0.167041564010345
0.4266,3.48115763522513,3.31490940362796,0.166248231597172
0.4268,3.56454167944327,3.39808185177946,0.166459827663805
0.427,3.64753907196715,3.47931315030061,0.168225921666538
0.4272,3.73030016449506,3.55869387385789,0.17160629063717
0.4274,3.81304010146603,3.63668816093838,0.176351940527649
0.4276,3.89592060131915,3.71338604417192,0.18253455714723
0.4278,3.9789768472319,3.78839689911175,0.19057994812015
0.428,4.06218127722185,3.86156104355373,0.20062023366812
0.4282,4.14550406601242,3.93340738319352,0.212096682818901
0.4284,4.22890240146775,4.00485071105105,0.224051690416697
0.4286,4.31227573123537,4.07654078164308,0.2357349495923
0.4288,4.39541281960171,4.14840973421513,0.247003085386585
0.429,4.47808300821591,4.22001077505288,0.258072233163024
0.4292,4.56018747673638,4.29128605974201,0.268901416994365
0.4294,4.64190738173696,4.36256633738847,0.279341044348486
0.4296,4.72354003014887,4.43422886672335,0.289311163425518
0.4298,4.80530766030855,4.50649126028045,0.298816400028097
0.43,4.88730749703576,4.57946819945132,0.307839297584436
0.4302,4.96955514732287,4.65335820492685,0.316196942396018
0.4304,5.05199070335156,4.72840465825225,0.323586045099308
0.4306,5.13433359868458,4.80477481133283,0.32955878735175
0.4308,5.2162930769079,4.88255563487518,0.333737442032721
0.431,5.29770725283057,4.96187527123997,0.335831981590606
0.4312,5.37848290593642,5.04298656038823,0.335496345548195
0.4314,5.45871153852166,5.12616305049796,0.332548488023698
0.4316,5.53862623983543,5.21152187636924,0.327104363466193
0.4318,5.61832287222321,5.29875736285459,0.319565509368613
0.432,5.69766086691959,5.38714821939644,0.310512647523146
0.4322,5.77644521872544,5.47599890872116,0.300446310004277
0.4324,5.85463863162143,5.56496922238572,0.289669409235718
0.4326,5.9320957664946,5.65322606418049,0.278869702314114
0.4328,6.00856149294373,5.7394086877038,0.269152805239935
0.433,6.08382892574472,5.82234621163527,0.26148271410945
0.4332,6.15771552624412,5.9015103746618,0.256205151582322
0.4334,6.23011527161084,5.97675515502004,0.253360116590799
0.4336,0.0177494976003736,6.0479628132569,0.252971991523059
0.4338,0.0869425884023305,6.11505202703653,0.255075868545386
0.434,0.154537520054997,6.17833551346144,0.259387313773138
0.4342,0.220635237032206,6.23820721239167,0.265613331820123
0.4344,0.285318266815812,0.0118077737987811,0.273510493017031
0.4346,0.348585349767655,0.0656275317093329,0.282957818058322
0.4348,0.410368477995969,0.116606942989485,0.293761535006484
0.435,0.470738403681651,0.165361875862576,0.305376527819075
0.4352,0.529777839367265,0.212792694405862,0.316985144961403
0.4354,0.587552968846132,0.259969468322972,0.32758350052316
0.4356,0.644339820984371,0.307956954626233,0.336382866358138
0.4358,0.700442987498191,0.357691819542991,0.3427511679552
0.436,0.7561546909883,0.409981749501281,0.346172941487019
0.4362,0.811751351970957,0.465404455128994,0.346346896841963
0.4364,0.867294813078415,0.524220820179582,0.343073992898833
0.4366,0.922884763562647,0.586769503182932,0.336115260379715
0.4368,0.978553985909667,0.653221994139928,0.325331991769739
0.437,1.0344243224551,0.723220643495832,0.311203678959264
0.4372,1.09066471988523,0.795946771674025,0.294717948211203
0.4374,1.14744969018039,0.870802008497507,0.276647681682886
0.4376,1.20483888214954,0.947273711918998,0.257565170230537
0.4378,1.26281678115849,1.02486517000793,0.237951611150564
0.438,1.32142352687502,1.10302732582359,0.218396201051437
0.4382,1.38072842445554,1.18122420080976,0.199504223645783
0.4384,1.44085668986821,1.25910910071408,0.181747589154128
0.4386,1.50182563459272,1.33651683324078,0.165308801351943
0.4388,1.56363886159554,1.41345891654905,0.150179945046491
0.439,1.62629806119122,1.48989333126018,0.136404729931037
0.4392,1.68975580360452,1.5656934931456,0.124062310458918
0.4394,1.75383447651443,1.64074469301013,0.113089783504306
0.4396,1.81837662546099,1.71500158133668,0.103375044124317
0.4398,1.88326685750547,1.78851570893115,0.0947511485743231
0.44,1.94841532116084,1.86136958306304,0.0870457380977909
0.4402,2.01376950924268,1.93364464965885,0.0801248595838282
0.4404,2.07932054734691,2.00546513876381,0.073855408583098
0.4406,2.14512324904008,2.07696562487344,0.0681576241666444
0.4408,2.2112360960918,2.14829786187159,0.0629382342202089
0.441,2.27772858279412,2.2196288625421,0.0580997202520135
0.4412,2.34462424289399,2.29093250844714,0.0536917344468502
0.4414,2.41189229377275,2.36198471180711,0.0499075819656443
0.4416,2.47950706954707,2.43262225714685,0.0468848124002181
0.4418,2.54745114726827,2.50288903860135,0.0445621086669243
0.442,2.61569593287193,2.57285093911692,0.0428449937550082
0.4422,2.68419770363409,2.64254664935809,0.0416510542759974
0.4424,2.75292236663223,2.7120888087895,0.0408335578427246
0.4426,2.8218708433678,2.78165859377123,0.0402122495965682
0.4428,2.89104992743273,2.85141256053798,0.0396373668947492
0.443,2.96047081034681,2.92147956470364,0.0389912456431727
0.4432,3.03012220943139,2.99201494174258,0.0381072676888046
0.4434,3.10002016760569,3.06337437521548,0.0366457923902126
0.4436,3.17018009436484,3.1357315355296,0.0344485588352335
0.4438,3.24054403856264,3.20903914383236,0.0315048947302796
0.444,3.31106845200273,3.28311206672906,0.0279563852736739
0.4442,3.38168287327207,3.35767482780365,0.0240080454684222
0.4444,3.45233089738445,3.43243904392605,0.0198918534583998
0.4446,3.52295819183009,3.5072864359432,0.0156717558868937
0.4448,3.59359348714594,3.58223980154662,0.0113536855993228
0.445,3.66426718654355,3.65721914157709,0.00704804496645162
0.4452,3.73492835757706,3.73208882098174,0.00283953659531422
0.4454,3.8055428694266,3.80711546640672,-0.00157259698011236
0.4456,3.87608939451454,3.88280184037277,-0.00671244585823327
0.4458,3.9465440866056,3.95964066848393,-0.0130965818783344
0.446,4.01685816161084,4.03768018232863,-0.0208220207177874
0.4462,4.08704054869321,4.11652638498418,-0.0294858362909718
0.4464,4.15712950847118,4.19573656937768,-0.0386070609065028
0.4466,4.22719501832376,4.27500371559556,-0.0478086972718019
0.4468,4.2973320287782,4.35407532780264,-0.056743299024439
0.447,4.36756144426519,4.4327164641261,-0.0651550198609092
0.4472,4.43788753348163,4.51077465352787,-0.07288712004625
0.4474,4.50828894620693,4.58812579958427,-0.0798368533773335
0.4476,4.57879465386158,4.6646264685211,-0.0858318146595192
0.4478,4.649440293971,4.74014755287729,-0.0907072589062992
0.448,4.72021549351933,4.8145697887981,-0.094354295278773
0.4482,4.7911491642109,4.88779867218554,-0.0966495079746315
0.4484,4.86228362108411,4.95983758959111,-0.0975539685070075
0.4486,4.93364920274412,5.0308201691278,-0.0971709663836808
0.4488,5.00522138333671,5.10093821396947,-0.0957168306327612
0.449,5.07699518235576,5.17039272805095,-0.0933975456951881
0.4492,5.148996317028,5.2395015056866,-0.090505188658601
0.4494,5.22127016463313,5.30871898984604,-0.0874488252129124
0.4496,5.29373255795694,5.3785296191821,-0.0847970612251583
0.4498,5.36639006039096,5.4494482836748,-0.0830582232838406
0.45,5.43929947669443,5.52196864209881,-0.0826691654043801
0.4502,5.51250353054185,5.59652340560314,-0.0840198750612888
0.4504,5.58599511237758,5.67353160332651,-0.0875364909489269
0.4506,5.65979638069718,5.75317285066553,-0.0933764699683461
0.4508,5.73387912558037,5.8354279766371,-0.101548851056732
0.451,5.80823349351606,5.92016979039509,-0.11193629687903
0.4512,5.8828021565762,6.00725423779639,-0.124452081220189
0.4514,5.95761211780789,6.09639787165178,-0.138785753843885
0.4516,6.03261829453673,6.18701451867173,-0.154396224135007
0.4518,6.1078070734642,6.27846057068352,-0.170653497219318
0.452,6.18322129210175,0.0869164197313429,-0.186880434809179
0.4522,6.25885135531973,0.17800710123881,-0.202341053098671
0.4524,0.051506169324826,0.267825037603034,-0.216318868278208
0.4526,0.127516862239446,0.355721193549522,-0.228204331310076
0.4528,0.203668016096145,0.441326586773549,-0.237658570677404
0.453,0.279996800368264,0.5247254668079,-0.244728666439636
0.4532,0.356524075074758,0.605977727508826,-0.249453652434067
0.4534,0.433170264835766,0.685233265792938,-0.252063000957172
0.4536,0.509961360477737,0.762736664055568,-0.252775303577831
0.4538,0.586893454947205,0.838683392593904,-0.251789937646699
0.454,0.663918189366435,0.913321015663893,-0.249402826297458
0.4542,0.74108258205142,0.987035275825751,-0.245952693774331
0.4544,0.818385755973589,1.0601912243573,-0.241805468383714
0.4546,0.89581727768481,1.1331185841267,-0.23730130644189
0.4548,0.97342279022667,1.20612297866618,-0.232700188439509
0.455,1.05116362996553,1.27942940049433,-0.228265770528798
0.4552,1.12905157124433,1.35318963212512,-0.224138060880785
0.4554,1.20703486702936,1.42746849039464,-0.220433623365274
0.4556,1.28513760891684,1.50225860115329,-0.217120992236451
0.4558,1.36333037797708,1.57749607007378,-0.214165692096694
0.456,1.44159904179614,1.65310083928668,-0.211501797490536
0.4562,1.51990103853293,1.72895736362618,-0.20905632509325
0.4564,1.59822284467278,1.80493015507016,-0.206707310397383
0.4566,1.67661860401828,1.8808828012223,-0.204264197204022
0.4568,1.75503603029043,1.95671030002314,-0.201674269732709
0.457,1.83347938639714,2.03232725209426,-0.19884786569712
0.4572,1.9119549541464,2.10765282779053,-0.195697873644137
0.4574,1.99045049004389,2.18265776585188,-0.192207275807992
0.4576,2.0689528527779,2.25723826533018,-0.188285412552275
0.4578,2.14745694832271,2.33136906103455,-0.183912112711841
0.458,2.22603660859357,2.40507250714059,-0.179035898547026
0.4582,2.3047168758953,2.47833451071291,-0.173617634817617
0.4584,2.3834916593604,2.55116563174256,-0.167673972382158
0.4586,2.46234528265773,2.6236454561842,-0.16130017352647
0.4588,2.54123034023822,2.69577510876233,-0.154544768524112
0.459,2.62016580016157,2.76768627978651,-0.147520479624947
0.4592,2.69918664804657,2.83942716328592,-0.140240515239357
0.4594,2.77830766406039,2.91107994229408,-0.132772278233694
0.4596,2.85749136116309,2.9826677954326,-0.125176434269511
0.4598,2.93672320918128,3.05426446331468,-0.117541254133398
0.46,3.01604886918284,3.12599379660064,-0.109944927417795
0.4602,3.09545310861945,3.19789094024258,-0.102437831623129
0.4604,3.1749390165134,3.27006712171482,-0.0951281052014279
0.4606,3.25445638588231,3.34260461262969,-0.0881482267473839
0.4608,3.33399060657658,3.41563243724186,-0.0816418306652844
0.461,3.41357357099504,3.48924780544364,-0.0756742344485999
0.4612,3.49315687707122,3.56347427852956,-0.0703174014583405
0.4614,3.57275501514257,3.63825593735954,-0.0655009222169669
0.4616,3.65232932236983,3.71345442023381,-0.0611250978639855
0.4618,3.73180938060942,3.7890777512315,-0.0572683706220847
0.462,3.8112563564247,3.8650886367023,-0.0538322802776023
0.4622,3.89063589127892,3.94139841506607,-0.0507625237871498
0.4624,3.96996094637463,4.01795653629896,-0.0479955899243332
0.4626,4.04921400339403,4.0945994890276,-0.045385485633572
0.4628,4.1283805100868,4.17124000942644,-0.0428594993396345
0.463,4.20745863501965,4.24780776883128,-0.0403491338116329
0.4632,4.28643275833629,4.32423243009539,-0.0377996717590925
0.4634,4.36532983577176,4.40043715375674,-0.0351073179849735
0.4636,4.44422658014772,4.47644593911802,-0.0322193589702939
0.4638,4.52311276345822,4.55225975997658,-0.0291469965183628
0.464,4.60200086221978,4.62787842320056,-0.0258775609807822
0.4642,4.68084302591168,4.70334510062934,-0.0225020747176572
0.4644,4.7596621907583,4.77871242045537,-0.0190502296970729
0.4646,4.83850088590475,4.85404314800733,-0.0155422621025831
0.4648,4.91731488917445,4.92940409596659,-0.0120892067921394
0.465,4.99612167853228,5.00483994399616,-0.00871826546388466
0.4652,5.07491428392612,5.08036719527712,-0.00545291135099912
0.4654,5.15362660950575,5.15600938723449,-0.00238277772873818
0.4656,5.23227553535949,5.23177498494289,0.000500550416604462
0.4658,5.31085546763234,5.30767123204854,0.00318423558379877
0.466,5.38937704572059,5.38374842054381,0.00562862517677942
0.4662,5.46788250429938,5.4600104083799,0.00787209591948468
0.4664,5.54634336186242,5.53638946439695,0.00995389746546937
0.4666,5.62472343843053,5.61277667066844,0.0119467677620886
0.4668,5.70295542583782,5.6891536570913,0.0138017687465153
0.467,5.78110141591721,5.76545016857872,0.0156512473384955
0.4672,5.85915770534516,5.8416312014273,0.0175265039178649
0.4674,5.93717556736862,5.91771560484529,0.0194599625233254
0.4676,6.0151096698356,5.99355686879095,0.0215528010446491
0.4678,6.0929045666162,6.06916917373584,0.023735392880365
0.468,6.17061360223018,6.14455361680639,0.0260599854237888
0.4682,6.24822351485954,6.21973307021739,0.0284904446421494
0.4684,0.042524586382453,0.0115225418070896,0.0310020445753635
0.4686,0.119892207854055,0.0862727887556139,0.0336194190984411
0.4688,0.197138116744368,0.160752238015757,0.0363858787286115
0.469,0.274238955845357,0.235012485046839,0.0392264707985178
0.4692,0.351206771233186,0.309129101121996,0.0420776701111907
0.4694,0.428058619854649,0.383231453214772,0.0448271666398768
0.4696,0.504864855922985,0.457342444269719,0.0475224116532658
0.4698,0.581649501391534,0.531471717328673,0.0501777840628614
0.47,0.658412554311523,0.605754360706229,0.0526581936052937
0.4702,0.735164103958673,0.680089451349122,0.0550746526095512
0.4704,0.811863914862037,0.754470150902724,0.0573937639593134
0.4706,0.888535670379751,0.829012666708328,0.0595230036714238
0.4708,0.965175144545579,0.903663459900479,0.0615116846450997
0.471,1.0417446733439,0.978346008263593,0.0633986650803063
0.4712,1.11819358568163,1.05309288538458,0.0651007002970514
0.4714,1.19455591335618,1.12789718804215,0.0666587253140261
0.4716,1.27079838901794,1.20279547859877,0.0680029104191691
0.4718,1.34695001103879,1.277786126651,0.0691638843877906
0.472,1.42298184978774,1.35286804830485,0.0701138014828862
0.4722,1.49893113731247,1.42803960512549,0.0708915321869779
0.4724,1.57477450464621,1.50330809580888,0.0714664088373334
0.4726,1.65054681492276,1.57867402762511,0.0718727872976479
0.4728,1.72622860637805,1.65412130770998,0.0721072986680671
0.473,1.80187395108711,1.72963965672525,0.072234294361861
0.4732,1.87744360024361,1.80521518571237,0.0722284145312413
0.4734,1.95289471561364,1.88085227291751,0.0720424426961364
0.4736,2.02828598179588,1.95656009245325,0.0717258893426223
0.4738,2.10359694369349,2.03231861454922,0.0712783291442718
0.474,2.17878886819234,2.10810648533468,0.0706823828576666
0.4742,2.2538628022667,2.18393547052673,0.06992733173997
0.4744,2.32882303527345,2.25976876925761,0.069054266015848
0.4746,2.40365721528416,2.33550904009981,0.0681481751843536
0.4748,2.47840545143795,2.41114910895941,0.067256342478542
0.475,2.55307855860966,2.48667982416476,0.0663987344448955
0.4752,2.62768786458928,2.56207731396897,0.0656105506203155
0.4754,2.70226386617733,2.63738171980085,0.0648821463764855
0.4756,2.7768253253681,2.71262777878173,0.0641975465863749
0.4758,2.85134472602035,2.78774433716915,0.0636003888511998
0.476,2.92581520645029,2.86269988093012,0.0631153255201689
0.4762,3.00026971664022,2.93757162559442,0.0626980910458022
0.4764,3.07471489031421,3.01237829036191,0.0623365999523049
0.4766,3.14915763226865,3.08702414436154,0.0621334879071109
0.4768,3.22353883997229,3.16149461201207,0.0620442279602247
0.477,3.29787645837672,3.23579370031334,0.0620827580633807
0.4772,3.37213012471146,3.30996956135922,0.0621605633522382
0.4774,3.44632348785156,3.38404656347807,0.0622769243734944
0.4776,3.52041986381555,3.45801530313044,0.062404560685112
0.4778,3.59445039494002,3.5319722027059,0.0624781922341144
0.478,3.66839344124194,3.60594439053789,0.0624490507040534
0.4782,3.74229179714107,3.68002212945051,0.0622696676905607
0.4784,3.81613301026011,3.75426110333123,0.0618719069288853
0.4786,3.88997217236851,3.82865877622937,0.0613133961391426
0.4788,3.9637671495896,3.90318195959583,0.0605851899937671
0.479,4.03747230592027,3.97780885146993,0.0596634544503365
0.4792,4.11105632249051,4.05253769702715,0.0585186254633543
0.4794,4.18448541918009,4.12739632155698,0.0570890976231162
0.4796,4.25784407610477,4.2023552313423,0.0554888447624711
0.4798,4.3311446614255,4.2774080331642,0.0537366282612997
0.48,4.40437958564928,4.35255572776085,0.0518238578884347
0.4802,4.47754330756158,4.42777220440009,0.0497711031614863
0.4804,4.550659695283,4.50304680324252,0.047612892040485
0.4806,4.62373444664247,4.57839175131505,0.0453426953274185
0.4808,4.69681847049165,4.65377495533636,0.0430435151552899
0.481,4.76992944979254,4.7291707581755,0.0407586916170395
0.4812,4.84307611546672,4.80456118697434,0.0385149284923756
0.4814,4.91621863704346,4.87992504001423,0.0362935970292346
0.4816,4.98935310596718,4.95525210813042,0.0341009978367648
0.4818,5.0625168844931,5.03053287862318,0.0319840058699166
0.482,5.13577133888117,5.10576126635632,0.0300100725248518
0.4822,5.20904655396217,5.18093211899832,0.0281144349638494
0.4824,5.28234089339234,5.25610036750671,0.0262405258856342
0.4826,5.35563646436642,5.33121819399266,0.024418270373765
0.4828,5.42890689907043,5.40620905931153,0.0226978397589015
0.483,5.5021478303986,5.48109846695054,0.021049363448058
0.4832,5.57535232361749,5.55585599612486,0.0194963274926332
0.4834,5.64853987761895,5.63052766279883,0.0180122148201196
0.4836,5.72168175932767,5.70509636215422,0.0165853971734489
0.4838,5.79481363726159,5.7795739626041,0.0152396746574937
0.484,5.86792134994737,5.85392329587169,0.0139980540756772
0.4842,5.94105851289881,5.92826053938557,0.0127979735132415
0.4844,6.01419753610414,6.00258515820366,0.0116123779004838
0.4846,6.08730096781157,6.07682846161856,0.0104725061930084
0.4848,6.16036406593639,6.15105265021574,0.00931141572065108
0.485,6.23343147586221,6.22533906693578,0.00809240892642737
0.4852,0.0233053956183991,0.0164933028309334,0.00681209278746564
0.4854,0.0963310277946013,0.0908562782687148,0.00547474952588645
0.4856,0.169282255005526,0.165254078251892,0.00402817675363448
0.4858,0.242196626209892,0.239758395216688,0.00243823099320448
0.486,0.315104036122491,0.314313424707982,0.00079061141450909
0.4862,0.388007428893868,0.388897961337815,-0.000890532443946823
0.4864,0.4609547802343,0.463553942583241,-0.0025991623489412
0.4866,0.533959627329446,0.538280405093812,-0.00432077776436568
0.4868,0.607023707322173,0.613119811045936,-0.00609610372376268
0.487,0.680174534337618,0.688102535106138,-0.00792800076852018
0.4872,0.753336136727381,0.763132662117075,-0.00979652538969433
0.4874,0.82653935875741,0.838253301152424,-0.0117139423950146
0.4876,0.899850759911007,0.913511762097303,-0.0136610021862956
0.4878,0.973198765219085,0.988877127558255,-0.0156783623391701
0.488,1.04659037906807,1.06432857482034,-0.0177381957522662
0.4882,1.12002430110966,1.13985034394769,-0.0198260428380357
0.4884,1.19347698206924,1.21537680208107,-0.0218998200118352
0.4886,1.26697943828155,1.29091901210598,-0.0239395738244312
0.4888,1.34056167783353,1.3664653541646,-0.0259036763310638
0.489,1.41422141500055,1.44198786279817,-0.0277664477976221
0.4892,1.48790180540259,1.51746012923907,-0.0295583238364834
0.4894,1.56158499118878,1.5928711137918,-0.0312861226030292
0.4896,1.63526381478223,1.6682079987073,-0.0329441839250784
0.4898,1.7089100523661,1.74346049558692,-0.034550443220813
0.49,1.78255186558544,1.81863617874317,-0.0360843131577324
0.4902,1.85616443814453,1.89370427588898,-0.0375398377444491
0.4904,1.92974039663636,1.96864116417586,-0.0389007675394983
0.4906,2.0033307199889,2.04348207584366,-0.0401513558547628
0.4908,2.07694146478591,2.11822851322209,-0.0412870484361849
0.491,2.15056937894322,2.1928733442754,-0.0423039653321804
0.4912,2.22419415935704,2.26742495213359,-0.0432307927765536
0.4914,2.29783184584169,2.34188479643357,-0.0440529505918725
0.4916,2.37146999718113,2.4162054453983,-0.0447354482171733
0.4918,2.44509957941193,2.49043589125979,-0.0453363118478616
0.492,2.51876473829284,2.56465566314283,-0.0458909248499868
0.4922,2.59250500941036,2.63879532934128,-0.0462903199309133
0.4924,2.66633954759957,2.71294063134464,-0.0466010837450668
0.4926,2.74029261512607,2.78713910837847,-0.0468464932524006
0.4928,2.81437573006557,2.86142292367347,-0.0470471936078938
0.493,2.88861672912347,2.93574172963938,-0.0471250005159165
0.4932,2.96292918903996,3.01005551227479,-0.0471263232348345
0.4934,3.03730762848579,3.0844511986247,-0.0471435701389065
0.4936,3.11172655173564,3.15891550239048,-0.0471889506548355
0.4938,3.18620493720723,3.23356473232016,-0.0473597951129263
0.494,3.26076042901091,3.30839601834357,-0.0476355893326619
0.4942,3.33540400945461,3.38342064858942,-0.0480166391348136
0.4944,3.41008485416581,3.45855331670575,-0.0484684625399354
0.4946,3.48477769517743,3.5337280000055,-0.0489503048280691
0.4948,3.55944003648883,3.60890829361846,-0.0494682571296332
0.495,3.63411841219314,3.6841152979212,-0.0499968857280608
0.4952,3.70880327953813,3.75931801882753,-0.0505147392894014
0.4954,3.78346521605811,3.83457053056547,-0.0511053145073581
0.4956,3.85812250715912,3.90984413699458,-0.0517216298354617
0.4958,3.93274556670583,3.98516340596676,-0.0524178392609249
0.496,4.00740672930435,4.0605869115562,-0.0531801822518547
0.4962,4.08208703519143,4.13605259086913,-0.0539655556776983
0.4964,4.15677137883531,4.21155526417242,-0.0547838853371045
0.4966,4.23145994099926,4.28707385236931,-0.0556139113700489
0.4968,4.30613453942622,4.36260590781807,-0.0564713683918523
0.497,4.38089529531853,4.43812860293422,-0.0572333076156939
0.4972,4.45576459442352,4.51363572394151,-0.0578711295179897
0.4974,4.53072948653406,4.58912037136466,-0.0583908848305965
0.4976,4.60569471291114,4.66456804283076,-0.0588733299196225
0.4978,4.68068064791271,4.73997147734543,-0.0592908294327259
0.498,4.75570207931811,4.81531334258013,-0.0596112632620152
0.4982,4.83077016590454,4.8905774273327,-0.0598072614281566
0.4984,4.90589169632089,4.96575716350692,-0.0598654671860306
0.4986,4.98102551779926,5.04086037971088,-0.0598348619116207
0.4988,5.05622102750147,5.11588494183148,-0.0596639143300113
0.499,5.13141887848675,5.19080905056602,-0.0593901720792651
0.4992,5.20663410776188,5.26559388270128,-0.0589597749394049
0.4994,5.28187099985214,5.34026856605175,-0.0583975661996083
0.4996,5.35714799904104,5.41489422219212,-0.0577462231510824
0.4998,5.43253841252969,5.48952600870284,-0.0569875961731521
0.5,5.50798288552626,5.5641509127038,-0.0561680271775442
0.5002,5.58348159628218,5.63878496478878,-0.0553033685065953
0.5004,5.65899267746661,5.713360074773,-0.0543673973063852
0.5006,5.73449676611729,5.78790033358798,-0.0534035674706956
0.5008,5.80998251924325,5.86238187187877,-0.0523993526355211
0.501,5.8854989031832,5.93686544104864,-0.0513665378654409
0.5012,5.96103634501271,6.01138356526068,-0.0503472202479758
0.5014,6.03655153575377,6.08593246566792,-0.049380929914145
0.5016,6.11206934921965,6.16047485343454,-0.0484055042148981
0.5018,6.18756810475658,6.23498352452832,-0.0474154197717453
0.502,6.26303319298706,0.02635694947204,-0.0465090636645691
0.5022,0.055279866690447,0.100977027780385,-0.0456971610899378
0.5024,0.130659800652417,0.175636874257643,-0.0449770736052259
0.5026,0.206003954963161,0.250323813632933,-0.0443198586697722
0.5028,0.281293946731646,0.325003901040958,-0.0437099543093128
0.503,0.356571532841529,0.399705228158872,-0.0431336953173427
0.5032,0.431866786174838,0.474438260358353,-0.042571474183514
0.5034,0.507207660351004,0.549223022296811,-0.0420153619458065
0.5036,0.582607925526158,0.624103938289628,-0.0414960127634704
0.5038,0.658086336223459,0.699131145662789,-0.0410448094393302
0.504,0.733652953573379,0.774296269139006,-0.0406433155656262
0.5042,0.809339407855153,0.849533297089099,-0.0401938892339454
0.5044,0.88508137526175,0.924848666557004,-0.0397672912952538
0.5046,0.960891604775952,1.00025641326066,-0.0393648084847127
0.5048,1.03677869866235,1.07569007874441,-0.0389113800820631
0.505,1.11274931577437,1.15117180697642,-0.0384224912020494
0.5052,1.18874682672165,1.22667093214961,-0.0379241054279555
0.5054,1.26476657797805,1.3021438305197,-0.0373772525416514
0.5056,1.340805150339,1.37760900220753,-0.0368038518685239
0.5058,1.41683248094145,1.45304988048578,-0.0362173995443287
0.506,1.4927822512321,1.52847614566261,-0.0356938944305023
0.5062,1.5686894244544,1.60387654928002,-0.0351871248256206
0.5064,1.64454146951308,1.67925743099964,-0.0347159614865682
0.5066,1.72038298895634,1.75460947355801,-0.0342264846016633
0.5068,1.79617182262257,1.82992382901169,-0.033752006389121
0.507,1.87186831294202,1.90522573455204,-0.033357421610019
0.5072,1.94757339482951,1.98050947322583,-0.0329360783963182
0.5074,2.02328693170066,2.05573614123223,-0.0324492095315621
0.5076,2.09896631942165,2.1309135309213,-0.0319472114996477
0.5078,2.17461808423697,2.20608639556698,-0.0314683113300109
0.508,2.25021672465786,2.28121293625945,-0.0309962116015865
0.5082,2.32574784989869,2.35630648049146,-0.0305586305927732
0.5084,2.40124709272878,2.43142027042106,-0.0301731776922836
0.5086,2.47680196512165,2.50644009956388,-0.0296381344422332
0.5088,2.55234561714846,2.58137476313771,-0.0290291459892469
0.509,2.62788261692523,2.65620967973331,-0.028327062808073
0.5092,2.70343813432177,2.73093559253352,-0.0274974582117533
0.5094,2.77903783138408,2.80552018538988,-0.026482354005807
0.5096,2.85469060444835,2.87999931316513,-0.025308708716778
0.5098,2.93037297178229,2.95446721245372,-0.0240942406714244
0.51,3.00608442031803,3.0289005515977,-0.0228161312796695
0.5102,3.0817624299725,3.10329043299415,-0.0215280030216496
0.5104,3.15741497316189,3.17765320197009,-0.0202382288081973
0.5106,3.23310942715327,3.25205208193266,-0.0189426547793854
0.5108,3.30883887546436,3.3264493313873,-0.0176104559229477
0.511,3.38458246061436,3.40089281155269,-0.0163103509383316
0.5112,3.46032928744544,3.47545626015996,-0.0151269727145187
0.5114,3.53606125230001,3.55006658321834,-0.0140053309183314
0.5116,3.61170946843732,3.62470342978794,-0.0129939613506154
0.5118,3.68732437715443,3.69942992578275,-0.0121055486283117
0.512,3.76288923082145,3.77422162172155,-0.0113323909001011
0.5122,3.83844677823026,3.8491235139207,-0.0106767356904438
0.5124,3.91395467159786,3.92409699413354,-0.0101423225356778
0.5126,3.98937124495734,3.99908584224117,-0.00971459728382795
0.5128,4.06479035907739,4.07416069244631,-0.00937033336892057
0.513,4.14020684734478,4.14932462978219,-0.00911778243740802
0.5132,4.21557784655167,4.22457036491002,-0.00899251835835013
0.5134,4.29091235062642,4.29984645601641,-0.00893410538999451
0.5136,4.366185493145,4.37514111177202,-0.00895561862702099
0.5138,4.44145757280377,4.45047492271727,-0.00901734991350267
0.514,4.516761412859,4.52582560729538,-0.00906419443637407
0.5142,4.59209115698273,4.6012104870706,-0.0091193300878647
0.5144,4.6673768803784,4.67660487550397,-0.00922799512557049
0.5146,4.74264271153061,4.75200222768851,-0.00935951615789765
0.5148,4.81791888000259,4.82739473610646,-0.00947585610387591
0.515,4.89322791261124,4.90278194688711,-0.0095540342758671
0.5152,4.96852861720255,4.97815758928172,-0.00962897207917024
0.5154,5.04385030191261,5.0534931429835,-0.00964284107088886
0.5156,5.11919442426824,5.1288010342592,-0.00960660999095797
0.5158,5.19452273389383,5.20408633794529,-0.00956360405145684
0.516,5.26982494891823,5.27936420884167,-0.00953925992343674
0.5162,5.34512822677336,5.35460396122207,-0.00947573444870997
0.5164,5.42047099430649,5.42976049290611,-0.00928949859962191
0.5166,5.49583846514158,5.5048756647775,-0.00903719963592131
0.5168,5.57126501921154,5.57991963720048,-0.00865461798894351
0.517,5.6466817967166,5.65489540339281,-0.00821360667621285
0.5172,5.72200502692785,5.72977410805777,-0.00776908112992025
0.5174,5.79728718965671,5.80456548641008,-0.00727829675336622
0.5176,5.87250837521821,5.87926369176043,-0.00675531654221917
0.5178,5.94770781579635,5.95389715157182,-0.00618933577546787
0.518,6.02284361622916,6.02843022109498,-0.00558660486581886
0.5182,6.09787858246881,6.10289356344003,-0.00501498097122433
0.5184,6.17288136912343,6.17737500622785,-0.00449363710441819
0.5186,6.24785492288088,6.25187550855115,-0.00402058567026664
0.5188,0.0395964488993492,0.0431700762509071,-0.00357362735155786
0.519,0.114452756155604,0.117657201113941,-0.00320444495833776
0.5192,0.189243158053325,0.192114739850877,-0.00287158179755242
0.5194,0.263956163508779,0.26661653368878,-0.00266037018000143
0.5196,0.338628467592811,0.341136709659967,-0.00250824206715622
0.5198,0.413278471227331,0.41568753186945,-0.00240906064211877
0.52,0.487922913008017,0.490284034414191,-0.00236112140617339
0.5202,0.562588922114032,0.56490494794809,-0.00231602583405799
0.5204,0.637290023177178,0.639616672231628,-0.0023266490544499
0.5206,0.712042959510856,0.71437804906819,-0.00233508955733464
0.5208,0.786869422335716,0.789186547691982,-0.00231712535626571
0.521,0.861740101956011,0.864091396970212,-0.00235129501420106
0.5212,0.936644303314363,0.939043179783048,-0.00239887646868453
0.5214,1.01151398368972,1.01405530299869,-0.00254131930896961
0.5216,1.08635313605063,1.08911620620811,-0.00276307015747457
0.5218,1.16119063057162,1.16425423923728,-0.00306360866566346
0.522,1.23606111836604,1.23948754031402,-0.0034264219479736
0.5222,1.31095251941185,1.31477276311611,-0.00382024370426093
0.5224,1.38584493283926,1.39012003520078,-0.00427510236152528
0.5226,1.46075193991847,1.46549477091617,-0.00474283099769779
0.5228,1.5356091590891,1.54088699670765,-0.00527783761854961
0.523,1.61041387333052,1.61628451622773,-0.00587064289721684
0.5232,1.68516408231379,1.69166933330323,-0.00650525098943744
0.5234,1.75991877978632,1.76702772381009,-0.00710894402377682
0.5236,1.83463532420829,1.84234425389213,-0.00770892968384351
0.5238,1.90926865353017,1.91760294877429,-0.00833429524411322
0.524,1.98388658551439,1.99282151498247,-0.00893492946807228
0.5242,2.05848245491877,2.06797285454714,-0.00949039962837839
0.5244,2.13302636703808,2.14303740367499,-0.0100110366369117
0.5246,2.20751529812955,2.21802765244567,-0.0105123543161127
0.5248,2.28197006955165,2.29300559075297,-0.0110355212013249
0.525,2.3564668416031,2.36791595956021,-0.0114491179571097
0.5252,2.43100794001959,2.44275070573473,-0.0117427657151405
0.5254,2.50552173362625,2.51747491987205,-0.0119531862458078
0.5256,2.58001654217132,2.59212237092869,-0.0121058287573628
0.5258,2.65452241289085,2.66669295663013,-0.0121705437392783
0.526,2.72905006080264,2.74121834534485,-0.0121682845422098
0.5262,2.8036191745369,2.815686739162,-0.0120675646250996
0.5264,2.87819844057388,2.89014232455923,-0.0119438839853481
0.5266,2.95282336612156,2.96459251507438,-0.011769148952824
0.5268,3.02749411381209,3.0390866672012,-0.0115925533891046
0.527,3.10216771788713,3.11357758048559,-0.0114098625984611
0.5272,3.17686716136381,3.18805352428645,-0.0111863629226425
0.5274,3.25162069929105,3.26253345236833,-0.0109127530772812
0.5276,3.32639752174178,3.33702667868041,-0.0106291569386303
0.5278,3.40118524832975,3.41152494088675,-0.0103396925570007
0.528,3.47593752517,3.48602625382334,-0.0100887286533413
0.5282,3.5506331589144,3.56059068931134,-0.00995753039694325
0.5284,3.62526362488085,3.63518901741516,-0.00992539253431168
0.5286,3.69987151911107,3.70986187927538,-0.00999036016431498
0.5288,3.77443105227489,3.78458365857327,-0.0101526062983788
0.529,3.84899196552278,3.8594204746724,-0.0104285091496168
0.5292,3.92352332147601,3.93434922131221,-0.0108258998361972
0.5294,3.99799123429053,4.009332798098,-0.0113415638074703
0.5296,4.07246317885689,4.08436861148949,-0.0119054326326005
0.5298,4.14692364551146,4.15948480238825,-0.012561156876794
0.53,4.22135505905741,4.23470225388177,-0.0133471948243553
0.5302,4.29575098287906,4.30998944632937,-0.0142384634503046
0.5304,4.37009495852524,4.38532475841614,-0.0152297998908955
0.5306,4.44437861188407,4.46069518837054,-0.0163165764864708
0.5308,4.51870569708573,4.53607499710057,-0.0173693000148445
0.531,4.59302813886748,4.61147235001942,-0.0184442111519401
0.5312,4.6673450727723,4.68687635753009,-0.0195312847577878
0.5314,4.74168641826857,4.76227113609127,-0.0205847178226977
0.5316,4.81606822178216,4.83764111507673,-0.0215728932945733
0.5318,4.89051078622491,4.91296112906276,-0.0224503428378515
0.532,4.96503789548857,4.98823381076963,-0.0231959152810601
0.5322,5.03961907401154,5.06344618691033,-0.0238271128987817
0.5324,5.11424076155944,5.13858426167655,-0.0243435001171033
0.5326,5.18890543195441,5.21368576142075,-0.0247803294663456
0.5328,5.26364988774818,5.288719971533,-0.0250700837848195
0.533,5.33844748530378,5.36370326609838,-0.0252557807946046
0.5332,5.41328383768159,5.43859301473513,-0.0253091770535434
0.5334,5.48815953143222,5.51336589320856,-0.0252063617763323
0.5336,5.56305604454708,5.58804607764322,-0.0249900330961461
0.5338,5.63793937809579,5.66266080296991,-0.0247214248741239
0.534,5.71273404536812,5.73718765757277,-0.0244536122046526
0.5342,5.78749397481211,5.81164901400582,-0.0241550391937109
0.5344,5.86220948272449,5.88603501801542,-0.0238255352909267
0.5346,5.93692909851446,5.96045048544595,-0.0235213869314963
0.5348,6.01161290324081,6.0348386385754,-0.0232257353345959
0.535,6.08621859139157,6.10917264408966,-0.0229540526980889
0.5352,6.16083404040173,6.18352925245155,-0.0226952120498272
0.5354,6.23544406158463,6.25788727684617,-0.0224432152615401
0.5356,0.0268132629929383,0.0490825389040891,-0.0222692759111508
0.5358,0.101323820899074,0.123517315323293,-0.0221934944242187
0.536,0.175799164833956,0.198013131326164,-0.0222139664922082
0.5362,0.25024851922904,0.27254948013189,-0.0223009609028497
0.5364,0.324674989723554,0.347121991199067,-0.0224470014755125
0.5366,0.399092946637095,0.421718941792844,-0.0226259951557491
0.5368,0.473514731336522,0.496368874851274,-0.0228541435147526
0.537,0.54799339463872,0.571077587713953,-0.0230841930752338
0.5372,0.622556465898039,0.645871205560691,-0.0233147396626517
0.5374,0.697178210503198,0.720750537833255,-0.0235723273300574
0.5376,0.771890288427431,0.795737909011273,-0.0238476205838417
0.5378,0.846669909580744,0.870807258036125,-0.0241373484553802
0.538,0.921500061364473,0.945988262924396,-0.0244882015599225
0.5382,0.996356022945408,1.0212613920332,-0.0249053690877968
0.5384,1.0712326957502,1.09661156369425,-0.0253788679440505
0.5386,1.14619607218067,1.17199278673473,-0.0257967145540581
0.5388,1.22118021640167,1.24739551324793,-0.0262152968462608
0.539,1.29617043216806,1.32280116814218,-0.0266307359741218
0.5392,1.37116774787278,1.39822788741097,-0.0270601395381951
0.5394,1.44615868306968,1.47365222620446,-0.0274935431347862
0.5396,1.52107154498995,1.54906427287582,-0.0279927278858738
0.5398,1.59594933368146,1.62445754129812,-0.0285082076166601
0.54,1.67076937273747,1.69982294687476,-0.0290535741372868
0.5402,1.74557546538899,1.77515355564528,-0.029578090256293
0.5404,1.82033315749405,1.85044192826186,-0.0301087707678047
0.5406,1.89508761376464,1.92566546592734,-0.0305778521626967
0.5408,1.96984368693255,2.0008416127408,-0.0309979258082498
0.541,2.04459509044688,2.0759851106552,-0.0313900202083199
0.5412,2.11933798547151,2.1510634430335,-0.0317254575619899
0.5414,2.19404892970492,2.22605766076147,-0.0320087310565542
0.5416,2.26882446549747,2.30101110912591,-0.032186643628437
0.5418,2.34366189432425,2.37588367142767,-0.0322217771034139
0.542,2.41854184997365,2.45074222997355,-0.0322003799999027
0.5422,2.49347306565019,2.52552462884258,-0.0320515631923932
0.5424,2.5683911832897,2.60021902062799,-0.0318278373382954
0.5426,2.64330710622347,2.67481964070051,-0.0315125344770473
0.5428,2.71823721341039,2.74934604828997,-0.031108834879582
0.543,2.79319940817046,2.82377083284169,-0.0305714246712325
0.5432,2.86811590714343,2.8980507665301,-0.0299348593866693
0.5434,2.94300702604332,2.97227817585837,-0.0292711498150475
0.5436,3.01793325824852,3.04648812573045,-0.0285548674819367
0.5438,3.09282258253778,3.12060414657416,-0.0277815640363785
0.544,3.16768263622102,3.19463825065297,-0.0269556144319494
0.5442,3.24251685776991,3.26864364259461,-0.0261267848247018
0.5444,3.31735946865761,3.34273175716086,-0.025372288503251
0.5446,3.39225613599475,3.41696973486958,-0.0247135988748259
0.5448,3.46718003108183,3.49138000010906,-0.0241999690272339
0.545,3.54213801743193,3.56596358641001,-0.023825568978086
0.5452,3.61713097563602,3.64060780480467,-0.0234768291686565
0.5454,3.6920987759478,3.7153295577039,-0.0232307817561024
0.5456,3.76702025301113,3.79012375515582,-0.0231035021446915
0.5458,3.84196435680426,3.86504476525329,-0.0230804084490348
0.546,3.91689920125319,3.94004356832575,-0.0231443670725615
0.5462,3.99177856973663,4.0151191552569,-0.0233405855202675
0.5464,4.06668456710282,4.09029910007359,-0.0236145329707647
0.5466,4.14159723255072,4.1655261147607,-0.0239288822099786
0.5468,4.21645795367139,4.24082776534353,-0.0243698116721358
0.547,4.29126428044599,4.31618120068081,-0.0249169202348209
0.5472,4.36608566555152,4.39160139128409,-0.0255157257325695
0.5474,4.44091898201689,4.46705470777812,-0.0261357257612254
0.5476,4.51577895590599,4.54250258545795,-0.0267236295519631
0.5478,4.59068883176612,4.61794091368337,-0.0272520819172488
0.548,4.66558376045882,4.69335847001881,-0.0277747095599858
0.5482,4.7404718775979,4.76874848545486,-0.0282766078569567
0.5484,4.81536985904646,4.84410303812348,-0.0287331790770162
0.5486,4.89030011562449,4.91941603237843,-0.0291159167539341
0.5488,4.96522952478121,4.99470021340909,-0.0294706886278826
0.549,5.04019570597919,5.06994147143431,-0.0297457654551163
0.5492,5.11520397916071,5.14511443157799,-0.0299104524172833
0.5494,5.19025481026318,5.22023307494967,-0.029978264686485
0.5496,5.26538429687335,5.29526013635531,-0.0298758394819663
0.5498,5.34056323786075,5.37023781534138,-0.0296745774806242
0.55,5.41581546836388,5.44514587781086,-0.0293304094469784
0.5502,5.49109704127314,5.52001778876124,-0.0289207474880948
0.5504,5.56643351033757,5.59486087872373,-0.0284273683861587
0.5506,5.64179414541659,5.66968711665999,-0.027892971243392
0.5508,5.71710433204558,5.74444380818144,-0.0273394761358592
0.551,5.79236519990285,5.819129315307,-0.0267641154041556
0.5512,5.86756672651078,5.8937099852848,-0.0261432587740149
0.5514,5.94272231978602,5.96823342701969,-0.0255111072336707
0.5516,6.01777867663942,6.04267681171722,-0.0248981350777964
0.5518,6.09273844793359,6.11699911091111,-0.0242606629775173
0.552,6.16766475587613,6.19129903830917,-0.0236342824330373
0.5522,6.24255786191662,6.26563056763129,-0.0230727057146698
0.5524,0.0342189248016878,0.0567474461037042,-0.0225285213020164
0.5526,0.108997826507987,0.131106904817654,-0.0221090783096668
0.5528,0.183816680750112,0.205606824475741,-0.0217901437256282
0.553,0.258682239690165,0.280229265245554,-0.021547025555389
0.5532,0.333581187596829,0.354916083656193,-0.0213348960593643
0.5534,0.408454286034439,0.429613461812643,-0.021159175778204
0.5536,0.4833177534977,0.504338452764953,-0.0210206992672528
0.5538,0.558199420215112,0.579065099808249,-0.0208656795931368
0.554,0.633102101612766,0.653854610272236,-0.0207525086594702
0.5542,0.708038265068864,0.728678467746175,-0.0206402026773104
0.5544,0.783003873422245,0.803560351721793,-0.0205564782995478
0.5546,0.858009542507586,0.87851272763269,-0.0205031851251043
0.5548,0.933053526000366,0.9535164115732,-0.0204628855728337
0.555,1.00806655249058,1.02859309473272,-0.0205265422421441
0.5552,1.08305231187523,1.10371920501358,-0.0206668931383511
0.5554,1.15803568602947,1.17891798200454,-0.0208822959750714
0.5556,1.23304332306691,1.2541972467374,-0.021153923670485
0.5558,1.30805781861486,1.32950902277505,-0.0214512041601871
0.556,1.38306442428363,1.40486888589847,-0.0218044616148374
0.5562,1.45808901348415,1.48025826752299,-0.022169254038841
0.5564,1.53307751378813,1.55565601920264,-0.0225785054145164
0.5566,1.60802999867284,1.63105196250456,-0.0230219638317157
0.5568,1.68294192122807,1.70643190532506,-0.0234899840969918
0.557,1.75786878158525,1.78178468670103,-0.0239159051157793
0.5572,1.83276487714491,1.857094272117,-0.0243293949720873
0.5574,1.907657206112,1.93234194949244,-0.0246847433804487
0.5576,1.9825623360221,2.00749265440052,-0.0249303183784229
0.5578,2.05746940958597,2.08255628167017,-0.0250868720842008
0.558,2.13235230244858,2.15749312394217,-0.0251408214935855
0.5582,2.20718693788626,2.23227972275036,-0.0250927848640905
0.5584,2.28204171328094,2.30700152453238,-0.0249598112514433
0.5586,2.35692183304256,2.38163339091037,-0.0247115578678008
0.5588,2.43182049618862,2.4562262180314,-0.0244057218427858
0.559,2.50675527636549,2.53075761073188,-0.0240023343663918
0.5592,2.58166422059402,2.60522368060699,-0.0235594600129683
0.5594,2.65655695368966,2.67962032828787,-0.023063374598205
0.5596,2.73145079789017,2.75400613850629,-0.0225553406161159
0.5598,2.80637592932429,2.82841017394364,-0.022034244619348
0.56,2.88129792031235,2.90287364790782,-0.0215757275954727
0.5602,2.95627287826478,2.9773710886462,-0.0210982103814206
0.5604,3.03129216660994,3.05193455025432,-0.020642383644383
0.5606,3.10634529039347,3.12660246063414,-0.0202571702406633
0.5608,3.18146426389771,3.20136260016933,-0.0198983362716221
0.561,3.25661606940073,3.27612466585037,-0.0195085964496422
0.5612,3.33177306679767,3.35084646481124,-0.0190733980135698
0.5614,3.40692992494709,3.42555645993658,-0.0186265349894916
0.5616,3.48207569590656,3.50026630179255,-0.0181906058859815
0.5618,3.55719414738558,3.57493978338902,-0.0177456360034398
0.562,3.63222117998645,3.64960550415844,-0.0173843241719904
0.5622,3.70720447758474,3.72431656009647,-0.0171120825117312
0.5624,3.78213035225905,3.79906561943605,-0.0169352671769953
0.5626,3.85703711476225,3.87387882762127,-0.0168417128590188
0.5628,3.93189933012309,3.94874306577212,-0.0168437356490259
0.563,4.00675390032518,4.02366454452977,-0.0169106442045948
0.5632,4.08159486101073,4.09863019892103,-0.0170353379103005
0.5634,4.15639468571735,4.1736759376677,-0.0172812519503491
0.5636,4.23114750114817,4.24882235528127,-0.0176748541331024
0.5638,4.30584860442073,4.32399509419993,-0.0181464897791912
0.564,4.38046780070415,4.39918981328864,-0.0187220125844947
0.5642,4.45509421201322,4.47446397957937,-0.0193697675661495
0.5644,4.52976085097288,4.54978411354329,-0.0200232625704064
0.5646,4.60440814450931,4.62514654842743,-0.020738403918128
0.5648,4.67905081036324,4.70053633392303,-0.0214855235597868
0.565,4.75372157052691,4.77593419861979,-0.0222126280928769
0.5652,4.82842623317705,4.85131740142286,-0.0228911682458106
0.5654,4.9031728149728,4.92665170971839,-0.0234788947455931
0.5656,4.97797636521682,5.00193344242765,-0.0239570772108335
0.5658,5.05279983908213,5.07714644806684,-0.0243466089847164
0.566,5.12762902171936,5.15226550182084,-0.0246364801014716
0.5662,5.20247454348436,5.22731893797684,-0.0248443944924759
0.5664,5.27738221453822,5.30228119345976,-0.0248989789215468
0.5666,5.35233014607616,5.37716964844747,-0.0248395023713117
0.5668,5.42734579737175,5.45199602214665,-0.0246502247749021
0.567,5.50238697087629,5.5267405747685,-0.0243536038922052
0.5672,5.57748160099415,5.60141643863693,-0.0239348376427762
0.5674,5.65256595404852,5.67604880518152,-0.0234828511330045
0.5676,5.7276254801367,5.75064431214716,-0.0230188320104565
0.5678,5.80265742849979,5.82515003651946,-0.0224926080196761
0.568,5.87762408355802,5.89958021612587,-0.0219561325678432
0.5682,5.95256890960189,5.97404532854331,-0.0214764189414174
0.5684,6.02745024519264,6.0484735097459,-0.0210232645532571
0.5686,6.10222988696446,6.12284420203697,-0.0206143150725167
0.5688,6.17697807383655,6.19720543327122,-0.0202273594346689
0.569,6.25169924523596,6.27161095521552,-0.01991170997956
0.5692,0.0431882403928521,0.0628075742594806,-0.0196193338666285
0.5694,0.117788795242456,0.137133477941143,-0.0193446826986871
0.5696,0.192422233854966,0.211493556747952,-0.0190713228929862
0.5698,0.267095921170183,0.285908441504535,-0.0188125203343529
0.57,0.341794004821086,0.360402653454181,-0.018608648633095
0.5702,0.416451954894512,0.434913681286832,-0.0184617263923201
0.5704,0.491081534276718,0.509483505656204,-0.0184019713794861
0.5706,0.565712440844038,0.584090113757032,-0.0183776729129944
0.5708,0.640354747558238,0.658789598467541,-0.0184348509093034
0.571,0.715029011090056,0.733564137514361,-0.0185351264243052
0.5712,0.789707123366374,0.808387354614027,-0.0186802312476524
0.5714,0.864427595262389,0.883300142210449,-0.0188725469480602
0.5716,0.939192391070865,0.958299928186481,-0.019107537115616
0.5718,1.01395837565035,1.03336826838883,-0.019409892738484
0.572,1.08874731049336,1.10854144605166,-0.0197941355583047
0.5722,1.16358956877096,1.18377306956001,-0.0201835007890439
0.5724,1.23845734614624,1.25907529146129,-0.0206179453150488
0.5726,1.31333838109521,1.33440841545734,-0.0210700343621284
0.5728,1.38827274073684,1.40977914081269,-0.0215064000758516
0.573,1.46322559760129,1.48517285583397,-0.0219472582326767
0.5732,1.53818241508797,1.56057132806461,-0.0223889129766448
0.5734,1.61309110341724,1.63596618649266,-0.0228750830754263
0.5736,1.68793748586714,1.71134260320863,-0.0234051173414886
0.5738,1.7627886695529,1.7866893798335,-0.0239007102805979
0.574,1.83760551442188,1.8619841900271,-0.0243786756052204
0.5742,1.91233961067223,1.93721985259515,-0.0248802419229228
0.5744,1.98705012758194,2.01239483291499,-0.0253447053330429
0.5746,2.06173421347551,2.08752002437576,-0.0257858109002491
0.5748,2.13636798521572,2.16257068793423,-0.0262027027185097
0.575,2.21092306845361,2.23748779444225,-0.0265647259886408
0.5752,2.28552288484613,2.31231477836832,-0.0267918935221898
0.5754,2.36017797917468,2.38704013438388,-0.0268621552092059
0.5756,2.43485432815881,2.46169567480931,-0.0268413466505004
0.5758,2.50949249626295,2.53624689649545,-0.0267544002325004
0.576,2.58410649635066,2.61072595364273,-0.0266194572920675
0.5762,2.65872494951914,2.68509974811058,-0.0263747985914451
0.5764,2.7333572361309,2.75939245062979,-0.02603521449889
0.5766,2.80802317252696,2.83360334368011,-0.0255801711531549
0.5768,2.88269247151077,2.90774380474169,-0.0250513332309188
0.577,2.95740121200929,2.98186519983145,-0.0244639878221578
0.5772,3.03215004736657,3.05594843148745,-0.0237983841208855
0.5774,3.1069350238029,3.13003848882615,-0.0231034650232558
0.5776,3.18178752839028,3.20417290193595,-0.022385373545672
0.5778,3.25667778945147,3.27838554605828,-0.0217077566068165
0.578,3.33163268495937,3.35269030061015,-0.0210576156507809
0.5782,3.40661269247522,3.4270728405043,-0.0204601480290787
0.5784,3.48164418950549,3.50160282977792,-0.0199586402724381
0.5786,3.55669213439867,3.57628602937201,-0.019593894973343
0.5788,3.63167749550189,3.65101447024029,-0.019336974738398
0.579,3.70660394726672,3.72579703778609,-0.0191930905193645
0.5792,3.78147309730454,3.80063869447199,-0.0191655971674556
0.5794,3.85634448322878,3.87561474093501,-0.0192702577062298
0.5796,3.9311750227388,3.95064175987704,-0.0194667371382402
0.5798,4.00599265865349,4.02574932701335,-0.0197566683598609
0.58,4.08078435112082,4.10089726791502,-0.0201129167941998
0.5802,4.15553122422392,4.17605881825502,-0.0205275940311003
0.5804,4.23022280266066,4.2512548172165,-0.0210320145558311
0.5806,4.30483562734342,4.32651715862941,-0.0216815312859922
0.5808,4.37939417066435,4.40180403441006,-0.0224098637457093
0.581,4.45398299626265,4.47714143265055,-0.0231584363879014
0.5812,4.52861087085461,4.55251359269191,-0.0239027218373016
0.5814,4.60328627384786,4.62790826354254,-0.0246219896946727
0.5816,4.67794699504746,4.70330774136877,-0.0253607463213124
0.5818,4.75260750604025,4.77870242391467,-0.0260949178744232
0.582,4.82728424554378,4.85407979028864,-0.0267955447448571
0.5822,4.90199621301206,4.92942594006304,-0.0274297270509809
0.5824,4.97671064917063,5.00474444499756,-0.028033795826933
0.5826,5.05146460739977,5.08001280439874,-0.0285481969989734
0.5828,5.12625981010385,5.155201862701,-0.0289420525971522
0.583,5.20109070651858,5.23032656419716,-0.0292358576785769
0.5832,5.27598670077617,5.3053413264983,-0.0293546257221298
0.5834,5.35091744750923,5.38022147795238,-0.0293040304431518
0.5836,5.42586254029001,5.45497142315246,-0.0291088828624551
0.5838,5.50081887570264,5.52959489744943,-0.0287760217467898
0.584,5.57576829776645,5.60411453541056,-0.028346237644107
0.5842,5.65072157685248,5.67857864942733,-0.0278570725748493
0.5844,5.72568021921041,5.75301065531239,-0.0273304361019795
0.5846,5.80058732206325,5.82736466876945,-0.0267773467062034
0.5848,5.87542540440621,5.90162997625977,-0.0262045718535591
0.585,5.95026334920534,5.97594612670211,-0.0256827774967725
0.5852,6.02507576018903,6.05030429891474,-0.0252285387257158
0.5854,6.09989088522441,6.12467534201289,-0.0247844567884794
0.5856,6.17469829384151,6.19902439028374,-0.0243260964422296
0.5858,6.24947805625505,6.27340740052005,-0.0239293442650057
0.586,0.0410249253868322,0.0645774699763135,-0.0235525445894813
0.5862,0.115675706478967,0.138867364172689,-0.0231916576937222
0.5864,0.190345362773641,0.213183115646349,-0.0228377528727082
0.5866,0.265044920374615,0.287559547715831,-0.0225146273412163
0.5868,0.339768413486988,0.362081083831571,-0.0223126703445832
0.587,0.414532611335402,0.436695611145135,-0.0221629998097327
0.5872,0.48927746523357,0.511361889546499,-0.0220844243129293
0.5874,0.564019096076342,0.586056804744229,-0.0220377086678872
0.5876,0.638777873456029,0.660850440127121,-0.022072566671092
0.5878,0.713571892023426,0.735747423516081,-0.0221755314926545
0.588,0.788359033347191,0.810670644144901,-0.0223116107977093
0.5882,0.863166525351872,0.885652590287719,-0.0224860649358463
0.5884,0.937995787439269,0.960715639735361,-0.022719852296092
0.5886,1.01281069740486,1.03580677744873,-0.0229960800438613
0.5888,1.08764011190964,1.11097713389552,-0.0233370219858791
0.589,1.16251714795929,1.18620577735276,-0.0236886293934748
0.5892,1.23741407582552,1.26150683999317,-0.0240927641676441
0.5894,1.31231941455379,1.33684674836798,-0.0245273338141891
0.5896,1.38727634701278,1.41222091786946,-0.0249445708566738
0.5898,1.46225420236914,1.48762044369363,-0.0253662413244899
0.59,1.53724169303262,1.56302135324055,-0.0257796602079305
0.5902,1.61218785729152,1.63841399981981,-0.0262261425282941
0.5904,1.68707684404692,1.71378268068507,-0.0267058366381441
0.5906,1.7619720977499,1.78911946788836,-0.0271473701384566
0.5908,1.8368311162756,1.86442268858937,-0.0275915723137774
0.591,1.91168058454205,1.93967428739318,-0.0279937028511237
0.5912,1.98650886490797,2.0148615881433,-0.0283527232353324
0.5914,2.06129899624616,2.08998762985596,-0.0286886336098009
0.5916,2.13605887372963,2.16500392021995,-0.0289450464903149
0.5918,2.21076072006895,2.23989894898765,-0.0291382289187001
0.592,2.28547422187436,2.31474024965154,-0.0292660277771777
0.5922,2.36021018272495,2.389477875293,-0.0292676925680539
0.5924,2.43496265915157,2.46416783352717,-0.0292051743756061
0.5926,2.50967303177859,2.53875625215437,-0.0290832203757843
0.5928,2.58435603314476,2.61327225527575,-0.0289162221309902
0.593,2.6590435893824,2.68771262278459,-0.0286690334021893
0.5932,2.73374689883946,2.76209173970377,-0.0283448408643161
0.5934,2.80848431018382,2.83640040138339,-0.0279160911995664
0.5936,2.8832504576804,2.91068454070805,-0.0274340830276518
0.5938,2.95804821529123,2.98493860277779,-0.0268903874865538
0.594,3.03287111043995,3.05913718561402,-0.0262660751740662
0.5942,3.1077243129323,3.13333544365126,-0.0256111307189584
0.5944,3.1826469310647,3.20755793917319,-0.0249110081084916
0.5946,3.25760966780683,3.28179062807511,-0.0241809602682888
0.5948,3.33263281257623,3.35606941712786,-0.0234366045516228
0.595,3.40766921802157,3.43036033526637,-0.0226911172448063
0.5952,3.48274438841701,3.50472802874447,-0.0219836403274587
0.5954,3.55783101395878,3.57924555072627,-0.0214145367674869
0.5956,3.63292227431354,3.65384456824361,-0.0209222939300733
0.5958,3.70796546224352,3.72851703279613,-0.0205515705526111
0.596,3.78293947555648,3.80324316922596,-0.0203036936694749
0.5962,3.8579039778153,3.87806886459749,-0.0201648867821893
0.5964,3.93281619581079,3.95294802667174,-0.0201318308609539
0.5966,4.0077054437793,4.02792510278857,-0.0202196590092711
0.5968,4.0825634066303,4.10298260098356,-0.0204191943532566
0.597,4.15737652981745,4.17812174138733,-0.0207452115698725
0.5972,4.23213615398149,4.25332585206905,-0.0211896980875599
0.5974,4.30681806880384,4.32860252872968,-0.0217844599258372
0.5976,4.38144617113705,4.40390636930006,-0.0224601981630093
0.5978,4.4561036172802,4.47925693840959,-0.0231533211293851
0.598,4.53079456087269,4.55463107560236,-0.0238365147296733
0.5982,4.60552085598912,4.63002744544564,-0.0245065894565171
0.5984,4.68021661058761,4.70542800969739,-0.0252113991097742
0.5986,4.75489947296033,4.78082131326686,-0.0259218403065331
0.5988,4.82959330013485,4.85619228683742,-0.0265989867025667
0.599,4.90432246651114,4.93151855750413,-0.0271960909929883
0.5992,4.97905433284316,5.00680923942099,-0.0277549065778304
0.5994,5.05382233976029,5.08204764645914,-0.0282253066988467
0.5996,5.12862608166868,5.15721000099945,-0.0285839193307664
0.5998,5.2034617061326,5.23231767908702,-0.0288559729544238
0.6,5.27836170299968,5.30733963765711,-0.0289779346574299
