t_s,theta_pll_rad,theta_ref_rad,theta_err_rad
0,0,0,0
0.0002,0.0753982236861531,0.075398223686155,-1.94289029309402e-15
0.0004,0.148076870737662,0.15079644737231,-0.00271957663464811
0.0006,0.221642500820362,0.226194671058465,-0.00455217023810278
0.0008,0.300718736103147,0.30159289474462,-0.000874158641472667
0.001,0.383497911135643,0.376991118430775,0.00650679270486776
0.0012,0.459424639791848,0.45238934211693,0.0070352976749179
0.0014,0.517310588266747,0.527787565803085,-0.0104769775363379
0.0016,0.554781442910021,0.60318578948924,-0.0484043465792191
0.0018,0.578365947606393,0.678584013175395,-0.100218065569003
0.002,0.594603968781214,0.75398223686155,-0.159378268080337
0.0022,0.604038611481066,0.829380460547705,-0.22534184906664
0.0024,0.602810268792157,0.904778684233861,-0.301968415441703
0.0026,0.591489855633426,0.980176907920016,-0.38868705228659
0.0028,0.579172201178684,1.05557513160617,-0.476402930427487
0.003,0.575844347232562,1.13097335529233,-0.555129008059763
0.0032,0.584376415812333,1.20637157897848,-0.621995163166148
0.0034,0.601968576924111,1.28176980266464,-0.679801225740524
0.0036,0.627314018626112,1.35716802635079,-0.729854007724679
0.0038,0.664916667595391,1.43256625003695,-0.767649582441555
0.004,0.720641061065517,1.5079644737231,-0.787323412657584
0.0042,0.793988638238072,1.58336269740926,-0.789374059171184
0.0044,0.880034410874999,1.65876092109541,-0.778726510220412
0.0046,0.972811946155176,1.73415914478157,-0.76134719862639
0.0048,1.06909588666189,1.80955736846772,-0.740461481805831
0.005,1.16968303330366,1.88495559215388,-0.715272558850215
0.0052,1.27492950773642,1.96035381584003,-0.685424308103607
0.0054,1.38175840001506,2.03575203952619,-0.653993639511129
0.0056,1.48627450638394,2.11115026321234,-0.624875756828401
0.0058,1.58754922056052,2.1865484868985,-0.598999266337976
0.006,1.68841203518554,2.26194671058465,-0.573534675399113
0.0062,1.79172959812864,2.33734493427081,-0.545615336142165
0.0064,1.89713510767611,2.41274315795696,-0.515608050280853
0.0066,2.00188377183041,2.48814138164312,-0.486257609812709
0.0068,2.10364207139632,2.56353960532927,-0.459897533932953
0.007,2.20196160061179,2.63893782901543,-0.43697622840364
0.0072,2.297899699572,2.71433605270158,-0.416436353129579
0.0074,2.39217863288188,2.78973427638774,-0.397555643505853
0.0076,2.48498687756103,2.86513250007389,-0.380145622512858
0.0078,2.57661562205602,2.94053072376005,-0.36391510170403
0.008,2.66801279271261,3.0159289474462,-0.347916154733593
0.0082,2.75969519747867,3.09132717113236,-0.331631973653687
0.0084,2.85095081473451,3.16672539481851,-0.315774580084001
0.0086,2.94119545317899,3.24212361850467,-0.300928165325677
0.0088,3.03017405458332,3.31752184219082,-0.287347787607506
0.009,3.11745518623452,3.39292006587698,-0.275464879642456
0.0092,3.20277068486737,3.46831828956313,-0.265547604695757
0.0094,3.28726931781219,3.54371651324929,-0.256447195437099
0.0096,3.37336173682351,3.61911473693544,-0.245753000111931
0.0098,3.46302283692011,3.6945129606216,-0.231490123701488
0.01,3.55642108440636,3.76991118430775,-0.213490099901394
0.0102,3.6516399250237,3.84530940799391,-0.193669482970203
0.0104,3.74602607598289,3.92070763168006,-0.174681555697174
0.0106,3.83856773049843,3.99610585536622,-0.157538124867782
0.0108,3.92827422149489,4.07150407905237,-0.143229857557482
0.011,4.0150910834816,4.14690230273853,-0.131811219256926
0.0112,4.09904006540963,4.22230052642468,-0.123260461015057
0.0114,4.17970603876897,4.29769875011084,-0.117992711341868
0.0116,4.25811036352238,4.37309697379699,-0.114986610274611
0.0118,4.33627307040417,4.44849519748315,-0.112222127078976
0.012,4.41550486683181,4.5238934211693,-0.108388554337495
0.0122,4.49551335809745,4.59929164485546,-0.10377828675801
0.0124,4.57571367250585,4.67468986854161,-0.0989761960357676
0.0126,4.65529805168141,4.75008809222777,-0.0947900405463606
0.0128,4.73453559775418,4.82548631591392,-0.0909507181597418
0.013,4.81413220026749,4.90088453960008,-0.086752339332592
0.0132,4.89495114608254,4.97628276328623,-0.0813316172036922
0.0134,4.97740777003257,5.05168098697239,-0.0742732169398206
0.0136,5.0609850613872,5.12707921065854,-0.0660941492713407
0.0138,5.14522302055997,5.2024774343447,-0.0572544137847295
0.014,5.23026178476386,5.27787565803085,-0.0476138732669966
0.0142,5.31631139404257,5.35327388171701,-0.0369624876744377
0.0144,5.40317324815403,5.42867210540316,-0.0254988572491328
0.0146,5.4903562307175,5.50407032908932,-0.0137140983718185
0.0148,5.57727725827214,5.57946855277547,-0.00219129450333444
0.015,5.66349507830842,5.65486677646163,0.00862830184678831
0.0152,5.74880478180741,5.73026500014778,0.0185397816596264
0.0154,5.83275764396729,5.80566322383394,0.0270944201333547
0.0156,5.91481798078439,5.88106144752009,0.0337565332643015
0.0158,5.99450692483626,5.95645967120625,0.0380472536300083
0.016,6.07144505338611,6.0318578948924,0.0395871584937035
0.0162,6.14564859816263,6.10725611857856,0.0383924795840747
0.0164,6.21758782255636,6.18265434226471,0.034933480291647
0.0166,0.00485084475236253,6.25805256595087,0.0299835859810811
0.0168,0.0748344870068105,6.04128589424959,0.316733899936803
0.017,0.145256922130641,6.11784635951926,0.31059586979097
0.0172,0.216644889979103,6.19632275830998,0.303507438848712
0.0174,0.289423736428559,6.27606186757902,0.296547176029125
0.0176,0.364050344006608,0.0743518964050455,0.289698447601562
0.0178,0.440481904701324,0.158778218532193,0.28170368616913
0.018,0.518136173786916,0.246435352959104,0.271700820827812
0.0182,0.596176772402962,0.335995718757012,0.26018105364595
0.0184,0.674059263997748,0.425581124333438,0.24847813966431
0.0186,0.75169620829422,0.514270059240877,0.237426149053343
0.0188,0.829429783556714,0.602220631358452,0.227209152198262
0.019,0.907620531517834,0.689840025781254,0.21778050573658
0.0192,0.986390523135438,0.776854519691853,0.209536003443585
0.0194,1.0656952371409,0.862389888499998,0.203305348640907
0.0196,1.14536778421058,0.945943119341003,0.199424664869572
0.0198,1.22534633607731,1.0277417494968,0.197604586580507
0.02,1.30531295667622,1.10816134497601,0.197151611700209
0.0202,1.3851158423344,1.1872677646985,0.197848077635904
0.0204,1.46442388157517,1.26491221485376,0.199511666721415
0.0206,1.54297307393118,1.34118989453562,0.201783179395558
0.0208,1.6207373807813,1.41658225436243,0.204155126418869
0.021,1.69802450406333,1.49165629595379,0.206368208109539
0.0212,1.77512363885257,1.56685865457446,0.208264984278102
0.0214,1.85212399241914,1.64250587597644,0.209618116442706
0.0216,1.928968191462,1.71884142344762,0.210126768014375
0.0218,2.005495610838,1.79597916680066,0.209516444037343
0.022,2.08156751953976,1.87381107336097,0.207756446178794
0.0222,2.15709278229536,1.95212651553806,0.204966266757296
0.0224,2.23214918708086,2.03092140197696,0.201227785103894
0.0226,2.30705122375661,2.11054359823091,0.196507625525697
0.0228,2.38208688093459,2.19134835809786,0.190738522836729
0.023,2.45729728082064,2.27345037393341,0.183846906887228
0.0232,2.53279545046107,2.35677521183553,0.176020238625536
0.0234,2.60868383007834,2.44129924245948,0.167384587618862
0.0236,2.68481371409582,2.52702824570808,0.157785468387741
0.0238,2.76099721585535,2.61364277027262,0.147354445582729
0.024,2.83713832333581,2.70057540083356,0.136562922502246
0.0242,2.91284672462962,2.78720437200824,0.125642352621377
0.0244,2.98795312202797,2.87312425106026,0.114828870967713
0.0246,3.06226511406955,2.95806210494443,0.104203009125119
0.0248,3.13557326594228,3.04211488840519,0.0934583775370883
0.025,3.20811486880223,3.12537198173555,0.0827428870666833
0.0252,3.27989746451742,3.20764455422688,0.0722529102905396
0.0254,3.35085390563154,3.28872618143051,0.0621277242010247
0.0256,3.42089132085064,3.36872967747758,0.0521616433730672
0.0258,3.49014019175661,3.44775323098194,0.0423869607746714
0.026,3.55847346801126,3.52553146581822,0.032942002193034
0.0262,3.62570684863695,3.60171718766223,0.0239896609747174
0.0264,3.69192144132528,3.67617319686029,0.0157482444649846
0.0266,3.75721772379981,3.74915629027682,0.00806143352298516
0.0268,3.82157884168912,3.82117690687017,0.000401934818951677
0.027,3.8849506345899,3.89259089220994,-0.00764025762004028
0.0272,3.94759062393794,3.9636033152981,-0.0160126913601575
0.0274,4.00967873694523,4.03449057441165,-0.0248118374664221
0.0276,4.07172014257414,4.10549616898787,-0.0337760264137339
0.0278,4.13384531597297,4.17682786017907,-0.0429825442061009
0.028,4.19616181384649,4.24865247387599,-0.0524906600294992
0.0282,4.25874771176942,4.32101285993006,-0.0622651481606429
0.0284,4.32178978176775,4.39387784218385,-0.0720880604161049
0.0286,4.38561212527391,4.46733055716727,-0.0817184318933597
0.0288,4.45022885476893,4.54147479487524,-0.0912459401063028
0.029,4.51567458306815,4.61627000143709,-0.10059541836894
0.0292,4.58229257460392,4.69150409907911,-0.10921152447519
0.0294,4.6500966629945,4.76691011934782,-0.116813456353313
0.0296,4.71894003323212,4.842274935937,-0.123334902704884
0.0298,4.78895745271181,4.91746031116883,-0.128502858457013
0.03,4.86016744378899,4.9923912367129,-0.132223792923908
0.0302,4.93250915920681,5.06705940410546,-0.134550244898651
0.0304,5.00606370078039,5.14153512631253,-0.135471425532141
0.0306,5.08101819933347,5.21592556346913,-0.134907364135653
0.0308,5.1571718214308,5.29033628177681,-0.133164460346011
0.031,5.23438457286351,5.36479513291988,-0.130410560056364
0.0312,5.31248926056154,5.43927758702947,-0.126788326467929
0.0314,5.39158549360134,5.51376858085353,-0.122183087252199
0.0316,5.47127698716342,5.58831460869617,-0.117037621532756
0.0318,5.55147321095052,5.66298717558044,-0.111513964629919
0.032,5.63232704636905,5.73786551233955,-0.105538465970505
0.0322,5.71381633209808,5.81304962566777,-0.0992332935696885
0.0324,5.79591575168298,5.88860373053086,-0.0926879788478772
0.0326,5.87835024167287,5.96462237186007,-0.0862721301872078
0.0328,5.96126191660716,6.0411595889279,-0.0798976723207394
0.033,6.0444509352054,6.11809665910976,-0.0736457239043622
0.0332,6.12780125989485,6.19525964139703,-0.0674583815021794
0.0334,6.21112627214839,6.27235989782201,-0.0612336256736219
0.0336,0.0109745652770243,0.0659684888432173,-0.054993923566193
0.0338,0.0935817426694935,0.142321473229699,-0.048739730560206
0.034,0.175694550491395,0.2181273130251,-0.0424327625337058
0.0342,0.257185325951417,0.293302330931492,-0.0361170049800747
0.0344,0.337988849908764,0.367934285220747,-0.0299454353119828
0.0346,0.418396263063027,0.442244966650173,-0.0238487035871463
0.0348,0.498450963964306,0.516492650430504,-0.0180416864661977
0.035,0.578266273085721,0.590848465448406,-0.0125821923626849
0.0352,0.65800133357901,0.66528176874725,-0.00728043516824006
0.0354,0.737445838106529,0.739756026805619,-0.00231018869909028
0.0356,0.816826863513202,0.814250112616405,0.00257675089679654
0.0358,0.895872464915708,0.888715659976594,0.00715680493911419
0.036,0.974392107207412,0.963155391833599,0.0112367153738133
0.0362,1.05262903712626,1.03759859065929,0.0150304464669688
0.0364,1.13045385119179,1.11205292703917,0.0184009241526233
0.0366,1.20804139864517,1.18659723977096,0.0214441588742116
0.0368,1.28523271651367,1.26130535100764,0.0239273655060217
0.037,1.36208812018664,1.33621295905756,0.0258751611290768
0.0372,1.43838860804366,1.41130486124736,0.0270837467963014
0.0374,1.51403991063731,1.48654280254482,0.0274971080924957
0.0376,1.58904290368692,1.56188985822524,0.0271530454616793
0.0378,1.66335915798993,1.6373140410952,0.0260451168947344
0.038,1.73713163569306,1.7127886332538,0.0243430024392586
0.0382,1.81017094945597,1.78827868072264,0.0218922687333323
0.0384,1.88255577735677,1.86374948243129,0.0188062949254839
0.0386,1.95425083900565,1.93916559485892,0.0150852441467306
0.0388,2.02526812018047,2.01446198236698,0.0108061378134945
0.039,2.09577008296401,2.08952390352666,0.00624617943735295
0.0392,2.16578237719149,2.16422897040874,0.00155340678274829
0.0394,2.23585642318382,2.23853581730547,-0.00267939412165008
0.0396,2.30597206615987,2.31236484976369,-0.00639278360382134
0.0398,2.3760809743236,2.38566425796042,-0.00958328363682437
0.04,2.44624399836254,2.45843573366214,-0.0121917352996075
0.0402,2.5165249784873,2.53072618594271,-0.0142012074554048
0.0404,2.58708486092144,2.60260350359833,-0.0155186426768981
0.0406,2.6579813073936,2.67423159942193,-0.0162502920283307
0.0408,2.72931585218518,2.74575314935202,-0.0164372971668447
0.041,2.80111259702439,2.8173096895452,-0.0161970925208066
0.0412,2.87315790042107,2.88902074959518,-0.0158628491741113
0.0414,2.94555087065372,2.9610943774918,-0.0155435068380805
0.0416,3.01858794047049,3.03359276109495,-0.0150048206244642
0.0418,3.09212600941601,3.10654512260364,-0.0144191131876314
0.042,3.16610946434754,3.18012542576732,-0.014015961419783
0.0422,3.24086765454332,3.25436117922084,-0.0134935246775227
0.0424,3.31603506603903,3.32918340146959,-0.0131483354305546
0.0426,3.39163118046058,3.40462089522816,-0.0129897147675782
0.0428,3.46741896391451,3.48062741859149,-0.0132084546769753
0.043,3.54339112838275,3.55714362761646,-0.0137524992337119
0.0432,3.61967823085274,3.63409788057798,-0.0144196497252373
0.0434,3.69601441732692,3.71139228395882,-0.0153778666319018
0.0436,3.77255786697545,3.78895002591393,-0.0163921589384839
0.0438,3.84910571714588,3.86662743930319,-0.017521722157317
0.044,3.92577609475684,3.94431048778002,-0.0185343930231801
0.0442,4.00263331420275,4.02187288284878,-0.0192395686460314
0.0444,4.0794407356296,4.09918587106219,-0.0197451354325873
0.0446,4.15633082273362,4.17617317556504,-0.0198423528314189
0.0448,4.23329226092024,4.25284647859799,-0.0195542176777472
0.045,4.31017939850207,4.32920703576041,-0.0190276372583416
0.0452,4.38680990190068,4.40526619359774,-0.0184562916970537
0.0454,4.46333609216262,4.48105477223978,-0.0177186800771629
0.0456,4.53978337853222,4.55663750514873,-0.016854126616515
0.0458,4.61619577281381,4.63209146490089,-0.0158956920870716
0.046,4.69284385160799,4.70749201383584,-0.0146481622278474
0.0462,4.7698110858183,4.78290626561486,-0.0130951797965508
0.0464,4.84676063470929,4.85839740529448,-0.0116367705851861
0.0466,4.92386950061373,4.93401033431379,-0.0101408337000581
0.0468,5.00111789663431,5.00976418189295,-0.00864628525864397
0.047,5.07836765361893,5.08568363124651,-0.00731597762758351
0.0472,5.15588449267078,5.16177666626607,-0.00589217359529037
0.0474,5.2332900378976,5.23800072348659,-0.00471068558899024
0.0476,5.31060486058399,5.31432437038195,-0.00371950979795876
0.0478,5.38762594314312,5.39068503078296,-0.00305908763984419
0.048,5.46451682178067,5.46706650336916,-0.00254968158848978
0.0482,5.54135653055489,5.54345462556028,-0.00209809500539215
0.0484,5.61792170567008,5.61974068539543,-0.00181897972534717
0.0486,5.69435683454125,5.69584960331278,-0.00149276877153426
0.0488,5.77034546370219,5.77165125887444,-0.00130579517224927
0.049,5.84558401356698,5.8471149133954,-0.00153089982842225
0.0492,5.92052916415401,5.92227978199702,-0.00175061784301445
0.0494,5.9951132692322,5.9970455030265,-0.00193223379430663
0.0496,6.06917273729621,6.07147869456681,-0.00230595727059146
0.0498,6.14317738030916,6.1456586509788,-0.0024812706696391
0.05,6.21705968721916,6.21954760230187,-0.00248791508270507
0.0502,0.00741162954496577,0.01002046630008,-0.00260883675511424
0.0504,0.0807020122667166,0.0835106453442232,-0.0028086330775066
0.0506,0.153787357875601,0.156938499717029,-0.00315114184142734
0.0508,0.227058260199864,0.230449096823212,-0.00339083662334794
0.051,0.300512615998622,0.304040352985912,-0.00352773698728953
0.0512,0.373696008755336,0.377670041129458,-0.00397403237412186
0.0514,0.446831580827477,0.45141126662885,-0.00457968580137291
0.0516,0.520161074893263,0.525285478302647,-0.00512440340938436
0.0518,0.59375433927531,0.599337252512741,-0.00558291323743043
0.052,0.667710164601195,0.67362003378244,-0.00590986918124536
0.0522,0.741891907392437,0.748074644788347,-0.00618273739591002
0.0524,0.816092511968012,0.822737736850043,-0.00664522488203134
0.0526,0.890463046029978,0.897658776973161,-0.00719573094318204
0.0528,0.964989368421563,0.972771861175586,-0.00778249275402298
0.053,1.03966679556387,1.0480624962709,-0.00839570070702678
0.0532,1.11464380449812,1.12349345823365,-0.00884965373553248
0.0534,1.18974674637611,1.19901040658428,-0.00926366020816993
0.0536,1.26509485368638,1.27458332817253,-0.00948847448615364
0.0538,1.34049084962346,1.35016054761726,-0.00966969799380135
0.054,1.41609397272006,1.42572575613023,-0.00963178341016735
0.0542,1.49172783385766,1.50123860795778,-0.00951077410012346
0.0544,1.56748062551404,1.5766720518164,-0.00919142630236114
0.0546,1.64305635556034,1.65201736392738,-0.00896100836704128
0.0548,1.71845628512433,1.72727475403921,-0.00881846891487781
0.055,1.7937355361316,1.80246040501443,-0.00872486888282498
0.0552,1.86925337232122,1.87759484546481,-0.00834147314358358
0.0554,1.944762688697,1.95267847074699,-0.00791578204999155
0.0556,2.01997103508775,2.02774006980755,-0.00776903471979917
0.0558,2.09529977943143,2.10284051228741,-0.00754073285597778
0.056,2.17068903933478,2.17797605174951,-0.00728701241473662
0.0562,2.24603527377766,2.25313094385313,-0.0070956700754703
0.0564,2.32129988237163,2.32836597865762,-0.00706609628598631
0.0566,2.39665562553802,2.40372589789436,-0.00707027235634072
0.0568,2.47217680175534,2.47919899219193,-0.00702219043658836
0.057,2.54779034842572,2.55483365459121,-0.00704330616548354
0.0572,2.62371476229211,2.63065375170557,-0.00693898941346394
0.0574,2.69969162577438,2.70656677518391,-0.0068751494095256
0.0576,2.77574104673541,2.78258857129233,-0.0068475245569295
0.0578,2.85210391093043,2.85870839124765,-0.00660448031721428
0.058,2.92838601451944,2.93479611986351,-0.00641010534406306
0.0582,3.00458851766991,3.0108119565514,-0.00622343888149057
0.0584,3.08104778130066,3.08684646753929,-0.00579868623863122
0.0586,3.15766067897608,3.16280827049153,-0.00514759151545308
0.0588,3.23433442387304,3.23859055836153,-0.00425613448849305
0.059,3.31074372029054,3.31420449156349,-0.00346077127294908
0.0592,3.38689940640686,3.38967624978624,-0.00277684337937822
0.0594,3.46310779294597,3.46507101464323,-0.00196322169726137
0.0596,3.53922579338926,3.54036932398329,-0.00114353059402772
0.0598,3.61535244373868,3.61555928320692,-0.000206839468245512
0.06,3.69121891654357,3.69063467712611,0.00058423941745378
0.0602,3.76679895409695,3.76560085050436,0.00119810359258388
0.0604,3.84213643586038,3.840511582866,0.00162485299437476
0.0606,3.91703541012558,3.91534442529548,0.00169098483010588
0.0608,3.99136281327834,3.99013041543402,0.00123239784431961
0.061,4.06561675775689,4.06494913134878,0.000667626408115574
0.0612,4.13973053573362,4.13982307187362,-9.25361400012648e-05
0.0614,4.21347217348539,4.21477047222289,-0.00129829873750165
0.0616,4.28693738226902,4.28978733781298,-0.00284995554396339
0.0618,4.36055814437038,4.36491242714366,-0.00435428277328764
0.062,4.43431220494707,4.44012958867321,-0.00581738372613305
0.0622,4.50826993696575,4.51542456869734,-0.0071546317315887
0.0624,4.58211798574771,4.59076645522961,-0.00864846948189157
0.0626,4.65586905331194,4.66613927840738,-0.0102702250954421
0.0628,4.72972752814934,4.74153455891593,-0.0118070307665858
0.063,4.80372729217458,4.81693093583982,-0.0132036436652392
0.0632,4.87792676841033,4.89230419968651,-0.0143774312761771
0.0634,4.95236143014575,4.96764913555024,-0.0152877054044902
0.0636,5.02690737793927,5.04294683407967,-0.0160394561404038
0.0638,5.10157354509034,5.11815677588573,-0.0165832307953959
0.064,5.17632510100153,5.19326611096619,-0.0169410099646603
0.0642,5.25119359105685,5.26831227386196,-0.0171186828051164
0.0644,5.32654180865752,5.34330619172076,-0.01676438306324
0.0646,5.40202294574807,5.41822536595176,-0.0162024202036921
0.0648,5.47767743492234,5.49307686342294,-0.0153994285005989
0.065,5.55357390624151,5.56791718611587,-0.0143432798743515
0.0652,5.62951283611339,5.64274524959539,-0.0132324134819992
0.0654,5.70564905237621,5.71761269035458,-0.0119636379783774
0.0656,5.78183242599066,5.7925680987686,-0.0107356727779422
0.0658,5.85807360625821,5.86757361643956,-0.00950001018134738
0.066,5.93413245081458,5.94262846964627,-0.00849601883169093
0.0662,6.00993141782555,6.01775034655098,-0.00781892872542667
0.0664,6.08567262129979,6.09285714044335,-0.0071845191435651
0.0666,6.16117658685241,6.1679751786127,-0.00679859176029574
0.0668,6.23633738218991,6.2431534770257,-0.0068160948357967
0.067,0.0283443673598907,0.0352674120220742,-0.00692304466218358
0.0672,0.103586021364322,0.110653638161006,-0.00706761679668462
0.0674,0.178878468713471,0.186061260977842,-0.00718279226437196
0.0676,0.25422126300763,0.261470504692009,-0.00724924168437835
0.0678,0.329515994722753,0.336962763947079,-0.00744676922432608
0.068,0.404847301587911,0.412522943704632,-0.00767564211672161
0.0682,0.48024842860074,0.48806911916719,-0.00782069056644913
0.0684,0.555572158664534,0.56353214172818,-0.0079599830636462
0.0686,0.630911087106727,0.6389501176085,-0.00803903050177268
0.0688,0.706162538549542,0.714335494555524,-0.00817295600598178
0.069,0.781506563051683,0.789735566222484,-0.00822900317080077
0.0692,0.856863603306316,0.865098855747768,-0.00823525244145151
0.0694,0.932218503995749,0.940416704393189,-0.00819820039744001
0.0696,1.00760826879221,1.01573157689443,-0.00812330810222117
0.0698,1.0831912343638,1.09102277907466,-0.0078315447108579
0.07,1.15877543095931,1.16630667333548,-0.00753124237617264
0.0702,1.23449344867651,1.2415973777057,-0.00710392902919699
0.0704,1.31017448249007,1.31690815407109,-0.00673367158102445
0.0706,1.38600329532944,1.39223926923803,-0.00623597390859243
0.0708,1.46182746422321,1.46759110087774,-0.00576363665453528
0.071,1.53776831153429,1.5429709568999,-0.00520264536561155
0.0712,1.61351556176745,1.61837343517474,-0.00485787340728727
0.0714,1.68905247881153,1.69380082905981,-0.00474835024827858
0.0716,1.76442778933739,1.76924100624399,-0.0048132169066033
0.0718,1.83956070912435,1.84467417812358,-0.00511346899923071
0.072,1.91465753019154,1.92011801787366,-0.00546048768211493
0.0722,1.98955533309472,1.9955654153736,-0.00601008227887556
0.0724,2.06412612430194,2.0709494045376,-0.00682328023566692
0.0726,2.13823649969328,2.14622662401196,-0.0079901243186824
0.0728,2.21220191548893,2.22146543512571,-0.00926351963678851
0.073,2.28624938838025,2.29671711414965,-0.0104677257693986
0.0732,2.36037838972697,2.37190185510009,-0.0115234653731129
0.0734,2.43457276344765,2.44705277392583,-0.0124800104781779
0.0736,2.5090623411314,2.52216439586473,-0.013102054733332
0.0738,2.58357962952314,2.59713850979825,-0.0135588802751121
0.074,2.658127009103,2.67207932574764,-0.013952316644636
0.0742,2.73289551791381,2.74693981758714,-0.014044299673329
0.0744,2.80776834653871,2.82166535057554,-0.0138970040368389
0.0746,2.88259384973144,2.89639269997859,-0.0137988502471522
0.0748,2.95758493388849,2.97112494284663,-0.0135400089581426
0.075,3.03274901749921,3.04578254144985,-0.0130335239506416
0.0752,3.10806339323248,3.12044804287207,-0.0123846496395839
0.0754,3.18366740543593,3.19515294326395,-0.0114855378280225
0.0756,3.25945534524527,3.26995315274438,-0.0104978074991173
0.0758,3.33540166765977,3.34482047923319,-0.00941881157341484
0.076,3.41128384549826,3.41969977791417,-0.00841593241591898
0.0762,3.48728097202373,3.49464368206601,-0.00736271004228728
0.0764,3.56324685421619,3.56964079854125,-0.00639394432505513
0.0766,3.63930084395068,3.6447576791937,-0.00545683524301976
0.0768,3.7152852816389,3.72000009718454,-0.00471481554564157
0.077,3.79117076288626,3.79527397861716,-0.00410321573090267
0.0772,3.86672131982396,3.87059198709674,-0.00387066727277396
0.0774,3.94190757662527,3.94600554405582,-0.00409796743054569
0.0776,4.0170187711369,4.02143088518126,-0.00441211404436093
0.0778,4.09193211542094,4.0968772344871,-0.00494511906616246
0.078,4.16661403499069,4.17233371810243,-0.00571968311174054
0.0782,4.24139049008348,4.24784576653159,-0.00645527644810429
0.0784,4.31619197288227,4.32334004983066,-0.00714807694839337
0.0786,4.39093595810743,4.39878402128194,-0.00784806317451281
0.0788,4.46576440648946,4.47420578670931,-0.00844138021984975
0.079,4.54076008409766,4.54961441676569,-0.00885433266802682
0.0792,4.61552965618786,4.62500920761543,-0.00947955142757184
0.0794,4.69024182316754,4.70040373101986,-0.0101619078523205
0.0796,4.76505179928118,4.77580556016902,-0.0107537608878392
0.0798,4.84006150029335,4.85122212951431,-0.0111606292209547
0.08,4.91530429432363,4.92665603461221,-0.0113517402885792
0.0802,4.99094392694438,5.00210260017499,-0.0111586732306099
0.0804,5.06668015887919,5.07755881833416,-0.0108786594549679
0.0806,5.14243751664439,5.15303850300632,-0.0106009863619292
0.0808,5.21824535267062,5.22852399777717,-0.0102786451065482
0.081,5.29424601693413,5.30398446742172,-0.00973845048759614
0.0812,5.37022749766162,5.37945468029441,-0.00922718263278899
0.0814,5.44627621195747,5.45490829023698,-0.00863207827950951
0.0816,5.52215870449896,5.53028008309966,-0.00812137860070283
0.0818,5.59800790157112,5.60557330108383,-0.00756539951271851
0.082,5.6736655062464,5.68079682445061,-0.00713131820420632
0.0822,5.74928562267849,5.75597912384234,-0.00669350116385026
0.0824,5.82464097444534,5.8310489871973,-0.00640801275195546
0.0826,5.89978666851014,5.90605310387524,-0.00626643536509341
0.0828,5.97474166065068,5.98102185122401,-0.00628019057333074
0.083,6.04932387450843,6.05590322466227,-0.00657935015384403
0.0832,6.12369925161756,6.13074532617157,-0.00704607455401085
0.0834,6.19782419297745,6.20554920377433,-0.00772501079687782
0.0836,6.27169626582575,6.28026981843357,-0.008573552607821
0.0838,0.0622720279011597,0.0717851836698197,-0.00951315576866003
0.084,0.136255698918863,0.146512715317659,-0.010257016398796
0.0842,0.210445804873699,0.221270804029067,-0.0108249991553684
0.0844,0.284790795528261,0.29607980076285,-0.0112890052345897
0.0846,0.359273322427582,0.370938397150141,-0.0116650747225592
0.0848,0.434052569777605,0.445818962040064,-0.0117663922624588
0.085,0.508813244431175,0.520742055419006,-0.0119288109878309
0.0852,0.58354416906978,0.595716497078832,-0.0121723280090511
0.0854,0.658413688465596,0.670741667565,-0.0123279790994039
0.0856,0.733529273835646,0.745856334479192,-0.0123270606435453
0.0858,0.809072171786142,0.821052255662831,-0.0119800838766897
0.086,0.884613850147149,0.896302638259833,-0.0116887881126843
0.0862,0.960123771584222,0.971601349794934,-0.0114775782107113
0.0864,1.03565335315808,1.0469233563637,-0.0112700032056237
0.0866,1.11132664586904,1.12230205930371,-0.0109754134346698
0.0868,1.18694970934306,1.19770108790248,-0.0107513785594124
0.087,1.26266885202687,1.27311550975126,-0.0104466577243885
0.0872,1.33831963850287,1.34852204615398,-0.0102024076511111
0.0874,1.41398769485379,1.42392715569093,-0.00993946083713704
0.0876,1.48963889760856,1.49933496429247,-0.00969606668391054
0.0878,1.56540700153554,1.57473645151447,-0.0093294499789307
0.088,1.64100627506925,1.65012957007724,-0.00912329500798315
0.0882,1.71644641899545,1.72550927882798,-0.00906285983252153
0.0884,1.79172067748093,1.80089138035798,-0.00917070287704558
0.0886,1.86716405060221,1.87626879936489,-0.00910474876267475
0.0888,1.9425581600556,1.951620968592,-0.0090628085364024
0.089,2.01764466855118,2.02695070490958,-0.00930603635840654
0.0892,2.09245554720251,2.10229790939747,-0.00984236219496015
0.0894,2.16732787511094,2.17767147276943,-0.010343597658486
0.0896,2.24224366945796,2.25297962041863,-0.0107359509606688
0.0898,2.31712744512935,2.32826560792532,-0.0111381627959699
0.09,2.39215236761226,2.40355680662326,-0.0114044390109975
0.0902,2.46739966536975,2.47879526140262,-0.0113955960328656
0.0904,2.54277353013034,2.55402739924912,-0.0112538691187796
0.0906,2.61795747172608,2.6291619471713,-0.0112044754452154
0.0908,2.69299568631203,2.70424911238306,-0.0112534260710246
0.091,2.76806852915734,2.77933401325838,-0.0112654841010387
0.0912,2.84324877376885,2.85441555891317,-0.0111667851443182
0.0914,2.91841592381545,2.92947170454209,-0.0110557807266369
0.0916,2.99362599186918,3.00452767978727,-0.0109016879180852
0.0918,3.06916047631143,3.07963461125712,-0.0104741349456847
0.092,3.14502748730554,3.1547517382381,-0.00972425093256701
0.0922,3.22115609038754,3.22985298818934,-0.00869689780179739
0.0924,3.29719033501651,3.30492245783169,-0.00773212281518143
0.0926,3.37325224377707,3.38002648725154,-0.00677424347447131
0.0928,3.44934279915716,3.45510772727712,-0.00576492811996188
0.093,3.52539397549405,3.53020714348549,-0.00481316799144116
0.0932,3.60159705915069,3.60531141547846,-0.00371435632777661
0.0934,3.67756005870808,3.68033124995343,-0.00277119124534764
0.0936,3.75323860987293,3.75533981364086,-0.00210120376792577
0.0938,3.82868519364051,3.83040105996729,-0.00171586632678089
0.094,3.90387712703955,3.90549510957692,-0.00161798253736833
0.0942,3.97905559784269,3.98059316025447,-0.00153756241177616
0.0944,4.05408165868793,4.05571389238863,-0.0016322337007022
0.0946,4.12884900364475,4.13086812651817,-0.00201912287341965
0.0948,4.20323604897042,4.20603328432866,-0.00279723535823972
0.095,4.27734053539654,4.28119297623219,-0.00385244083565262
0.0952,4.35114006214446,4.35642122646091,-0.00528116431645476
0.0954,4.42499193783673,4.43170659981854,-0.00671466198181836
0.0956,4.49905678298329,4.50703491451635,-0.00797813153306048
0.0958,4.57335818368868,4.58240689667342,-0.00904871298473342
0.096,4.64750045198958,4.65779487420724,-0.0102944222176653
0.0962,4.72164440107721,4.73319170062974,-0.0115472995525323
0.0964,4.79591715103523,4.80858052121062,-0.0126633701753844
0.0966,4.87041046804337,4.88394703724549,-0.0135365692021194
0.0968,4.94514681429477,4.95928417154843,-0.0141373572536514
0.097,5.01997665065805,5.03459074778522,-0.0146140971271702
0.0972,5.09488630842597,5.10986968566307,-0.014983377237102
0.0974,5.17001659358857,5.18510180968278,-0.0150852160942101
0.0976,5.24541440438528,5.260319814093,-0.014905409707719
0.0978,5.32112411783665,5.33549479434024,-0.0143706765035931
0.098,5.39685112235669,5.41062395080285,-0.0137728284461627
0.0982,5.47256280402831,5.48573662860516,-0.0131738245768505
0.0984,5.54822928004751,5.56082581784139,-0.0125965377938781
0.0986,5.62391520944171,5.63593915755892,-0.0120239481172097
0.0988,5.69983189190819,5.71102725957826,-0.0111953676700693
0.099,5.77579183746298,5.78609118816221,-0.0102993506992251
0.0992,5.85144632950791,5.86110514986063,-0.0096588203527137
0.0994,5.92688247651516,5.93610284851247,-0.00922037199731562
0.0996,6.00214547267345,6.0111631377117,-0.00901766503824408
0.0998,6.07743470308409,6.08626678495744,-0.00883208187335516
0.1,6.15256099108452,6.16141123512605,-0.00885024404153167
0.1002,6.22741349165864,6.23652307371056,-0.00910958205192358
0.1004,0.0186994572844581,0.0284472694705161,-0.009747812186058
0.1006,0.0932856612517602,0.103544655367455,-0.0102589941156945
0.1008,0.168048004854176,0.178652584991809,-0.0106045801376331
0.101,0.242905124268384,0.253739325973977,-0.0108342017055931
0.1012,0.31775510849024,0.328805567546396,-0.011050459056156
0.1014,0.392732483107064,0.403883559011844,-0.0111510759047799
0.1016,0.467905919255051,0.479013754150747,-0.0111078348956964
0.1018,0.542961032527761,0.554110461459647,-0.0111494289318869
0.102,0.617934520849384,0.629235722458073,-0.0113012016086887
0.1022,0.692986312638367,0.704359620445595,-0.0113733078072275
0.1024,0.768226408543915,0.779470504658577,-0.0112440961146623
0.1026,0.84349270133955,0.854591530809528,-0.0110988294699782
0.1028,0.918781429561392,0.929745404110632,-0.0109639745492396
0.103,0.994431967523432,1.00497122746704,-0.01053925994361
0.1032,1.0703887966832,1.0802252580162,-0.00983646133299776
0.1034,1.14659649692888,1.15552974776754,-0.00893325083865459
0.1036,1.2227081906125,1.23085166987347,-0.00814347926096803
0.1038,1.29865687576701,1.30618644914682,-0.00752957337981375
0.104,1.37465594541167,1.3815498195872,-0.00689387417553111
0.1042,1.45051861073967,1.45692612295543,-0.00640751221576785
0.1044,1.52642670457217,1.53231865157923,-0.00589194700706264
0.1046,1.60211783700552,1.60771721834652,-0.00559938134099291
0.1048,1.67729516057666,1.68311768163333,-0.00582252105667247
0.105,1.75236386122632,1.75851340683286,-0.00614954560654768
0.1052,1.82715207755809,1.83389446715798,-0.00674238959989037
0.1054,1.90179021834191,1.90927208385852,-0.00748186551660668
0.1056,1.97634217471534,1.98464892939043,-0.00830675467509412
0.1058,2.05068580408983,2.05999166700698,-0.00930586291715274
0.106,2.12468289132788,2.13525483385164,-0.0105719425237591
0.1062,2.19884590228043,2.21049096413409,-0.0116450618536637
0.1064,2.27315582124926,2.28565997050798,-0.0125041492587221
0.1066,2.34747507627362,2.36074718576721,-0.0132721094935868
0.1068,2.42187772813785,2.43581766315646,-0.0139399350186151
0.107,2.49645686792479,2.5108115274728,-0.0143546595480126
0.1072,2.57088509442093,2.58579210749688,-0.0149070130759412
0.1074,2.64527138727727,2.66075302069075,-0.0154816334134802
0.1076,2.71974585582902,2.73568105867746,-0.0159352028484343
0.1078,2.79446471551341,2.81060649764711,-0.0161417821336931
0.108,2.86953843068738,2.88553850514857,-0.0160000744611852
0.1082,2.94464037379308,2.96043540259317,-0.0157950288000865
0.1084,3.01998690714317,3.03535357932911,-0.0153666721859378
0.1086,3.09596780164834,3.11029405284945,-0.0143262512011115
0.1088,3.17217462594129,3.18522972110526,-0.0130550951639727
0.109,3.2485559551057,3.26020539189716,-0.0116494367914628
0.1092,3.32482334465017,3.33514974410327,-0.0103263994531049
0.1094,3.40093813125403,3.41010090424415,-0.00916277299012469
0.1096,3.47712259010254,3.48508259546159,-0.00796000535905295
0.1098,3.5531951147493,3.56003756892325,-0.0068424541739418
0.11,3.62929329866671,3.63507592222092,-0.00578262355420955
0.1102,3.7052186525139,3.71017644777966,-0.00495779526575602
0.1104,3.78099617510232,3.78531671146966,-0.00432053636734464
0.1106,3.85664271998766,3.86048389555818,-0.00384117557052122
0.1108,3.93201456682292,3.93570856335914,-0.00369399653622526
0.111,4.00726512596234,4.01096820915675,-0.0037030831944076
0.1112,4.08222229104573,4.08626004983804,-0.00403775879231016
0.1114,4.15686775713856,4.16154844762051,-0.00468069048195208
0.1116,4.2311852234237,4.23689202288288,-0.00570679945918151
0.1118,4.30558283656232,4.31226833061165,-0.00668549404932861
0.112,4.38017594151891,4.38765614005525,-0.00748019853633775
0.1122,4.45490995971427,4.46305355368397,-0.00814359396969699
0.1124,4.52965068763558,4.53844625047422,-0.0087955628386398
0.1126,4.60463037712954,4.61384878751347,-0.00921841038393101
0.1128,4.6795798186457,4.68924898033643,-0.00966916169073251
0.113,4.75448714240123,4.76464717756764,-0.0101600351664093
0.1132,4.82952546516323,4.84004840445706,-0.0105229392938337
0.1134,4.90476035320722,4.91545684934175,-0.0106964961345248
0.1136,4.98003501557116,4.99086095942871,-0.0108259438575535
0.1138,5.05526173684193,5.06624652811412,-0.0109847912721932
0.114,5.13051505363718,5.14163610647018,-0.0111210528329968
0.1142,5.20585238739907,5.21701791156197,-0.0111655241628945
0.1144,5.28143142854078,5.29237188134889,-0.0109404528081054
0.1146,5.35707664825609,5.36772949814864,-0.010652849892554
0.1148,5.43292436068516,5.44306276941078,-0.0101384087256173
0.115,5.50876825983271,5.51838606964143,-0.00961780980872273
0.1152,5.58472830343218,5.59365555674038,-0.00892725330819655
0.1154,5.66060301233609,5.66886811508481,-0.00826510274872216
0.1156,5.73649772360514,5.74405928046917,-0.0075615568640357
0.1158,5.81216522916262,5.81922353237668,-0.00705830321405809
0.116,5.88761294588651,5.89437633990133,-0.00676339401482196
0.1162,5.96287089423676,5.9694584070491,-0.0065875128123416
0.1164,6.03768410450175,6.04440356328029,-0.0067194587785373
0.1166,6.11226515201474,6.11930309801809,-0.0070379460033525
0.1168,6.18671772315373,6.19422175616883,-0.0075040330151035
0.117,6.26098133247997,6.26913042196346,-0.00814908948348414
0.1172,0.0517535549063606,0.0607316574760621,-0.0089781025697015
0.1174,0.125353030035713,0.135432877950889,-0.0100798479151754
0.1176,0.199054247375541,0.210161170923311,-0.0111069235477699
0.1178,0.272958443677551,0.284946261418689,-0.0119878177411378
0.118,0.347055727158836,0.3597341609473,-0.0126784337884642
0.1182,0.421037768069564,0.434469642220213,-0.0134318741506484
0.1184,0.494941777560763,0.509291847006479,-0.014350069445716
0.1186,0.569083970783675,0.584198977691317,-0.0151150069076414
0.1188,0.643528182447277,0.659173161191988,-0.0156449787447114
0.119,0.718265399220716,0.734233208243519,-0.0159678090228026
0.1192,0.793508202817335,0.809378326066694,-0.0158701232493598
0.1194,0.868851521314213,0.884579375553689,-0.0157278542394756
0.1196,0.944361289604455,0.959798050058528,-0.0154367604540736
0.1198,1.02009208127723,1.03503849430303,-0.0149464130257986
0.12,1.09603987372602,1.11030747057534,-0.0142675968493151
0.1202,1.17201072722376,1.18560292099198,-0.0135921937682113
0.1204,1.24811412575097,1.26094368601275,-0.0128295602617801
0.1206,1.32412067753119,1.33631074931583,-0.0121900717846377
0.1208,1.40018525241522,1.41169816143049,-0.0115129090152633
0.121,1.47617825470489,1.4870908982747,-0.0109126435698137
0.1212,1.55224082840941,1.56248950003809,-0.010248671628686
0.1214,1.62826736799639,1.6378830408477,-0.00961567285131215
0.1216,1.70422894968385,1.71326023734596,-0.00903128766210415
0.1218,1.7798745829515,1.78862025076127,-0.00874566780977148
0.122,1.85553454702012,1.86394656852318,-0.00841202150306652
0.1222,1.93109871036524,1.93924001246372,-0.00814130209847597
0.1224,2.00633698731727,2.01450688551936,-0.00816989820208835
0.1226,2.08126042645553,2.0897728259828,-0.00851239952727001
0.1228,2.15581652339765,2.16503666733675,-0.00922014393909798
0.123,2.23042342113668,2.24029964386674,-0.00987622273006039
0.1232,2.3050865551376,2.31558941385453,-0.0105028587169236
0.1234,2.37989161908778,2.39086547503082,-0.0109738559430483
0.1236,2.45490119515429,2.46612125720275,-0.0112200620484511
0.1238,2.53006641735423,2.54139785452375,-0.0113314371695226
0.124,2.60511120656408,2.61661395357243,-0.0115027470083477
0.1242,2.68008596218655,2.69181256126854,-0.0117265990819915
0.1244,2.75516213793301,2.76697466071591,-0.0118125227828938
0.1246,2.83042132508935,2.84209460056355,-0.0116732754742022
0.1248,2.90575136519968,2.91722804343517,-0.0114766782354954
0.125,2.98119768216209,2.99229533067512,-0.0110976485130294
0.1252,3.05675437117913,3.06721025657787,-0.0104558853987444
0.1254,3.13239856913281,3.14212418561967,-0.00972561648685888
0.1256,3.20840434202267,3.21703035464644,-0.00862601262377272
0.1258,3.28436763065713,3.29193701261368,-0.00756938195654655
0.126,3.36033667192635,3.36685585749937,-0.00651918557301778
0.1262,3.43615785110377,3.44176140809233,-0.00560355698855863
0.1264,3.51200816802323,3.51670811292692,-0.00469994490368997
0.1266,3.58769309429014,3.5916584188231,-0.0039653245329645
0.1268,3.6631216458308,3.66656524913424,-0.00344360330343685
0.127,3.73802246583877,3.74147168135576,-0.00344921551699784
0.1272,3.81276039236775,3.81643307751814,-0.00367268515038743
0.1274,3.88737962520107,3.8914064297614,-0.0040268045603371
0.1276,3.96171771392655,3.96637806153349,-0.00466034760693912
0.1278,4.03597688412356,4.04143452596607,-0.00545764184250697
0.128,4.11023195649292,4.11661561392545,-0.00638365743252667
0.1282,4.18441401703054,4.19185232969325,-0.00743831266271489
0.1284,4.25837393254739,4.26714540127141,-0.00877146872401724
0.1286,4.33239364447706,4.34248245687033,-0.0100888123932705
0.1288,4.40646925990213,4.41782615374481,-0.0113568938426738
0.129,4.4807224259303,4.49319610290233,-0.0124736769720286
0.1292,4.5552610480517,4.56858709323188,-0.0133260451801798
0.1294,4.63007994991778,4.64398278135104,-0.0139028314332572
0.1296,4.70490600971672,4.71938155719454,-0.0144755474778169
0.1298,4.77975068735107,4.79477334092104,-0.0150226535699636
0.13,4.85475111312891,4.87015066699211,-0.0153995538632001
0.1302,4.92997794760463,4.94550586816446,-0.0155279205598271
0.1304,5.00530570825134,5.02085647125873,-0.0155507630073872
0.1306,5.08072976899772,5.09618532358612,-0.0154555545883985
0.1308,5.15637841633759,5.1714649302937,-0.015086513956108
0.131,5.2322584645021,5.24673384991338,-0.0144753854112798
0.1312,5.30838817350552,5.32196796671137,-0.0135797932058477
0.1314,5.38447541826026,5.39714397964178,-0.0126685613815196
0.1316,5.46064572583729,5.47227637693843,-0.0116306511011448
0.1318,5.53671752737681,5.54737915691774,-0.0106616295409285
0.132,5.61275178931208,5.62248862051812,-0.00973683120604374
0.1322,5.68885628980255,5.69755116054432,-0.00869487074177222
0.1324,5.76498620914554,5.77266550454075,-0.00767929539520296
0.1326,5.8411561337415,5.84777460364878,-0.00661846990727977
0.1328,5.91703223059193,5.92282807209613,-0.00579584150419965
0.133,5.99252333185862,5.99792931082186,-0.00540597896323902
0.1332,6.06788938454648,6.07303851024699,-0.00514912570051074
0.1334,6.14301404456244,6.14812570033134,-0.00511165576889638
0.1336,6.21782580565479,6.22315347248754,-0.00532766683275199
0.1338,0.00905375255595953,0.0149909317798663,-0.00593717922390677
0.134,0.0831862102517405,0.0900565242854623,-0.00687031403372181
0.1342,0.157420330102343,0.165127420176704,-0.0077070900743603
0.1344,0.231715526594045,0.240178395811786,-0.00846286921774136
0.1346,0.306072992168109,0.315246988778865,-0.00917399661075602
0.1348,0.380604405033768,0.390368089458748,-0.00976368442497966
0.135,0.454992812636199,0.465483585396386,-0.0104907727601871
0.1352,0.529335391071061,0.540588111036884,-0.0112527199658227
0.1354,0.603727042615308,0.615703351880907,-0.0119763092655985
0.1356,0.678289890691236,0.690816523967797,-0.0125266332765603
0.1358,0.753083961390679,0.765942396226059,-0.0128584348353792
0.136,0.82797097034323,0.84107319791677,-0.0131022275735395
0.1362,0.902942030227218,0.916226642095872,-0.0132846118686536
0.1364,0.977956919286885,0.991425397167653,-0.0134684778807675
0.1366,1.05303941697889,1.06663970800987,-0.0136002910309787
0.1368,1.12854289665878,1.14190576650081,-0.0133628698420323
0.137,1.20410735370114,1.21719664593585,-0.0130892922347163
0.1372,1.27962718824392,1.29250598256112,-0.012878794317202
0.1374,1.35535051511049,1.36783638198867,-0.0124858668781813
0.1376,1.43111657464025,1.44319316608732,-0.0120765914470704
0.1378,1.50708060998212,1.51857652681942,-0.0114959168372959
0.138,1.58310481732716,1.59397302575045,-0.0108682084232878
0.1382,1.65887291422934,1.66938008330107,-0.0105071690717351
0.1384,1.73447474450585,1.74478627907592,-0.0103115345700651
0.1386,1.80993680841948,1.82019480716027,-0.0102579987407858
0.1388,1.88542308354603,1.89561268498066,-0.0101896014346297
0.139,1.96070743349931,1.97103398591306,-0.0103265524137515
0.1392,2.03566122523619,2.04642323796289,-0.0107620127266959
0.1394,2.11018838503921,2.12173658324005,-0.0115481982008414
0.1396,2.18441566531341,2.19699957938784,-0.0125839140744284
0.1398,2.25872876403903,2.27219017360358,-0.0134614095645516
0.14,2.33307458137414,2.34729327689863,-0.014218695524495
0.1402,2.40753297319229,2.42233829177384,-0.014805318581554
0.1404,2.48218664124629,2.49730433409426,-0.0151176928479666
0.1406,2.55701447541477,2.57226733375555,-0.0152528583407818
0.1408,2.63175108596542,2.64716077857185,-0.0154096926064269
0.141,2.70643026638815,2.72200490141331,-0.0155746350251578
0.1412,2.78120908270379,2.79681328359831,-0.0156042008945207
0.1414,2.85621181090038,2.87162328413896,-0.0154114732385806
0.1416,2.93128395937604,2.94639541913722,-0.0151114597611799
0.1418,3.00642742067811,3.02116464526283,-0.0147372245847182
0.142,3.0817412234226,3.09596907542757,-0.0142278520049643
0.1422,3.15743961366891,3.17078608107526,-0.0133464674063544
0.1424,3.23350515085551,3.24566189684462,-0.0121567459891114
0.1426,3.30955578159771,3.32055604873324,-0.0110002671355263
0.1428,3.38565142184656,3.39548914457844,-0.00983772273188777
0.143,3.46156851941978,3.4703949354535,-0.00882641603371326
0.1432,3.53734924526809,3.54533823457391,-0.00798898930581249
0.1434,3.61324705726833,3.62040402619795,-0.00715696892962114
0.1436,3.68895108045207,3.69554616245272,-0.0065950820006524
0.1438,3.76449686718129,3.77069583080308,-0.00619896362179428
0.144,3.83996841102335,3.84587392032905,-0.00590550930569611
0.1442,3.91528088323726,3.92114687398125,-0.00586599074399574
0.1444,3.99060764152494,3.99642718963931,-0.00581954811437102
0.1446,4.06576984566811,4.0716752125986,-0.0059053669304916
0.1448,4.14063200023554,4.14692063078396,-0.00628863054842288
0.145,4.21504349518565,4.22218637877021,-0.00714288358455928
0.1452,4.28948692792163,4.29744822405235,-0.00796129613072427
0.1454,4.36404562933899,4.37274933341741,-0.00870370407842547
0.1456,4.43866966600329,4.44808612003509,-0.00941645403180136
0.1458,4.51327971776508,4.52343498062718,-0.0101552628620931
0.146,4.58802296854441,4.59881082829481,-0.0107878597504021
0.1462,4.6626220850337,4.67419948392646,-0.0115773988927685
0.1464,4.73718320511719,4.74959675975433,-0.0124135546371402
0.1466,4.81183036481583,4.82499685906423,-0.0131664942483978
0.1468,4.88665975887253,4.90039157709043,-0.0137318182178996
0.147,4.9617395763073,4.97577059316879,-0.0140310168614874
0.1472,5.03687977144039,5.05112686394178,-0.014247092501396
0.1474,5.11203392173939,5.12647121204934,-0.0144372903099486
0.1476,5.18749054409096,5.201786460404,-0.0142959163130358
0.1478,5.26316904826382,5.27705558327203,-0.013886535008214
0.148,5.33903786471703,5.35227993669297,-0.0132420719759425
0.1482,5.41481526036222,5.42745971442856,-0.0126444540663426
0.1484,5.49051074607941,5.5026307980061,-0.0121200519266953
0.1486,5.56638607455001,5.57774705307583,-0.0113609785258202
0.1488,5.64225264125292,5.65282976358445,-0.0105771223315347
0.149,5.7181974069624,5.7278684310798,-0.00967102411740051
0.1492,5.79396513954895,5.80276262315072,-0.00879748360177501
0.1494,5.86920453134184,5.877618561553,-0.00841403021116793
0.1496,5.94429798756998,5.95247780593744,-0.00817981836746284
0.1498,6.01908369240985,6.02725796843452,-0.00817427602467191
0.15,6.09370696307779,6.10202064306855,-0.00831367999075283
0.1502,6.16823931402029,6.17681629802805,-0.00857698400775675
0.1504,6.24256564504159,6.25160240483728,-0.0090367597956913
0.1506,0.0333683124969015,0.043236125427092,-0.00986781293019051
0.1508,0.107533594696808,0.118088323172547,-0.0105547284757391
0.151,0.181859297861664,0.192963800674439,-0.0111045028127758
0.1512,0.256209971001316,0.267844422866982,-0.0116344518656662
0.1514,0.330657033099332,0.342742846281562,-0.0120858131822301
0.1516,0.4052749064107,0.417709888254785,-0.012434981844085
0.1518,0.479707378743349,0.492690853317176,-0.0129834745738271
0.152,0.554210407985329,0.567693683117431,-0.0134832751321022
0.1522,0.628967748306488,0.64275238631721,-0.0137846380107221
0.1524,0.703985587878839,0.71786048301557,-0.0138748951367306
0.1526,0.779411209452882,0.793031698438388,-0.0136204889855061
0.1528,0.854820166559038,0.868236419559942,-0.0134162530009049
0.153,0.930223132768192,0.943436099183999,-0.0132129664158078
0.1532,1.0057345952539,1.01867349222322,-0.0129388969693203
0.1534,1.0815404330412,1.09396493257994,-0.0124244995387381
0.1536,1.15761617083181,1.16931064334806,-0.0116944725162509
0.1538,1.23360921817065,1.24469493033517,-0.0110857121645216
0.154,1.3094925487009,1.32008931375802,-0.0105967650571255
0.1542,1.38551689849582,1.39549317870504,-0.00997628020921626
0.1544,1.46150056332984,1.4708918963475,-0.0093913330176667
0.1546,1.53755356152073,1.54628929103694,-0.00873572951620849
0.1548,1.61343703908368,1.62168827226207,-0.00825123317838528
0.155,1.68914479460851,1.6970897694663,-0.00794497485778467
0.1552,1.76468733974732,1.7724866278996,-0.00779928815228081
0.1554,1.83994481246384,1.84785322211302,-0.00790840964918171
0.1556,1.91510728589572,1.92319105328204,-0.00808376738632188
0.1558,1.99001580348875,1.998504555564,-0.00848875207525102
0.156,2.06462962665574,2.07380967294253,-0.00918004628678704
0.1562,2.13889948991229,2.14905905644866,-0.0101595665363723
0.1564,2.21322553502974,2.22428559961369,-0.0110600645839427
0.1566,2.28767174528323,2.29953572291849,-0.011863977635266
0.1568,2.36221943453281,2.37473580324823,-0.012516368715414
0.157,2.43684906573362,2.44991127401296,-0.0130622082793495
0.1572,2.5117518948477,2.52505203850444,-0.0133001436567333
0.1574,2.58663276791854,2.60016661785384,-0.0135338499352997
0.1576,2.66149363130542,2.67530079188132,-0.0138071605759
0.1578,2.73652618608675,2.75038251039609,-0.0138563243093426
0.158,2.81159525903197,2.82534530685613,-0.013750047824161
0.1582,2.88652933634418,2.90027585953483,-0.0137465231906537
0.1584,2.96153229240528,2.97518295950366,-0.0136506670983794
0.1586,3.03661479017558,3.05001404892447,-0.0133992587488896
0.1588,3.11176352966318,3.124795230034,-0.0130317003708216
0.159,3.18713675431806,3.19953114673895,-0.0123943924208856
0.1592,3.26258055190626,3.27429201367346,-0.0117114617671983
0.1594,3.3382478374258,3.34907535053493,-0.0108275131091298
0.1596,3.41395303080601,3.42392051976419,-0.00996748895818378
0.1598,3.48983711737209,3.49883245633279,-0.00899533896070759
0.16,3.56569626280056,3.5737331273873,-0.00803686458674813
0.1602,3.64159993344969,3.64869910229367,-0.00709916884398343
0.1604,3.71726218686497,3.72369622078171,-0.00643403391673614
0.1606,3.79268914419117,3.79871782233548,-0.00602867814430841
0.1608,3.86794798726469,3.87376222963523,-0.00581424237053119
0.161,3.94296629503455,3.94888447064246,-0.00591817560790941
0.1612,4.01795969870336,4.02407315072997,-0.00611345202660551
0.1614,4.09277986399143,4.09932327613202,-0.00654341214059162
0.1616,4.16738758892033,4.17458960103903,-0.00720201211870286
0.1618,4.24170226410491,4.24990448008184,-0.00820221597693127
0.162,4.31605332839273,4.32525889337715,-0.0092055649844216
0.1622,4.39044202586897,4.40061403790254,-0.010172012033566
0.1624,4.4648774351264,4.47599527130501,-0.0111178361786104
0.1626,4.5394695754192,4.55138582147177,-0.0119162460525644
0.1628,4.61429466761189,4.62677643421693,-0.0124817666050401
0.163,4.68909372558127,4.70217334766495,-0.0130796220836817
0.1632,4.76391187789309,4.77757180060476,-0.0136599227116623
0.1634,4.83892018999225,4.85297420283546,-0.0140540128432107
0.1636,4.91420159610838,4.92837777702644,-0.0141761809180556
0.1638,4.98961933230212,5.00379012821474,-0.0141707959126158
0.164,5.06516785290996,5.07919701027419,-0.0140291573642344
0.1642,5.14079608710519,5.15456908116752,-0.0137729940623235
0.1644,5.21647838525104,5.22991731232738,-0.0134389270763391
0.1646,5.29235987504003,5.30523348085473,-0.0128736058146979
0.1648,5.3682637099172,5.38054443604762,-0.0122807261304168
0.165,5.44430418012128,5.4558069945739,-0.0115028144526184
0.1652,5.52025659933179,5.53099611175522,-0.0107395124234326
0.1654,5.5962453741168,5.60612253904401,-0.00987716492721624
0.1656,5.6720864918768,5.68116452827856,-0.00907803640176219
0.1658,5.74789710442926,5.75619979080035,-0.00830268637109199
0.166,5.82342330946618,5.83120889916251,-0.00778558969633902
0.1662,5.8986739282555,5.90616443218832,-0.00749050393282147
0.1664,5.97368742718468,5.98111546713643,-0.00742803995175123
0.1666,6.04829934330894,6.05600768617735,-0.00770834286840749
0.1668,6.12269187107459,6.13085842314748,-0.00816655207289596
0.167,6.19683844097157,6.20569355701587,-0.00885511604429823
0.1672,6.27073722391561,6.28053131015374,-0.00979408623813249
0.1674,0.0612219968615664,0.0720434766341634,-0.0108214797725971
0.1676,0.134578801291894,0.146687659602163,-0.012108858310269
0.1678,0.208163488000767,0.221378504516237,-0.0132150165154699
0.168,0.282004923064774,0.296113136690195,-0.0141082136254208
0.1682,0.356051836210684,0.370915108468732,-0.0148632722580475
0.1684,0.430527284575087,0.445863448856628,-0.0153361642815409
0.1686,0.505146494955414,0.52085629607804,-0.0157098011226261
0.1688,0.5798646448452,0.595870182556798,-0.0160055377115977
0.169,0.654808820605012,0.670915445578873,-0.0161066249738615
0.1692,0.729988855551221,0.74602273990215,-0.0160338843509283
0.1694,0.805566960418866,0.821184755504161,-0.0156177950852946
0.1696,0.88121193853805,0.896376551164871,-0.0151646126268208
0.1698,0.956827730025346,0.971614048122772,-0.0147863180974255
0.17,1.03246178830208,1.04686289242836,-0.0144011041262724
0.1702,1.10828283277829,1.12212892980479,-0.0138460970265073
0.1704,1.18409121473225,1.19742046514059,-0.0133292504083389
0.1706,1.25997925108763,1.27276054390874,-0.0127812928211171
0.1708,1.3357377167964,1.34812946378569,-0.0123917469892902
0.171,1.411540947214,1.42352153924653,-0.0119805920325322
0.1712,1.48725785444801,1.49892548603853,-0.0116676315905144
0.1714,1.56303465942691,1.5743261228164,-0.0112914633894898
0.1716,1.63861745286185,1.64971938124548,-0.0111019283836316
0.1718,1.71404991696027,1.72509709776944,-0.0110471808091734
0.172,1.78936495050632,1.80047574792011,-0.0111107974137892
0.1722,1.86477010977658,1.87586351299162,-0.0110934032150336
0.1724,1.9400286862551,1.95123600784014,-0.0112073215850337
0.1726,2.01508383805607,2.02657449832473,-0.0114906602686586
0.1728,2.09031936759676,2.10191839050435,-0.0115990229075944
0.173,2.16571866070143,2.17724330032587,-0.0115246396244446
0.1732,2.24113928497531,2.25247235736459,-0.0113330723892719
0.1734,2.31636305523217,2.32765424661887,-0.0112911913866975
0.1736,2.39156952397977,2.4028208752339,-0.0112513512541281
0.1738,2.4668703199503,2.4779094737224,-0.0110391537721055
0.174,2.54186744024164,2.55297787691095,-0.0111104366693104
0.1742,2.61669624486365,2.62799983014583,-0.0113035852821861
0.1744,2.69152225577498,2.70299395026209,-0.0114716944871049
0.1746,2.76646489783261,2.77799358448755,-0.011528686654934
0.1748,2.84158395050302,2.85301872249781,-0.011434771994784
0.175,2.91677231471803,2.9280303888923,-0.0112580741742634
0.1752,2.99205356227928,3.00303957033395,-0.0109860080546618
0.1754,3.06759556611197,3.07808118016551,-0.0104856140535441
0.1756,3.14340583274,3.15313736176275,-0.00973152902274688
0.1758,3.21945002509634,3.22818859541841,-0.00873857032207326
0.176,3.29538291201539,3.30318413732779,-0.00780122531239913
0.1762,3.37132592368383,3.37817046755041,-0.00684454386658251
0.1764,3.44713624713009,3.45310763801985,-0.00597139088975807
0.1766,3.52291142050589,3.52804534578574,-0.00513392527985213
0.1768,3.59841351412493,3.60292591190072,-0.00451239777579682
0.177,3.67356022857472,3.67778995755311,-0.00422972897838836
0.1772,3.74833600097062,3.7526927365175,-0.00435673554688387
0.1774,3.82300373208879,3.82766136161232,-0.00465762952353055
0.1776,3.89749788022346,3.90265361948735,-0.00515573926389212
0.1778,3.97199346929261,3.97764921999893,-0.00565575070631974
0.178,4.0463466909088,4.0526770963901,-0.00633040548129493
0.1782,4.12048683329364,4.12775652273643,-0.00726968944279083
0.1784,4.19434111511162,4.20288103307652,-0.00853991796489417
0.1786,4.26805171641192,4.27801764900819,-0.00996593259626444
0.1788,4.34202476797036,4.35323778838953,-0.01121302041917
0.179,4.41621759176754,4.42851124541454,-0.0122936536470037
0.1792,4.49055851438608,4.50383806015452,-0.0132795457684445
0.1794,4.5650346111297,4.57920909807446,-0.0141744869447571
0.1796,4.63981248776647,4.65459986467092,-0.01478737690445
0.1798,4.71457909947537,4.72999744172599,-0.0154183422506202
0.18,4.78932366940086,4.80538497155418,-0.0160613021533154
0.1802,4.86421043258519,4.88074691200556,-0.0165364794203695
0.1804,4.93931433336211,4.95606753430486,-0.0167532009427482
0.1806,5.01448064241373,5.03134994322817,-0.0168693008144372
0.1808,5.0896832266356,5.10659664691896,-0.016913420283367
0.181,5.16487212634704,5.18177170730666,-0.0168995809596186
0.1812,5.24006572864857,5.25692779755686,-0.016862068908293
0.1814,5.31562616622713,5.33204986899629,-0.0164237027691589
0.1816,5.39122365497501,5.40711889780302,-0.0158952428280124
0.1818,5.46693486880414,5.48215225113863,-0.0152173823344945
0.182,5.54260009476784,5.55716195288789,-0.0145618581200484
0.1822,5.61829842724248,5.63219374026141,-0.0138953130189314
0.1824,5.69425045060983,5.70720027106974,-0.012949820459907
0.1826,5.77006725033053,5.78221649719679,-0.0121492468662598
0.1828,5.84572439653017,5.8572300265535,-0.0115056300233238
0.183,5.92127216894505,5.93221277202878,-0.0109406030837249
0.1832,5.99666523444202,6.00724734286018,-0.0105821084181628
0.1834,6.0721226411676,6.08232415664749,-0.0102015154798893
0.1836,6.14747061814566,6.15743716222765,-0.00996654408199138
0.1838,6.2225647231656,6.23250479249067,-0.00994006932507574
0.184,0.0140541755706893,0.0244201608419235,-0.0103659852712342
0.1842,0.0887629286445002,0.0995976035046962,-0.010834674860196
0.1844,0.163458627450529,0.174723836042825,-0.0112652085922952
0.1846,0.238047828091763,0.249806712466968,-0.0117588843752052
0.1848,0.312737258870599,0.32491448962776,-0.0121772307571614
0.185,0.387659294707716,0.399958872600551,-0.012299577892835
0.1852,0.462391435838961,0.474959498646001,-0.01256806280704
0.1854,0.537007195864735,0.549933320870226,-0.0129261250054906
0.1856,0.61163586648378,0.624916455320042,-0.0132805888362623
0.1858,0.686409938006787,0.699881615131142,-0.013471677124355
0.186,0.761442954544188,0.774855536997845,-0.0134125824536568
0.1862,0.836576665742496,0.849886288377843,-0.0133096226353466
0.1864,0.911770057126983,0.92497938746765,-0.0132093303406665
0.1866,0.987162589135663,1.00016471998135,-0.0130021308456878
0.1868,1.06279691667233,1.07537639180846,-0.0125794751361279
0.187,1.13869474422549,1.15063985938477,-0.0119451151592855
0.1872,1.21454329251451,1.22592738310441,-0.0113840905899065
0.1874,1.29031700818117,1.30123867139305,-0.0109216632118732
0.1876,1.366001957136,1.37657581622558,-0.0105738590895821
0.1878,1.44167526782742,1.45193559538642,-0.0102603275590065
0.188,1.51754422291581,1.52732131484532,-0.00977709192951637
0.1882,1.59323741870899,1.60271965119656,-0.00948223248757363
0.1884,1.66874379361664,1.67812842880834,-0.0093846351917013
0.1886,1.74413622819878,1.75353879258128,-0.00940256438249776
0.1888,1.81919868868328,1.82892904791587,-0.00973035923258792
0.189,1.89412430478745,1.90430609165822,-0.0101817868707739
0.1892,1.96898366902746,1.97967313241838,-0.0106894633909171
0.1894,2.04361502236043,2.05497865625671,-0.0113636338962833
0.1896,2.11784325465099,2.13019896142966,-0.0123557067786697
0.1898,2.19177322285985,2.20538891209485,-0.0136156892349981
0.19,2.26581659845995,2.28051940907119,-0.0147028106112423
0.1902,2.33996620744228,2.35557761867709,-0.0156114112348069
0.1904,2.41434394233547,2.43060385645248,-0.0162599141170068
0.1906,2.48903999421539,2.50558062897584,-0.0165406347604575
0.1908,2.56363365901141,2.58051017406701,-0.0168765150555963
0.191,2.63817493385764,2.65537493632517,-0.0172000024675287
0.1912,2.71272584084615,2.73018498386492,-0.017459143018776
0.1914,2.78735821760668,2.80491763039308,-0.0175594127863934
0.1916,2.86218398763221,2.87963814830413,-0.0174541606719196
0.1918,2.93709337409284,2.95433042867999,-0.0172370545871554
0.192,3.01210241239201,3.02896519925311,-0.0168627868610938
0.1922,3.08737470808314,3.10359754693374,-0.0162228388506001
0.1924,3.16294318822213,3.17825705687351,-0.0153138686513734
0.1926,3.23880020304537,3.25298074600701,-0.0141805429616326
0.1928,3.31460813502631,3.3276991121217,-0.01309097709539
0.193,3.39033659813807,3.40247039572675,-0.0121337975886862
0.1932,3.4662529407565,3.47730963816459,-0.0110566974080886
0.1934,3.54219621685877,3.5522644299284,-0.0100682130696348
0.1936,3.61832281139931,3.62738733552201,-0.00906452412269809
0.1938,3.69448619362207,3.70265023177492,-0.00816403815285183
0.194,3.770685410404,3.77791336523196,-0.00722795482796101
0.1942,3.84665963180011,3.85316864314001,-0.00650901133989645
0.1944,3.9223239334591,3.92846735720161,-0.00614342374250931
0.1946,3.99789485535531,4.00378671284805,-0.00589185749273646
0.1948,4.07320074607709,4.07912389020173,-0.00592314412464034
0.195,4.1481879504122,4.15444698235105,-0.00625903193885247
0.1952,4.22280178791316,4.22980263898923,-0.00700085107607862
0.1954,4.29703044924427,4.30515162079825,-0.00812117155398351
0.1956,4.37132110474601,4.38048739286041,-0.00916628811440567
0.1958,4.44573627587068,4.45583572549277,-0.0100994496220883
0.196,4.52024482085927,4.53119096127238,-0.0109461404131128
0.1962,4.59494558892788,4.60657078501451,-0.0116251960866336
0.1964,4.66954939155244,4.68196033823951,-0.0124109466870683
0.1966,4.74412455163046,4.75735897408773,-0.0132344224572618
0.1968,4.81871098224841,4.83276376434917,-0.0140527821007534
0.197,4.89342365023671,4.90817128389701,-0.0147476336603027
0.1972,4.96841432241061,4.98357022631842,-0.0151559039078091
0.1974,5.04342015283741,5.05895355913985,-0.0155334063024393
0.1976,5.11848935326999,5.1343572269924,-0.0158678737224065
0.1978,5.19373117683703,5.20976581231957,-0.0160346354825407
0.198,5.26931450769487,5.28512986648869,-0.0158153587938159
0.1982,5.3451077286907,5.36047171566093,-0.0153639869702289
0.1984,5.42105916366866,5.43578444449032,-0.0147252808216622
0.1986,5.49692004303972,5.51105651150581,-0.0141364684660994
0.1988,5.57284043056715,5.58624704219437,-0.0134066116272207
0.199,5.64867291816164,5.66134862213047,-0.0126757039688261
0.1992,5.72461012798106,5.7364105074356,-0.0118003794545345
0.1994,5.8003556987083,5.81134937194267,-0.0109936732343687
0.1996,5.87556802713084,5.88622198848651,-0.0106539613556667
0.1998,5.9506305070104,5.96105706029846,-0.0104265532880605
0.2,6.02537660533538,6.03578175191277,-0.010405146577388
0.2002,6.09996819406408,6.11047403873396,-0.0105058446698836
0.2004,6.17449639939927,6.1851999016265,-0.0107035022272317
0.2006,6.24884550754405,6.25991103082523,-0.0110655232811805
0.2008,0.0396698726823823,0.0514026854350505,-0.0117328127526682
0.201,0.113817814863365,0.126134349718723,-0.0123165348553579
0.2012,0.188167172045498,0.200947449725852,-0.0127802776803533
0.2014,0.262628806533181,0.275742994304559,-0.0131141877713778
0.2016,0.337086424071158,0.3505098541468,-0.013423430075642
0.2018,0.411480434298639,0.425321691269016,-0.0138412569703775
0.202,0.485719971331354,0.500198074164674,-0.0144781028333202
0.2022,0.560113842748916,0.575126775164337,-0.0150129324154216
0.2024,0.634796446051958,0.650092394724849,-0.0152959486728909
0.2026,0.70978211011702,0.725147534104177,-0.0153654239871565
0.2028,0.785216047050149,0.800286935541958,-0.0150708884918083
0.203,0.86074531502784,0.875457684518759,-0.0147123694909191
0.2032,0.936383134700298,0.950613112154519,-0.0142299774542207
0.2034,1.01218897602779,1.02580449462597,-0.0136155185981826
0.2036,1.08828159726387,1.10103890201172,-0.0127573047478475
0.2038,1.16438097938945,1.17630785232908,-0.0119268729396333
0.204,1.24040558425035,1.25162219807979,-0.0112166138294385
0.2042,1.31627615593928,1.32695311761212,-0.0106769616728415
0.2044,1.39222156110945,1.40231311421689,-0.010091553107445
0.2046,1.46813742056036,1.47768804371374,-0.00955062315337729
0.2048,1.54418053952994,1.55307889346597,-0.00889835393603011
0.205,1.62008417676229,1.62847718653431,-0.00839300977202329
0.2052,1.69578963917025,1.70387046994557,-0.00808083077531574
0.2054,1.77127325806422,1.7792487873572,-0.00797552929298484
0.2056,1.84626454214993,1.85459723401994,-0.00833269187001062
0.2058,1.92097957567587,1.92991450195278,-0.00893492627690584
0.206,1.99552781592632,2.00519610530528,-0.00966828937895814
0.2062,2.06979812702291,2.08044553269279,-0.0106474056698751
0.2064,2.14373071416786,2.15562186374567,-0.0118911495778136
0.2066,2.21735886587588,2.23075353502615,-0.0133946691502755
0.2068,2.29114090643332,2.30590121085308,-0.0147603044197577
0.207,2.36514129409224,2.38098790938915,-0.0158466152969159
0.2072,2.43931693808848,2.45604554819008,-0.0167286101015978
0.2074,2.51386982974887,2.53109496114176,-0.0172251313928911
0.2076,2.58850192383331,2.6060902699886,-0.0175883461552906
0.2078,2.66317533331049,2.68108889300419,-0.0179135596937026
0.208,2.7380449332448,2.75605826062144,-0.0180133273766439
0.2082,2.81297904254461,2.83093374412096,-0.017954701576357
0.2084,2.88783399646697,2.90579465112215,-0.0179606546551847
0.2086,2.96282683573359,2.9806489529413,-0.0178221172077171
0.2088,3.03796398218105,3.05544574135092,-0.0174817591698662
0.209,3.11322678222584,3.13021859227486,-0.0169918100490167
0.2092,3.18876431616433,3.20496642638196,-0.0162021102176242
0.2094,3.26439279902321,3.27975293585007,-0.0153601368268514
0.2096,3.34021441927441,3.35457763973729,-0.0143632204628812
0.2098,3.41600983093034,3.42939224188018,-0.0133824109498399
0.21,3.49193895874971,3.50423917015467,-0.0123002114049555
0.2102,3.56785615791382,3.57906691965911,-0.0112107617452861
0.2104,3.64387463265956,3.65391213827543,-0.0100375056158732
0.2106,3.71987083039316,3.72884046972808,-0.00896963933491568
0.2108,3.7958113203988,3.80382570956883,-0.00801438917002661
0.211,3.8714455409871,3.8788357055823,-0.00739016459519126
0.2112,3.94714575124982,3.95393524574034,-0.00678949449051514
0.2114,4.02276488077324,4.02909830067938,-0.00633341990613268
0.2116,4.09807653182642,4.10434198449765,-0.00626545267123113
0.2118,4.17310866379218,4.17961685315481,-0.00650818936263597
0.212,4.24771051211812,4.25491867026738,-0.00720815814926201
0.2122,4.32220379440678,4.33028552063887,-0.00808172623208936
0.2124,4.39672557601767,4.40566973383583,-0.00894415781816083
0.2126,4.47133852942607,4.48106407746486,-0.00972554803879433
0.2128,4.54610020742591,4.55646138524055,-0.01036117781464
0.213,4.62101558175754,4.63185641520561,-0.0108408334480714
0.2132,4.69587573172539,4.70725481272701,-0.0113790810016239
0.2134,4.77076713757885,4.78265247993231,-0.0118853423534659
0.2136,4.84585122795466,4.85805005275806,-0.0121988248033986
0.2138,4.92098453693222,4.93343479492715,-0.0124502579949359
0.214,4.99596019061446,5.00882009324081,-0.0128599026263441
0.2142,5.07109113279512,5.08419185739903,-0.0131007246039081
0.2144,5.14634417914077,5.15950642184002,-0.0131622426992442
0.2146,5.22168870220361,5.23481515685758,-0.0131264546539711
0.2148,5.29745976691437,5.31010742037584,-0.0126476534614648
0.215,5.37329530699843,5.38534632514798,-0.0120510181495472
0.2152,5.4492216041718,5.46053877061425,-0.0113171664424447
0.2154,5.5250360850542,5.53567314863542,-0.0106370635812265
0.2156,5.60089338526926,5.61075346665789,-0.00986008138863337
0.2158,5.67661231538377,5.68576931441575,-0.00915699903197886
0.216,5.75211663325882,5.76075314182724,-0.00863650856842035
0.2162,5.82712954562593,5.83572269993031,-0.0085931543043829
0.2164,5.90199817143385,5.91064099473603,-0.00864282330217936
0.2166,5.97674969416683,5.98555659754188,-0.00880690337504486
0.2168,6.05120774727799,6.06041615533179,-0.00920840805379974
0.217,6.12556219202623,6.13523439746395,-0.00967220543772207
0.2172,6.19976005952972,6.21003243057743,-0.0102723710477051
0.2174,6.27374730790902,0.00164569669739717,-0.0110836959679634
0.2176,0.0644117336298455,0.076346054694622,-0.0119343210647764
0.2178,0.138010689035006,0.150972172060883,-0.0129614830258768
0.218,0.211742372832212,0.225627122817909,-0.0138847499856975
0.2182,0.285661706503742,0.300344573500972,-0.0146828669972304
0.2184,0.359741313349922,0.375165690542396,-0.0154243771924743
0.2186,0.434205532649943,0.450111929338751,-0.0159063966888076
0.2188,0.508764273391384,0.525079152487599,-0.0163148790962144
0.219,0.583372905694581,0.600085031552366,-0.0167121258577854
0.2192,0.658185752292872,0.675112164692622,-0.0169264123997498
0.2194,0.733285000276242,0.750161807662263,-0.0168768073860207
0.2196,0.808539354962301,0.825248054495682,-0.0167086995333805
0.2198,0.883930907206806,0.900384936838763,-0.0164540296319579
0.22,0.959379932339525,0.975574990823445,-0.0161950584839198
0.2202,1.03485237233839,1.05078716588572,-0.0159347935473333
0.2204,1.1105098349114,1.12605977360624,-0.0155499386948443
0.2206,1.18620884775023,1.20136690764196,-0.0151580598917351
0.2208,1.26208359234256,1.27671932635077,-0.0146357340082128
0.221,1.3379167884186,1.3521000695418,-0.0141832811232001
0.2212,1.41385007723978,1.42750227508065,-0.0136521978408728
0.2214,1.48973376710316,1.50291163313425,-0.0131778660310882
0.2216,1.5657103323571,1.57831333418122,-0.012603001824123
0.2218,1.64150386587841,1.65370281718617,-0.0121989513077645
0.222,1.71708478000708,1.72907280537354,-0.0119880253664673
0.2222,1.79243654046104,1.80443375125013,-0.0119972107890978
0.2224,1.86776072997385,1.87979045020039,-0.0120297202265434
0.2226,1.9428640218447,1.95512473168294,-0.0122607098382446
0.2228,2.01774577392024,2.03042671600025,-0.0126809420800105
0.223,2.09241916988465,2.10572900966126,-0.0133098397766069
0.2232,2.16716716767151,2.18105816865179,-0.0138910009802813
0.2234,2.24192902538972,2.25629843685924,-0.0143694114695232
0.2236,2.31660023573856,2.33148257959705,-0.0148823438584826
0.2238,2.39136416651911,2.40664752052131,-0.0152833540022024
0.224,2.46636310613644,2.48175438311213,-0.0153912769756928
0.2242,2.54157871926971,2.55686816637968,-0.0152894471099696
0.2244,2.61674004922161,2.63190639425314,-0.0151663450315351
0.2246,2.69188623148073,2.70691901399691,-0.0150327825161756
0.2248,2.7671577710299,2.78196603953521,-0.0148082685053135
0.225,2.84263339986269,2.85703805599027,-0.0144046561275748
0.2252,2.91811814857381,2.93206850977688,-0.0139503612030722
0.2254,2.9936004102588,3.00707031368682,-0.0134699034280201
0.2256,3.06928661638178,3.0820880202648,-0.0128014038830191
0.2258,3.14523223967882,3.15711083116433,-0.0118785914855133
0.226,3.22141160374745,3.23212473054096,-0.0107131267935143
0.2262,3.29745699560988,3.30706091589346,-0.00960392028357937
0.2264,3.37332885342553,3.381964554599,-0.00863570117346946
0.2266,3.44905224355465,3.45682884804332,-0.00777660448867756
0.2268,3.52474687837498,3.53169827570331,-0.00695139732833239
0.227,3.60034402347256,3.60657606633191,-0.00623204285934875
0.2272,3.67578642425129,3.68137296254094,-0.00558653828964495
0.2274,3.75078228414965,3.75615517412208,-0.0053728899724268
0.2276,3.82565242295396,3.83101677269421,-0.0053643497402498
0.2278,3.90038056935346,3.90591347376564,-0.00553290441218124
0.228,3.97513063358325,3.98083191855681,-0.00570128497356182
0.2282,4.049765400084,4.05579872582092,-0.00603332573691961
0.2284,4.12422330122962,4.13082929004425,-0.00660598881463592
0.2286,4.19839898003452,4.20594764317663,-0.00754866314211355
0.2288,4.27235908872488,4.28110056256958,-0.00874147384469648
0.229,4.3464335352214,4.35632970282305,-0.00989616760164491
0.2292,4.4205538093815,4.43161539661138,-0.0110615872298867
0.2294,4.49482223540542,4.50694556313707,-0.0121233277316497
0.2296,4.56936255636735,4.58231394030267,-0.0129513839353201
0.2298,4.64381577419366,4.6577001683959,-0.0138843942022424
0.23,4.71830840403952,4.73309676463311,-0.0147883605935943
0.2302,4.79291326731187,4.80848611599427,-0.0155728486824041
0.2304,4.8676809418741,4.88385610289821,-0.0161751610241145
0.2306,4.94261965785592,4.95919102187043,-0.01657136401451
0.2308,5.01759645558853,5.0344888730065,-0.0168924174179734
0.231,5.09263930501958,5.10975311887337,-0.0171138138537925
0.2312,5.16773280471896,5.18493909786141,-0.0172062931424435
0.2314,5.24289800790122,5.26006479760044,-0.0171667896992238
0.2316,5.31847269501317,5.33514813522221,-0.0166754402090481
0.2318,5.39408791414567,5.41019327756005,-0.0161053634143791
0.232,5.46963882366389,5.4852171782683,-0.0155783546044104
0.2322,5.54511048131664,5.56020718828359,-0.0150967069669541
0.2324,5.62060633202748,5.63517806638627,-0.0145717343587926
0.2326,5.69605517216669,5.71010066018672,-0.0140454880200336
0.2328,5.77141311822664,5.78499818162086,-0.0135850633942178
0.233,5.84640981313496,5.85986820297528,-0.0134583898403129
0.2332,5.92139913229215,5.93474078703967,-0.0133416547475198
0.2334,5.99634867651302,6.00964590505787,-0.0132972285448485
0.2336,6.07138379505387,6.08455936223421,-0.0131755671803431
0.2338,6.14633283782515,6.15949437667886,-0.0131615388537085
0.234,6.22110995453714,6.23439760597635,-0.0132876514392111
0.2342,0.0124143865272783,0.0261483731540318,-0.0137339866267535
0.2344,0.0870789273290375,0.101174933551895,-0.0140960062228572
0.2346,0.161835733268771,0.176181653222147,-0.0143459199533759
0.2348,0.236528246240657,0.251158770735819,-0.0146305244951617
0.235,0.311311892183368,0.326167258242827,-0.0148553660594599
0.2352,0.386317939089801,0.401171473048886,-0.0148535339590851
0.2354,0.461523650646261,0.476211937534604,-0.0146882868883425
0.2356,0.536633736393379,0.5512613646646,-0.0146276282712204
0.2358,0.611640818832611,0.626341118764313,-0.0147002999317022
0.236,0.686670112469958,0.70142897680491,-0.0147588643349512
0.2362,0.761815721115323,0.776568572122964,-0.0147528510076405
0.2364,0.836987231488906,0.851734674642499,-0.0147474431535934
0.2366,0.912218682190798,0.926898502086841,-0.0146798198960432
0.2368,0.987307759907212,1.00207330007183,-0.0147655401646215
0.237,1.06247071184638,1.07728111465446,-0.0148104028080809
0.2372,1.1380106079369,1.15254643407385,-0.0145358261369468
0.2374,1.21354481487576,1.22783561973017,-0.0142908048544113
0.2376,1.28908861294927,1.30314621639611,-0.0140576034468323
0.2378,1.36486163420932,1.37847155688255,-0.0136099226732276
0.238,1.44068823312696,1.4538225886079,-0.013134355480934
0.2382,1.51672007539179,1.52920419052824,-0.012484115136455
0.2384,1.592641597168,1.60460256963018,-0.0119609724621836
0.2386,1.66845984656432,1.68001753174089,-0.0115576851765684
0.2388,1.74420113840722,1.75543791970795,-0.0112367813007255
0.239,1.81973092046368,1.83083593636067,-0.0111050158969936
0.2392,1.89520935584535,1.90622916285694,-0.0110198070115899
0.2394,1.9704824537442,1.98162624567659,-0.0111437919323947
0.2396,2.04545432545198,2.05698012530141,-0.0115257998494247
0.2398,2.1200000712087,2.1322243490869,-0.0122242778782011
0.24,2.19420479327672,2.2074133885262,-0.0132085952494752
0.2402,2.26843454362348,2.28253862212787,-0.0141040785043893
0.2404,2.34264089261241,2.35758309517312,-0.0149422025607091
0.2406,2.41687093501958,2.43259262815494,-0.0157216931353616
0.2408,2.49124103686994,2.50749121716853,-0.0162501802985919
0.241,2.56546829871193,2.58234074617116,-0.0168724474592308
0.2412,2.63968341038859,2.65714533209092,-0.0174619217023309
0.2414,2.71402390769215,2.73189507713161,-0.0178711694394642
0.2416,2.78858749043191,2.80656992180418,-0.0179824313722747
0.2418,2.86345133342736,2.88125898514206,-0.0178076517146941
0.242,2.93844864323177,2.95593766889935,-0.0174890256675786
0.2422,3.01355390395678,3.03058282564514,-0.0170289216883677
0.2424,3.08905560405074,3.10524220772539,-0.0161866036746443
0.2426,3.1648520925378,3.17990807135842,-0.0150559788206115
0.2428,3.24088456340339,3.25463543045798,-0.0137508670545854
0.243,3.31685039251765,3.32940070421049,-0.0125503116928454
0.2432,3.39274439975758,3.40419896430041,-0.0114545645428326
0.2434,3.46854490672279,3.47903015019667,-0.0104852434738785
0.2436,3.54431407593206,3.55389493145841,-0.00958085552634591
0.2438,3.62020314917309,3.62885588161015,-0.00865273243706444
0.244,3.69591929361644,3.70389854317559,-0.00797924955914597
0.2442,3.77145092557916,3.77896712699027,-0.00751620141111653
0.2444,3.84685311815606,3.85405384805934,-0.00720072990328058
0.2446,3.92204304841177,3.929201168581,-0.00715812016922968
0.2448,3.9972109873498,4.00439124304054,-0.00718025569073522
0.245,4.07219883865799,4.07962749275505,-0.00742865409705562
0.2452,4.14690403260139,4.15489532867723,-0.0079912960758417
0.2454,4.22121241286659,4.23021444469979,-0.00900203183320158
0.2456,4.29523304937422,4.30553948767118,-0.0103064382969578
0.2458,4.36935134469834,4.38090306243439,-0.0115517177360553
0.246,4.44352787067479,4.4562874791224,-0.0127596084476016
0.2462,4.51781163677782,4.53167027048878,-0.0138586337109565
0.2464,4.59229668858126,4.60707276470866,-0.0147760761274061
0.2466,4.66664935082829,4.68247339246093,-0.0158240416326452
0.2468,4.74110667295795,4.75787169040655,-0.0167650174485985
0.247,4.81582035859421,4.83327574433325,-0.0174553857390372
0.2472,4.89082104621695,4.90868590266265,-0.017864856445704
0.2474,4.96625257744751,4.98408444799657,-0.0178318705490632
0.2476,5.04169611271952,5.05946189996835,-0.0177657872488286
0.2478,5.11715119165817,5.13485165222653,-0.0177004605683564
0.248,5.19250456903456,5.21022028928776,-0.0177157202532019
0.2482,5.26790193931954,5.2855478694524,-0.017645930132856
0.2484,5.34348850558746,5.3608410689442,-0.0173525633567451
0.2486,5.41913425976225,5.43605865676429,-0.0169243970020387
0.2488,5.49479635312371,5.51126168274206,-0.0164653296183568
0.249,5.57067928078875,5.58642529722439,-0.0157460164356413
0.2492,5.64658006404332,5.66157301537491,-0.0149929513315827
0.2494,5.72263057985763,5.736689852256,-0.0140592723983666
0.2496,5.79849183902466,5.81172529653911,-0.0132334575144526
0.2498,5.87378916260763,5.88662200259597,-0.0128328399883486
0.25,5.94884044895176,5.96143677233886,-0.012596323387104
0.2502,6.02363970209382,6.03618969919795,-0.0125499971041343
0.2504,6.0983832745351,6.11091302899208,-0.0125297544569802
0.2506,6.17292404828849,6.18564217391954,-0.0127181256310491
0.2508,6.24723841082232,6.2603553429583,-0.0131169321359765
0.251,0.0380810826976123,0.0517674211921457,-0.0136863384945334
0.2512,0.11179736972937,0.126327367638682,-0.0145299979093119
0.2514,0.185667677745396,0.200952515239528,-0.0152848374941317
0.2516,0.259785127592396,0.27560445938917,-0.0158193317967738
0.2518,0.33410892830376,0.350278684312199,-0.016169756008439
0.252,0.408676352579062,0.424972682781684,-0.0162963302026223
0.2522,0.483138479263669,0.499710195561747,-0.0165717162980772
0.2524,0.557569886510044,0.574473664389129,-0.0169037778790847
0.2526,0.632083171030631,0.649321123069038,-0.0172379520384063
0.2528,0.706867854375056,0.724253560195648,-0.0173857058205921
0.253,0.782088182174276,0.799274788223557,-0.0171866060492813
0.2532,0.85742570584427,0.87435559845393,-0.01692989260966
0.2534,0.933045868099663,0.949559176561534,-0.016513308461871
0.2536,1.00927035378795,1.02483696675214,-0.0155666129641858
0.2538,1.08565232605268,1.10012911509748,-0.0144767890447961
0.254,1.16195268125132,1.17544395174051,-0.0134912704891974
0.2542,1.23833175163555,1.250791262065,-0.0124595104294507
0.2544,1.31456186472792,1.32616228596056,-0.0116004212326404
0.2546,1.39077318578044,1.40155002452868,-0.0107768387482456
0.2548,1.4668252901784,1.47693901869326,-0.0101137285148598
0.255,1.54287870874381,1.55233515210338,-0.00945644335957274
0.2552,1.61870216870388,1.62773148438986,-0.00902931568597753
0.2554,1.69429567413887,1.70311515822484,-0.00881948408596989
0.2556,1.76970105349786,1.77848144121082,-0.00878038771296485
0.2558,1.84469592397349,1.85381601205196,-0.00912008807847231
0.256,1.91951496688919,1.92911456253976,-0.00959959565056767
0.2562,1.99426585591246,2.00438675213655,-0.0101208962240917
0.2564,2.06888139334649,2.07966234385478,-0.0107809505082876
0.2566,2.14323271620402,2.15489438950402,-0.0116616733000008
0.2568,2.21762976356375,2.23010290627924,-0.0124731427154816
0.257,2.29205798028414,2.30532416856044,-0.0132661882762934
0.2572,2.3664815849035,2.38046622283401,-0.0139846379305069
0.2574,2.44094201321264,2.45558565456896,-0.0146436413563205
0.2576,2.51567870893489,2.53075372132867,-0.0150750123937784
0.2578,2.59043790977877,2.60587194409027,-0.0154340343115038
0.258,2.66521787362243,2.68095713756961,-0.0157392639471756
0.2582,2.74014575067641,2.7559942746294,-0.0158485239529913
0.2584,2.8151057012807,2.83089267477662,-0.0157869734959206
0.2586,2.88993468285976,2.9057341912655,-0.0157995084057427
0.2588,2.9648712175205,2.98054248144036,-0.0156712639198595
0.259,3.03995926766311,3.05524814562428,-0.0152888779611629
0.2592,3.11499682265098,3.1298506134371,-0.0148537907861228
0.2594,3.1900934019872,3.20443565548357,-0.0143422534963684
0.2596,3.26538149007807,3.27906482040767,-0.0136833303295982
0.2598,3.34079850615603,3.35373186133911,-0.0129333551830784
0.26,3.41619455236633,3.42843018831134,-0.012235635945006
0.2602,3.49173078316219,3.50317460778237,-0.0114438246201813
0.2604,3.56724854342515,3.57794221619319,-0.0106936727680367
0.2606,3.64287734535972,3.65279478251629,-0.00991743715656845
0.2608,3.7183618219565,3.72770342574564,-0.00934160378913651
0.261,3.79368863894097,3.80266360026223,-0.00897496132125442
0.2612,3.86887267742891,3.87765516301641,-0.00878248558750405
0.2614,3.94364801558191,3.95266105854777,-0.00901304296586236
0.2616,4.0182155539674,4.02772788091042,-0.00951232694301929
0.2618,4.09267601439296,4.10287354894747,-0.0101975345545178
0.262,4.16698935673598,4.17805694098138,-0.0110675842454047
0.2622,4.24107509829161,4.25331604273189,-0.0122409444402845
0.2624,4.31490262128604,4.32860600995062,-0.0137033886645828
0.2626,4.38891118373322,4.40390961862303,-0.014998434889808
0.2628,4.46314396356242,4.47926598110416,-0.0161220175417407
0.263,4.53752972482594,4.55464613658695,-0.0171164117610099
0.2632,4.61225378362725,4.63004121179368,-0.0177874281664376
0.2634,4.68701944190732,4.70544167136422,-0.0184222294568963
0.2636,4.76180169879143,4.78083434881573,-0.0190326500242968
0.2638,4.83676870134981,4.85620513564637,-0.0194364342965647
0.264,4.9119752533355,4.93155120192341,-0.0195759485879146
0.2642,4.98760922071839,5.00688593423966,-0.0192767135212621
0.2644,5.06333908456664,5.08219673848882,-0.0188576539221836
0.2646,5.13905539682741,5.15745420457962,-0.0183988077522041
0.2648,5.21479450234484,5.23270627790477,-0.0179117755599272
0.265,5.29092127523665,5.30792957570558,-0.017008300468925
0.2652,5.36708431680771,5.38313050349268,-0.0160461866849735
0.2654,5.44331890392402,5.45826827498655,-0.0149493710625306
0.2656,5.51942724937502,5.53332658568697,-0.0138993363119519
0.2658,5.59557518878694,5.60833527841458,-0.0127600896276432
0.266,5.67160676684732,5.68330743781664,-0.0117006709693204
0.2662,5.74764793820666,5.75830678807815,-0.0106588498714961
0.2664,5.82343124768736,5.83330817444042,-0.00987692675306029
0.2666,5.89896039311003,5.90830040056352,-0.00934000745348307
0.2668,5.97425667556628,5.98326701603979,-0.00901034047351157
0.267,6.04916486420232,6.05815542099885,-0.00899055679653848
0.2672,6.12387406523541,6.1330137735957,-0.00913970836029421
0.2674,6.19833529756675,6.20783013388076,-0.00949483631401815
0.2676,6.27250539686354,6.28264871029703,-0.0101433134334963
0.2678,0.0632785260182009,0.0743193244057884,-0.0110407983875875
0.268,0.137392039774259,0.14917436209289,-0.0117823223186309
0.2682,0.211626643938441,0.224007214568929,-0.0123805706304875
0.2684,0.285936068826782,0.298824518747314,-0.0128884499205322
0.2686,0.360334495347354,0.373659723710761,-0.0133252283634064
0.2688,0.4350340474051,0.448591006453756,-0.0135569590486553
0.269,0.509723453903962,0.523555917041129,-0.0138324631371664
0.2692,0.584386419919163,0.598537069279944,-0.014150649360781
0.2694,0.659224724943604,0.673523575277894,-0.0142988503342895
0.2696,0.734152527109611,0.748516198986654,-0.0143636718770428
0.2698,0.808991919450341,0.82354254378737,-0.0145506243370291
0.27,0.884050067118485,0.898606025850631,-0.0145559587321459
0.2702,0.959259241136283,0.973679621853705,-0.0144203807174222
0.2704,1.03454074566681,1.04879889216409,-0.0142581464972868
0.2706,1.10999991146005,1.12400143616893,-0.0140015247088883
0.2708,1.18543530476561,1.19925390036011,-0.0138185955944934
0.271,1.26097199271039,1.27456059152643,-0.0135885988160398
0.2712,1.33644662559826,1.34991043201158,-0.0134638064133195
0.2714,1.41205602548779,1.42529638187833,-0.0132403563905348
0.2716,1.48764658735939,1.50069825182927,-0.0130516644698777
0.2718,1.56331458060834,1.5760976660614,-0.0127830854530624
0.272,1.63877027721274,1.65149427634739,-0.0127239991346513
0.2722,1.7140606679679,1.72688278407821,-0.0128221161103066
0.2724,1.78924760264204,1.80226906937626,-0.0130214667342243
0.2726,1.86456026548468,1.87765070188652,-0.0130904364018383
0.2728,1.93975828711191,1.95300229174624,-0.0132440046343303
0.273,2.01464079186013,2.0283084275803,-0.0136676357201688
0.2732,2.08918010223046,2.10358392212044,-0.0144038198899801
0.2734,2.16345768524432,2.17884044589058,-0.0153827606462595
0.2736,2.23780770780416,2.25401038381258,-0.0162026760084193
0.2738,2.3121742550943,2.32912462863077,-0.0169503735364667
0.274,2.38654164347276,2.40415131312519,-0.0176096696524297
0.2742,2.46099299255369,2.47907307198775,-0.0180800794340565
0.2744,2.53577434027024,2.55398692435713,-0.0182125840868834
0.2746,2.61060866034474,2.62883305150574,-0.0182243911609974
0.2748,2.68547889735857,2.70363844248572,-0.0181595451271477
0.275,2.76051607267215,2.77845954085194,-0.0179434681797845
0.2752,2.83576850505005,2.8533166940522,-0.0175481890021487
0.2754,2.91107862636684,2.92816564802008,-0.0170870216532384
0.2756,2.98644407508025,3.00299016940967,-0.0165460943294256
0.2758,3.06183622345433,3.07780337619061,-0.0159671527362817
0.276,3.13725334221331,3.15264618364288,-0.0153928414295712
0.2762,3.21292496610254,3.22747717791222,-0.014552211809681
0.2764,3.28854750596691,3.30229116321143,-0.0137436572445226
0.2766,3.36423973629008,3.37712850049151,-0.0128887642014255
0.2768,3.4398543947575,3.45194604167893,-0.0120916469214323
0.277,3.51548850342453,3.52679030413026,-0.0113018007057279
0.2772,3.5910776037265,3.60166104756669,-0.0105834438401926
0.2774,3.66653667873389,3.67651315503469,-0.00997647630079301
0.2776,3.74156611704895,3.7513849083076,-0.00981879125865381
0.2778,3.81651069882558,3.82632765323673,-0.00981695441114772
0.278,3.89139313296729,3.90135907448323,-0.00996594151593566
0.2782,3.96639332885802,3.97643430911021,-0.0100409802521866
0.2784,4.04128389268675,4.0515498524133,-0.0102659597265529
0.2786,4.1158968697863,4.12670141344374,-0.010804543657434
0.2788,4.19021741991006,4.20188237721032,-0.0116649573002645
0.279,4.26432032796722,4.27707726475418,-0.0127569367869551
0.2792,4.33853668326737,4.35233758098681,-0.0138008977194382
0.2794,4.41281506541651,4.42763018448378,-0.0148151190672685
0.2796,4.48726276333797,4.50295464799243,-0.0156918846544603
0.2798,4.56198798652106,4.57831243821054,-0.0163244516894778
0.28,4.63697504301881,4.65369174036678,-0.0167166973479675
0.2802,4.71194990613071,4.72908710629035,-0.0171372001596373
0.2804,4.78693201518978,4.80448489840116,-0.0175528832113807
0.2806,4.86204974367521,4.87987543526632,-0.017825691591109
0.2808,4.93715245771464,4.95523537584131,-0.0180829181266704
0.281,5.01204848209762,5.03056467240987,-0.0185161903122477
0.2812,5.0870611869134,5.10586700295426,-0.0188058160408628
0.2814,5.16214824012763,5.18109261906084,-0.0189443789332033
0.2816,5.23727720877318,5.25625459276358,-0.0189773839903964
0.2818,5.31278857362582,5.33137065402383,-0.0185820803980103
0.282,5.38834618134555,5.40643173280164,-0.0180855514560907
0.2822,5.4640212613129,5.4814479394474,-0.0174266781344974
0.2824,5.53965173221883,5.55642420842011,-0.0167724762012762
0.2826,5.61531753303809,5.63136536035326,-0.0160478273151741
0.2828,5.69093350415311,5.70620523955938,-0.0152717354062757
0.283,5.76640526969368,5.78103415702006,-0.0146288873263742
0.2832,5.84176917460511,5.85585715988447,-0.0140879852793585
0.2834,5.91702300263677,5.93063485847212,-0.013611855835344
0.2836,5.99211665912609,6.00544560970529,-0.0133289505791909
0.2838,6.06730568865004,6.08028732984512,-0.0129816411950801
0.284,6.14244803194169,6.15516883248827,-0.0127208005465764
0.2842,6.2174112818512,6.23002455140887,-0.0126132695576677
0.2844,0.00885173244399073,0.021709240875486,-0.0128575084314952
0.2846,0.0835923871817811,0.096584329361144,-0.0129919421793629
0.2848,0.158377660260833,0.171449457387036,-0.0130717971262031
0.285,0.233072261579369,0.246313910852208,-0.0132416492728384
0.2852,0.307849189895413,0.321227949036416,-0.0133787591410023
0.2854,0.382842246936909,0.396105814411788,-0.0132635674748793
0.2856,0.457652523668942,0.470977604220797,-0.0133250805518547
0.2858,0.532378910824077,0.545883671469312,-0.0135047606452359
0.286,0.607112026686309,0.620837370450523,-0.0137253437642146
0.2862,0.68195416490066,0.695837705405221,-0.0138835405045612
0.2864,0.756962020886393,0.770930391399585,-0.0139683705131929
0.2866,0.832019381257846,0.846051527387132,-0.0140321461292866
0.2868,0.907131506200331,0.921176261562069,-0.0140447553617377
0.287,0.982002013386194,0.996326932637285,-0.014324919251091
0.2872,1.05690921345625,1.07151281878412,-0.0146036053278717
0.2874,1.13224567467953,1.14676006569153,-0.0145143910119923
0.2876,1.20764078373329,1.22204779438655,-0.0144070106532561
0.2878,1.28315239548284,1.29736610021587,-0.0142137047330226
0.288,1.35887815007674,1.37269546670705,-0.0138173166303099
0.2882,1.43463626850446,1.44804946577669,-0.0134131972722362
0.2884,1.51059014782461,1.52343411152339,-0.0128439636987807
0.2886,1.58641958395432,1.59883189105609,-0.012412307101763
0.2888,1.66178618611245,1.67422985718971,-0.0124436710772553
0.289,1.73705008683235,1.7496138887866,-0.0125638019542449
0.2892,1.81220044416618,1.8249676442036,-0.0127672000374286
0.2894,1.88737780112298,1.90030954773668,-0.0129317466136942
0.2896,1.96238644556972,1.97563325731303,-0.0132468117433098
0.2898,2.03711618735964,2.05090025743391,-0.0137840700742702
0.29,2.11145587206952,2.12609415425658,-0.0146382821870663
0.2902,2.18591128278867,2.2012617429226,-0.0153504601339294
0.2904,2.26046406716419,2.27637293601962,-0.0159088688554347
0.2906,2.33499799810401,2.35145926405862,-0.0164612659546091
0.2908,2.40959710924598,2.42655165066771,-0.0169545414217303
0.291,2.48434275879606,2.50151947207622,-0.0171767132801559
0.2912,2.55888332710139,2.57642086147464,-0.0175375343732584
0.2914,2.63332404061874,2.65126930227873,-0.0179452616599964
0.2916,2.70783719694357,2.72606950389177,-0.0182323069482022
0.2918,2.78256583339721,2.80082629476146,-0.0182604613642492
0.292,2.85759951575397,2.87558995720755,-0.0179904414535792
0.2922,2.93275922857423,2.95032789483985,-0.0175686662656216
0.2924,3.00800529728561,3.02509179402961,-0.0170864967440019
0.2926,3.08362477917698,3.0999119558125,-0.0162871766355224
0.2928,3.15952293716628,3.17473540373476,-0.0152124665684772
0.293,3.23564376815136,3.24958763483359,-0.0139438666822254
0.2932,3.31167955047974,3.32440796782249,-0.0127284173427573
0.2934,3.38761417408071,3.39923095193457,-0.0116167778538632
0.2936,3.4634201701748,3.47406005003805,-0.0106398798632474
0.2938,3.53915798667395,3.548886513117,-0.00972852644304778
0.294,3.61454279804253,3.62370669729163,-0.00916389924909611
0.2942,3.68951903972775,3.69857271100039,-0.00905367127263634
0.2944,3.76412147669174,3.77343884234999,-0.00931736565824659
0.2946,3.83868648387362,3.84834359744407,-0.00965711357045596
0.2948,3.91315951411004,3.9233382325102,-0.0101787184001618
0.295,3.98770293325848,3.99838371265628,-0.0106807793978012
0.2952,4.0621700041724,4.0734914099315,-0.011321405759098
0.2954,4.13646880771271,4.14865967158612,-0.0121908638734096
0.2956,4.21048056023792,4.22391198073335,-0.0134314204954311
0.2958,4.28469579473165,4.29919791759773,-0.0145021228660864
0.296,4.3590742846531,4.37453108011508,-0.0154567954619846
0.2962,4.43348020480157,4.44989264790966,-0.0164124431080968
0.2964,4.50800508670869,4.52525677081342,-0.0172516841047292
0.2966,4.58276253181225,4.60064094972037,-0.0178784179081219
0.2968,4.65741994594764,4.67603345335741,-0.0186135074097669
0.297,4.73204812935599,4.75143078024161,-0.0193826508856141
0.2972,4.80673885457429,4.82682574209003,-0.0200868875157436
0.2974,4.88156756541178,4.90221421335341,-0.0206466479416312
0.2976,4.95661865358311,4.97758626310924,-0.0209676095261253
0.2978,5.03175380660665,5.05292752979019,-0.0211737231835381
0.298,5.10697034948521,5.12824122739524,-0.0212708779100304
0.2982,5.18241297561708,5.20350171092147,-0.0210887353043825
0.2984,5.25809733397275,5.27871360835489,-0.0206162743821423
0.2986,5.3340203899776,5.35388661141743,-0.0198662214398313
0.2988,5.40987651973683,5.42902226505769,-0.0191457453208574
0.299,5.48566350426231,5.50415654044155,-0.0184930361792475
0.2992,5.56163939305105,5.57925218961912,-0.0176127965680664
0.2994,5.63760623576946,5.65435235578884,-0.0167461200193788
0.2996,5.71364895402103,5.72943820505817,-0.0157892510371314
0.2998,5.78953242875363,5.80443059609369,-0.0148981673400552
0.3,5.86526648968161,5.8794107236184,-0.0141442339367899
0.3002,5.94087164306356,5.954341299293,-0.0134696562294341
0.3004,6.01622856807324,6.02922944540948,-0.0130008773362427
0.3006,6.09176912214708,6.10446536270641,-0.0126962405593343
0.3008,6.16880318596765,6.18088902725009,-0.0120858412824392
0.301,6.250712137218,6.25927531439851,-0.00856317718050903
0.3012,0.0582562983117008,0.0562049329220146,0.0020513653896862
0.3014,0.158283400091498,0.136596141921319,0.0216872581701786
0.3016,0.262491940572044,0.215504906583651,0.0469870339883929
0.3018,0.365558365939405,0.292311698191767,0.0732466677476386
0.302,0.468308782432686,0.367614075340325,0.100694707092361
0.3022,0.576218283537653,0.442112842929098,0.134105440608555
0.3024,0.692413250756909,0.51568012548126,0.176733125275649
0.3026,0.814166784196963,0.58772763054011,0.226439153656853
0.3028,0.935164559166781,0.657853571890568,0.277310987276213
0.303,1.04982366876542,0.726104204191738,0.323719464573678
0.3032,1.15680360473594,0.79300563731534,0.3637979674206
0.3034,1.25827187549402,0.859185488801707,0.399086386692308
0.3036,1.35554402269468,0.925063692601037,0.430480330093639
0.3038,1.44717463609819,0.990803618109453,0.456371017988733
0.304,1.53175415779054,1.05670758066618,0.475046577124363
0.3042,1.61072391144058,1.12322541762924,0.487498493811337
0.3044,1.68697313954079,1.19070297953256,0.496270160008233
0.3046,1.76165455858301,1.25927562652899,0.502378932054014
0.3048,1.83240262426547,1.32897450970135,0.503428114564119
0.305,1.89647379886851,1.39992302145844,0.496550777410075
0.3052,1.95320415131542,1.47232720572507,0.480876945590345
0.3054,2.0040792114475,1.54635199106375,0.457727220383756
0.3056,2.05128111612432,1.62205638610467,0.429224730019645
0.3058,2.09644530205482,1.69939100993301,0.397054292121808
0.306,2.1405101676223,1.77823233241402,0.362277835208279
0.3062,2.1836472916332,1.85844515698385,0.325202134649351
0.3064,2.22563316043255,1.93987209175951,0.285761068673042
0.3066,2.26729760474396,2.02226780340702,0.245029801336943
0.3068,2.30970737445042,2.10525265425893,0.204454720191485
0.307,2.35336247184543,2.1885577617096,0.164804710135835
0.3072,2.39815763063234,2.27186104086377,0.126296589768564
0.3074,2.444010696766,2.35471038727148,0.0893003094945124
0.3076,2.49125714609127,2.43670152924279,0.0545556168484755
0.3078,2.53966657466773,2.51767722622376,0.0219893484439777
0.308,2.58914763110008,2.59764377224165,-0.00849614114157005
0.3082,2.63932928492085,2.67656279291741,-0.0372335079965587
0.3084,2.68977453640819,2.75445296739856,-0.0646784309903667
0.3086,2.740728581693,2.8311858498075,-0.0904572681145055
0.3088,2.79192574811283,2.90664094506862,-0.114715196955787
0.309,2.84360419173183,2.98056410249968,-0.136959910767845
0.3092,2.89529887682803,3.05264999604999,-0.157351119221959
0.3094,2.94705413371041,3.12292279688112,-0.175868663170714
0.3096,2.99879872042722,3.1913477493455,-0.192549028918283
0.3098,3.05056487674781,3.25803681087574,-0.207471934127933
0.31,3.10258508958827,3.32300291618624,-0.220417826597969
0.3102,3.15485131437442,3.3862640151643,-0.231412700789886
0.3104,3.20748865908689,3.44801578298058,-0.240527123893687
0.3106,3.26083963105396,3.50845809069349,-0.247618459639523
0.3108,3.31454536184009,3.56765904438494,-0.253113682544847
0.311,3.36817745066897,3.62571020923553,-0.257532758566561
0.3112,3.42126050846627,3.68269143889072,-0.261430930424449
0.3114,3.47344997328993,3.73878828585579,-0.265338312565856
0.3116,3.52458495037898,3.7942838744461,-0.269698924067116
0.3118,3.57494235264334,3.84949870947325,-0.274556356829907
0.312,3.62488441756812,3.9046746605006,-0.279790242932483
0.3122,3.67459127919738,3.96005632901718,-0.285465049819797
0.3124,3.72396028932945,4.01581072412908,-0.291850434799631
0.3126,3.77281532887876,4.07215095402199,-0.299335625143224
0.3128,3.82150580534625,4.12938742209955,-0.307881616753302
0.313,3.87070074216394,4.18781729454446,-0.317116552380528
0.3132,3.92077234316671,4.24763267801878,-0.326860334852062
0.3134,3.97222959551216,4.30906453081145,-0.33683493529929
0.3136,4.02564231401793,4.37233368820321,-0.346691374185278
0.3138,4.08166127341518,4.43763071884006,-0.355969445424881
0.314,4.14032634938757,4.50511280852736,-0.364786459139794
0.3142,4.20172758441035,4.57491020304857,-0.373182618638219
0.3144,4.26563753699306,4.64705741603644,-0.381419879043376
0.3146,4.33126145858744,4.72157681301214,-0.390315354424695
0.3148,4.39811058457464,4.79845658102801,-0.400345996453362
0.315,4.46570838839541,4.87758958887281,-0.411881200477391
0.3152,4.53382519164385,4.95874141455009,-0.424916222906241
0.3154,4.60228544013829,5.04156399479562,-0.439278554657336
0.3156,4.67078408132275,5.12553932442918,-0.454755243106426
0.3158,4.73895585793809,5.21010378581516,-0.471147927877068
0.316,4.80634318647099,5.29464548905931,-0.488302302588322
0.3162,4.87306391092609,5.37842852345988,-0.505364612533793
0.3164,4.93963539203241,5.46104680600101,-0.521411413968595
0.3166,5.00633424644804,5.54178923096597,-0.535454984517926
0.3168,5.07319089945175,5.62010411363277,-0.54691321418102
0.317,5.14015187407443,5.69566244323969,-0.555510569165262
0.3172,5.20757389615026,5.76751380131769,-0.559939905167435
0.3174,5.27550215931447,5.8336209349105,-0.55811877559603
0.3176,5.34424186476085,5.89172246692595,-0.547480602165102
0.3178,5.41395356973769,5.94113111709318,-0.527177547355486
0.318,5.48442603590203,5.98477473432942,-0.500348698427395
0.3182,5.55574082956591,6.02785303551701,-0.472112205951104
0.3184,5.62804527008399,6.07333514117151,-0.445289871087516
0.3186,5.70134396716975,6.12044347266766,-0.419099505497912
0.3188,5.77534234574853,6.16734265011949,-0.392000304370956
0.319,5.85007326434252,6.21417659678729,-0.36410333244477
0.3192,5.92565971108257,6.26278029597535,-0.337120584892774
0.3194,6.00159730256319,0.0322479127526422,-0.31383591736904
0.3196,6.07796614806869,0.0903898427391589,-0.295609001850051
0.3198,6.15467738480113,0.153588431527572,-0.282096353906033
0.32,6.23136228472782,0.220625546575889,-0.272448569027654
0.3202,0.0249920032401718,0.290546533001873,-0.265554529761702
0.3204,0.102027695175791,0.363242375038917,-0.261214679863126
0.3206,0.17905628245713,0.438357494559086,-0.259301212101955
0.3208,0.256145998687851,0.514985242583552,-0.258839243895701
0.321,0.33334505075867,0.591955369044,-0.25861031828533
0.3212,0.410484315595997,0.66908502499165,-0.258600709395653
0.3214,0.488045116718019,0.74696090087283,-0.258915784154811
0.3216,0.565939278302572,0.825876910551972,-0.2599376322494
0.3218,0.644549453715309,0.905544898760201,-0.260995445044892
0.322,0.723620838176126,0.98529112818892,-0.261670290012794
0.3222,0.803146623651749,1.06456071369181,-0.261414090040064
0.3224,0.882957638530938,1.14306704308869,-0.260109404557753
0.3226,0.96329690300317,1.22082424893948,-0.257527345936313
0.3228,1.0442194621725,1.29799156780421,-0.253772105631718
0.323,1.12541301110465,1.37465735469393,-0.249244343589279
0.3232,1.20672169464392,1.45086698915585,-0.244145294511938
0.3234,1.28793725890552,1.52664212209729,-0.23870486319177
0.3236,1.36916015175783,1.60206530078137,-0.232905149023538
0.3238,1.45034935479793,1.67718196067853,-0.226832605880602
0.324,1.53127571546492,1.75204995655658,-0.220774241091662
0.3242,1.61204055133829,1.82674812606981,-0.21470757473152
0.3244,1.69260033832515,1.90131802561878,-0.208717687293628
0.3246,1.77281323842325,1.97560841287457,-0.20279517445132
0.3248,1.8527218516018,2.04945582001377,-0.196733968411968
0.325,1.93272184497327,2.12264797005948,-0.189926125086213
0.3252,2.01281941186266,2.19491663486649,-0.182097223003835
0.3254,2.09305110174018,2.26631071929522,-0.173259617555041
0.3256,2.1733794836337,2.33701916099217,-0.163639677358474
0.3258,2.25396825324782,2.40740272370708,-0.153434470459252
0.326,2.33482835544378,2.47759708063061,-0.142768725186829
0.3262,2.41609546560154,2.54775653051495,-0.13166106491341
0.3264,2.49764639646352,2.61808061715317,-0.12043422068965
0.3266,2.57972523848961,2.68868188294981,-0.108956644460203
0.3268,2.66197991571206,2.75968988519329,-0.0977099694812318
0.327,2.74431513549907,2.83109666315901,-0.0867815276599364
0.3272,2.82646254745236,2.90291926123321,-0.0764567137808485
0.3274,2.9088097697302,2.975567357459,-0.0667575877288002
0.3276,2.9911935755991,3.04905903365318,-0.0578654580540738
0.3278,3.07338308133947,3.12342576690334,-0.0500426855638612
0.328,3.15515230847965,3.19856417551711,-0.0434118670374621
0.3282,3.23656030630968,3.27440371685245,-0.0378434105427794
0.3284,3.31774070261246,3.35079556465884,-0.0330548620463813
0.3286,3.39885263076702,3.42761083080029,-0.0287582000332742
0.3288,3.47996798215324,3.50476627159652,-0.0247982894432841
0.329,3.56116211400672,3.5822154402895,-0.0210533262827846
0.3292,3.64234970702445,3.65985043929465,-0.017500732270209
0.3294,3.72346121596439,3.73757624984134,-0.0141150338769456
0.3296,3.80467549305968,3.81529840564773,-0.0106229125880462
0.3298,3.88604285683064,3.8929195269525,-0.00687667012186211
0.33,3.96778514603889,3.97054555723066,-0.00276041119177117
0.3302,4.04977252956554,4.04811274611943,0.00165978344611606
0.3304,4.13194798218206,4.12547080576405,0.0064771764180156
0.3306,4.21401729498649,4.20250941733548,0.0115078776510087
0.3308,4.29624824218134,4.27923724872777,0.0170109934535621
0.331,4.37852232017793,4.3558434570863,0.0226788630916346
0.3312,4.46072350186789,4.43235060251337,0.0283728993545189
0.3314,4.54300790928043,4.50866072547444,0.0343471838059868
0.3316,4.62502211367295,4.58467857715043,0.0403435365225153
0.3318,4.70669775467319,4.66039718881735,0.0463005658558417
0.332,4.78818081733656,4.73584363736783,0.0523371799687258
0.3322,4.86956810554093,4.81105290781423,0.0585151977266989
0.3324,4.95065612360042,4.88606314976618,0.0645929738342454
0.3326,5.03189805373189,4.96093625911957,0.0709617946123151
0.3328,5.11318692200138,5.03573965879763,0.0774472632037524
0.333,5.19434812160713,5.1104904996493,0.0838576219578258
0.3332,5.27547006242887,5.18527427924383,0.0901957831850346
0.3334,5.35642893697799,5.26012527124157,0.0963036657364196
0.3336,5.43709911756208,5.33503404055873,0.102065077003347
0.3338,5.51754932247797,5.41004005406894,0.107509268409028
0.334,5.59783176519804,5.48528064460594,0.112551120592095
0.3342,5.67804915959794,5.56086016882531,0.117188990772632
0.3344,5.75831501627211,5.63673933321132,0.121575683060788
0.3346,5.83855763926875,5.71281022076545,0.125747418503297
0.3348,5.91856854949295,5.78900547525654,0.129563074236406
0.335,5.99843817140977,5.8654051100296,0.133033061380171
0.3352,6.07839937842481,5.94220495236767,0.136194426057132
0.3354,6.15826122046686,6.01957756352274,0.138683656944114
0.3356,6.23809730165928,6.09735838500571,0.140738916653572
0.3358,0.0344505313693473,6.17549514431145,0.14214069423748
0.336,0.113919277249879,6.25405935457814,0.143045229851329
0.3362,0.193195567798906,0.0496041931379331,0.143591374660973
0.3364,0.272066221312197,0.128543089313793,0.143523131998404
0.3366,0.350891918834616,0.207738089018116,0.143153829816499
0.3368,0.429481672449612,0.286889491592312,0.142592180857301
0.337,0.507810353085125,0.365927530581289,0.141882822503836
0.3372,0.585962568175562,0.444940106449498,0.141022461726064
0.3374,0.663991300848111,0.523768152633972,0.140223148214139
0.3376,0.741663269050451,0.602293004920846,0.139370264129605
0.3378,0.818770058058915,0.680527250116816,0.1382428079421
0.338,0.895841715771894,0.758460161972214,0.13738155379968
0.3382,0.972709983101445,0.836062839639318,0.136647143462127
0.3384,1.04920319418344,0.913240377694621,0.135962816488818
0.3386,1.12542544552972,0.990018918771058,0.135406526758663
0.3388,1.20141555465984,1.06648420562526,0.134931349034585
0.339,1.27724336206743,1.14264314292816,0.134600219139269
0.3392,1.35298291454936,1.21850515956203,0.134477754987329
0.3394,1.4287887636879,1.29413349614066,0.134655267547241
0.3396,1.50461927295441,1.36960401180878,0.135015261145639
0.3398,1.58035875864,1.44500065977553,0.135358098864468
0.34,1.65609091091337,1.52037443314101,0.13571647777236
0.3402,1.73176829072713,1.59576728162584,0.136001009101298
0.3404,1.8071848900405,1.67124784806199,0.135937041978505
0.3406,1.88252308964649,1.74687364915236,0.135649440494126
0.3408,1.95772162544201,1.82266637224062,0.135055253201382
0.341,2.03295199214371,1.89869828284567,0.134253709298035
0.3412,2.10806661176277,1.97502504269151,0.133041569071251
0.3414,2.18282787006633,2.05163909148687,0.131188778579462
0.3416,2.25745051822089,2.12848319211152,0.128967326109374
0.3418,2.33179599403634,2.20561609034807,0.126179903688271
0.342,2.4058457586132,2.28306396575234,0.122781792860866
0.3422,2.47974869248484,2.36074835387063,0.119000338614205
0.3424,2.55355222144417,2.43859750336766,0.11495471807651
0.3426,2.62704307679489,2.51639320214221,0.110649874652681
0.3428,2.70002834598261,2.59414528348591,0.105883062496701
0.343,2.77304275095104,2.67196428854564,0.101078462405405
0.3432,2.84600170653106,2.74976410963613,0.0962375968949347
0.3434,2.91897330075687,2.82761202542379,0.0913612753330861
0.3436,2.99180447874475,2.90537055296862,0.086433925776134
0.3438,3.06437584823896,2.98308040428035,0.0812954439586075
0.344,3.1368206495492,3.06066245295072,0.0761581965984868
0.3442,3.20942419972504,3.13816327643957,0.0712609232854735
0.3444,3.28206003213567,3.21570239383247,0.0663576383032001
0.3446,3.35480297292442,3.29334057663567,0.0614623962887424
0.3448,3.42756590513641,3.37092781606737,0.0566380890690437
0.345,3.50025087276938,3.44843489319212,0.0518159795772615
0.3452,3.57297720744179,3.52582325220214,0.047153955239652
0.3454,3.64569406289303,3.6029551494678,0.0427389134252287
0.3456,3.71815066840975,3.67972223143829,0.0384284369714578
0.3458,3.79046247659753,3.75635248330281,0.0341099932947251
0.346,3.86291372791116,3.83283558503646,0.0300781428746992
0.3462,3.93554647841193,3.90905088017235,0.0264955982395794
0.3464,4.00813472043966,3.98502344079389,0.0231112796457698
0.3466,4.08047109967002,4.06067818867752,0.0197929109924981
0.3468,4.15305175267303,4.13614394037564,0.01690781229739
0.347,4.2259080178713,4.21148812141205,0.0144198964592563
0.3472,4.29872174412349,4.28678327731195,0.0119384668115368
0.3474,4.37165074369837,4.36206952552253,0.00958121817584168
0.3476,4.4447651543319,4.43729622263096,0.00746893170093532
0.3478,4.51777374034244,4.51248941125155,0.00528432909088927
0.348,4.59070392187459,4.58772100680209,0.00298291507249715
0.3482,4.6636286298498,4.66302841625981,0.000600213589990517
0.3484,4.73635782963926,4.73841734246219,-0.0020595128229326
0.3486,4.8090141904426,4.81388669142544,-0.00487250098283898
0.3488,4.88182068892886,4.88943972149971,-0.00761903257084651
0.349,4.95456390547457,4.96508013694966,-0.0105162314750853
0.3492,5.02736391154644,5.04079066902053,-0.0134267574740923
0.3494,5.10010856854486,5.11653095519269,-0.0164223866478368
0.3496,5.17265863249226,5.19233398666937,-0.0196753541771129
0.3498,5.24511082186253,5.26812256738995,-0.0230117455274188
0.35,5.31773428864728,5.34379851002611,-0.0260642213788298
0.3502,5.39041447776118,5.41940427801174,-0.0289898002505602
0.3504,5.46323788227128,5.49496442183877,-0.0317265395674911
0.3506,5.53612155655335,5.57035340380664,-0.0342318472532934
0.3508,5.60897810411442,5.64546792101415,-0.036489816899735
0.351,5.68195315328808,5.7203422711095,-0.0383891178214162
0.3512,5.7550093459631,5.79509264778891,-0.0400833018258133
0.3514,5.82816610985997,5.86994090496282,-0.0417747951028451
0.3516,5.90163454966605,5.94472871373812,-0.0430941640720697
0.3518,5.97507955514723,6.01930452569159,-0.044224970544354
0.352,6.04859712927882,6.09369397788513,-0.045096848606315
0.3522,6.12210035820419,6.16778843506667,-0.0456880768624748
0.3524,6.19553287427132,6.24183075550519,-0.0462978812338717
0.3526,6.26936055892948,0.0326339009685053,-0.0464586492186108
0.3528,0.0601643174751976,0.106558249739121,-0.046393932263923
0.353,0.134325850365786,0.180427639877777,-0.0461017895119906
0.3532,0.208416462823111,0.254079670633447,-0.0456632078103359
0.3534,0.282410217652509,0.327620003768214,-0.0452097861157053
0.3536,0.356121256770748,0.401102666078126,-0.0449814093073781
0.3538,0.429679350483087,0.474569409355727,-0.0448900588726396
0.354,0.503206144160916,0.548030709382167,-0.0448245652212503
0.3542,0.576497306033271,0.62162729957224,-0.0451299935389697
0.3544,0.649974025039456,0.695440776170274,-0.0454667511308176
0.3546,0.723504100486458,0.769286595121824,-0.0457824946353661
0.3548,0.79716372106032,0.843227254003472,-0.0460635329431526
0.355,0.870822395937802,0.917275171763566,-0.0464527758257647
0.3552,0.944377518510045,0.991417677293986,-0.047040158783941
0.3554,1.01797102053485,1.06573076741298,-0.0477597468781241
0.3556,1.09179641139032,1.14026133159651,-0.0484649202061851
0.3558,1.16561811585818,1.21499719886415,-0.0493790830059657
0.356,1.23941678841711,1.28990912597371,-0.0504923375566015
0.3562,1.31337997426075,1.36499098254733,-0.0516110082865862
0.3564,1.38737572221936,1.44021098930404,-0.0528352670846846
0.3566,1.46148358387031,1.51552595531581,-0.0540423714454932
0.3568,1.53565487909241,1.59091030371891,-0.0552554246264925
0.357,1.60964028403579,1.66632283195005,-0.0566825479142643
0.3572,1.68352737061254,1.74172505694255,-0.0581976863300082
0.3574,1.75757529759225,1.81712258697863,-0.0595472893863747
0.3576,1.831818178256,1.89251768560885,-0.060699507352854
0.3578,1.90604133618469,1.96783454333978,-0.06179320715509
0.358,1.98017067892218,2.0430115420115,-0.0628408630893227
0.3582,2.05454878851517,2.1180581391657,-0.0635093506505298
0.3584,2.12910982560893,2.19300119458301,-0.0638913689740841
0.3586,2.20357645973722,2.26773180114239,-0.0641553414051708
0.3588,2.27809204145411,2.34227218951485,-0.0641801480607418
0.359,2.3527157720441,2.41661968267388,-0.0639039106297878
0.3592,2.42718077392815,2.49080657817868,-0.0636258042505387
0.3594,2.50154895454805,2.56492732944643,-0.0633783748983734
0.3596,2.57591564682035,2.63880511952022,-0.0628894726998785
0.3598,2.65010593694657,2.71246354398044,-0.0623576070338716
0.36,2.7242621600797,2.78608225546053,-0.0618200953808303
0.3602,2.79861382492059,2.85972771562453,-0.0611138907039459
0.3604,2.87292345903909,2.93338314035639,-0.0604596813173086
0.3606,2.94726907329299,3.00695642150936,-0.0596873482163658
0.3608,3.02157039551795,3.08040620129883,-0.0588358057808764
0.361,3.09591682440994,3.15390668335582,-0.0579898589458874
0.3612,3.17062050887468,3.22741311984419,-0.0567926109695125
0.3614,3.24541185158052,3.30097270053255,-0.0555608489520334
0.3616,3.32041210017896,3.37466609746798,-0.0542539972890173
0.3618,3.3955760576311,3.44835304897164,-0.0527769913405356
0.362,3.47076669530938,3.5221820942085,-0.0514153988991128
0.3622,3.54597179159313,3.59623499570758,-0.0502632041144517
0.3624,3.62107616471431,3.67044662716453,-0.0493704624502214
0.3626,3.69606254632264,3.74469050343358,-0.0486279571109387
0.3628,3.77095852288709,3.81910804683133,-0.0481495239442329
0.363,3.84595339405062,3.89367156561428,-0.0477181715636612
0.3632,3.92076052812313,3.96836934436656,-0.0476088162434358
0.3634,3.99552496071181,4.04311532821004,-0.0475903674982368
0.3636,4.0701591224242,4.11785198058254,-0.0476928581583422
0.3638,4.14510781848189,4.19271091010511,-0.0476030916232189
0.364,4.2203861375948,4.26767614790761,-0.0472900103128069
0.3642,4.29569671516498,4.34278556889914,-0.0470888537341621
0.3644,4.37120723163762,4.41801195047096,-0.0468047188333429
0.3646,4.4469681114153,4.493296938171,-0.0463288267557012
0.3648,4.52303455627277,4.56865744628327,-0.0456228900104954
0.365,4.59904806066347,4.64405481174114,-0.0450067510776666
0.3652,4.67498061778465,4.71946051894166,-0.0444799011570094
0.3654,4.75066450793641,4.79483025016045,-0.0441657422240356
0.3656,4.82652800132439,4.87012515124442,-0.0435971499200267
0.3658,4.90239009248593,4.94533714502731,-0.04294705254138
0.366,4.97798348144106,5.02048154484475,-0.0424980634036816
0.3662,5.05348841344361,5.09553209164811,-0.0420436782044957
0.3664,5.12878997417586,5.17043015949692,-0.0416401853210573
0.3666,5.20373016701431,5.24526928824541,-0.0415391212311089
0.3668,5.27862974706696,5.32006882951658,-0.0414390824496182
0.367,5.35356257162049,5.39472952083098,-0.0411669492104911
0.3672,5.42842041077668,5.46927262817503,-0.0408522173983501
0.3674,5.50334820989795,5.54383265192286,-0.0404844420249075
0.3676,5.57845212361815,5.61835949393781,-0.0399073703196633
0.3678,5.653810176938,5.69286749395934,-0.0390573170213324
0.368,5.72931448584445,5.76715136252622,-0.0378368766817765
0.3682,5.8049950213609,5.84139509969915,-0.0364000783382536
0.3684,5.88107464882534,5.91574659601879,-0.0346719471934502
0.3686,5.9572617171047,5.99011464179935,-0.0328529246946534
0.3688,6.0336159315225,6.06457981021402,-0.0309638786915265
0.369,6.11008861522064,6.13908272457429,-0.0289941093536514
0.3692,6.18655177208687,6.21340387460793,-0.0268521025210671
0.3694,6.26305674917706,0.00450580615225227,-0.0246343641547746
0.3696,0.056341619461806,0.0787916888428486,-0.0224500693810425
0.3698,0.132886991225569,0.153162016391347,-0.0202750251657776
0.37,0.20926110025554,0.227567751137636,-0.0183066508820961
0.3702,0.285438516011394,0.302132550612078,-0.0166940346006845
0.3704,0.361621181456022,0.376783617546226,-0.0151624360902045
0.3706,0.437581787015485,0.451452923954884,-0.0138711369393983
0.3708,0.513367864927895,0.526161033414454,-0.0127931684865596
0.371,0.588854489022303,0.600897955154407,-0.0120434661321043
0.3712,0.664499574974848,0.675841622192137,-0.0113420472172889
0.3714,0.740122440324185,0.750798486621071,-0.0106760462968859
0.3716,0.815420868434947,0.82575041208712,-0.0103295436521724
0.3718,0.890537039089618,0.900792552308036,-0.0102555132184171
0.372,0.965431068394008,0.975827295845,-0.0103962274509916
0.3722,1.04022454537515,1.05087620584202,-0.0106516604668681
0.3724,1.11524117851154,1.12600955787362,-0.0107683793620752
0.3726,1.19037906472006,1.20124988260908,-0.0108708178890156
0.3728,1.26568663319479,1.2765421017111,-0.0108554685163116
0.373,1.34104442936472,1.35184916452042,-0.0108047351557023
0.3732,1.41636517171118,1.42719777477749,-0.0108326030663084
0.3734,1.49179920591908,1.50257684186494,-0.010777635945862
0.3736,1.56744845727171,1.57797313472759,-0.0105246774558809
0.3738,1.64332625864942,1.6533544512867,-0.0100281926372818
0.374,1.71927965938798,1.72869494814897,-0.00941528876098641
0.3742,1.79502885072432,1.8040013507167,-0.00897249999237415
0.3744,1.8707516356842,1.87928444496084,-0.00853280927664057
0.3746,1.9464585721394,1.95454796336082,-0.0080893912214195
0.3748,2.02241027066217,2.02982494399673,-0.0074146733345648
0.375,2.09848666512513,2.10509436444488,-0.00660769931975791
0.3752,2.1744101576528,2.18036905277329,-0.00595889512049164
0.3754,2.25033767374863,2.25563139376454,-0.00529372001591089
0.3756,2.32611026758961,2.33083957435793,-0.00472930676831984
0.3758,2.4017255905354,2.40606421323629,-0.00433862270089058
0.376,2.47697912076831,2.48130318127346,-0.00432406050515199
0.3762,2.55225784177128,2.55651906216163,-0.00426122039034516
0.3764,2.62738340281904,2.63162719575037,-0.00424379293132349
0.3766,2.70207969763516,2.70655108910093,-0.00447139146577502
0.3768,2.77686623932916,2.78145846670133,-0.00459222737217102
0.377,2.85167924598523,2.85644140636479,-0.00476216037955401
0.3772,2.92657647381477,2.93142388230136,-0.00484740848658527
0.3774,3.0013630279739,3.00632313070901,-0.00496010273511338
0.3776,3.07605861253342,3.08128099887587,-0.00522238634244721
0.3778,3.15110568615486,3.15624855661505,-0.00514287046019213
0.378,3.226227851616,3.23117552874931,-0.00494767713330591
0.3782,3.30126981309192,3.30603603992062,-0.00476622682869365
0.3784,3.37637043032111,3.38092041969418,-0.0045499893730665
0.3786,3.45144784867268,3.45573747441352,-0.00428962574084002
0.3788,3.52639250057061,3.53056997959629,-0.00417747902568699
0.379,3.60132131187266,3.605474901208,-0.0041535893353406
0.3792,3.67616647786296,3.68042677600212,-0.00426029813915285
0.3794,3.75094105035383,3.75545435068292,-0.00451330032909381
0.3796,3.82587561198075,3.83051433079995,-0.00463871881919653
0.3798,3.90072494200136,3.90566037486271,-0.00493543286134823
0.38,3.97563465513864,3.98089062978815,-0.00525597464950955
0.3802,4.05061791526833,4.05633813680664,-0.0057202215383052
0.3804,4.1259391374967,4.13188705231205,-0.00594791481534962
0.3806,4.20147767362993,4.2073847748908,-0.00590710126087224
0.3808,4.27695243393555,4.28286130859787,-0.00590887466231749
0.381,4.35250605413315,4.3583060782173,-0.00580002408415137
0.3812,4.42818114041578,4.43372122644999,-0.00554008603420275
0.3814,4.50370490337288,4.50911296504988,-0.00540806167699959
0.3816,4.57913932814016,4.58450327759641,-0.00536394945625318
0.3818,4.65455881782199,4.65989833393091,-0.00533951610891403
0.382,4.72975363875457,4.73529670398491,-0.00554306523033343
0.3822,4.80449708247614,4.81070103943741,-0.00620395696126774
0.3824,4.87928550259893,4.88612028953344,-0.00683478693451001
0.3826,4.95400964751085,4.96154800962596,-0.00753836211511505
0.3828,5.0287223845813,5.03696614375561,-0.00824375917431119
0.383,5.10326559897704,5.11236333547461,-0.00909773649757017
0.3832,5.17746555934401,5.18767481337671,-0.0102092540326968
0.3834,5.25164964716787,5.26295567904307,-0.0113060318752014
0.3836,5.32601643478194,5.338222831556,-0.0122063967740607
0.3838,5.40039768653574,5.41347012341294,-0.0130724368772039
0.384,5.47486083914977,5.48868979088385,-0.0138289517340802
0.3842,5.54948903511946,5.56386565520593,-0.0143766200864714
0.3844,5.62436745884551,5.63902082939469,-0.0146533705491798
0.3846,5.69938609094422,5.71412336148267,-0.0147372705384488
0.3848,5.77427784836964,5.78905901026993,-0.0147811619002827
0.385,5.84916057855219,5.86393899860139,-0.0147784200492032
0.3852,5.92434700815721,5.93879331254726,-0.0144463043900416
0.3854,5.9995233230484,6.01353162478902,-0.0140083017406223
0.3856,6.07473473766389,6.08818952209164,-0.0134547844277542
0.3858,6.14992544530047,6.16289022109767,-0.0129647757971982
0.386,6.22534278836418,6.23764701025602,-0.0123042218918377
0.3862,0.01770293664541,0.0291817460895116,-0.0114788094441016
0.3864,0.093118976583694,0.103813023874552,-0.0106940472908576
0.3866,0.168552846732333,0.178556908432214,-0.0100040616998812
0.3868,0.24404188872694,0.253339259291654,-0.00929737056471339
0.387,0.319315046449825,0.328030508176062,-0.00871546172623744
0.3872,0.394453755558807,0.402789185656053,-0.00833543009724669
0.3874,0.469564902080958,0.477600304240402,-0.00803540215944465
0.3876,0.544463576567314,0.552381530835504,-0.00791795426818953
0.3878,0.618928143862091,0.627050888861071,-0.00812274499898002
0.388,0.693447452379378,0.701797708593614,-0.00835025621423602
0.3882,0.767907981580629,0.776692840852984,-0.00878485927235506
0.3884,0.842365708587312,0.85169085345726,-0.0093251448699484
0.3886,0.916662853264909,0.926809730101528,-0.010146876836619
0.3888,0.99061616763164,1.00205874935233,-0.0114425817206912
0.389,1.06454160995158,1.07734468030821,-0.0128030703566233
0.3892,1.13863887661746,1.15262364093132,-0.0139847643138571
0.3894,1.21275467121192,1.22795355178103,-0.0151988805691066
0.3896,1.2869746188687,1.30332215821738,-0.0163475393486827
0.3898,1.36121514047398,1.37868805440459,-0.0174729139306087
0.39,1.43549937566865,1.45405704254889,-0.0185576668802405
0.3902,1.51001830321438,1.5294351803657,-0.0194168771513228
0.3904,1.58451527858529,1.60483298164922,-0.0203177030639359
0.3906,1.65917054662621,1.68027118572845,-0.0211006391022388
0.3908,1.73411603279795,1.75574467903184,-0.0216286462338913
0.391,1.80939399098949,1.83123064821078,-0.021836657221298
0.3912,1.88473842753195,1.90672741319524,-0.0219889856632887
0.3914,1.95999206831126,1.98218447097717,-0.0221924026659182
0.3916,2.03545727076488,2.05756482589313,-0.0221075551282515
0.3918,2.11106613025876,2.13290401660208,-0.0218378863433157
0.392,2.18654623883042,2.20816649809573,-0.0216202592653043
0.3922,2.26202123004671,2.28333488640728,-0.0213136563605643
0.3924,2.33727481829966,2.35835384574246,-0.0210790274427946
0.3926,2.41225325924513,2.43331400061141,-0.0210607413662736
0.3928,2.48710422821579,2.50815867602453,-0.0210544478087367
0.393,2.56189666083261,2.58298032652514,-0.0210836656925286
0.3932,2.63644289652402,2.65773275133033,-0.0212898548063052
0.3934,2.71056338854825,2.73225541250652,-0.0216920239582676
0.3936,2.78478548749355,2.80674212314332,-0.0219566356497745
0.3938,2.85900441812925,2.88118292845082,-0.0221785103215684
0.394,2.93327534984307,2.95567858033344,-0.0224032304903763
0.3942,3.00745252411449,3.03000853142464,-0.0225560073101505
0.3944,3.08143671956802,3.10406203090754,-0.0226253113395147
0.3946,3.15537044066996,3.17816799634413,-0.0227975556741709
0.3948,3.22951673596095,3.25234017819905,-0.0228234422381011
0.395,3.30382923604661,3.32662956303056,-0.0228003269839565
0.3952,3.37844090840353,3.40106467252763,-0.0226237641240994
0.3954,3.45325182847018,3.47569499855785,-0.0224431700876742
0.3956,3.52835224177451,3.55045781896877,-0.0221055771942584
0.3958,3.60363336932095,3.62530124918295,-0.0216678798620014
0.396,3.67877855786493,3.70008348432786,-0.0213049264629332
0.3962,3.75384276490087,3.77503351192972,-0.021190747028851
0.3964,3.82904929661723,3.85014950839167,-0.021100211774435
0.3966,3.90410133654381,3.92527958776425,-0.0211782512204435
0.3968,3.97908217136976,4.00031439451024,-0.0212322231404816
0.397,4.05383027494782,4.07517754978082,-0.0213472748329977
0.3972,4.12824119725938,4.15010767070433,-0.0218664734449492
0.3974,4.20281915315667,4.22513882916931,-0.0223196760126427
0.3976,4.27742006387886,4.30024377157335,-0.0228237076944904
0.3978,4.35215055748512,4.37545382974317,-0.0233032722580564
0.398,4.42707945560275,4.45071711751959,-0.0236376619168457
0.3982,4.50199993979616,4.52601402320678,-0.0240140834106297
0.3984,4.57700579107283,4.60136291088894,-0.0243571198161128
0.3986,4.65214560677977,4.67674358506876,-0.0245979782889876
0.3988,4.72716273717105,4.75214189667044,-0.0249791594993924
0.399,4.80180571557559,4.82752833537315,-0.02572261979756
0.3992,4.87657362052016,4.90288578750866,-0.026312166988502
0.3994,4.95135544563687,4.97821417354866,-0.0268587279117893
0.3996,5.02616736109853,5.05352260124664,-0.0273552401481112
0.3998,5.10078809741948,5.12879500278939,-0.0280069053699146
0.4,5.17546993398091,5.20405026750182,-0.0285803335209067
0.4002,5.25042007577773,5.27921538283117,-0.0287953070534375
0.4004,5.32457376204915,5.35333896343257,-0.0287652013834192
0.4006,5.39068143231768,5.4231671386717,-0.0324857063540245
0.4008,5.43764229795566,5.48341801109983,-0.0457757131441641
0.401,5.4560861363721,5.52962223367139,-0.0735360972992947
0.4012,5.4450588677143,5.56142511374066,-0.116366246026359
0.4014,5.4139068730517,5.58413616946132,-0.170229296409623
0.4016,5.37923604425099,5.60568517108467,-0.226449126833676
0.4018,5.35538114423933,5.6327273040455,-0.277346159806174
0.402,5.35119434587168,5.6683767465404,-0.317182400668716
0.4022,5.37144502218497,5.71211937320906,-0.340674351024089
0.4024,5.41528343025579,5.76179795989868,-0.346514529642896
0.4026,5.47762889347576,5.81550732594827,-0.337878432472515
0.4028,5.55285846607381,5.87435375901981,-0.321495292946005
0.403,5.64215105389491,5.94110571544174,-0.298954661546834
0.4032,5.75118116211815,6.01824968946763,-0.267068527349481
0.4034,5.8831669178601,6.10634213137352,-0.223175213513426
0.4036,6.03384183416811,6.20302785709446,-0.169186022926351
0.4038,6.1902260416056,0.019514704144783,-0.112473969718771
0.404,0.0521757397024949,0.115650644368288,-0.0634749046657934
0.4042,0.174194956984901,0.203976072063683,-0.0297811150787822
0.4044,0.270893461005704,0.284153601181477,-0.0132601401757729
0.4046,0.34980899007541,0.359867872020411,-0.0100588819450012
0.4048,0.424920071763819,0.437132379717439,-0.0122123079536205
0.405,0.510125409118381,0.521077265676417,-0.0109518565580363
0.4052,0.613136492851175,0.613749708258823,-0.000613215407647694
0.4054,0.732614727836023,0.713305054353716,0.0193096734823075
0.4056,0.859931193824933,0.815288768627761,0.0446424251971724
0.4058,0.985170192729921,0.915339709175241,0.0698304835546799
0.406,1.1024758715284,1.01092858953948,0.0915472819889129
0.4062,1.21098759482761,1.10171967395424,0.109267920873364
0.4064,1.3127166946178,1.1886906308889,0.124026063728897
0.4066,1.41041362085912,1.27293568557606,0.137477935283061
0.4068,1.50711474247253,1.35494007061213,0.152174671860401
0.407,1.60633226403022,1.43483657241659,0.171495691613634
0.4072,1.70668590791655,1.51266722591797,0.19401868199858
0.4074,1.80562887013833,1.58854001632053,0.217088853817804
0.4076,1.90279551831532,1.6627364241178,0.240059094197522
0.4078,1.99949098450485,1.73558955999608,0.263901424508768
0.408,2.09653363150151,1.80732262873228,0.289211002769232
0.4082,2.19293290491106,1.87800130553561,0.314931599375444
0.4084,2.2864116275759,1.94765234222894,0.338759285346961
0.4086,2.37522828784367,2.01661820707147,0.358610080772194
0.4088,2.46117946487904,2.08558744691421,0.375592017964833
0.409,2.54731935029463,2.15536265636052,0.39195669393411
0.4092,2.63660971608432,2.22652376811733,0.410085947966987
0.4094,2.72964873522611,2.29909297442704,0.430555760799065
0.4096,2.82429741255433,2.3727106228465,0.451586789707836
0.4098,2.91764896693418,2.44700595514114,0.470643011793046
0.41,3.00748092540868,2.52185118504134,0.48562974036734
0.4102,3.09342161950248,2.59746605835949,0.495955561142988
0.4104,3.17701374379083,2.67452088761834,0.502492856172483
0.4106,3.2603992624703,2.75365847060665,0.506740791863642
0.4108,3.34522717290868,2.83546641446749,0.50976075844119
0.411,3.43281329200026,2.9200305626816,0.512782729318661
0.4112,3.52333916068963,3.00664058153618,0.516698579153448
0.4114,3.61388134506676,3.09424271042127,0.519638634645494
0.4116,3.70232165652412,3.18220121768324,0.520120438840878
0.4118,3.78867516833521,3.27052880124052,0.518146367094689
0.412,3.87445235800483,3.35972811175502,0.514724246249814
0.4122,3.96150232515683,3.45038762804693,0.511114697109898
0.4124,4.05069554585362,3.54277119690058,0.507924348953046
0.4126,4.14090513727274,3.63643797701238,0.504467160260359
0.4128,4.22926030238749,3.73007052636946,0.499189776018026
0.413,4.31426920953849,3.82225830268169,0.492010906856804
0.4132,4.39572502140484,3.91221453637639,0.483510485028452
0.4134,4.47565532288882,3.99971202643744,0.475943296451387
0.4136,4.55656614002993,4.08509946568235,0.471466674347578
0.4138,4.63992433837543,4.16882895898661,0.471095379388821
0.414,4.72630260399384,4.25126929524214,0.475033308751704
0.4142,4.81525987448151,4.33263086773243,0.482629006749071
0.4144,4.90547319985796,4.41293959806426,0.492533601793693
0.4146,4.99501146066742,4.49214717831831,0.502864282349109
0.4148,5.08176886812659,4.57019064706065,0.511578221065942
0.415,5.16413944839424,4.64706404935101,0.517075399043228
0.4152,5.24181845544047,4.72282972124163,0.518988734198842
0.4154,5.31656546878543,4.79767092495837,0.518894543827059
0.4156,5.3923124632698,4.87190263881605,0.520409824453751
0.4158,5.47040632736339,4.94578934228924,0.524616985074152
0.416,5.55089291036214,5.01955330330839,0.531339607053751
0.4162,5.63373881115277,5.0934304219302,0.540308389222565
0.4164,5.71880129281562,5.16764730467386,0.551153988141754
0.4166,5.80545778043118,5.24232689321716,0.563130887214021
0.4168,5.89240101900869,5.31746304988426,0.574937969124431
0.417,5.97776292605774,5.39314425560844,0.584618670449303
0.4172,6.05965575003224,5.47022266615983,0.589433083872413
0.4174,6.137009953234,5.55067506538681,0.586334887847189
0.4176,6.21017706827601,5.63731901615932,0.572858052116698
0.4178,6.2817759869905,5.73267206005632,0.549103926934186
0.418,0.0714958433804398,5.83713732386235,0.517543826697676
0.4182,0.147554860762302,5.94822511814456,0.482515049797326
0.4184,0.226833754308314,6.06133883288394,0.44868022860396
0.4186,0.307734444672592,6.17235604052494,0.418563711327238
0.4188,0.388895433665563,6.27940894932353,0.392671791521616
0.419,0.469617753199526,0.09957829320006,0.370039459999466
0.4192,0.549633289316684,0.200195895898911,0.349437393417773
0.4194,0.628831397225308,0.297967996252936,0.330863400972372
0.4196,0.707100700709049,0.391612286171597,0.315488414537452
0.4198,0.784264531056492,0.479984297738728,0.304280233317764
0.42,0.860059693510147,0.563056198606878,0.297003494903268
0.4202,0.934292381944353,0.641922544342897,0.292369837601456
0.4204,1.0074822836588,0.718527712328351,0.288954571330445
0.4206,1.08161247423271,0.795367188883464,0.286245285349246
0.4208,1.15697160982381,0.874283073911221,0.282688535912591
0.421,1.23337856261135,0.955546242414047,0.277832320197301
0.4212,1.31107456313794,1.03786345798119,0.273211105156751
0.4214,1.39038992001074,1.11933031301459,0.27105960699615
0.4216,1.47123507659854,1.19858756394975,0.272647512648794
0.4218,1.5529194642337,1.27536254994389,0.277556914289806
0.422,1.634255891607,1.35032869021031,0.283927201396692
0.4222,1.71388185005926,1.42457952847559,0.289302321583672
0.4224,1.79077705741079,1.49904114838751,0.291735909023283
0.4226,1.8648510150097,1.57413296182716,0.290718053182545
0.4228,1.9377354181452,1.64988661006472,0.287848808080486
0.423,2.01117622508195,1.72627676042554,0.284899464656411
0.4232,2.08671805598925,1.80345764632437,0.28326040966488
0.4234,2.16455224352511,1.88172760592942,0.282824637595688
0.4236,2.24434683749757,1.96138316821227,0.282963669285307
0.4238,2.32576146646181,2.04263500782989,0.28312645863192
0.424,2.40828590608534,2.12540192539053,0.282883980694804
0.4242,2.49103557364437,2.20931433273743,0.281721240906936
0.4244,2.57285155330081,2.2939954994301,0.278856053870706
0.4246,2.65269290444186,2.37933741429989,0.273355490141969
0.4248,2.73006717680077,2.46554897557002,0.264518201230748
0.425,2.80520625798837,2.55302771544613,0.252178542542246
0.4252,2.87912506047109,2.6422463851691,0.236878675301991
0.4254,2.95393801948457,2.73268814646732,0.22124987301725
0.4256,3.03072791415454,2.82321451366926,0.207513400485282
0.4258,3.10941080780626,2.91276936076068,0.196641447045581
0.426,3.18954637621279,3.00112247906531,0.18842389714748
0.4262,3.27067855995855,3.08874419208623,0.181934367872315
0.4264,3.35239168706658,3.17620721797793,0.176184469088647
0.4266,3.43431558059678,3.26376126980187,0.170554310794915
0.4268,3.51603902472587,3.3510964938985,0.164942530827367
0.427,3.59700205876895,3.43749470996677,0.159507348802176
0.4272,3.67659392864632,3.52230424357017,0.154289685076151
0.4274,3.75446310633166,3.60500855599641,0.149454550335248
0.4276,3.83088560116472,3.68536869867167,0.145516902493052
0.4278,3.90680671520468,3.76371119977053,0.143095515434152
0.428,3.98318446350976,3.84087592891733,0.142308534592429
0.4282,4.06046410239678,3.91753430635514,0.142929796041638
0.4284,4.13867336591419,3.99384809035192,0.144825275562269
0.4286,4.21803980966177,4.06958545489506,0.148454354766714
0.4288,4.29882828936334,4.14441031927837,0.154417970084961
0.429,4.38086760190236,4.21817851080555,0.162689091096807
0.4292,4.4633765206209,4.29110851950082,0.172268001120083
0.4294,4.54523664523632,4.36375096996074,0.181485675275586
0.4296,4.62547999975241,4.43677361325805,0.188706386494364
0.4298,4.70365156195001,4.51052892063483,0.193122641315178
0.43,4.7798469314542,4.58493888600486,0.194908045449342
0.4302,4.85484576760724,4.65980153393143,0.19504423367581
0.4304,4.93014669967748,4.7351073695517,0.19503933012578
0.4306,5.00672292574859,4.81099292452881,0.195730001219784
0.4308,5.08489597252635,4.88766782957401,0.197228142952341
0.431,5.16469558823134,4.96542104470509,0.199274543526256
0.4312,5.24591254953582,5.04453817398814,0.20137437554768
0.4314,5.32807396602921,5.12519731801646,0.202876648012741
0.4316,5.41048668649608,5.20741782246113,0.203068864034946
0.4318,5.49232145550826,5.29096827576179,0.201353179746468
0.432,5.57277571160605,5.37510149295727,0.197674218648773
0.4322,5.6513835599399,5.45896930902798,0.192414250911929
0.4324,5.72800537097866,5.54266166672269,0.185343704255967
0.4326,5.80356395259424,5.62650814349786,0.17705580909638
0.4328,5.87937024030877,5.71065747784998,0.168712762458792
0.433,5.95638058721211,5.7949275852217,0.161453001990402
0.4332,6.03480873334269,5.87918274519743,0.155625988145252
0.4334,6.11453058967401,5.96353880162834,0.150991788045671
0.4336,6.19540922178554,6.04830735774132,0.147101864044214
0.4338,6.27720887903673,6.13376732120694,0.143441557829791
0.434,0.0762305025973058,6.21987903423513,0.139536775541765
0.4342,0.158095767653105,0.0229013509134387,0.135194416739666
0.4344,0.238895680719925,0.108040771903279,0.130854908816646
0.4346,0.317915637025721,0.190787499978979,0.127128137046742
0.4348,0.394775741809627,0.270464237286637,0.124311504522989
0.435,0.470227970558569,0.347406444565048,0.122821525993522
0.4352,0.545574664517817,0.422505326562109,0.123069337955708
0.4354,0.621701699718422,0.496423969840385,0.125277729878037
0.4356,0.699158490958979,0.569553226217618,0.12960526474136
0.4358,0.778304504067915,0.642115661470364,0.13618884259755
0.436,0.859248758349092,0.714210124157668,0.145038634191424
0.4362,0.941716502035972,0.785727715820534,0.155988786215438
0.4364,1.02430615305255,0.856302290798693,0.168003862253861
0.4366,1.10498795656708,0.925744751346834,0.179243205220242
0.4368,1.1828116643459,0.994145084089096,0.188666580256805
0.437,1.25752656895821,1.06192758369674,0.195598985261469
0.4372,1.33007213136433,1.12980465544308,0.200267475921248
0.4374,1.40191697801799,1.19810537460299,0.203811603415002
0.4376,1.47419827301254,1.26704700057435,0.207151272438189
0.4378,1.5475112602208,1.33685914577862,0.210652114442176
0.438,1.62142506319204,1.40775712142194,0.213667941770099
0.4382,1.69459803335089,1.48002308686599,0.214574946484902
0.4384,1.76557094556709,1.55399746389813,0.211573481668961
0.4386,1.83329882378058,1.63003014646138,0.203268677319197
0.4388,1.89768915662466,1.70844784031024,0.18924131631442
0.439,1.95876437704145,1.78956414182633,0.169200235215123
0.4392,2.01594793739295,1.87352822789797,0.142419709494978
0.4394,2.06838730845085,1.96000780201371,0.108379506437134
0.4396,2.11565879254937,2.0483739194097,0.0672848731396787
0.4398,2.15779580181211,2.13777649466989,0.0200193071422179
0.44,2.19502845581734,2.22755224321313,-0.0325237873957902
0.4402,2.22823900982752,2.31708116556893,-0.088842155741415
0.4404,2.2582178446372,2.40558359333613,-0.147365748698925
0.4406,2.28458126869687,2.49194514100805,-0.207363872311173
0.4408,2.30613957532769,2.57507879819282,-0.268939222865126
0.441,2.32195398538223,2.65407809460045,-0.332124109218214
0.4412,2.33133334195994,2.72862497508617,-0.397291633126235
0.4414,2.33484346476583,2.7986071378304,-0.463763673064561
0.4416,2.333611997111,2.86361828898403,-0.530006291873025
0.4418,2.32930461661071,2.92280222296366,-0.59349760635295
0.442,2.32344637753023,2.97520928555192,-0.651762908021688
0.4422,2.31727624760549,3.02093218810532,-0.703655940499829
0.4424,2.31262589684892,3.06077216425876,-0.748146267409838
0.4426,2.31198407221174,3.09569090548461,-0.783706833272872
0.4428,2.31724307345775,3.12691144337076,-0.809668369913012
0.443,2.3300680657539,3.15562135917972,-0.825553293425815
0.4432,2.35134771562882,3.18287626488391,-0.831528549255091
0.4434,2.38152007226537,3.20951608197681,-0.827996009711436
0.4436,2.41960982168443,3.23611115938432,-0.816501337699891
0.4438,2.46451961347026,3.26319387979617,-0.798674266325911
0.444,2.51567407055418,3.29142312944544,-0.775749058891261
0.4442,2.57263766625306,3.32184709981255,-0.749209433559486
0.4444,2.63492913285586,3.35543024521733,-0.72050111236147
0.4446,2.70183441460204,3.39270053224115,-0.69086611763911
0.4448,2.77265447467336,3.43410117152301,-0.661446696849659
0.445,2.84776915091013,3.48019551696257,-0.632426366052445
0.4452,2.92767688404254,3.53120527752125,-0.603528393478706
0.4454,3.0120153819271,3.58699054727395,-0.574975165346853
0.4456,3.09999052111845,3.64730759645586,-0.547317075337407
0.4458,3.19059144675032,3.71175674279056,-0.521165296040242
0.446,3.28283595748685,3.78001016381932,-0.497174206332468
0.4462,3.37637248841255,3.85182032871174,-0.475447840299184
0.4464,3.47214114651401,3.92673964444849,-0.454598497934481
0.4466,3.57070684951937,4.00458251508957,-0.433875665570194
0.4468,3.67142303217171,4.08553757993689,-0.414114547765188
0.447,3.77362888783905,4.16930022033548,-0.39567133249643
0.4472,3.87698655591217,4.25439158118244,-0.377405025270263
0.4474,3.98112635391587,4.33954802832372,-0.358421674407854
0.4476,4.08562031288999,4.42379645621578,-0.338176143325787
0.4478,4.1902095569533,4.50639858245704,-0.316189025503747
0.448,4.29443690619168,4.58686796229551,-0.292431056103834
0.4482,4.3980207299646,4.66494149639412,-0.266920766429516
0.4484,4.50151313702914,4.74061500535139,-0.23910186832225
0.4486,4.60540393955735,4.81405736078745,-0.208653421230101
0.4488,4.70995014994695,4.88549631982169,-0.175546169874742
0.449,4.81527682147881,4.95505927528955,-0.139782453810735
0.4492,4.92104881233811,5.0227411489785,-0.101692336640386
0.4494,5.02643281811398,5.08845446482002,-0.0620216467060377
0.4496,5.13046044606581,5.15232089126098,-0.0218604451951672
0.4498,5.23268620636403,5.21491541475252,0.0177707916115137
0.45,5.3337148537587,5.2768471150707,0.0568677386880001
0.4502,5.43442657991075,5.33851932812981,0.095907251780937
0.4504,5.53467161195795,5.40011208393989,0.134559528018062
0.4506,5.63438424303738,5.4619204451802,0.172463797857185
0.4508,5.73395409410312,5.52431082420314,0.209643269899973
0.451,5.83378397443815,5.5875578592714,0.246226115166749
0.4512,5.93385458829903,5.65197085223017,0.281883736068854
0.4514,6.03348467713812,5.7177590494812,0.315725627656917
0.4516,6.131321362983,5.78487910676975,0.346442256213253
0.4518,6.2262152898745,5.85317455219018,0.373040737684321
0.452,0.0349806291712671,5.92261725865639,0.395548677694467
0.4522,0.124540651861613,5.99340413131048,0.414321827730721
0.4524,0.213428908584637,6.06592973235126,0.430684483412966
0.4526,0.303125623525072,6.14026844911958,0.446042481585079
0.4528,0.393722439435452,6.21643584346937,0.460471903145666
0.453,0.485075885656014,0.0116629212102957,0.473412964445719
0.4532,0.577022079297988,0.0928933895257102,0.484128689772278
0.4534,0.669127274987527,0.177182486828903,0.491944788158624
0.4536,0.760466465025911,0.264596212412041,0.495870252613871
0.4538,0.849763928876789,0.354610457996335,0.495153470880454
0.454,0.935900388130167,0.446320925702561,0.489579462427607
0.4542,1.01878500466467,0.538608536052428,0.480176468612246
0.4544,1.09995874492612,0.630584848276383,0.469373896649733
0.4546,1.18147079191155,0.721897849596555,0.459572942314992
0.4548,1.26394707499355,0.812502584265742,0.451444490727811
0.455,1.34737521012862,0.902255234320673,0.445119975807947
0.4552,1.43184814534459,0.990879785604608,0.44096835973998
0.4554,1.51745253148205,1.07806113772924,0.439391393752809
0.4556,1.60396903717494,1.16359188090691,0.440377156268034
0.4558,1.69070701613723,1.24730957371358,0.443397442423652
0.456,1.77652098038389,1.32910597793895,0.447415002444947
0.4562,1.86010982875278,1.40892024095033,0.451189587802442
0.4564,1.94112484605267,1.48681408734978,0.454310758702893
0.4566,2.02022842115534,1.56304967143868,0.457178749716655
0.4568,2.09869485583871,1.63798290156785,0.460711954270863
0.457,2.17810024351066,1.71199659996838,0.466103643542285
0.4572,2.25910059861212,1.78545903785434,0.473641560757783
0.4574,2.34168299867279,1.85877243818687,0.482910560485917
0.4576,2.4257216600184,1.93240243110735,0.493319228911057
0.4578,2.51096385762169,2.00682419556565,0.504139662056033
0.458,2.59675505010444,2.0823921793088,0.51436287079564
0.4582,2.68192248408356,2.15942151060999,0.522500973473571
0.4584,2.76510477547849,2.23813824878124,0.526966526697251
0.4586,2.84551801514429,2.31886539682342,0.52665261832087
0.4588,2.92369640486484,2.40206383432587,0.52163257053897
0.459,3.00115802242656,2.48813294987515,0.513025072551408
0.4592,3.07921407818382,2.57724272503382,0.501971353150006
0.4594,3.15855120162918,2.66931306763565,0.489238133993529
0.4596,3.23956804084715,2.76405966691669,0.475508373930468
0.4598,3.32245321736291,2.86106787395834,0.461385343404572
0.46,3.40702836735489,2.95975044390647,0.447277923448424
0.4602,3.49259109756961,3.05943840088174,0.43315269668787
0.4604,3.57793942181055,3.15933715144348,0.418602270367069
0.4606,3.66167231155082,3.2584654834722,0.403206828078612
0.4608,3.74277030225862,3.35589647357116,0.38687382868746
0.461,3.82139370870518,3.45109758278489,0.370296125920294
0.4612,3.89857295024706,3.54382404787333,0.354748902373725
0.4614,3.97574521771621,3.63395755386563,0.341787663850582
0.4616,4.05396439791922,3.72143776620624,0.332526631712986
0.4618,4.13361429871165,3.80634642853986,0.327267870171786
0.462,4.21485266406025,3.8889539946284,0.325898669431848
0.4622,4.29768186142911,3.96958562821335,0.328096233215761
0.4624,4.38171805082104,4.04858039482212,0.333137655998923
0.4626,4.46606187154177,4.12623001715602,0.339831854385751
0.4628,4.54952980369534,4.20274293407788,0.346786869617463
0.463,4.6309856347208,4.27814683820282,0.352838796517979
0.4632,4.70995987240564,4.35254243848942,0.357417433916221
0.4634,4.78695571606074,4.42625013693537,0.360705579125371
0.4636,4.86315817905374,4.49968312494162,0.36347505411212
0.4638,4.93971099766026,4.57326421409703,0.366446783563235
0.464,5.01739427439453,4.64738099385215,0.370013280542373
0.4642,5.09668718219853,4.72239146185219,0.374295720346342
0.4644,5.17776561460904,4.79860018760726,0.379165427001782
0.4646,5.26039563287403,4.87623084184458,0.384164791029448
0.4648,5.34389234119737,4.95542000267972,0.388472338517651
0.465,5.42670140958171,5.03625018645646,0.390451223125248
0.4652,5.50754639555565,5.11880889761828,0.388737497937377
0.4654,5.58602415325245,5.20320306701163,0.382821086240822
0.4656,5.66255207935715,5.2895697906587,0.372982288698458
0.4658,5.73803754221103,5.37806757768431,0.359969964526724
0.466,5.81356416266776,5.46883295965718,0.344731203010577
0.4662,5.89003031701426,5.56180951180769,0.328220805206572
0.4664,5.96746325603937,5.65633704772384,0.311126208315534
0.4666,6.0451881131945,5.7513657001724,0.293822413022107
0.4668,6.12265881999306,5.84583445831818,0.276824361674881
0.467,6.19911918293392,5.93908744191748,0.260031741016434
0.4672,6.27384994253914,6.03032041264815,0.243529529890982
0.4674,0.0620798709130312,6.11849020710266,0.226774970989956
0.4676,0.128788390079952,6.20277384698634,0.209199850273193
0.4678,0.189939631338314,6.28285597273414,0.190268965783758
0.468,0.245467017971171,0.0756306040399837,0.169836413931188
0.4682,0.295012230806442,0.147792550463375,0.147219680343067
0.4684,0.338417625391304,0.216477960454323,0.121939664936981
0.4686,0.375608800743378,0.281904215559616,0.0937045851837625
0.4688,0.406284567057614,0.344302711020169,0.061981856037445
0.469,0.430534641068466,0.403744530496249,0.0267901105722173
0.4692,0.44843720726802,0.460524301357239,-0.012087094089219
0.4694,0.460254331279423,0.515136503376503,-0.05488217209708
0.4696,0.466604460680109,0.568205843077161,-0.101601382397052
0.4698,0.468884200806454,0.62038011907189,-0.151495918265435
0.47,0.4686802935179,0.672336372686353,-0.203656079168453
0.4702,0.468233292940424,0.724935122912194,-0.25670182997177
0.4704,0.47021552463183,0.778991050395289,-0.308775525763459
0.4706,0.476621300493515,0.835132293202781,-0.358510992709267
0.4708,0.488839703446655,0.894022003203998,-0.405182299757343
0.471,0.508077537148947,0.956284153718477,-0.44820661656953
0.4712,0.535296889552274,1.02208425359799,-0.486787364045715
0.4714,0.570505465255889,1.09100013561514,-0.520494670359252
0.4716,0.613134509553674,1.16246199605236,-0.549327486498689
0.4718,0.662973242699269,1.23590012543921,-0.572926882739939
0.472,0.719743841217505,1.31070880370558,-0.590964962488078
0.4722,0.783228215259654,1.38632763132937,-0.603099416069719
0.4724,0.85308452398137,1.46222344842364,-0.609138924442274
0.4726,0.928370146820713,1.53798813465455,-0.609617987833839
0.4728,1.0081898270467,1.61333845750236,-0.605148630455655
0.473,1.09233641742255,1.68805196179327,-0.595715544370726
0.4732,1.18058397668983,1.76190367335258,-0.581319696662743
0.4734,1.27304937001229,1.83466714946388,-0.561617779451587
0.4736,1.36908069278555,1.90611257023299,-0.537031877447438
0.4738,1.46769624315874,1.97619341137866,-0.508497168219914
0.474,1.56798644578337,2.04506880739077,-0.477082361607409
0.4742,1.66916963705161,2.11299550723755,-0.443825870185939
0.4744,1.7707426039196,2.18023081142653,-0.409488207506924
0.4746,1.87239494989675,2.24697153770102,-0.374576587804273
0.4748,1.97373724872914,2.31353113836718,-0.339793889638032
0.475,2.07470753023904,2.380367112265,-0.305659582025964
0.4752,2.17565222769461,2.44773789804094,-0.272085670346333
0.4754,2.27696138740612,2.515388408894,-0.238427021487884
0.4756,2.37863852784289,2.58293618269677,-0.204297654853882
0.4758,2.48050107985941,2.65018591703716,-0.16968483717775
0.476,2.58218836140135,2.71705229530648,-0.13486393390513
0.4762,2.68312002330827,2.78341898651559,-0.100298963207322
0.4764,2.78260722504123,2.84926545397869,-0.0666582289374591
0.4766,2.88015676430586,2.91480568825019,-0.0346489239443293
0.4768,2.97568574602578,2.98045236031134,-0.00476661428555758
0.477,3.06958255463905,3.04667018955529,0.0229123650837653
0.4772,3.16245758039622,3.11402442523294,0.0484331551632851
0.4774,3.25514639778291,3.18315857559763,0.071987822185279
0.4776,3.34815948453972,3.25434226694917,0.0938172175905456
0.4778,3.44176100333711,3.32759931306251,0.114161690274598
0.478,3.53600245830257,3.40286849907961,0.133133959222962
0.4782,3.63058277547619,3.47982697392015,0.150755801556038
0.4784,3.72480494377518,3.55799028323528,0.16681466053989
0.4786,3.8177399267242,3.63682230837537,0.180917618348826
0.4788,3.90872333116395,3.71584645501112,0.192876876152826
0.479,3.99764191980674,3.79476821291063,0.202873706896119
0.4792,4.08489137820085,3.87344493650499,0.211446441695856
0.4794,4.17124717209116,3.95180049983823,0.219446672252928
0.4796,4.25772271647997,4.03002596268543,0.227696753794544
0.4798,4.34512641231409,4.10852422060717,0.236602191706918
0.48,4.43366009235843,4.18755557748451,0.246104514873918
0.4802,4.523060518884,4.26700184737816,0.25605867150584
0.4804,4.61286649459799,4.34650226430965,0.266364230288347
0.4806,4.70235690628234,4.42565440852757,0.276702497754769
0.4808,4.79064926021957,4.50407091237341,0.28657834784616
0.481,4.87719533295715,4.58154226555421,0.295653067402943
0.4812,4.96203333340448,4.65802065694933,0.304012676455145
0.4814,5.0456981007475,4.73359575678494,0.312102343962558
0.4816,5.12896003492894,4.80842773440881,0.320532300520128
0.4818,5.21269095182744,4.88268160586526,0.330009345962178
0.482,5.29759261039631,4.95648403657296,0.34110857382335
0.4822,5.38407234109318,5.02988170924968,0.3541906318435
0.4824,5.47210647888163,5.10284657820131,0.369259900680323
0.4826,5.56082850778115,5.17534738283914,0.385481124942005
0.4828,5.64915350611819,5.24737472610719,0.401778780011001
0.483,5.73627521385549,5.31901930667483,0.417255907180659
0.4832,5.8217365260768,5.39045798495916,0.431278541117647
0.4834,5.90557737128756,5.46196706801798,0.44361030326958
0.4836,5.98824618427683,5.53392288769425,0.454323296582587
0.4838,6.07046955534781,5.6067957794823,0.463673775865502
0.484,6.15310580938939,5.68127504068064,0.471830768708752
0.4842,6.2366973914295,5.75792837456311,0.478769016866385
0.4844,0.0379472667971434,5.83708828387989,0.484044290096841
0.4846,0.122828860676607,5.91887210461262,0.487142063243569
0.4848,0.207665010670264,6.00331419490481,0.48753612294504
0.485,0.291937575894061,6.09021853793305,0.484904345140596
0.4852,0.375157726196051,6.17924791611545,0.479095117260191
0.4854,0.45712525554356,6.26998453324668,0.470326029476464
0.4856,0.537699585880374,0.0786176330155842,0.45908195286479
0.4858,0.616570681021052,0.170789234832523,0.445781446188529
0.486,0.693583361455059,0.262755834295512,0.430827527159547
0.4862,0.768931339631694,0.353990742627603,0.414940597004091
0.4864,0.842189249739496,0.443831935756693,0.398357313982802
0.4866,0.912827115141405,0.531717490138741,0.381109625002664
0.4868,0.979780494877382,0.617147984603269,0.362632510274114
0.487,1.04237629881011,0.699818768654064,0.342557530156045
0.4872,1.09979676951769,0.779754708823432,0.320042060694253
0.4874,1.15148293479379,0.857209947400818,0.294272987392967
0.4876,1.19707510848694,0.932470775520659,0.264604332966277
0.4878,1.23684546573906,1.00595995881258,0.23088550692648
0.488,1.27156832050197,1.07823076040752,0.193337560094442
0.4882,1.30197319471138,1.14983924830474,0.152133946406642
0.4884,1.3288639231733,1.22126454291804,0.107599380255266
0.4886,1.3531587857583,1.29293382874449,0.0602249570138191
0.4888,1.37576591208084,1.36517851666021,0.0105873954206321
0.489,1.39754864942446,1.43826160005465,-0.0407129506301915
0.4892,1.41934722594578,1.51234736532471,-0.0930001393789324
0.4894,1.44188722737883,1.5874692987568,-0.145582071377972
0.4896,1.46605642064515,1.66353055857746,-0.19747413793231
0.4898,1.49286518519,1.74030219329431,-0.247437008104305
0.49,1.52317905167557,1.81747314442582,-0.294294092750254
0.4902,1.55806975142617,1.8947366227612,-0.336666871335027
0.4904,1.59840562657607,1.97183769785111,-0.373432071275046
0.4906,1.64448079454867,2.04852556346761,-0.404044768918946
0.4908,1.69664345631945,2.12451949330095,-0.427876036981502
0.491,1.7550343865867,2.19964500457922,-0.444610617992521
0.4912,1.81923744348661,2.27388120210055,-0.454643758613939
0.4914,1.88921323313047,2.34737437318215,-0.458161140051684
0.4916,1.96424783257747,2.4201290043792,-0.455881171801728
0.4918,2.0433909500469,2.49208558760304,-0.448694637556147
0.492,2.12573265405405,2.56338293326592,-0.437650279211874
0.4922,2.21080212637816,2.63434604900485,-0.423543922626695
0.4924,2.29833155851228,2.70526970832781,-0.406938149815534
0.4926,2.38809794806105,2.77643412520759,-0.388336177146538
0.4928,2.47982233579087,2.84809077802326,-0.368268442232387
0.493,2.57296007005128,2.9203213478047,-0.347361277753423
0.4932,2.66682647804104,2.99305504856607,-0.326228570525034
0.4934,2.76102465360857,3.06616277310619,-0.30513811949762
0.4936,2.85535805405002,3.1396227218647,-0.28426466781468
0.4938,2.94990172267887,3.21339797300882,-0.263496250329949
0.494,3.04472205062008,3.28735388780577,-0.242631837185686
0.4942,3.13989966619775,3.36141577967752,-0.22151611347977
0.4944,3.2355530553573,3.43553460477681,-0.19998154941951
0.4946,3.33190826479827,3.50968176920447,-0.177773504406203
0.4948,3.42896188694102,3.58384172601995,-0.154879839078926
0.495,3.5263635911252,3.65800105592804,-0.131637464802841
0.4952,3.62353202152369,3.73221630236521,-0.108684280841525
0.4954,3.71993263237856,3.80659963651517,-0.0866670041366056
0.4956,3.81514081927335,3.88120455399175,-0.0660637347184023
0.4958,3.90895926633677,3.95606521991003,-0.0471059535732676
0.496,4.00136613773689,4.03117525234621,-0.0298091146093142
0.4962,4.09252602143193,4.10648766165515,-0.0139616402232194
0.4964,4.18282715371925,4.18191331432634,0.000913839392904237
0.4966,4.27275304425085,4.2573515121512,0.0154015320996512
0.4968,4.36268823261705,4.3327634187512,0.0299248138658461
0.497,4.45283821690509,4.40814045644494,0.0446977604601519
0.4972,4.54314616978934,4.4835008287312,0.059645341058145
0.4974,4.63308806728081,4.55888587538488,0.0742021918959344
0.4976,4.72220218731284,4.63430626939734,0.0878959179154952
0.4978,4.81033532017042,4.70973096004058,0.100604360129843
0.498,4.89750456240868,4.78506932952308,0.112435232885604
0.4982,4.98386664146162,4.86022103567366,0.123645605787965
0.4984,5.06967102359207,4.93511231736164,0.134558706230427
0.4986,5.15531424088441,5.00972283712573,0.145591403758679
0.4988,5.24117159302769,5.0840809252508,0.157090667776886
0.499,5.3272441812018,5.1582803361645,0.168963845037293
0.4992,5.41379141464576,5.23239784313134,0.181393571514426
0.4994,5.5005151181972,5.30646553550277,0.194049582694434
0.4996,5.58689316486324,5.3805112256434,0.206381939219844
0.4998,5.67268182187987,5.45455567497999,0.218126146899875
0.5,5.75780526061777,5.52861662143692,0.229188639180847
0.5002,5.84241005174965,5.60261633571757,0.23979371603208
0.5004,5.9266084176762,5.67645399626763,0.250154421408574
0.5006,6.01032429959644,5.75000244763456,0.260321851961887
0.5008,6.09340578686005,5.82317219466184,0.270233592198212
0.501,6.17570984242616,5.89593893921298,0.279770903213189
0.5012,6.25688348467067,5.96827500187129,0.288608482799382
0.5014,0.0533306053081528,6.04024343150207,0.296272480985671
0.5016,0.131306006077605,6.11195562043411,0.302535692823076
0.5018,0.207415922823183,6.1835069016207,0.307094328382068
0.502,0.281292164281454,6.25490938810102,0.309568083360015
0.5022,0.352659263857788,0.0430812751025695,0.309577988755219
0.5024,0.42127350968716,0.114679857797282,0.306593651889878
0.5026,0.487469847217803,0.186751550548117,0.300718296669687
0.5028,0.551263651512765,0.259291044693752,0.291972606819013
0.503,0.612613461757827,0.332387177322184,0.280226284435643
0.5032,0.671598912553937,0.406196233715279,0.265402678838658
0.5034,0.728220233364498,0.480814331997396,0.247405901367102
0.5036,0.782345650132643,0.556258682308547,0.226086967824095
0.5038,0.834010295931907,0.632570804658829,0.201439491273077
0.504,0.883413075483996,0.70970418848329,0.173708887000705
0.5042,0.930951740915699,0.787504546084783,0.143447194830917
0.5044,0.976929735847216,0.865751137881482,0.111178597965735
0.5046,1.02150211269257,0.944175940981644,0.0773261717109209
0.5048,1.0651422515888,1.02254853401165,0.042593717577148
0.505,1.10830843827519,1.10067224563393,0.00763619264126159
0.5052,1.15163748042444,1.17839236593396,-0.0267548855095252
0.5054,1.19538600241468,1.25563465091287,-0.0602486484981903
0.5056,1.24015094441147,1.33239980284688,-0.0922488584354042
0.5058,1.28630937005692,1.40868495627224,-0.122375586215321
0.506,1.33452686979809,1.48455089735343,-0.150024027555341
0.5062,1.38520755196033,1.56009973810427,-0.174892186143937
0.5064,1.43889117075619,1.63544184168925,-0.196550670933065
0.5066,1.49598851658054,1.71070020041512,-0.214711683834575
0.5068,1.55682857498574,1.78600558767043,-0.22917701268469
0.507,1.62140164214675,1.86149320029801,-0.240091558151261
0.5072,1.68950076945203,1.93728811791686,-0.247787348464826
0.5074,1.76092153518784,2.01348574266404,-0.252564207476202
0.5076,1.83554079876816,2.09013844045349,-0.254597641685328
0.5078,1.9134033211214,2.16722902736653,-0.253825706245129
0.508,1.99393292764996,2.24458976463415,-0.250656836984188
0.5082,2.07645835757115,2.32211679072856,-0.24565843315741
0.5084,2.16048909365192,2.39974329914829,-0.239254205496367
0.5086,2.24561437785397,2.47748130284629,-0.231866924992313
0.5088,2.33156933756635,2.55525862150988,-0.223689283943534
0.509,2.41817648415883,2.63304352223885,-0.214867038080013
0.5092,2.50548744725899,2.71083126216204,-0.205343814903045
0.5094,2.5936505997855,2.78855534724369,-0.194904747458194
0.5096,2.6824810789926,2.86615116948279,-0.183670090490192
0.5098,2.77180787566822,2.94363391228598,-0.171826036617758
0.51,2.861605054708,3.0210239506965,-0.159418895988499
0.5102,2.95195568754975,3.09826610026223,-0.146310412712482
0.5104,3.04282847954133,3.1751855797166,-0.132357100175271
0.5106,3.13394559704817,3.25170896155187,-0.117763364503702
0.5108,3.22514257329369,3.3278038725753,-0.102661299281609
0.511,3.31627374037892,3.40343396810362,-0.087160227724699
0.5112,3.40729032040351,3.47858757627684,-0.0712972558733336
0.5114,3.49826600123466,3.55328054268408,-0.0550145414494261
0.5116,3.58911970495123,3.62756047582868,-0.0384407708774548
0.5118,3.67972195977236,3.70157286481761,-0.0218509050452513
0.512,3.76993928930677,3.77547554728504,-0.00553625797827406
0.5122,3.85967389067866,3.84943368736885,0.0102402033098152
0.5124,3.94884791852148,3.92354713145959,0.0253007870618958
0.5126,4.03730665127549,3.99783951810128,0.0394671331742118
0.5128,4.12490610297639,4.07225166831012,0.0526544346662758
0.513,4.21144832759018,4.14670954424997,0.0647387833402124
0.5132,4.29664996001415,4.22117442934352,0.0754755306706256
0.5134,4.38057644189715,4.29564055144866,0.084935890448488
0.5136,4.46349569208865,4.37008809419385,0.0934075978947932
0.5138,4.54565723891758,4.44457105998153,0.101086178936047
0.514,4.62705355337676,4.51917963039236,0.107873922984394
0.5142,4.70765186266823,4.59399973236019,0.113652130308039
0.5144,4.78784265081059,4.6690895337042,0.118753117106384
0.5146,4.86741097151831,4.7444663578838,0.122944613634512
0.5148,4.94603692553668,4.82010403160198,0.125932893934702
0.515,5.02371748786812,4.89593525472152,0.127782233146599
0.5152,5.10043532572447,4.97186638180908,0.128568943915396
0.5154,5.17598847690548,5.04778498936802,0.128203487537459
0.5156,5.25030668386418,5.12352279334881,0.126783890515365
0.5158,5.32341364560115,5.19889463061113,0.124519014990015
0.516,5.3955965472428,5.27377713551418,0.121819411728615
0.5162,5.46674695005585,5.34808036232844,0.118666587727415
0.5164,5.53675875553165,5.42172003727854,0.11503871825311
0.5166,5.60577738877892,5.49461567985325,0.111161708925671
0.5168,5.67388870818153,5.56669881036616,0.107189897815374
0.517,5.74111926723955,5.63791159544659,0.103207671792963
0.5172,5.8072257855633,5.70816532376674,0.0990604617965634
0.5174,5.8719206000952,5.7775032416395,0.0944173584557024
0.5176,5.93528090243205,5.84611607029004,0.0891648321420062
0.5178,5.99762063942615,5.91427331159298,0.0833473278331684
0.518,6.05923174698879,5.98225346322197,0.0769782837668265
0.5182,6.1202924789345,6.05031183768203,0.0699806412524655
0.5184,6.18111105681032,6.11875456771451,0.0623564890958095
0.5186,6.24180016962095,6.18784554475586,0.0539546248650868
0.5188,0.0191769073561376,6.25783001357203,0.0445322009636895
0.519,0.0798111876947401,0.0457772095776896,0.0340339781170505
0.5192,0.141068656662587,0.118128892027347,0.0229397646352397
0.5194,0.202823257827482,0.191698637512964,0.0111246203145183
0.5196,0.264954947380797,0.266540423895839,-0.00158547651504126
0.5198,0.328042808728838,0.342645333779814,-0.0146025250509763
0.52,0.392137153953846,0.419828626480457,-0.0276914725266116
0.5202,0.457131482415594,0.497974250445991,-0.0408427680303969
0.5204,0.523057741398854,0.576926975131651,-0.0538692337327974
0.5206,0.590226144048009,0.656455185182715,-0.0662290411347062
0.5208,0.658798048505939,0.736288180320207,-0.0774901318142686
0.521,0.728687343489262,0.816132317830019,-0.0874449743407565
0.5212,0.799475974858592,0.895748190027778,-0.0962722151691857
0.5214,0.871526569742577,0.974982106057603,-0.103455536315026
0.5216,0.945006257359498,1.05368512911832,-0.108678871758819
0.5218,1.01969650823013,1.13176082648196,-0.112064318251831
0.522,1.0956061933647,1.20922093099065,-0.113614737625958
0.5222,1.1726740787691,1.28604898683856,-0.113374908069457
0.5224,1.25071407765818,1.36232389251494,-0.111609814856769
0.5226,1.32935940297245,1.43818503654766,-0.108825633575216
0.5228,1.40866050891024,1.51376069553129,-0.105100186621055
0.523,1.48864994794841,1.58918172668659,-0.100531778738184
0.5232,1.56934217598027,1.6645936812232,-0.0952515052429321
0.5234,1.65044003272353,1.74013085553193,-0.0896908228084008
0.5236,1.73203135942559,1.81589094746193,-0.0838595880363391
0.5238,1.81400638400276,1.89194918884709,-0.0779428048443311
0.524,1.89650834646023,1.96837081177013,-0.0718624653099029
0.5242,1.97914872608796,2.04515701269299,-0.0660082866050362
0.5244,2.061713534836,2.12226955710031,-0.0605560222643104
0.5246,2.14410046182201,2.19972700320172,-0.0556265413797123
0.5248,2.226298473878,2.27755177493224,-0.0512533010542353
0.525,2.30821734149889,2.35568303064729,-0.0474656891483995
0.5252,2.38967639028646,2.43397560173528,-0.0442992114488128
0.5254,2.47074862339023,2.51222987282813,-0.0414812494378971
0.5256,2.55156058314786,2.59031040080932,-0.0387498176614591
0.5258,2.63233124018968,2.66800540038901,-0.035674160199334
0.526,2.71285779820834,2.7452284514725,-0.0323706532641648
0.5262,2.7934024290278,2.82192004194312,-0.0285176129153282
0.5264,2.87369576552475,2.89800803858802,-0.0243122730632637
0.5266,2.95372932977313,2.97342414399741,-0.0196948142242861
0.5268,3.03351768154623,3.04819578103297,-0.014678099486733
0.527,3.11325655467697,3.1223592752197,-0.00910272054273253
0.5272,3.19275849637595,3.19598940823292,-0.00323091185696889
0.5274,3.27195860441246,3.26916549233188,0.00279311208058663
0.5276,3.35068308268996,3.34188138583482,0.00880169685514831
0.5278,3.42856024999399,3.41421964242382,0.0143406075701744
0.528,3.50588355057988,3.48630221776501,0.019581332814874
0.5282,3.58258417567555,3.55824806287335,0.0243361128022004
0.5284,3.65884614086913,3.63017359357357,0.0286725472955585
0.5286,3.7344730964477,3.70206736176075,0.0324057346869457
0.5288,3.80916560334172,3.77400451236824,0.0351610909734754
0.529,3.88332070024779,3.84607692553058,0.0372437747172065
0.5292,3.95692392098908,3.91825916395538,0.0386647570336955
0.5294,4.02985168621796,3.99069061508554,0.0391610711324213
0.5296,4.10216539952971,4.06347841090028,0.0386869886294283
0.5298,4.17392074000053,4.13675439332673,0.0371663466738008
0.53,4.24521579352806,4.2105471068175,0.0346686867105603
0.5302,4.316049737134,4.28483750771174,0.0312122294222599
0.5304,4.38639201624339,4.35957670940286,0.0268153068405299
0.5306,4.45649410442696,4.43464669508665,0.0218474093403103
0.5308,4.5264548118858,4.50997942236949,0.0164753895163079
0.531,4.5963253348117,4.5854555077729,0.0108698270388068
0.5312,4.66626294519013,4.66096258281405,0.00530036237608744
0.5314,4.73627017822488,4.73638253147626,-0.000112353251376263
0.5316,4.80647163049572,4.8116054349373,-0.00513380444157097
0.5318,4.87703409721281,4.88653765099406,-0.00950355378124979
0.532,4.94796947204086,4.96112457945913,-0.013155107418271
0.5322,5.01943485484005,5.03535654548898,-0.0159216906489306
0.5324,5.09097234289869,5.10922597520947,-0.0182536323107794
0.5326,5.16257543802658,5.18274016733053,-0.0201647293039526
0.5328,5.23446845531304,5.255968272106,-0.0214998167929661
0.533,5.30681780570307,5.32905753381812,-0.0222397281150437
0.5332,5.37972690508226,5.40206764623162,-0.022340741149355
0.5334,5.45305186716828,5.47505353366106,-0.0220016664927778
0.5336,5.52667993695568,5.54813468137938,-0.021454744423699
0.5338,5.60039372271305,5.6214416861239,-0.0210479634108491
0.534,5.67430349899248,5.69512616944969,-0.0208226704572159
0.5342,5.748293738011,5.7692471221842,-0.0209533841732004
0.5344,5.82257865409341,5.84385348031101,-0.0212748262176072
0.5346,5.89703003755673,5.91898597330789,-0.0219559357511523
0.5348,5.97183428825759,5.99466110717092,-0.0228268189133276
0.535,6.04671821094743,6.07077581011438,-0.0240575991669569
0.5352,6.12185123106269,6.14736790357835,-0.0255166725156615
0.5354,6.19720134347454,6.22438266192549,-0.0271813184509542
0.5356,6.27269257148361,0.01853238281852,-0.0290251185144985
0.5358,0.0651585647678727,0.0960566315256178,-0.0308980667577451
0.536,0.141270925204092,0.173789853526948,-0.0325189283228562
0.5362,0.217736275548878,0.251631774420359,-0.0338954988714802
0.5364,0.294533420304551,0.329407775320675,-0.0348743550161232
0.5366,0.371610206884343,0.406980948365696,-0.0353707414813527
0.5368,0.448466098636834,0.48425259536541,-0.035786496728576
0.537,0.5251895498544,0.561183258181995,-0.0359937083275955
0.5372,0.601965403794301,0.637767316856719,-0.0358019130624174
0.5374,0.678956428958435,0.713972386323256,-0.0350159573648208
0.5376,0.755949800633945,0.789834713758499,-0.0338849131245538
0.5378,0.833092096862421,0.865485190024374,-0.032393093161953
0.538,0.91038117709303,0.940907917319503,-0.0305267402264732
0.5382,0.98761650985031,1.01612716384181,-0.0285106539914954
0.5384,1.06494530015156,1.09126428322943,-0.0263189830778645
0.5386,1.14249973742227,1.16631790950487,-0.0238181720826076
0.5388,1.22033381747775,1.24133988543677,-0.0210060679590209
0.539,1.29815376471713,1.31639063735027,-0.0182368726331417
0.5392,1.37597633645124,1.39150786210258,-0.015531525651344
0.5394,1.45356711082943,1.46671078288714,-0.0131436720577061
0.5396,1.53050990990871,1.54201521552255,-0.0115053056138448
0.5398,1.6071047719444,1.61742677468046,-0.0103220027360682
0.54,1.68338555824178,1.69293732079001,-0.00955176254823575
0.5402,1.75944130839844,1.768551370871,-0.00911006247256796
0.5404,1.83508654834577,1.84424749074913,-0.00916094240336163
0.5406,1.91015089231559,1.91995828854709,-0.00980739623149884
0.5408,1.98452270000635,1.99564320929425,-0.0111205092879061
0.541,2.05883525427898,2.07126295371475,-0.0124276994357726
0.5412,2.13303600039883,2.14676488090946,-0.0137288805106235
0.5414,2.20702209332102,2.22208318276254,-0.0150610894415255
0.5416,2.28077847707301,2.29714517043131,-0.0163666933582958
0.5418,2.35424771991315,2.37193140431078,-0.0176836843976247
0.542,2.4275277571609,2.44642918894517,-0.0189014317842693
0.5422,2.50073942010926,2.52065807978685,-0.0199186596775918
0.5424,2.57405344511478,2.59456987540043,-0.0205164302856469
0.5426,2.64734664459077,2.6681840307382,-0.0208373861474342
0.5428,2.72051621089529,2.7414819487591,-0.0209657378638171
0.543,2.7936765862722,2.81462347057638,-0.0209468843041831
0.5432,2.86707047140313,2.88766466348879,-0.0205941920856523
0.5434,2.94061724584389,2.96056276812212,-0.0199455222782285
0.5436,3.01424252737515,3.03340245328557,-0.0191599259104143
0.5438,3.08815140718338,3.10628152521173,-0.0181301180283531
0.544,3.16236552617863,3.17922014505333,-0.0168546188746941
0.5442,3.23654659377136,3.25230343328687,-0.0157568395155043
0.5444,3.31078448703385,3.32567088622398,-0.0148863991901278
0.5446,3.38512152509948,3.39927645739137,-0.0141549322918895
0.5448,3.45945997949847,3.47314147499555,-0.0136814954970763
0.545,3.5338685013426,3.54723863705673,-0.0133701357141329
0.5452,3.60825591211324,3.62163537818744,-0.0133794660742006
0.5454,3.68286039669675,3.6964038811278,-0.0135434844310511
0.5456,3.75757297580437,3.77143124565122,-0.0138582698468461
0.5458,3.83221776089788,3.84673739671695,-0.0145196358190747
0.546,3.90691710776948,3.92220591480949,-0.0152888070400055
0.5462,3.98151237450324,3.99781141218562,-0.0162990376823773
0.5464,4.05590561187455,4.07357407886607,-0.0176684669915232
0.5466,4.13028961454002,4.14939589020334,-0.0191062756633151
0.5468,4.20462072160607,4.22524017511228,-0.0206194535062139
0.547,4.27891705094388,4.30104513966989,-0.0221280887260065
0.5472,4.35306732522437,4.37679589576257,-0.0237285705381991
0.5474,4.42708368134887,4.45248785500187,-0.0254041736529915
0.5476,4.50123152163769,4.5281050284629,-0.0268735068252086
0.5478,4.57559872136015,4.60365369320392,-0.0280549718437717
0.548,4.6502107273226,4.67911672494452,-0.028905997621921
0.5482,4.72513711768705,4.7545109396555,-0.029373821968453
0.5484,4.80040721466279,4.82985682002295,-0.0294496053601554
0.5486,4.87607148209548,4.90517498475518,-0.0291035026597015
0.5488,4.95168164450475,4.98046940228074,-0.0287877577759925
0.549,5.02732483163079,5.05575466188313,-0.0284298302523469
0.5492,5.1033103681616,5.13104900509928,-0.0277386369376762
0.5494,5.1792753205966,5.20636356378499,-0.0270882431883965
0.5496,5.25525070159873,5.28167432890449,-0.0264236273057659
0.5498,5.33120816027713,5.35696562312276,-0.0257574628456352
0.55,5.40727158713407,5.4322834668924,-0.0250118797583347
0.5502,5.48362161963399,5.50766151616392,-0.0240398965299269
0.5504,5.5602345575766,5.58312572385925,-0.0228911662826548
0.5506,5.63678124367848,5.65854748782311,-0.0217662441446267
0.5508,5.71283301883601,5.73391365298918,-0.0210806341531669
0.551,5.78871691664121,5.80921959753267,-0.0205026808914548
0.5512,5.86442225262296,5.88448384639448,-0.0200615937715227
0.5514,5.94004693347407,5.95961788057102,-0.0195709470969572
0.5516,6.01534093130122,6.03462093747354,-0.0192800061723277
0.5518,6.09028877329106,6.1094669056267,-0.0191781323356368
0.552,6.16515746068916,6.18420343123691,-0.0190459705477526
0.5522,6.23987694640332,6.25881281925619,-0.0189358728528735
0.5524,0.0312149327327473,0.0501018270254349,-0.0188868942926875
0.5526,0.105662751462178,0.124437080237673,-0.0187743287754954
0.5528,0.180074775098551,0.198627112502683,-0.0185523374041311
0.553,0.254320191502591,0.272699030971041,-0.0183788394684499
0.5532,0.328520600125369,0.346719993298576,-0.0181993931732062
0.5534,0.402677567425166,0.420798391853717,-0.0181208244285519
0.5536,0.476843096472237,0.495010456234091,-0.018167359761854
0.5538,0.5511735771292,0.569300063655192,-0.0181264865259925
0.554,0.625738318742875,0.64367103273901,-0.0179327139961352
0.5542,0.700342750258784,0.718137120051412,-0.0177943697926286
0.5544,0.774979929576841,0.792685836631162,-0.0177059070543211
0.5546,0.849651883846813,0.867338157739632,-0.0176862738928192
0.5548,0.924307918249586,0.942154037487476,-0.0178461192378896
0.555,0.999115970826704,1.01710148885261,-0.0179855180259043
0.5552,1.07406092592017,1.0921582840623,-0.0180973581421255
0.5554,1.14899018427692,1.16730236875359,-0.0183121844766754
0.5556,1.22382671714316,1.24254687916235,-0.0187201620191841
0.5558,1.29859654519613,1.31788075385542,-0.0192842086592906
0.556,1.37327006925691,1.3932665525724,-0.0199964833154957
0.5562,1.44793390615268,1.46867383196514,-0.0207399258124645
0.5564,1.52245959686192,1.54408680083521,-0.0216272039732905
0.5566,1.59706183631294,1.61948075162424,-0.0224189153112977
0.5568,1.6716543370369,1.69483393806021,-0.0231796010233087
0.557,1.74648783120806,1.77011996810256,-0.0236321368944929
0.5572,1.82133419958051,1.84533226855928,-0.023998068978772
0.5574,1.89595058284156,1.92046602449587,-0.0245154416543161
0.5576,1.97079020235267,1.99551237723384,-0.024722174881167
0.5578,2.04579871611506,2.07047228498313,-0.0246735688680739
0.558,2.12073896009756,2.14533723477953,-0.024598274681972
0.5582,2.19563689347141,2.22014604149162,-0.02450914802021
0.5584,2.27034766073158,2.2948736067156,-0.0245259459840188
0.5586,2.34479723144227,2.36952008494937,-0.0247228535070994
0.5588,2.41918982275565,2.44412092934762,-0.024931106591966
0.559,2.49356152739698,2.51868666608457,-0.0251251386875877
0.5592,2.56795613667822,2.59325348410159,-0.0252973474233733
0.5594,2.64251579268924,2.66782702675859,-0.0253112340693544
0.5596,2.7173186045485,2.7424088528034,-0.0250902482549042
0.5598,2.79219353310752,2.81697651903644,-0.0247829859289173
0.56,2.86713604408086,2.89157866040427,-0.0244426163234137
0.5602,2.94230127312495,2.96624599817052,-0.0239447250455669
0.5604,3.01775884334082,3.04091152217309,-0.0231526788322673
0.5606,3.09324959844832,3.11555524751429,-0.0223056490659665
0.5608,3.16876241133194,3.1902323272805,-0.0214699159485661
0.561,3.24422880393437,3.26490462773158,-0.0206758237972076
0.5612,3.31961613841888,3.33957112209199,-0.0199549836731103
0.5614,3.39493670724439,3.41424551953007,-0.0193088122856837
0.5616,3.47011985652367,3.48894229278638,-0.0188224362627127
0.5618,3.54520808059372,3.56368787136308,-0.0184797907693568
0.562,3.62035017985733,3.63844251854206,-0.0180923386847307
0.5622,3.69543782528488,3.7132210704452,-0.0177832451603246
0.5624,3.77032020817156,3.78801917382609,-0.0176989656545246
0.5626,3.84533486384209,3.86291413607203,-0.0175792722299359
0.5628,3.92031292353678,3.93788645428169,-0.0175735307449085
0.563,3.99502786779004,4.01290015094035,-0.0178722831503149
0.5632,4.06992982636356,4.08798550346578,-0.0180556771022182
0.5634,4.14495337516391,4.16313799242611,-0.0181846172621976
0.5636,4.21984725668217,4.23837517238153,-0.0185279156993587
0.5638,4.29464386446851,4.31367865626868,-0.0190347918001752
0.564,4.36923944558002,4.38901944301206,-0.0197799974320407
0.5642,4.44360820344323,4.46440652160648,-0.0207983181632567
0.5644,4.51796652887758,4.53980666407961,-0.0218401352020319
0.5646,4.5923143101356,4.61520819610279,-0.0228938859671919
0.5648,4.66664555416349,4.69061300499203,-0.0239674508285352
0.565,4.74108337957668,4.76600663791641,-0.0249232583397356
0.5652,4.81572104954632,4.84137742260074,-0.0256563730544173
0.5654,4.89040614373527,4.91671775905024,-0.0263116153149774
0.5656,4.96513757309098,4.99202171762552,-0.0268841445345362
0.5658,5.04006977418132,5.06728257230599,-0.0272127981246708
0.566,5.11515792783479,5.14252171972986,-0.027363791895068
0.5662,5.19041464023014,5.21770999186017,-0.027295351630034
0.5664,5.26577757890087,5.29280949206361,-0.0270319131627437
0.5666,5.34133473219847,5.36786482270223,-0.0265300905037629
0.5668,5.41725877081791,5.44281686213598,-0.0255580913180653
0.567,5.49344659950505,5.51767330446579,-0.0242267049607383
0.5672,5.56972744915349,5.59248055208868,-0.0227531029351846
0.5674,5.64578231308621,5.66720682818497,-0.0214245150987633
0.5676,5.72146042764135,5.74181671107004,-0.0203562834286952
0.5678,5.79700590557757,5.81632497658315,-0.0193190710055742
0.568,5.87232957702753,5.89075271740913,-0.0184231403816053
0.5682,5.94768354683033,5.96520897721098,-0.0175254303806458
0.5684,6.02284075945532,6.0396142588467,-0.0167734993913804
0.5686,6.09755333414257,6.11394506583106,-0.0163917316884925
0.5688,6.17214004735684,6.18827796354032,-0.0161379161834772
0.569,6.24658096394778,6.26262019267979,-0.0160392287320077
0.5692,0.0376403802942544,0.0537542981763439,-0.0161139178820895
0.5694,0.11179553620351,0.128124625920436,-0.0163290897169265
0.5696,0.185897486479971,0.20251757360639,-0.0166200871264196
0.5698,0.259763044251769,0.276899771601928,-0.0171367273501589
0.57,0.333540658505987,0.351354883465943,-0.0178142249599562
0.5702,0.40734259229516,0.4258463932111,-0.0185038009159396
0.5704,0.481215337012174,0.500411608002464,-0.0191962709902896
0.5706,0.555311775524902,0.575041340104911,-0.0197295645800085
0.5708,0.629703574873074,0.649811176101945,-0.0201076012288712
0.571,0.704193189247396,0.724664664171284,-0.020471474923888
0.5712,0.778762792596472,0.799591859125125,-0.0208290665286529
0.5714,0.853576424307175,0.874651269911734,-0.0210748456045585
0.5716,0.928583791024777,0.949750746079019,-0.0211669550542424
0.5718,1.0037553170304,1.02490562984748,-0.0211503128170811
0.572,1.07898459802867,1.100143855664,-0.0211592576353297
0.5722,1.15416043049325,1.17541661813121,-0.0212561876379564
0.5724,1.22926440791609,1.25074151837046,-0.0214771104543725
0.5726,1.30432906469008,1.32609222953569,-0.0217631648456182
0.5728,1.37928247529203,1.40148207009663,-0.0221995948046008
0.573,1.45415747091919,1.47688684830412,-0.0227293773849297
0.5732,1.52877979557384,1.55229154201074,-0.0235117464368957
0.5734,1.60333767596781,1.62768486095916,-0.0243471849913472
0.5736,1.67775471989867,1.70305069472782,-0.0252959748291588
0.5738,1.75233395733566,1.77837941241991,-0.0260454550842573
0.574,1.82691326378738,1.85366024056432,-0.0267469767769486
0.5742,1.90129697247886,1.92888014581611,-0.027583173337252
0.5744,1.97581518019834,2.004060551162,-0.0282453709636667
0.5746,2.05039443204874,2.07917702127798,-0.0287825892292344
0.5748,2.12488417971296,2.15421702208835,-0.0293328423753882
0.575,2.1992984232299,2.22919341179675,-0.0298949885668462
0.5752,2.27363909116942,2.30409654132359,-0.0304574501541701
0.5754,2.34780190570288,2.37888903213945,-0.0310871264365762
0.5756,2.42195088415821,2.45359917730966,-0.031648293151449
0.5758,2.4961422103137,2.52818021616893,-0.0320380058552296
0.576,2.57040515612636,2.6026726714237,-0.0322675152973373
0.5762,2.64483836736113,2.67707591538111,-0.0322375480199781
0.5764,2.71952758864307,2.75144564312317,-0.0319180544800939
0.5766,2.79460787385829,2.82578597710251,-0.0311781032442155
0.5768,2.86968926984271,2.90002631346838,-0.0303370436256656
0.577,2.94488616949195,2.97427040277281,-0.0293842332808576
0.5772,3.02048789647477,3.0485547018264,-0.0280668053516235
0.5774,3.0960554255104,3.12283354763618,-0.0267781221257835
0.5776,3.17156575644544,3.1971392138619,-0.0255734574164537
0.5778,3.24699105277135,3.27148139359623,-0.0244903408248871
0.578,3.32247624553973,3.34595397392593,-0.0234777283862004
0.5782,3.39822915658486,3.42056434085839,-0.0223351842735298
0.5784,3.47425056502104,3.49529204545385,-0.0210414804328094
0.5786,3.55022990197057,3.57004868816776,-0.0198187861971841
0.5788,3.62607112328749,3.64484829931534,-0.0187771760278519
0.579,3.7018019194636,3.71972517390904,-0.0179232544454426
0.5792,3.77733909346401,3.7946464860687,-0.0173073926046889
0.5794,3.85300421034397,3.86966643450856,-0.0166622241645902
0.5796,3.92859008024925,3.9447431054681,-0.0161530252188502
0.5798,4.00382085611035,4.01982654399256,-0.0160056878822115
0.58,4.07895624385528,4.09491310132289,-0.0159568574676081
0.5802,4.15397395127939,4.17002107041517,-0.0160471191357781
0.5804,4.22881742333223,4.24517255136581,-0.0163551280335819
0.5806,4.30342330252421,4.32039875936962,-0.016975456845417
0.5808,4.37796522306816,4.39565952112259,-0.0176942980544306
0.581,4.45244618085986,4.47097282650306,-0.0185266456431989
0.5812,4.52682418334903,4.54632780416213,-0.0195036208131016
0.5814,4.60111750383222,4.62170629700926,-0.0205887931770325
0.5816,4.67539455924922,4.69710088752703,-0.021706328277812
0.5818,4.7497827481398,4.77249579063286,-0.0227130424930531
0.582,4.82431791947207,4.84786630041409,-0.0235483809420254
0.5822,4.89911739725522,4.92319862974194,-0.024081232486723
0.5824,4.97384723701687,4.9984902845567,-0.0246430475398354
0.5826,5.04865599114609,5.07371147141494,-0.0250554802688558
0.5828,5.12359991656059,5.14886239456855,-0.0252624780079618
0.583,5.19872018545423,5.22395548224442,-0.0252352967901839
0.5832,5.27372038634264,5.29893864479904,-0.0252182584563982
0.5834,5.34870642228835,5.37379984604249,-0.0250934237541456
0.5836,5.42363854745164,5.44849428072957,-0.0248557332779313
0.5838,5.49866569168837,5.52309298623765,-0.0244272945492758
0.584,5.57418620848428,5.59768696268173,-0.0235007541974497
0.5842,5.64970855321573,5.67224337027471,-0.0225348170589754
0.5844,5.7249024407017,5.74673862740195,-0.0218361867002459
0.5846,5.79997462475196,5.82115462167023,-0.0211799969182715
0.5848,5.87487759686887,5.89547617101995,-0.0205985741510828
0.585,5.94977040569408,5.96979176947006,-0.0200213637759781
0.5852,6.02446812302632,6.04410377874513,-0.0196356557188073
0.5854,6.09898329308122,6.11839626108049,-0.0194129679992709
0.5856,6.17355005758787,6.19271424804101,-0.0191641904531394
0.5858,6.24801735407667,6.2670364729718,-0.0190191188951347
0.586,0.0390697950147096,0.0581323244421696,-0.01906252942746
0.5862,0.113162024923223,0.132447785705463,-0.0192857607822398
0.5864,0.187183489466742,0.206840573837228,-0.0196570843704862
0.5866,0.261117512983616,0.281291852615574,-0.0201743396319579
0.5868,0.334976515535005,0.355798654182626,-0.0208221386476212
0.587,0.408773002087528,0.430317377531574,-0.0215443754440461
0.5872,0.482590796005399,0.504904177631041,-0.0223133816256417
0.5874,0.55661151219812,0.579560871217215,-0.0229493590190948
0.5876,0.630930554645954,0.65440539482142,-0.0234748401754657
0.5878,0.705693055060268,0.729379629164073,-0.0236865741038047
0.588,0.780544595293925,0.804367529974858,-0.0238229346809335
0.5882,0.855584355898548,0.879445084140769,-0.0238607282422205
0.5884,0.930807324652287,0.954580014244229,-0.023772689591942
0.5886,1.00619881788969,1.02976773341752,-0.0235689155278238
0.5888,1.08162666844856,1.10503647794195,-0.0234098094933919
0.589,1.1569304768979,1.18034350473946,-0.0234130278415583
0.5892,1.23223917440902,1.25571687875733,-0.023477704348307
0.5894,1.30779336670479,1.33111860069781,-0.0233252339930172
0.5896,1.38345459703315,1.40655020902166,-0.0230956119885051
0.5898,1.45906522200987,1.48197793481234,-0.0229127128024633
0.59,1.53428269145202,1.55739002347781,-0.0231073320257889
0.5902,1.6093964088478,1.63277914001773,-0.0233827311699328
0.5904,1.68435710307669,1.70813417541319,-0.0237770723365005
0.5906,1.75927291955117,1.78346774633471,-0.0241948267835412
0.5908,1.83399067902289,1.85877331751472,-0.0247826384918259
0.591,1.90847210693214,1.9340060495565,-0.0255339426243548
0.5912,1.98295666782915,2.00919595625679,-0.0262392884276434
0.5914,2.05744581254019,2.08435853637372,-0.0269127238335294
0.5916,2.13192919309772,2.15944984812185,-0.0275206550241318
0.5918,2.20633810165425,2.2344702678147,-0.0281321661604461
0.592,2.28067754155854,2.30940808123254,-0.0287305396739908
0.5922,2.35483378070099,2.38422623226201,-0.0293924515610171
0.5924,2.4289416411012,2.45897916754609,-0.0300375264448873
0.5926,2.5030403399389,2.53361381274084,-0.0305734728019447
0.5928,2.57716243223122,2.60814983696095,-0.0309874047297276
0.593,2.65141710800355,2.68258678456497,-0.0311696765614244
0.5932,2.72589583993895,2.75695454445345,-0.0310587045144963
0.5934,2.80074362203386,2.83133395552681,-0.0305903334929534
0.5936,2.87580804336735,2.90573326703551,-0.0299252236681617
0.5938,2.95125208235591,2.98010580437215,-0.0288537220162413
0.594,3.02702157189308,3.05452236875221,-0.0275007968591305
0.5942,3.10282265145127,3.12893919622295,-0.0261165447716794
0.5944,3.17851600250098,3.20334234795056,-0.0248263454495747
0.5946,3.25399839244382,3.27767893486461,-0.0236805424207902
0.5948,3.3294316098845,3.35202051694522,-0.0225889070607224
0.595,3.40506934397962,3.426408333392,-0.0213389894123779
0.5952,3.48076545527167,3.50090168171084,-0.0201362264391682
0.5954,3.55635599966658,3.57545087442099,-0.0190948747544168
0.5956,3.63183372353846,3.65002881356865,-0.0181950900301984
0.5958,3.70721136944929,3.72466925258853,-0.0174578831392429
0.596,3.78244001343655,3.79937877074589,-0.0169387573093425
0.5962,3.8576630399123,3.87412568001482,-0.0164626401025219
0.5964,3.93271437943397,3.94893735655496,-0.0162229771209881
0.5966,4.00752156848787,4.02386248190906,-0.0163409134211889
0.5968,4.08230217737683,4.09887999052891,-0.0165778131520788
0.597,4.15703292819739,4.1739755695594,-0.0169426413620064
0.5972,4.23165199924744,4.2491314827721,-0.0174794835246574
0.5974,4.30604372593248,4.32436874440343,-0.0183250184709491
0.5976,4.38033587367385,4.39965146351771,-0.0193155898438562
0.5978,4.45454432790921,4.47498928689987,-0.0204449589906597
0.598,4.52867255712869,4.55036961962401,-0.0216970624953223
0.5982,4.60279399856306,4.62577674471774,-0.022982746154681
0.5984,4.67694753120789,4.70118290227799,-0.0242353710700973
0.5986,4.75121098580586,4.77657282945347,-0.0253618436476035
0.5988,4.82565612351358,4.85192828790774,-0.0262721643941539
0.599,4.90041942149394,4.92723068928973,-0.0268112677957868
0.5992,4.97514098687168,5.00247530605296,-0.0273343191812803
0.5994,5.04991406646248,5.07764131611795,-0.0277272496554692
0.5996,5.12475206022548,5.15273934933881,-0.0279872891133248
0.5998,5.1996888582684,5.22776383212777,-0.0280749738593675
0.6,5.27465149498527,5.30270009412923,-0.0280485991439638
