t_s,theta_pll_rad,theta_ref_rad,theta_err_rad
0,0,0,0
0.0002,0.0753982236904548,0.075398223686155,4.29981050764638e-12
0.0004,0.150252531569056,0.15079644737231,-0.000543915803254524
0.0006,0.225286659533477,0.226194671058465,-0.000908011524987706
0.0008,0.301428463413579,0.30159289474462,-0.000164431331041437
0.001,0.37830508694427,0.376991118430775,0.0013139685134948
0.0012,0.453813087594535,0.45238934211693,0.00142374547760443
0.0014,0.525736188933698,0.527787565803085,-0.00205137686938772
0.0016,0.593478348929579,0.60318578948924,-0.00970744055966122
0.0018,0.658025056269015,0.678584013175395,-0.0205589569063809
0.002,0.720351611303743,0.75398223686155,-0.0336306255578072
0.0022,0.780302533710966,0.829380460547705,-0.0490779268367391
0.0024,0.836802563144274,0.904778684233861,-0.0679761210895864
0.0026,0.889626107132073,0.980176907920016,-0.0905508007879424
0.0028,0.940288841092171,1.05557513160617,-0.115286290514
0.003,0.990888020475283,1.13097335529233,-0.140085334817043
0.0032,1.04239641634134,1.20637157897848,-0.163975162637139
0.0034,1.09459909464259,1.28176980266464,-0.18717070802205
0.0036,1.14740635663048,1.35716802635079,-0.209761669720313
0.0038,1.20162729150135,1.43256625003695,-0.230938958535594
0.004,1.25841357855167,1.5079644737231,-0.249550895171436
0.0042,1.31778720396532,1.58336269740926,-0.265575493443936
0.0044,1.3787625925467,1.65876092109541,-0.279998328548707
0.0046,1.44019062501066,1.73415914478157,-0.293968519770906
0.0048,1.50172603819246,1.80955736846772,-0.307831330275261
0.005,1.56389141193732,1.88495559215388,-0.321064180216555
0.0052,1.62722327303259,1.96035381584003,-0.333130542807446
0.0054,1.69157102220176,2.03575203952619,-0.344181017324425
0.0056,1.75645980089687,2.11115026321234,-0.354690462315472
0.0058,1.82161334262016,2.1865484868985,-0.36493514427834
0.006,1.88737070739334,2.26194671058465,-0.374576003191307
0.0062,1.95418639633357,2.33734493427081,-0.383158537937239
0.0064,2.0220638366934,2.41274315795696,-0.390679321263565
0.0066,2.09058751987309,2.48814138164312,-0.397553861770031
0.0068,2.1593243860419,2.56353960532927,-0.404215219287376
0.007,2.22818825918309,2.63893782901543,-0.410749569832332
0.0072,2.29732788379506,2.71433605270158,-0.417008168906522
0.0074,2.36692571422966,2.78973427638774,-0.422808562158077
0.0076,2.43697227770976,2.86513250007389,-0.428160222364132
0.0078,2.50746032826338,2.94053072376005,-0.433070395496663
0.008,2.57847293935413,3.0159289474462,-0.43745600809207
0.0082,2.6500824789298,3.09132717113236,-0.441244692202555
0.0084,2.72222761776576,3.16672539481851,-0.444497777052749
0.0086,2.79486073346979,3.24212361850467,-0.447262885034875
0.0088,2.86790198683459,3.31752184219082,-0.44961985535623
0.009,2.94115239168291,3.39292006587698,-0.451767674194064
0.0092,3.01435479417996,3.46831828956313,-0.453963495383173
0.0094,3.08744258130461,3.54371651324929,-0.456273931944681
0.0096,3.16069261584108,3.61911473693544,-0.458422121094359
0.0098,3.23456667802013,3.6945129606216,-0.459946282601462
0.01,3.30938310773343,3.76991118430775,-0.460528076574318
0.0102,3.38513346862543,3.84530940799391,-0.460175939368477
0.0104,3.46154702176926,3.92070763168006,-0.4591606099108
0.0106,3.53849195184903,3.99610585536622,-0.457613903517186
0.0108,3.61593032134857,4.07150407905237,-0.455573757703803
0.011,3.69377582676462,4.14690230273853,-0.453126475973912
0.0112,3.77181340913396,4.22230052642468,-0.450487117290718
0.0114,3.84979590019494,4.29769875011084,-0.447902849915898
0.0116,3.9276536331755,4.37309697379699,-0.445443340621491
0.0118,4.00572002638139,4.44849519748315,-0.442775171101752
0.012,4.08448105695178,4.5238934211693,-0.439412364217524
0.0122,4.16418216916378,4.59929164485546,-0.435109475691677
0.0124,4.24463284562722,4.67468986854161,-0.430057022914391
0.0126,4.32559063358063,4.75008809222777,-0.424497458647141
0.0128,4.40695914091273,4.82548631591392,-0.418527175001188
0.013,4.48873588647198,4.90088453960008,-0.412148653128099
0.0132,4.57089063874743,4.97628276328623,-0.405392124538798
0.0134,4.6532781129435,5.05168098697239,-0.39840287402889
0.0136,4.73572757327331,5.12707921065854,-0.39135163738523
0.0138,4.81824088865596,5.2024774343447,-0.38423654568874
0.014,4.90099471033736,5.27787565803085,-0.376880947693497
0.0142,4.98421353383952,5.35327388171701,-0.369060347877486
0.0144,5.06806780515897,5.42867210540316,-0.360604300244196
0.0146,5.15258758263019,5.50407032908932,-0.351482746459127
0.0148,5.23767125505139,5.57946855277547,-0.341797297724081
0.015,5.32318419549249,5.65486677646163,-0.331682580969142
0.0152,5.40904329532228,5.73026500014778,-0.3212217048255
0.0154,5.49520594954889,5.80566322383394,-0.310457274285051
0.0156,5.58158661470517,5.88106144752009,-0.299474832814919
0.0158,5.66800570114352,5.95645967120625,-0.288453970062731
0.016,5.75420538081267,6.0318578948924,-0.277652514079734
0.0162,5.84006678083365,6.10725611857856,-0.267189337744908
0.0164,5.92565962869724,6.18265434226471,-0.256994713567472
0.0166,6.01118401899136,6.25805256595087,-0.24686854695951
0.0168,6.09684466629776,6.06033390199832,0.0365107642994396
0.017,6.18277671493295,6.13948235752676,0.0432943574061886
0.0172,6.26904945690681,6.22042476057154,0.0486246963352741
0.0174,0.0724601497507917,0.0191707912772384,0.0532893584735534
0.0176,0.159270405001146,0.102389104729035,0.0568813002721114
0.0178,0.246125764849428,0.187980719710379,0.0581450451390494
0.018,0.332856129394779,0.276294830514615,0.0565612988801639
0.0182,0.41935293551335,0.366215649768469,0.0531372857448805
0.0184,0.505613795400838,0.455911933807083,0.0497018615937548
0.0186,0.591782151216166,0.544458848204063,0.0473233030121036
0.0188,0.678122241357487,0.632034997886675,0.0460872434708117
0.019,0.764810108498417,0.71904772287322,0.0457623856251964
0.0192,0.851859088296154,0.805164428385279,0.0466946599108744
0.0194,0.939206406438851,0.889549032724992,0.0496573737138591
0.0196,1.02677265155931,0.971764331036797,0.05500832052251
0.0198,1.11447603926509,1.05215507191204,0.0623209673530556
0.02,1.20221843454927,1.13129275422656,0.0709256803227143
0.0202,1.28986270828076,1.20933656753633,0.0805261407444298
0.0204,1.37716903340532,1.2861175885494,0.0910514448559254
0.0206,1.46397332798626,1.36172301092088,0.102250317065379
0.0208,1.55037306321972,1.43661897865401,0.113754084565715
0.021,1.63660248509972,1.51138458951756,0.125217895582161
0.0212,1.72294988480405,1.58658953856248,0.136360346241568
0.0214,1.80958920776327,1.6626738505763,0.146915357186965
0.0216,1.89653748131089,1.73994648908678,0.156590992224118
0.0218,1.98373193187705,1.81853365071527,0.165198281161774
0.022,2.0710947877918,1.89828478336782,0.172810004423978
0.0222,2.15853846613215,1.97888145496147,0.17965701117068
0.0224,2.24589626199926,2.06023592272146,0.185660339277799
0.0226,2.33293077977117,2.14263408714907,0.190296692622105
0.0228,2.41947298825086,2.22646429182187,0.193008696428991
0.023,2.50550097565289,2.31186797005212,0.193633005600777
0.0232,2.59117514883419,2.39877958083892,0.192395567995268
0.0234,2.67673661559037,2.48716851132008,0.18956810427029
0.0236,2.76238430844019,2.57695486165263,0.185429446787567
0.0238,2.84822652552863,2.66784259125558,0.180383934273052
0.024,2.93429191146193,2.75921571914374,0.175076192318196
0.0242,3.02054545619245,2.85037572234164,0.170169733850808
0.0244,3.10682890323281,2.94068488097137,0.166144022261442
0.0246,3.19286680978316,3.0297197592579,0.163147050525268
0.0248,3.27849441519321,3.11741611763092,0.161078297562287
0.025,3.36367177162331,3.20372547371702,0.159946297906287
0.0252,3.44845974515554,3.28835697474645,0.160102770409086
0.0254,3.53296648321241,3.37117441537,0.161792067842413
0.0256,3.61734954710151,3.45250073358153,0.164848813519985
0.0258,3.70175875278037,3.53282254754199,0.16893620523838
0.026,3.78619786332034,3.6120398970132,0.174157966307135
0.0262,3.87050710245607,3.68957725407684,0.180929848379234
0.0264,3.9545518023689,3.7649620112231,0.189589791145807
0.0266,4.0382111890128,3.83810224020846,0.200108948804338
0.0268,4.12138068165047,3.90925214083168,0.212128540818796
0.027,4.20383292850172,3.97874321374581,0.225089714755903
0.0272,4.28536184405158,4.04684175013189,0.238520093919694
0.0274,4.36576931779086,4.11394325435916,0.251826063431699
0.0276,4.44500019317934,4.18061617415876,0.264384019020575
0.0278,4.52304491275369,4.24741889394577,0.275626018807915
0.028,4.59989024621888,4.31479948431283,0.285090761906054
0.0282,4.67546083874907,4.38306520034705,0.292395638402027
0.0284,4.74975383109577,4.45252373082723,0.297230100268541
0.0286,4.82267452989466,4.52339912847119,0.299275401423472
0.0288,4.89419596014122,4.59581915110639,0.298376809034835
0.029,4.96433402317998,4.66975900448943,0.294575018690553
0.0292,5.03321547612674,4.74507203841603,0.288143437710718
0.0294,5.10097658629569,4.82153685917467,0.279439727121026
0.0296,5.16782791522485,4.89889478929079,0.268933125934065
0.0298,5.23387191560555,4.97684846509623,0.257023450509323
0.03,5.29924233280524,5.05491116819724,0.244331164607999
0.0302,5.36413957948286,5.13233917963696,0.231800399845898
0.0304,5.42861276100134,5.20842741193258,0.220185349068765
0.0306,5.49274653913211,5.28287744244668,0.20986909668543
0.0308,5.55664348147835,5.3554867621529,0.201156719325457
0.031,5.62037913573458,5.42614084896471,0.194238286769869
0.0312,5.6840833825614,5.49503083815361,0.18905254440779
0.0314,5.74790872112934,5.56263848457176,0.185270236557586
0.0316,5.81199724361322,5.62958919631698,0.182408047296235
0.0318,5.87637539921532,5.69643663011973,0.179938769095589
0.032,5.94112303371304,5.76360445042153,0.177518583291514
0.0322,6.00627190297197,5.83138190170266,0.174890001269309
0.0324,6.07182859009749,5.90007310155769,0.171755488539802
0.0326,6.13782148425168,5.96982577425713,0.167995709994552
0.0328,6.20430681462137,6.04070790907931,0.16359890554206
0.033,6.27132474583223,6.11259618695793,0.158728558874297
0.0332,0.0556397214998618,6.18508243947068,0.15374258920877
0.0334,0.123542132908514,6.25794198784103,0.148785452247074
0.0336,0.191781728578369,0.0477863475081077,0.143995381070261
0.0338,0.260315954117199,0.120885289341897,0.139430664775302
0.034,0.329133712502482,0.193963421368729,0.135170291133753
0.0342,0.398221406101972,0.267087967766615,0.131133438335357
0.0344,0.467601590783501,0.340327993988246,0.127273596795255
0.0346,0.537270903642054,0.413726801595397,0.123544102046657
0.0348,0.607230760017009,0.487224285819154,0.120006474197855
0.035,0.677447259300137,0.560797732022895,0.116649527277242
0.0352,0.747869774629413,0.634402554536617,0.113467220092796
0.0354,0.818403319027018,0.707951201832853,0.110452117194165
0.0356,0.888984295730629,0.781312626529454,0.107671669201174
0.0358,0.959549090637995,0.854488958648622,0.105060131989373
0.036,1.0300129702711,0.927623069383464,0.102389900887633
0.0362,1.10028712296763,1.00085489832657,0.0994322246410626
0.0364,1.17041768599231,1.07426561505728,0.096152070935037
0.0366,1.24037541646348,1.1478756245333,0.09249979193018
0.0368,1.31012554809859,1.2217549366924,0.0883706114061971
0.037,1.37967294488911,1.29607497471882,0.0835979701702869
0.0372,1.44900569922699,1.37091642450187,0.0780892747251194
0.0374,1.51809168668975,1.44615305168335,0.0719386350064035
0.0376,1.58697122175651,1.52160571120985,0.0653655105466648
0.0378,1.65567600450753,1.59702152745337,0.0586544770541544
0.038,1.72418499560226,1.67215733822964,0.0520276573726133
0.0382,1.79251597838111,1.74685870643354,0.045657271947571
0.0384,1.86070451322224,1.82104779398181,0.0396567192404325
0.0386,1.92878867862927,1.89469258188525,0.0340960967440258
0.0388,1.99680114338726,1.96776800561325,0.0290331377740147
0.039,2.06484865905419,2.04021867921052,0.0246299798436649
0.0392,2.13294405132061,2.11197284994489,0.0209712013757168
0.0394,2.20109467253143,2.18293838076937,0.0181562917620592
0.0396,2.26939808356679,2.25298809462322,0.0164099889435678
0.0398,2.33785617270244,2.32208113430302,0.0157750383994175
0.04,2.40646005984837,2.39030306088974,0.0161569989586314
0.0402,2.47521605383604,2.45779007389912,0.0174259799369225
0.0404,2.54420813910134,2.52473820521096,0.0194699338903748
0.0406,2.61343755923089,2.59124865885444,0.0221889003764497
0.0408,2.68288099547364,2.65753262006375,0.0253483754098949
0.041,2.75251280853767,2.72393424434241,0.0285785641952621
0.0412,2.82234806075628,2.7908478773181,0.0315001834381756
0.0414,2.89239205964416,2.85864632390359,0.0337457357405713
0.0416,2.96267217203289,2.92753351819943,0.0351386538334606
0.0418,3.03317311554391,2.99768604823739,0.0354870673065202
0.042,3.10395977415507,3.06912263269897,0.0348371414561006
0.0422,3.17496951561156,3.14171090528822,0.0332586103233328
0.0424,3.24620412366619,3.21529996979929,0.0309041538668935
0.0426,3.31765890319694,3.28990615684006,0.0277527463568763
0.0428,3.38935766666332,3.36579516189518,0.0235625047681389
0.043,3.46130651112728,3.44312704491643,0.0181794662108565
0.0432,3.53348406993622,3.52194299671416,0.0115410732220638
0.0434,3.60582746542257,3.60227891554567,0.00354854987690123
0.0436,3.67837525870433,3.68417896568169,-0.00580370697736354
0.0438,3.75110500988535,3.76747594185447,-0.0163709319691159
0.044,3.82402427869619,3.85177367267822,-0.027749393982035
0.0442,3.89709138236908,3.93650943411433,-0.0394180517452454
0.0444,3.97026341031686,4.02116558863575,-0.0509021783188901
0.0446,4.04357387589792,4.10532011257537,-0.0617462366774451
0.0448,4.11702021136179,4.18856522748662,-0.0715450161248334
0.045,4.190580308036,4.27064952182626,-0.0800692137902619
0.0452,4.26423668515784,4.35144048463232,-0.0872037994744828
0.0454,4.33794607111213,4.43088862725444,-0.092942556142309
0.0456,4.41173360312031,4.50905102498826,-0.097317421867956
0.0458,4.4856217189825,4.5860962134692,-0.100474494486697
0.046,4.55961372774613,4.66223012363875,-0.102616395892617
0.0462,4.63367500724607,4.73771523725132,-0.104040230005248
0.0464,4.70783293412304,4.81282865729186,-0.104995723168819
0.0466,4.78213160362742,4.88783490101974,-0.105703297392317
0.0468,4.85658517748253,4.96299145810491,-0.106406280622384
0.047,4.93122141414421,5.03853602206521,-0.107314607920996
0.0472,5.00601145849407,5.11466063807472,-0.108649179580652
0.0474,5.08099685294121,5.19151329568943,-0.110516442748222
0.0476,5.15613971825101,5.26921744542658,-0.113077727175563
0.0478,5.23145759718048,5.34772926452509,-0.116271667344611
0.048,5.30689923727291,5.42690395845518,-0.120004721182266
0.0482,5.38247881776906,5.50653228995356,-0.124053472184499
0.0484,5.45814858672164,5.58639413722272,-0.128245550501081
0.0486,5.5339283541656,5.66623360024393,-0.132305246078328
0.0488,5.60983753428967,5.74581453942772,-0.135977005138051
0.049,5.68584354189358,5.82489740417222,-0.139053862278637
0.0492,5.76198572667393,5.90326318476645,-0.141277458092519
0.0494,5.83824454873817,5.98072291402034,-0.142478365282175
0.0496,5.91455979268197,6.05716292111181,-0.142603128429847
0.0498,5.99094606677364,6.13269599641877,-0.141749929645132
0.05,6.06738284552061,6.20738927937933,-0.140006433858722
0.0502,6.14382483901055,6.2814371117753,-0.137612272764748
0.0504,6.22034244792504,0.0718436138798197,-0.134686473134366
0.0506,0.0137533187036203,0.145150062500834,-0.131396743797214
0.0508,0.0904140314215355,0.21826570343752,-0.127851672015984
0.051,0.167108891366531,0.291315662705851,-0.12420677133932
0.0512,0.243877170606627,0.364500027809312,-0.120622857202684
0.0514,0.320764392394369,0.437936368811289,-0.117171976416919
0.0516,0.397763172690981,0.511694930850822,-0.113931758159841
0.0518,0.474867375815243,0.585890795800689,-0.111023419985446
0.052,0.552104922317856,0.660588736875074,-0.108483814557217
0.0522,0.62942468553004,0.735712651127527,-0.106287965597487
0.0524,0.706861102212691,0.81128330595522,-0.104422203742529
0.0526,0.784442687124834,0.887265965020407,-0.102823277895574
0.0528,0.86214959106125,0.96351919598554,-0.10136960492429
0.053,0.939978962837857,1.03989817574284,-0.0999192129049812
0.0532,1.01786702195276,1.1163099729022,-0.098442950949444
0.0534,1.09582182610224,1.19265616800836,-0.0968343419061224
0.0536,1.17383295458336,1.26888366203418,-0.0950507074508211
0.0538,1.25189961944394,1.34496128619486,-0.0930616667509228
0.054,1.33001792478001,1.42083997327255,-0.0908220484925419
0.0542,1.40817183466327,1.49652040304783,-0.0883485683845617
0.0544,1.48634235063063,1.57200778524638,-0.0856654346157484
0.0546,1.5645534972232,1.64732134750804,-0.0827678502848366
0.0548,1.6427898475606,1.72249748345294,-0.079707635892335
0.055,1.7210009821458,1.79757874153191,-0.0765777593861183
0.0552,1.79920676293503,1.87259857777244,-0.0733918148374177
0.0554,1.87738562648644,1.94761130353918,-0.0702256770527392
0.0556,1.95548991413919,2.02268332224324,-0.0671934081040553
0.0558,2.03359138469122,2.09788794645099,-0.0642965617597748
0.056,2.11169865103415,2.17324380191126,-0.0615451508771079
0.0562,2.18980245429439,2.24876424481268,-0.0589617905182975
0.0564,2.26787228585847,2.32450868518929,-0.0566363993308165
0.0566,2.34594393217993,2.40047587870031,-0.0545319465203882
0.0568,2.42403309688559,2.47660674318528,-0.052573646299694
0.057,2.50212044263453,2.55285716104766,-0.0507367184131304
0.0572,2.58025048652212,2.62922023062368,-0.0489697441015586
0.0574,2.65837504836178,2.70563311898634,-0.0472580706245642
0.0576,2.73650311554756,2.78211191221819,-0.0456087966706371
0.0578,2.81468896098871,2.85861393867907,-0.043924977690363
0.058,2.89291815995417,2.93503906275792,-0.0421209028037515
0.0582,2.97116042185662,3.01139730305268,-0.0402368811960576
0.0584,3.04947509200872,3.08762292956221,-0.0381478375534949
0.0586,3.12779556412487,3.16360908560065,-0.0358135214757747
0.0588,3.20612202039756,3.2394089905714,-0.0332869701738381
0.059,3.28440420918845,3.31498840589748,-0.0305841967090279
0.0592,3.36263140523615,3.39038703816916,-0.0277556329330086
0.0594,3.44081913841759,3.46560469638049,-0.0247855579628991
0.0596,3.51894630682387,3.54065898632011,-0.0217126794962392
0.0598,3.59705178699751,3.6156274657226,-0.0185756787250928
0.06,3.67507322973816,3.69046959496556,-0.0153963652274061
0.0602,3.75293959539148,3.76516489419266,-0.0122252988011797
0.0604,3.83072349286087,3.83980176291834,-0.00907827005747031
0.0606,3.90839549901216,3.91441543494147,-0.00601993592930983
0.0608,3.98598332251641,3.98907587052853,-0.00309254801212733
0.061,4.06350156001306,4.06380092716161,-0.000299367148548058
0.0612,4.14092288607806,4.13855670640099,0.00236617967706909
0.0614,4.21821215718512,4.21339259024879,0.00481956693633112
0.0616,4.29546483697019,4.28831156104337,0.00715327592681358
0.0618,4.37270462947241,4.36331462900254,0.00939000046986749
0.062,4.44992325882358,4.43841487243351,0.0115083863900738
0.0622,4.52709690423864,4.51359639765501,0.0135005065836298
0.0624,4.60424069004621,4.58886125495694,0.0153794350892698
0.0626,4.68136160050657,4.66419519445723,0.0171664060493377
0.0628,4.75843516437832,4.7395853389351,0.0188498254432208
0.063,4.83548316266981,4.81502359660864,0.0204595660611728
0.0632,4.91249768285801,4.89050508624689,0.0219925966111179
0.0634,4.98951401686397,4.96602595463045,0.0234880622335165
0.0636,5.06647303777934,5.04158096955203,0.0248920682273051
0.0638,5.14337072408054,5.11716090723087,0.0262098168496641
0.064,5.22022963038007,5.19278512537294,0.027444505007125
0.0642,5.29708943747617,5.26841487933079,0.0286745581453873
0.0644,5.37391209738187,5.34405491671329,0.0298571806685821
0.0646,5.45071208431281,5.41972056305926,0.0309915212535481
0.0648,5.52744683809844,5.49541151614507,0.0320353219533684
0.065,5.60415184289173,5.57115075307253,0.0330010898191944
0.0652,5.68080649248499,5.64693597229401,0.033870520190983
0.0654,5.75744135573989,5.72273429649811,0.0347070592417849
0.0656,5.83400311297224,5.79849772934336,0.0355053836288794
0.0658,5.91048566266296,5.87422308026096,0.0362625824020029
0.066,5.98688564685949,5.94989847307144,0.0369871737880558
0.0662,6.0631640838765,6.02551617906229,0.03764790481421
0.0664,6.13934733968718,6.10104976495353,0.0382975747336536
0.0666,6.21541770796831,6.17648778620031,0.0389299217679957
0.0668,0.00817676415279589,6.25185079685791,0.0395112744744672
0.067,0.0839904481796442,0.0438738206225289,0.0401166275571153
0.0672,0.159733227046982,0.119000787679056,0.040732439367926
0.0674,0.235435742870751,0.194080526508366,0.0413552163623847
0.0676,0.31109124167905,0.269137594026508,0.0419536476525421
0.0678,0.386699272473371,0.344145275471513,0.0425539970018583
0.068,0.462300404017129,0.419055890322352,0.0432445136947778
0.0682,0.537842178651945,0.49387270543146,0.0439694732204844
0.0684,0.6133263963116,0.568648765433145,0.044677630878455
0.0686,0.688790658905174,0.643381314312835,0.0454093445923395
0.0688,0.764220826969692,0.718098168684835,0.0461226582848567
0.069,0.839585836945437,0.792796552086896,0.0467892848585409
0.0692,0.914944781175397,0.867486286565813,0.0474584946095841
0.0694,0.990282747906333,0.942224859846555,0.048057888059778
0.0696,1.06559075482509,1.01704372235356,0.0485470324715218
0.0698,1.14089580529405,1.09196830537645,0.0489274999176001
0.07,1.21616569205992,1.16697092634435,0.0491947657155665
0.0702,1.29142221754627,1.24206397196895,0.0493582455773154
0.0704,1.36662681060531,1.31720191876474,0.0494248918405731
0.0706,1.44179674075305,1.39240403819974,0.0493927025533103
0.0708,1.51688837181268,1.46768150653394,0.0492068652787396
0.071,1.59188782893685,1.54302008740939,0.0488677415274594
0.0712,1.66679298497871,1.61842790975143,0.0483650752272802
0.0714,1.74158805806499,1.69389825570399,0.047689802361
0.0716,1.81630418840312,1.76943142466171,0.0468727637414075
0.0718,1.89091516672383,1.84502493740798,0.0458902293158538
0.072,1.9654833279085,1.92064763898374,0.0448356889247641
0.0722,2.03997906386331,1.99629156203106,0.0436875018322518
0.0724,2.11438552960477,2.07191845687841,0.0424670727263607
0.0726,2.18870377013155,2.14749651832942,0.0412072518021276
0.0728,2.26299608915147,2.22305340636716,0.0399426827843183
0.073,2.33728933616941,2.29860028260656,0.0386890535628512
0.0732,2.41157157285288,2.37406040229547,0.0375111705574054
0.0734,2.48584127831108,2.44947049439688,0.0363707839142018
0.0736,2.56011752646025,2.52476549589772,0.0353520305625308
0.0738,2.63433514158104,2.59992986260188,0.0344052789791567
0.074,2.70853872747553,2.67507822144951,0.0334605060260191
0.0742,2.78275731309363,2.75014861843915,0.0326086946544812
0.0744,2.85699625543804,2.82510586127334,0.031890394164706
0.0746,2.93122861683435,2.89999503232924,0.0312335845051122
0.0748,3.00545637673311,2.97479311276047,0.0306632639726394
0.075,3.07967467676694,3.04943584543346,0.03023883133348
0.0752,3.15385303574099,3.12399575349469,0.0298572822463026
0.0754,3.22802044217637,3.1985689975661,0.0294514446102623
0.0756,3.30221099458325,3.27323505348951,0.0289759410937389
0.0758,3.37644076701085,3.34798016842416,0.0284605985866873
0.076,3.45065838942749,3.42277223404434,0.0278861553831486
0.0762,3.52489764655104,3.49764145314641,0.0272561934046269
0.0764,3.59913872038033,3.57253448880777,0.026604231572561
0.0766,3.67337552891435,3.64746006694073,0.0259154619736233
0.0768,3.74754607639407,3.72248005988617,0.025066016507894
0.077,3.82169885061113,3.79757503134572,0.024123819265407
0.0772,3.89582579305757,3.87271976232282,0.0231060307347466
0.0774,3.969886498486,3.94787232779595,0.0220141706900523
0.0776,4.04391508433467,4.02307072030977,0.0208443640249047
0.0778,4.11789863375151,4.09829712357078,0.0196015101807268
0.078,4.19182070989109,4.17354776536331,0.0182729445277809
0.0782,4.26566785649641,4.24880598902731,0.0168618674691068
0.0784,4.33941199162959,4.32409108994004,0.0153209016895541
0.0786,4.41315659873657,4.39939061644663,0.0137659822899332
0.0788,4.48691657461623,4.47473423505993,0.0121823395563005
0.079,4.56069428032863,4.55010019456863,0.0105940857599931
0.0792,4.63454595633619,4.6254826931535,0.00906326318269013
0.0794,4.70842373793,4.70087983179459,0.00754390613540412
0.0796,4.78231845052196,4.7762768656324,0.00604158488955875
0.0798,4.85625617476359,4.85167248875429,0.00458368600929848
0.08,4.93021410145775,4.92705237510543,0.00316172635232181
0.0802,5.00421639600624,5.00241523547173,0.0018011605345114
0.0804,5.07824030636795,5.07774752224319,0.000492784124753953
0.0806,5.15227511533404,5.153021914497,-0.000746799162966383
0.0808,5.22632421106137,5.22825423408132,-0.00193002301994571
0.081,5.30041913280076,5.30340712324455,-0.00298799044379194
0.0812,5.37453256754207,5.37849425080743,-0.00396168326535573
0.0814,5.44869571975325,5.45353571025394,-0.00483999050069261
0.0816,5.52287558396828,5.52852516718836,-0.00564958322007403
0.0818,5.59710625151321,5.60347067046392,-0.0063644189507146
0.082,5.67136022507219,5.67834033489172,-0.00698010981953701
0.0822,5.74562486781181,5.75315679182986,-0.00753192401804892
0.0824,5.8198375093919,5.82789562239939,-0.0080581130074977
0.0826,5.89404259316662,5.9026155512071,-0.00857295804048697
0.0828,5.96823920540849,5.97735791068829,-0.00911870527980252
0.083,6.04239465446071,6.0521033434008,-0.00970868894009413
0.0832,6.1165508984174,6.12691308339564,-0.0103621849782423
0.0834,6.19072227433071,6.20179163639282,-0.0110693620621127
0.0836,6.26488687687704,6.27676084568411,-0.0118739688070653
0.0838,0.0559008197806357,0.0685851571337988,-0.0126843373531631
0.084,0.130113173519426,0.143590221695107,-0.0134770481756816
0.0842,0.204327068517688,0.218603615822506,-0.014276547304818
0.0844,0.278554913649299,0.293637990547292,-0.0150830768979928
0.0846,0.35280804776781,0.368712809354345,-0.0159047615865354
0.0848,0.427125003362102,0.443863183498043,-0.0167381801359406
0.085,0.501451807619068,0.519023470118125,-0.0175716624990574
0.0852,0.575790285266818,0.594211730831437,-0.0184214455646196
0.0854,0.650171261803658,0.669436447070709,-0.0192651852670509
0.0856,0.724610523728446,0.744773868980802,-0.0201633452523559
0.0858,0.799142638584203,0.820174512073974,-0.0210318734897714
0.086,0.873692474434649,0.895587776829863,-0.0218953023952149
0.0862,0.948265232728619,0.971019003048908,-0.0227537703202884
0.0864,1.02287907620138,1.04644688020273,-0.0235678040013485
0.0866,1.09756002228706,1.12190169139787,-0.0243416691108125
0.0868,1.17226393772731,1.19734891277709,-0.025084975049783
0.087,1.24701253669864,1.27279712081995,-0.0257845841213045
0.0872,1.3217731205369,1.34825504245514,-0.0264819219182357
0.0874,1.39658353750375,1.42370753742896,-0.0271239999252109
0.0876,1.47141886913124,1.49914820585054,-0.0277293367193006
0.0878,1.54630442019038,1.5745627384905,-0.0282583183001188
0.088,1.62118613850682,1.6499397445081,-0.0287536060012861
0.0882,1.69605201096933,1.72526996409344,-0.0292179531241019
0.0884,1.77089764501054,1.80054935262792,-0.0296517076173743
0.0886,1.84575880957956,1.87580065517388,-0.0300418455943121
0.0888,1.9205967410099,1.95100670589279,-0.0304099648828884
0.089,1.99540095187756,2.02615377663547,-0.030752824757915
0.0892,2.07016681282035,2.10126181978449,-0.0310950069641427
0.0894,2.1448787829988,2.17631722938547,-0.0314384463866655
0.0896,2.21959861487468,2.25131162717729,-0.0317130123026144
0.0898,2.29436041839226,2.32630340539441,-0.0319429870021528
0.09,2.36918485294366,2.40130693172881,-0.0321220787851564
0.0902,2.44408129810476,2.4763131617331,-0.032231863628343
0.0904,2.5190434958407,2.55135606339225,-0.0323125675515556
0.0906,2.59408297068472,2.6263418621367,-0.0322588914519808
0.0908,2.66912708911779,2.70128660372722,-0.0321595146094311
0.091,2.74419744618484,2.77619531716261,-0.0319978709777677
0.0912,2.8193189416401,2.85113160761161,-0.0318126659715072
0.0914,2.8945245336551,2.92609724302712,-0.0315727093720151
0.0916,2.96975367216353,3.0010835090957,-0.0313298369321728
0.0918,3.04503552883159,3.07618062101703,-0.0311450921854464
0.092,3.12039311903623,3.15132117993505,-0.0309280608988156
0.0922,3.19579474949071,3.22642248171805,-0.0306277322273414
0.0924,3.27119869645705,3.3014794613936,-0.0302807649365473
0.0926,3.34662725167282,3.37654191424535,-0.0299146625725255
0.0928,3.42204076592514,3.4515543000485,-0.0295135341233621
0.093,3.49745671789819,3.52656171992397,-0.0291050020257804
0.0932,3.57287875816031,3.60164672206215,-0.0287679639018426
0.0934,3.64830393659156,3.67677931403939,-0.028475377447827
0.0936,3.72367250497716,3.7519083945572,-0.0282358895800412
0.0938,3.79903821067495,3.82708764478676,-0.0280494341118058
0.094,3.8743944195313,3.90236052987941,-0.0279661103481135
0.0942,3.94980300881211,3.97769736966582,-0.0278943608537063
0.0944,4.02522895747935,4.05307219666329,-0.0278432391839347
0.0946,4.1006241013029,4.12850512668868,-0.027881025385784
0.0948,4.17598820535656,4.20397250820848,-0.0279843028519275
0.095,4.25137636746844,4.27944557580612,-0.0280692083376763
0.0952,4.32677369963211,4.35493551631403,-0.0281618166819273
0.0954,4.40215299729198,4.43040902031168,-0.0282560230196962
0.0956,4.4775422316753,4.50586267927778,-0.0283204476024803
0.0958,4.55296711593051,4.58129753228839,-0.0283304163578819
0.096,4.62842841137824,4.65671104029032,-0.0282826289120752
0.0962,4.70387988687255,4.73211172272556,-0.028231835853016
0.0964,4.77933264264261,4.80749305806488,-0.0281604154222723
0.0966,4.85481390580047,4.88285003449638,-0.0280361286959012
0.0968,4.93032745351527,4.95818123287736,-0.0278537793620934
0.097,5.00584055002949,5.03350035113666,-0.0276598011071769
0.0972,5.08135880642264,5.10880211955832,-0.0274433131356862
0.0974,5.15692665024141,5.18407519279338,-0.0271485425519717
0.0976,5.23256101007092,5.25936525662223,-0.0268042465513103
0.0978,5.30826665473206,5.3346446652812,-0.0263780105491431
0.098,5.38398040177384,5.40988389873595,-0.0259034969621119
0.0982,5.45972469581908,5.48508953201102,-0.0253648361919412
0.0984,5.53546923425024,5.56026380489136,-0.0247945706411112
0.0986,5.61122595102986,5.63544624140907,-0.024220290379211
0.0988,5.68703662628606,5.71061906829925,-0.0235824420131854
0.099,5.76285818365682,5.78584478205698,-0.0229865984001654
0.0992,5.83868113844985,5.86104644993789,-0.022365311488044
0.0994,5.91445294845442,5.93617106545976,-0.0217181170053449
0.0996,5.99016671189734,6.01129196547139,-0.0211252535740494
0.0998,6.06587540918546,6.08639929899855,-0.0205238898130915
0.1,6.14155318750578,6.16147749543778,-0.0199243079320031
0.1002,6.21717853662646,6.23648006859476,-0.0193015319683001
0.1004,0.00953936187070781,0.0282460303188195,-0.0187066684481117
0.1006,0.0850962924237257,0.103227206723717,-0.0181309142999913
0.1008,0.16065324747174,0.178222876334475,-0.0175696288627353
0.101,0.236183867894541,0.253217043971,-0.017033176076459
0.1012,0.311719802733112,0.328249117433131,-0.016529314700019
0.1014,0.387284931845813,0.403307248851816,-0.0160223170060023
0.1016,0.462872002626996,0.478418693146471,-0.0155466905194749
0.1018,0.538455761546794,0.553538140110616,-0.0150823785638224
0.102,0.614060371043559,0.628697644910023,-0.0146372738664644
0.1022,0.68966965303979,0.703859328475535,-0.0141896754357449
0.1024,0.765311868234101,0.779012493619033,-0.013700625384932
0.1026,0.84096033889283,0.854169275636454,-0.0132089367436234
0.1028,0.916603717891843,0.929338104792918,-0.0127343869010751
0.103,0.992299162376132,1.0045555952797,-0.0122564329035656
0.1032,1.06804024407515,1.07978996844751,-0.0117497243723612
0.1034,1.14382812531618,1.15506864931011,-0.0112405239939266
0.1036,1.21965124568237,1.23036763371386,-0.010716388031488
0.1038,1.29546327154864,1.30569124998905,-0.0102279784404038
0.104,1.37129723722029,1.38103578307401,-0.00973854585371869
0.1042,1.44712414146194,1.45639813272436,-0.00927399126242645
0.1044,1.52296973335843,1.53178279909546,-0.00881306573702467
0.1046,1.59877701050049,1.60718144344504,-0.00840443294455784
0.1048,1.6744735862732,1.68259537583584,-0.00812178956264065
0.105,1.75013555657174,1.75801808255952,-0.00788252598777461
0.1052,1.82573551094386,1.83343302693506,-0.00769751599120383
0.1054,1.90129696018225,1.90884864708598,-0.00755168690373131
0.1056,1.97682298741469,1.98426401926781,-0.00744103185312039
0.1058,2.05227808722169,2.05964342433936,-0.00736533711766674
0.106,2.12762656272827,2.13498181272945,-0.00735525000117399
0.1062,2.20288810478971,2.21029713658422,-0.00740903179451191
0.1064,2.27814298983494,2.28552996230768,-0.00738697247274001
0.1066,2.35338793470744,2.36066939296116,-0.00728145825371795
0.1068,2.42863208411167,2.43578939098792,-0.00715730687625049
0.107,2.50392334986338,2.51092737207769,-0.00700402221430663
0.1072,2.57928460550051,2.58606297500526,-0.0067783695047523
0.1074,2.65464472933443,2.66121636666129,-0.00657163732685584
0.1076,2.73002475955204,2.73632560364224,-0.00630084409020304
0.1078,2.80540528971,2.81135984750913,-0.00595455779912957
0.108,2.88080934558134,2.8863411344068,-0.00553178882546357
0.1082,2.95621023143967,2.96128243101073,-0.00507219957105454
0.1084,3.03160380207592,3.03615437067823,-0.00455056860230973
0.1086,3.1070059779872,3.11100942800084,-0.00400345001364277
0.1088,3.18245781434059,3.1858868237867,-0.0034290094461098
0.109,3.25792696501055,3.26081253289244,-0.00288556788189087
0.1092,3.33343566131229,3.33576512125489,-0.00232945994259959
0.1094,3.40894336424295,3.41077006632951,-0.00182670208656344
0.1096,3.48447811101303,3.48582493876104,-0.00134682774801309
0.1098,3.56000692395559,3.56090034148766,-0.000893417532062735
0.11,3.63555983124798,3.63605667186221,-0.000496840614233385
0.1102,3.71107474032098,3.7112371266414,-0.000162386320418317
0.1104,3.78648154126993,3.78638224987448,9.92913954540597e-05
0.1106,3.86185084110307,3.86154121496895,0.000309626134125995
0.1108,3.93714347684111,3.93665623960456,0.00048723723654609
0.111,4.01237935563063,4.01176221255626,0.000617143074376436
0.1112,4.08756771489678,4.08688424471433,0.0006834701824463
0.1114,4.16269951362799,4.16200869182168,0.000690821806309749
0.1116,4.23775945401955,4.23720212496854,0.000557329051011024
0.1118,4.31281789955322,4.31244514502786,0.00037275452535912
0.112,4.38788008749233,4.38771057070829,0.000169516784037427
0.1122,4.46293806764204,4.46302484063628,-8.67729942441997e-05
0.1124,4.53799030155172,4.53836828267819,-0.000377981126463922
0.1126,4.61308159446412,4.61373811999724,-0.000656525533123897
0.1128,4.68816088348852,4.68912425395307,-0.000963370464559077
0.113,4.76322935664813,4.76452558344579,-0.00129622679765884
0.1132,4.83832507965093,4.83993997696639,-0.00161489731546016
0.1134,4.91342407894605,4.91535975106658,-0.00193567212052947
0.1136,4.98855438700714,4.99077127377848,-0.00221688677134058
0.1138,5.06369630702997,5.06616008902683,-0.00246378199686603
0.114,5.13884578474686,5.14153966772527,-0.00269388297841466
0.1142,5.21401180436572,5.21690183388894,-0.00289002952322193
0.1144,5.28924016649416,5.29224006534458,-0.00299989885041629
0.1146,5.36447755775167,5.36756857616654,-0.00309101841487003
0.1148,5.43973092592389,5.44287500690342,-0.003144080979534
0.115,5.51496171630453,5.51815406699511,-0.00319235069057999
0.1152,5.59020664298234,5.59336674615118,-0.00316010316883641
0.1154,5.6654422965337,5.66852408264351,-0.00308178610981535
0.1156,5.74069719163682,5.74365522172902,-0.00295803009220208
0.1158,5.81592238891026,5.81870326279138,-0.00278087388111548
0.116,5.89111459532944,5.89376870111895,-0.00265410578951464
0.1162,5.96627739780322,5.96883408700895,-0.00255668920573182
0.1164,6.04137381342787,6.04381887573792,-0.00244506231004582
0.1166,6.11642997305288,6.11876215876976,-0.00233218571687566
0.1168,6.19145290646827,6.19371986503521,-0.00226695856693571
0.117,6.26642970271251,6.26866942210206,-0.00223971938955536
0.1172,0.0581536348154374,0.0603685164439294,-0.00221488162849193
0.1174,0.13306080241906,0.135269783618638,-0.0022089811995778
0.1176,0.207970815824924,0.210201749779922,-0.00223093395499793
0.1178,0.282876763829832,0.285119730662417,-0.00224296683258579
0.118,0.357775914884118,0.360026033785002,-0.00225011890088422
0.1182,0.432702786477592,0.434922919640078,-0.00222013316248609
0.1184,0.507604935735678,0.509832278759079,-0.00222734302340166
0.1186,0.582490372696946,0.584764923918122,-0.00227455122117581
0.1188,0.657400797209553,0.659726858086709,-0.0023260608771557
0.119,0.732324922725795,0.734705864444669,-0.00238094171887426
0.1192,0.807230006032645,0.809733430488747,-0.00250342445610185
0.1194,0.882163178547799,0.88483782360056,-0.0026746450527606
0.1196,0.957124951226414,0.959978085644096,-0.00285313441768198
0.1198,1.03210847220944,1.0351593805624,-0.00305090835295818
0.12,1.10714087654253,1.11038470184778,-0.00324382530524669
0.1202,1.18218510594175,1.18565711347806,-0.00347200753630728
0.1204,1.257260114597,1.26097650858938,-0.00371639399237211
0.1206,1.33232700735697,1.33632620385601,-0.00399919649904423
0.1208,1.40742176078453,1.41170618229133,-0.00428442150680408
0.121,1.48252007582747,1.48709980628303,-0.00457973045555637
0.1212,1.55764622020326,1.56249821002703,-0.00485198982377066
0.1214,1.63274386958522,1.6378940873776,-0.00515021779237945
0.1216,1.70780504880983,1.71327839791813,-0.00547334910830077
0.1218,1.78283192522368,1.78864118819325,-0.00580926296957562
0.122,1.85777149258592,1.86396913992488,-0.00619764733896022
0.1222,1.93265786171764,1.93926486393384,-0.00660700221619459
0.1224,2.00748030454329,2.01454647307688,-0.00706616853358932
0.1226,2.08222783467924,2.08982371106968,-0.00759587639044623
0.1228,2.1569031335189,2.16506502397882,-0.00816189045991678
0.123,2.23157465862274,2.24028582495373,-0.00871116633099112
0.1232,2.30627550047188,2.31552535406519,-0.00924985359331565
0.1234,2.38099609446888,2.39069349566813,-0.00969740119924456
0.1236,2.45573423760208,2.46578247024012,-0.0100482326380389
0.1238,2.53053587226111,2.54084086816247,-0.0103049959013597
0.124,2.60541678918731,2.61584126316199,-0.0104244739746751
0.1242,2.68029689779746,2.69081526948258,-0.010518371685118
0.1244,2.75519487553739,2.76580324977726,-0.0106083742398715
0.1246,2.8301391861103,2.84081110992167,-0.0106719238113708
0.1248,2.90516790828368,2.91586230649404,-0.0106943982103647
0.125,2.98021898307154,2.99092005918071,-0.0107010761091728
0.1252,3.05531033120389,3.0659927608209,-0.01068242961701
0.1254,3.13045607351003,3.14106395093299,-0.0106078774229599
0.1256,3.20566319366137,3.21612989291507,-0.0104666992537079
0.1258,3.28087104649721,3.29115339580706,-0.0102823493098558
0.126,3.35610093938193,3.36618336834478,-0.0100824289628547
0.1262,3.43131732970952,3.44118006017031,-0.00986273046079367
0.1264,3.50653724124372,3.51618749081142,-0.0096502495677
0.1266,3.58173889061702,3.5911606507384,-0.00942176012138107
0.1268,3.65691144393833,3.66610484659802,-0.00919340265968227
0.127,3.73200240552993,3.74109493616155,-0.00909253063162074
0.1272,3.8070755657758,3.81613949585812,-0.00906393008231676
0.1274,3.88213161023481,3.89123903174068,-0.0091074215058744
0.1276,3.95713196596964,3.96636250825341,-0.00923054228376596
0.1278,4.03211010425406,4.0415404905039,-0.00943038624983572
0.128,4.1070496823223,4.11676031888549,-0.00971063656318893
0.1282,4.18192742613939,4.19199784035042,-0.0100704142110315
0.1284,4.25674341262435,4.26721765152183,-0.0104742388974763
0.1286,4.33156275346743,4.34249562775186,-0.0109328742844248
0.1288,4.40638368116274,4.41780271470469,-0.0114190335419533
0.129,4.48120618646216,4.49314657475345,-0.011940388291297
0.1292,4.55604114606667,4.56851892383772,-0.0124777777710499
0.1294,4.63093600095798,4.64391577602302,-0.0129797750650349
0.1296,4.70590323432349,4.71931751101078,-0.0134142766872944
0.1298,4.78086338419532,4.79470676773048,-0.0138433835351588
0.13,4.85583775694326,4.87008291371736,-0.0142451567741011
0.1302,4.93085438546176,4.94544086915566,-0.0145864836939023
0.1304,5.00589030050265,5.02079176607547,-0.0149014655728212
0.1306,5.08094334736788,5.09612334365635,-0.0151799962884756
0.1308,5.1560058626002,5.17139407428035,-0.0153882116801487
0.131,5.23107798553092,5.24663385664098,-0.0155558711100632
0.1312,5.30622527709082,5.3218396393087,-0.0156143622178817
0.1314,5.38138222800887,5.39699465603514,-0.0156124280262624
0.1316,5.45656556077501,5.47210796363308,-0.0155424028580695
0.1318,5.53174966357677,5.5471794428286,-0.015429779251825
0.132,5.6069618590008,5.62220915552472,-0.0152472965239143
0.1322,5.68217903825171,5.69716340814071,-0.0149843698889951
0.1324,5.75741647860988,5.7721365175669,-0.0147200389570239
0.1326,5.83261658335284,5.84706318274733,-0.0144465993944962
0.1328,5.90778349922475,5.92195067564275,-0.014167176417998
0.133,5.98292268932277,5.99687959205041,-0.0139569027276343
0.1332,6.05807918342018,6.07184475413876,-0.0137655707185838
0.1334,6.13322508870782,6.14682764943288,-0.0136025607250634
0.1336,6.20833844868285,6.22177667381268,-0.0134382251298311
0.1338,0.000201241367376426,0.0135640738623842,-0.0133628324950078
0.134,0.0752629423181356,0.0885285448609789,-0.0132656025428433
0.1342,0.150318901659257,0.163455089818199,-0.0131361881589418
0.1344,0.225342472201863,0.238355917924561,-0.0130134457226983
0.1346,0.300346291147787,0.313263569832895,-0.0129172786851079
0.1348,0.375352163801206,0.388176976562754,-0.0128248127615484
0.135,0.45033122603961,0.463133822610399,-0.0128025965707887
0.1352,0.525301961714784,0.538141815108945,-0.012839853394161
0.1354,0.600280381404951,0.613212082098017,-0.0129317006930662
0.1356,0.675292256600919,0.68833920338224,-0.0130469467813209
0.1358,0.750352156667095,0.763583332597346,-0.0132311759302507
0.136,0.825490991260763,0.838866679833195,-0.0133756885724325
0.1362,0.900645467718862,0.914153345077677,-0.0135078773588153
0.1364,0.975834848860818,0.98949957554554,-0.013664726684722
0.1366,1.05107761491376,1.06485078115616,-0.013773166242403
0.1368,1.12638045363925,1.14023041317279,-0.0138499595335309
0.137,1.20167743518728,1.21562415528694,-0.0139467200996519
0.1372,1.27698697150259,1.29102937344603,-0.014042401943436
0.1374,1.35227872474375,1.36642505365503,-0.0141463289112815
0.1376,1.42757090256961,1.44181748007719,-0.0142465775075789
0.1378,1.50291482425638,1.51721805595142,-0.0143032316950389
0.138,1.57824211061369,1.59261687389525,-0.0143747632815587
0.1382,1.65351310073863,1.66801736817979,-0.0145042674411602
0.1384,1.72877834288213,1.74341825357078,-0.014639910688645
0.1386,1.80403370526973,1.81882111178323,-0.0147874065134983
0.1388,1.87930960456237,1.89422894523318,-0.014919340670807
0.139,1.95456682647221,1.96963469084343,-0.0150678643712145
0.1392,2.02977355587568,2.0450087396097,-0.015235183734025
0.1394,2.10489543150727,2.12036458600154,-0.0154691544942716
0.1396,2.18002466169924,2.1957301318223,-0.0157054701230672
0.1398,2.255162170638,2.2710359079612,-0.015873737323199
0.14,2.3302924165917,2.3463151694047,-0.016022752812999
0.1402,2.40544778863342,2.42158357882251,-0.0161357901890908
0.1404,2.48064413881519,2.4967541803543,-0.0161100415391116
0.1406,2.55579148511914,2.57184522708845,-0.0160537419693108
0.1408,2.6308984430206,2.64685942975758,-0.015960986736983
0.141,2.70598834926966,2.72179693723662,-0.0158085879669616
0.1412,2.78108757649106,2.79663018620145,-0.0155426097103857
0.1414,2.8562114217927,2.87138157994551,-0.0151701581528076
0.1416,2.93134462946926,2.9461078365923,-0.0147632071230337
0.1418,3.0064935701566,3.02078883721977,-0.0142952670631731
0.142,3.08168730310025,3.0954620613733,-0.0137747582730503
0.1422,3.15693157396668,3.17014415190528,-0.0132125779386065
0.1424,3.23222994120869,3.24487007262703,-0.0126401314183404
0.1426,3.30752429536359,3.31957885283596,-0.0120545574723696
0.1428,3.38281367449818,3.3943412287986,-0.0115275543004283
0.143,3.45815457369012,3.4691651350101,-0.0110105613199774
0.1432,3.53351754173822,3.5440590303086,-0.0105414885703747
0.1434,3.6089303025088,3.61909036245032,-0.0101600599415188
0.1436,3.6843264105393,3.6941821459992,-0.00985573545989871
0.1438,3.75963188325463,3.76927302004793,-0.00964113679329071
0.144,3.83491079612034,3.84441783365146,-0.00950703753111926
0.1442,3.9101627551991,3.91966211816491,-0.00949936296580933
0.1444,3.98541750906275,3.99492708062552,-0.00950957156276511
0.1446,4.06063535609576,4.07022222724029,-0.00958687114452506
0.1448,4.13578932128576,4.14555254233396,-0.00976322104820238
0.145,4.21085360441198,4.22094204705401,-0.0100884426420276
0.1452,4.28592741009607,4.29633631088038,-0.010408900784312
0.1454,4.36103336492356,4.37173595598631,-0.010702591062743
0.1456,4.43616254994131,4.44713348681872,-0.0109709368774196
0.1458,4.51129381906735,4.52251762040455,-0.0112238013372004
0.146,4.58644805596932,4.59790402878368,-0.0114559728143551
0.1462,4.66156344153404,4.67328951104989,-0.0117260695158521
0.1464,4.73665122249338,4.74868659426443,-0.0120353717710495
0.1466,4.81172962113333,4.82409073860609,-0.0123611174727571
0.1468,4.88685347528272,4.89950318039716,-0.0126497051144456
0.147,4.96205520659914,4.97491315833872,-0.0128579517395826
0.1472,5.0372550102496,5.05030850354891,-0.0130534932993092
0.1474,5.11246247244391,5.12570845393402,-0.0132459814901127
0.1476,5.18775364246467,5.20109095961847,-0.0133373171538018
0.1478,5.2631165428892,5.27642509573145,-0.0133085528422487
0.148,5.33853677273713,5.35171433726358,-0.0131775645264431
0.1482,5.41394664329159,5.42696275915887,-0.0130161158672815
0.1484,5.48933370007057,5.50220676954968,-0.0128730694791122
0.1486,5.56474113947015,5.57742135594097,-0.0126802164708222
0.1488,5.64013474687447,5.65263270612676,-0.0124979592522827
0.149,5.71554111865916,5.7278050226759,-0.0122639040167378
0.1492,5.790921800984,5.80289007255141,-0.0119682715674116
0.1494,5.86620888621372,5.87791537809818,-0.011706491884456
0.1496,5.94146831045853,5.95289769659066,-0.0114293861321295
0.1498,6.01666191704685,6.02771159520374,-0.0110496781568941
0.15,6.09173895836277,6.10241293005679,-0.010673971694013
0.1502,6.16678775823737,6.17713735672843,-0.0103495984910573
0.1504,6.2418019753221,6.2518366894783,-0.0100347141561983
0.1506,0.0335523873814507,0.0433075256320698,-0.00975513825061908
0.1508,0.108499793067192,0.118028558081537,-0.0095287650143441
0.151,0.183482982677997,0.192861216869226,-0.00937823419122982
0.1512,0.258495787465676,0.267742302475353,-0.00924651500967683
0.1514,0.333517584875546,0.342656491118314,-0.0091389062427672
0.1516,0.408567571271791,0.417680071428725,-0.00911250015693349
0.1518,0.483654178133192,0.492761718671552,-0.0091075405383606
0.152,0.5587149942236,0.567802085136611,-0.00908709091301085
0.1522,0.633753785890906,0.642873870927513,-0.00912008503660677
0.1524,0.708799266630752,0.717951769013212,-0.00915250238245913
0.1526,0.783874920162274,0.7930327736541,-0.00915785349182574
0.1528,0.858951675481075,0.868160878159067,-0.00920920267799163
0.153,0.934067853500706,0.943302445398303,-0.00923459189759646
0.1532,1.00925256281455,1.01847509976792,-0.00922253695337294
0.1534,1.08448710674121,1.09368973614214,-0.00920262940093552
0.1536,1.15974300723895,1.16893875445848,-0.00919574721952809
0.1538,1.23504953695194,1.24421863114207,-0.00916909419012568
0.154,1.31036359407807,1.31953446883294,-0.00917087475487155
0.1542,1.38571124048101,1.39489021486419,-0.00917897438317761
0.1544,1.46106290276765,1.47026647579593,-0.00920357302827846
0.1546,1.53645289320415,1.54565937130682,-0.00920647810266995
0.1548,1.61181861111697,1.6210575717118,-0.00923896059482643
0.155,1.68708511971212,1.69645068227207,-0.00936556255995558
0.1552,1.76231921526596,1.77183462413076,-0.00951540886479108
0.1554,1.83748253911717,1.84719423172381,-0.00971169260664051
0.1556,1.91259753414678,1.92252052087971,-0.00992298673293135
0.1558,1.98767527433431,1.99781445730295,-0.0101391829686421
0.156,2.06270570701941,2.07309185158114,-0.0103861445617279
0.1562,2.13767113853372,2.14828416858166,-0.0106130300479443
0.1564,2.21263996609719,2.22343107994224,-0.010791113845054
0.1566,2.28763089072487,2.29855081860022,-0.0109199278753493
0.1568,2.36263460644637,2.37359548386948,-0.0109608774231167
0.157,2.43762821830923,2.44862490580104,-0.010996687491811
0.1572,2.5126607990342,2.52367235404095,-0.0110115550067493
0.1574,2.587684919926,2.59869458175587,-0.0110096618298701
0.1576,2.66270257759494,2.67374453086753,-0.0110419532725845
0.1578,2.73775444984547,2.74882132916134,-0.011066879315869
0.158,2.81286116939513,2.82391897617031,-0.0110578067751796
0.1582,2.88799668616577,2.89899247148527,-0.0109957853195022
0.1584,2.96314343773672,2.9740328537804,-0.0108894160436765
0.1586,3.03831377683652,3.04902103391282,-0.0107072570763087
0.1588,3.11351532166878,3.12399621922095,-0.0104808975521622
0.159,3.18877106363587,3.19894118083771,-0.0101701172018442
0.1592,3.26403558277574,3.27388732585887,-0.00985174308312642
0.1594,3.33930038287459,3.34883086806815,-0.0095304851935647
0.1596,3.41455004476873,3.42373630389251,-0.00918625912377502
0.1598,3.4898217664159,3.49864762586001,-0.00882585944410952
0.16,3.56508874087106,3.57352373535167,-0.0084349944806168
0.1602,3.64038162866456,3.64847807657093,-0.00809644790637343
0.1604,3.71565587370077,3.7235115445319,-0.00785567083113259
0.1606,3.79090653097915,3.79855010313789,-0.00764357215874201
0.1608,3.86612993533083,3.87359738410406,-0.00746744877322802
0.161,3.941267283362,3.94864881633286,-0.00738153297085864
0.1612,4.01635176136707,4.02375189681356,-0.00740013544648743
0.1614,4.09139970087996,4.09892495784907,-0.007525256969104
0.1616,4.16639780051687,4.17412161562501,-0.00772381510814135
0.1618,4.24132302975826,4.24936421224217,-0.00804118248391283
0.162,4.31616461072678,4.32464727991066,-0.00848266918387797
0.1622,4.39101086399696,4.39995256080527,-0.0089416968083027
0.1624,4.46588050437765,4.47530953301412,-0.00942902863646289
0.1626,4.5407687338125,4.55068991698585,-0.00992118317334878
0.1628,4.61571139218254,4.62607689595521,-0.01036550377267
0.163,4.69065750066342,4.70147307230856,-0.0108155716451366
0.1632,4.76560957930814,4.77687108700241,-0.0112615076942753
0.1634,4.8405975153999,4.85226009783722,-0.0116625824373182
0.1636,4.91563265791699,4.92763019993232,-0.0119975420153313
0.1638,4.99075474175661,5.00297994870291,-0.0122252069463036
0.164,5.06588188483765,5.07829560756264,-0.0124137227249914
0.1642,5.14100746883212,5.15357161771676,-0.0125641488846489
0.1644,5.21614718398207,5.22884719653723,-0.0127000125551691
0.1646,5.29137165441634,5.30412032297029,-0.0127486685539546
0.1648,5.36661474419258,5.37937814495771,-0.0127634007651327
0.165,5.44188713658343,5.45457930478644,-0.0126921682030066
0.1652,5.51715373678392,5.52971299875781,-0.0125592619738972
0.1654,5.59244537266164,5.60479730004493,-0.0123519273832891
0.1656,5.66772802617681,5.67980862651842,-0.012080600341605
0.1658,5.7430228232056,5.75481969826407,-0.0117968750584758
0.166,5.81827873458546,5.82981046836622,-0.0115317337807594
0.1662,5.89349321074381,5.90475961132649,-0.0112664005826755
0.1664,5.96867090762195,5.9797404340026,-0.0110695263806528
0.1666,6.04377750650359,6.05476295024562,-0.010985443742026
0.1668,6.11884395401368,6.12974993882337,-0.0109059848096908
0.167,6.19385726180919,6.20470261977025,-0.0108453579610588
0.1672,6.26880577722802,6.27964796069366,-0.0108421834656403
0.1674,0.060500505260098,0.0713128434122125,-0.0108123381521145
0.1676,0.135373940561912,0.146135878638873,-0.0107619380769613
0.1678,0.210273000543092,0.22096283262553,-0.0106898320824387
0.168,0.285189053875965,0.295812167417188,-0.0106231135412222
0.1682,0.360115270127722,0.370681115856404,-0.0105658457286826
0.1684,0.435088217779418,0.445617732641716,-0.010529514862298
0.1686,0.510118339767567,0.520646116391494,-0.0105277766239267
0.1688,0.585129441474529,0.595686114543266,-0.010556673068737
0.169,0.660149644905153,0.670733475243767,-0.0105838303386142
0.1692,0.735214881215991,0.745823712326894,-0.0106088311109027
0.1694,0.810307902453952,0.820940900766616,-0.0106329983126644
0.1696,0.885429537310906,0.896091226510967,-0.0106616892000604
0.1698,0.960572562128597,0.971291977753149,-0.0107194156245513
0.17,1.0357338481662,1.04652300060701,-0.010789152440809
0.1702,1.11093537122662,1.12181265843457,-0.0108772872079517
0.1704,1.18613417953955,1.19713044479822,-0.0109962652586784
0.1706,1.26134987519411,1.27248052794024,-0.0111306527461226
0.1708,1.33654790084618,1.34785522211091,-0.0113073212647321
0.171,1.41176676755512,1.42325221164204,-0.0114854440869163
0.1712,1.48698264893128,1.49865258790235,-0.0116699389710715
0.1714,1.56222254583601,1.57405212547313,-0.0118295796371199
0.1716,1.63743494832799,1.64944870633377,-0.0120137580057817
0.1718,1.71262346717413,1.72483621991597,-0.0122127527418376
0.172,1.7877893736347,1.80022261735863,-0.0124332437239221
0.1722,1.86297044525814,1.87561144329906,-0.0126409980409183
0.1724,1.93812217532009,1.95098350415687,-0.0128613288367825
0.1726,2.01320997822677,2.02632745439111,-0.013117476164346
0.1728,2.08822877603307,2.10165780817894,-0.0134290321458685
0.173,2.1631890424429,2.1769806511261,-0.0137916086831948
0.1732,2.23815010219965,2.25224092370003,-0.0140908215003797
0.1734,2.3131000715707,2.32746595538235,-0.0143658838116543
0.1736,2.38806281366749,2.40266275711616,-0.0145999434486708
0.1738,2.46306893448775,2.47779224469626,-0.0147233102085123
0.174,2.53812534783379,2.55292336179619,-0.0147980139624035
0.1742,2.61318385178092,2.62797270732632,-0.0147888555453948
0.1744,2.68824916435223,2.70296392072212,-0.0147147563698935
0.1746,2.76334724633261,2.77788394732755,-0.0145367009949471
0.1748,2.83844912395813,2.85272053577927,-0.0142714118211424
0.175,2.91357080224377,2.92757104678687,-0.0140002445430989
0.1752,2.98870939990031,3.00240259671529,-0.0136931968149767
0.1754,3.06384506310133,3.07714814953349,-0.0133030864321628
0.1756,3.13897949231205,3.15189387546589,-0.0129143831538436
0.1758,3.21418357554168,3.22668969202525,-0.012506116483578
0.176,3.28939371214219,3.30150435581846,-0.0121106436762721
0.1762,3.364623598224,3.37635884213308,-0.0117352439090737
0.1764,3.43984370707341,3.45120339236629,-0.0113596852928777
0.1766,3.51507234108754,3.52608070904756,-0.0110083679600268
0.1768,3.59029804480287,3.60098673946245,-0.010688694659581
0.177,3.66550521458492,3.67587389255248,-0.0103686779675671
0.1772,3.74063245519777,3.7507794749467,-0.0101470197489268
0.1774,3.81574091798616,3.82575418921726,-0.010013271231105
0.1776,3.89083338143528,3.90079678931138,-0.00996340787610128
0.1778,3.96587218490443,3.97586045476356,-0.00998826985912693
0.178,4.0408888415407,4.05097366939791,-0.0100848278572157
0.1782,4.11586627317914,4.12613633836081,-0.0102700651816683
0.1784,4.1907852169278,4.2013580483885,-0.0105728314606992
0.1786,4.26574916183969,4.27665545898092,-0.010906297141223
0.1788,4.34074769367318,4.35201068550536,-0.011262991832182
0.179,4.41573035799948,4.42737378589184,-0.0116434278923601
0.1792,4.49073240569829,4.50274773547107,-0.0120153297727734
0.1794,4.56577807181858,4.57814589354556,-0.01236782172698
0.1796,4.64085719004638,4.65354863153217,-0.0126914414857913
0.1798,4.71591182031366,4.72894806355438,-0.0130362432407223
0.18,4.7909473931599,4.80433864696028,-0.0133912538003766
0.1802,4.86599679960498,4.87971552079599,-0.0137187211910073
0.1804,4.94107719131211,4.95507051414498,-0.0139933228328664
0.1806,5.01616859731,5.03041704057736,-0.0142484432673626
0.1808,5.09127745776223,5.10574460845939,-0.0144671506971612
0.181,5.16644954223632,5.18103068011797,-0.0145811378816472
0.1812,5.24168424782684,5.25626924398523,-0.0145849961583853
0.1814,5.31697639482468,5.33147500439192,-0.0144986095672417
0.1816,5.39226831332291,5.40663917140337,-0.0143708580804613
0.1818,5.46758624939217,5.48176339843502,-0.0141771490428493
0.182,5.54289589719926,5.5568457564524,-0.0139498592531409
0.1822,5.61820510959232,5.63193358679901,-0.0137284772066861
0.1824,5.69355905640283,5.70699251108327,-0.0134334546804418
0.1826,5.76889034532102,5.78206675474114,-0.0131764094201161
0.1828,5.84419625168104,5.85716024602145,-0.0129639943404101
0.183,5.91948820074972,5.93223079525464,-0.0127425945049202
0.1832,5.99474922444627,6.00731019218947,-0.0125609677431955
0.1834,6.07001276857161,6.08238506446119,-0.012372295889576
0.1836,6.14524613084732,6.15746651628787,-0.0122203854405472
0.1838,6.22042338946606,6.23249261668078,-0.0120692272147132
0.184,0.0123278776205584,0.024305435001747,-0.0119775573811886
0.1842,0.0873431541603583,0.0992261251598536,-0.0118829709994953
0.1844,0.162320277961241,0.174101349537542,-0.0117810715763004
0.1846,0.237295090482895,0.248983989116464,-0.0116888986335689
0.1848,0.312297419498361,0.323914976003204,-0.0116175565048422
0.185,0.38733643093754,0.398785784961796,-0.0114493540242556
0.1852,0.462328888860799,0.473574767237245,-0.0112458783764463
0.1854,0.537296089220484,0.548403058561952,-0.0111069693414679
0.1856,0.612263512449315,0.62331568346893,-0.0110521710196149
0.1858,0.68725805589982,0.698261060779321,-0.0110030048795016
0.186,0.762302941680421,0.773278508050256,-0.0109755663698357
0.1862,0.837368125796534,0.848341888594524,-0.0109737627979906
0.1864,0.912445755299133,0.923446300474312,-0.0110005451751793
0.1866,0.987563497229109,0.998632165677815,-0.0110686684487054
0.1868,1.06273176087292,1.07384380442885,-0.0111120435559267
0.187,1.13795908003884,1.14911393970105,-0.0111548596622086
0.1872,1.21318972045417,1.22443207805019,-0.011242357596019
0.1874,1.28844866553231,1.2997897419955,-0.0113410764631878
0.1876,1.3637026246219,1.37515791672006,-0.0114552920981568
0.1878,1.43896218198604,1.45053653306054,-0.0115743510745063
0.188,1.51427173238639,1.52593297510338,-0.0116612427169931
0.1882,1.5895598848258,1.60133183380177,-0.0117719489759651
0.1884,1.66475146368394,1.67672606195323,-0.0119745982692874
0.1886,1.73991994961559,1.75211141583442,-0.0121914662188316
0.1888,1.81503413930847,1.82747478017719,-0.0124406408687163
0.189,1.89011799917719,1.90282818798427,-0.0127101888070769
0.1892,1.9651854041446,1.97816719856534,-0.0129817944207402
0.1894,2.04021281865405,2.05346094324169,-0.0132481245876468
0.1896,2.11516637783328,2.12869558060504,-0.0135292027717613
0.1898,2.19013523565784,2.20391386542321,-0.0137786297653699
0.19,2.26511870449985,2.2791065544204,-0.0139878499205515
0.1902,2.34011450426478,2.35424275956393,-0.0141282552991502
0.1904,2.41513212184359,2.42934924397375,-0.0142171221301606
0.1906,2.49019108793437,2.50438477693003,-0.0141936889956584
0.1908,2.56529534733551,2.57941072115018,-0.0141153738146698
0.191,2.64038148651526,2.65438238098063,-0.01400089446537
0.1912,2.71545190042535,2.72928655758765,-0.0138346571623025
0.1914,2.79053365308137,2.80417974029474,-0.0136460872133757
0.1916,2.86564685289183,2.87906164073578,-0.0134147878439466
0.1918,2.94075873337708,2.95389009042199,-0.0131313570449088
0.192,3.01586542513297,3.02873959787593,-0.01287417274296
0.1922,3.09103165868166,3.10364611094139,-0.0126144522597276
0.1924,3.16624981772606,3.17853110688349,-0.0122812891574213
0.1926,3.24151570544245,3.25343476021321,-0.0119190547707557
0.1928,3.31677184904771,3.32830620122904,-0.0115343521813296
0.193,3.3920164133985,3.40321035741375,-0.0111939440152438
0.1932,3.46730300265167,3.47816330254689,-0.0108602998952216
0.1934,3.54260273860476,3.55312886754146,-0.0105261289367014
0.1936,3.61793902352736,3.62817310561786,-0.0102340820904949
0.1938,3.69326572093003,3.70326677885962,-0.0100010579295842
0.194,3.76850922279818,3.77833524472126,-0.00982602192307613
0.1942,3.84373419719603,3.85342342560805,-0.00968922841201625
0.1944,3.91890182248374,3.92854720143644,-0.00964537895270068
0.1946,3.99403214568052,4.00369120264536,-0.00965905696484182
0.1948,4.06913373909388,4.07887783368808,-0.00974409459419601
0.195,4.14417940905041,4.15409927617228,-0.00991986712187654
0.1952,4.21913786408462,4.22932308433753,-0.0101852202529136
0.1954,4.2940276973718,4.30454895483478,-0.0105212574629778
0.1956,4.36892545168083,4.37984319625452,-0.0109177445736863
0.1958,4.44382386545421,4.45517873232973,-0.0113548668755152
0.196,4.51872822807853,4.53052443835333,-0.0117962102748006
0.1962,4.59365520820194,4.60590078416647,-0.0122455759645383
0.1964,4.66861682877485,4.68129278494961,-0.0126759561747605
0.1966,4.74359437258755,4.75669109577559,-0.0130967231880392
0.1968,4.81861058910277,4.8320913174219,-0.0134807283191218
0.197,4.89364007915851,4.90748335916905,-0.0138432800105424
0.1972,4.96870304058162,4.98285758441971,-0.0141545438380906
0.1974,5.04377081239661,5.05820823876486,-0.0144374263682536
0.1976,5.11883794958352,5.13354044367703,-0.0147024940935125
0.1978,5.19392227124393,5.20885086771663,-0.0149285964726991
0.198,5.26907062327723,5.28412127379624,-0.0150506505190178
0.1982,5.34425424906196,5.35935240775039,-0.0150981586884269
0.1984,5.41944910184574,5.43452699466133,-0.0150778928155946
0.1986,5.49465103274598,5.50969053777093,-0.0150395050249479
0.1988,5.56990014482002,5.58480578622946,-0.0149056414094408
0.199,5.64515969667811,5.65984890767557,-0.014689210997461
0.1992,5.72045966167126,5.73485825515781,-0.014398593486546
0.1994,5.79573902398931,5.80978318474945,-0.0140441607601396
0.1996,5.8709947573901,5.88467122481974,-0.0136764674296446
0.1998,5.94622980028369,5.95952696661512,-0.0132971663314319
0.2,6.02142023430613,6.03432799158865,-0.0129077572825231
0.2002,6.09660059313691,6.10911327184836,-0.0125126787114551
0.2004,6.1717379240359,6.18392123881441,-0.0121833147785066
0.2006,6.24680537791893,6.25871107636654,-0.0119056984476096
0.2008,0.038588730834225,0.0502989684207697,-0.0117102375865447
0.201,0.113477643865155,0.125075861792952,-0.011598217927797
0.2012,0.188370652063827,0.199878313122856,-0.0115076610590288
0.2014,0.2632743896017,0.274665772372731,-0.0113913827710311
0.2016,0.338178376526329,0.349473830538251,-0.0112954540119215
0.2018,0.413128195800129,0.424409126907841,-0.0112809311077112
0.202,0.48808081510006,0.499385105489318,-0.0113042903892579
0.2022,0.563042229314025,0.574391445024233,-0.0113492157102077
0.2024,0.638049640563762,0.649451405944934,-0.0114017653811722
0.2026,0.713076451586584,0.724553481475789,-0.0114770298892046
0.2028,0.788146711951814,0.799717922658467,-0.011571210706653
0.203,0.863237152832483,0.874919033276494,-0.0116818804440102
0.2032,0.938340988382884,0.950095561461506,-0.0117545730786219
0.2034,1.01346703390765,1.02529683722566,-0.0118298033180146
0.2036,1.08865017492802,1.10053353416442,-0.0118833592363949
0.2038,1.16385397441841,1.17578796509772,-0.0119339906793094
0.204,1.23909719695422,1.25105817150104,-0.0119609745468199
0.2042,1.31433834225916,1.32635851585763,-0.0120201735984722
0.2044,1.38960944615818,1.40170137788254,-0.012091931724356
0.2046,1.4648839261446,1.47706588947875,-0.0121819633341496
0.2048,1.54018548364487,1.55245195927329,-0.0122664756284161
0.205,1.61545961504163,1.62785268377646,-0.0123930687348259
0.2052,1.69069721581325,1.70325561473564,-0.012558398922391
0.2054,1.76590124786082,1.77864774734727,-0.0127464994864592
0.2056,1.84102464030519,1.85401493318243,-0.0129902928772441
0.2058,1.9161084864472,1.92935766467029,-0.0132491782230895
0.206,1.99117232398488,2.00467109137843,-0.0134987673935498
0.2062,2.066189181396,2.07993292195893,-0.0137437405629308
0.2064,2.14112373410527,2.15508780814669,-0.0139640740414206
0.2066,2.21599017531637,2.23017519584609,-0.0141850205297231
0.2068,2.29086686681276,2.30524833569235,-0.0143814688795891
0.207,2.36575603103695,2.38024040744832,-0.0144843764113727
0.2072,2.44064602628543,2.45518115750501,-0.0145351312195756
0.2074,2.51558154486177,2.53010453463446,-0.0145229897726944
0.2076,2.59058645723632,2.60500819028327,-0.0144217330469476
0.2078,2.6655880291879,2.6799235690094,-0.0143355398215004
0.208,2.7406095080527,2.75484872857686,-0.0142392205241535
0.2082,2.81568237163929,2.8297705808381,-0.0140882091988161
0.2084,2.89078613071425,2.90469459248564,-0.0139084617713872
0.2086,2.96590800769119,2.97961668951766,-0.013708681826472
0.2088,3.04105191743662,3.05445120144049,-0.013399284003865
0.209,3.11622198439797,3.12927407504546,-0.0130520906474865
0.2092,3.19145050071497,3.20408759634401,-0.0126370956290351
0.2094,3.26670059637813,3.27894081128419,-0.0122402149060572
0.2096,3.34198862350909,3.35382423345966,-0.011835609950575
0.2098,3.41726968895751,3.42868790110038,-0.0114182121428636
0.21,3.49257510468449,3.50358733986201,-0.0110122351775197
0.2102,3.56788147687472,3.57849958501954,-0.0106181081448202
0.2104,3.64318114747158,3.65341501800667,-0.0102338705350933
0.2106,3.71841404385138,3.72837984555926,-0.00996580170787675
0.2108,3.7935499668267,3.80336084261626,-0.00981087578955941
0.211,3.8686433624321,3.87839964576616,-0.00975628333406187
0.2112,3.94365248714959,3.95346108129453,-0.00980859414493418
0.2114,4.01861521206104,4.02855708469974,-0.00994187263870128
0.2116,4.09355763890895,4.10372198618633,-0.010164347277378
0.2118,4.16847393588576,4.17892202225553,-0.0104480863697702
0.212,4.24333919787889,4.25420231066185,-0.010863112782963
0.2122,4.31821118698459,4.32951668101236,-0.0113054940277717
0.2124,4.39308942518935,4.40483426404665,-0.0117448388572932
0.2126,4.46796847219535,4.48019947387516,-0.0122310016798055
0.2128,4.54285385906493,4.55558335697978,-0.0127294979148429
0.213,4.61779066278514,4.63096880943495,-0.0131781466498113
0.2132,4.69280498939201,4.70636670325642,-0.013561713864414
0.2134,4.76783170739317,4.78176309879726,-0.0139313914040873
0.2136,4.84289042971118,4.85715915321162,-0.0142687235004377
0.2138,4.91800533763896,4.93254712538374,-0.0145417877447791
0.214,4.99320524373265,5.00792038372944,-0.0147151399967944
0.2142,5.06840859907337,5.08327140552044,-0.0148628064470708
0.2144,5.1436060831394,5.15856595367519,-0.0149598705357832
0.2146,5.21881175761189,5.23382444063347,-0.0150126830215784
0.2148,5.2940619023167,5.3090250282312,-0.0149631259144929
0.215,5.36932225598212,5.38421803146201,-0.0148957754798884
0.2152,5.44461451768678,5.45936771885667,-0.0147532011698885
0.2154,5.51989832217361,5.53444766904979,-0.0145493468761853
0.2156,5.59520239724053,5.60947739395533,-0.0142749967147928
0.2158,5.67049578193407,5.68446138736579,-0.0139656054317268
0.216,5.74576730123742,5.75941841254686,-0.0136511113094384
0.2162,5.82095994327623,5.83429832378551,-0.0133383805092766
0.2164,5.89612989119661,5.90912887285765,-0.0129989816610347
0.2166,5.97127021386925,5.98397934445783,-0.01270913058858
0.2168,6.04641211246369,6.05881101728433,-0.0123989048206461
0.217,6.12151917115881,6.13360303731806,-0.0120838661592533
0.2172,6.19656767776128,6.20839034447148,-0.0118226667102004
0.2174,6.27155865522083,3.10071438360815e-05,-0.011657659102589
0.2176,0.0633035325736619,0.0748604852285523,-0.0115569526548903
0.2178,0.138224195227483,0.149692849979377,-0.0114686547518943
0.218,0.213158495843184,0.224532696818399,-0.0113742009752149
0.2182,0.288098365398305,0.29938908758182,-0.0112907221835153
0.2184,0.36304557154775,0.374260947258667,-0.0112153757109164
0.2186,0.438046573891123,0.449275404204793,-0.0112288303136701
0.2188,0.513115979124797,0.524366960477124,-0.0112509813523267
0.219,0.588174213920406,0.59944490556211,-0.0112706916417042
0.2192,0.663241287749049,0.674527850542302,-0.0112865627932532
0.2194,0.73834441748645,0.749638385907479,-0.0112939684210293
0.2196,0.813459867397174,0.824751340396907,-0.0112914729997327
0.2198,0.888585047927707,0.899901951823059,-0.0113169038953523
0.22,0.963713224047148,0.975112659777183,-0.0113994357300348
0.2202,1.03884703413726,1.05034132819068,-0.0114942940534193
0.2204,1.1140557434089,1.12561991036644,-0.0115641669575408
0.2206,1.18927595831452,1.20093490700854,-0.0116589486940213
0.2208,1.26452335422831,1.2762845469559,-0.0117611927275916
0.221,1.33977000266816,1.35164465734611,-0.0118746546779438
0.2212,1.41503494501054,1.42701987953539,-0.0119849345248435
0.2214,1.49030810402337,1.50241506822905,-0.0121069642056801
0.2216,1.56557375770846,1.57781184650403,-0.0122380887955669
0.2218,1.64076719495008,1.65321161919898,-0.0124444242488952
0.222,1.7159418776942,1.72860542376355,-0.0126635460693483
0.2222,1.79109186573575,1.80399161429592,-0.0128997485601747
0.2224,1.86617660318714,1.87936526461448,-0.0131886614273391
0.2226,1.94123293851828,1.95471582243067,-0.0134828839123953
0.2228,2.01625073587888,2.03006065943732,-0.0138099235584437
0.223,2.09121005000178,2.1054199896329,-0.0142099396311184
0.2232,2.16617147908113,2.18077789700965,-0.0146064179285168
0.2234,2.24112020741382,2.25604428380401,-0.0149240763901921
0.2236,2.31604498106379,2.33125561003974,-0.0152106289759457
0.2238,2.39095808923231,2.40638623326091,-0.0154281440286028
0.224,2.46587890136788,2.48143418629914,-0.015555284931255
0.2242,2.54085314830151,2.55645261727357,-0.0155994689720598
0.2244,2.6158275263804,2.63138228491537,-0.0155547585349742
0.2246,2.69080182634605,2.70625132828293,-0.0154495019368772
0.2248,2.76580732974023,2.78105398924593,-0.0152466595057001
0.225,2.84085839317569,2.85583622766056,-0.0149778344848772
0.2252,2.91592635012434,2.93060172263191,-0.0146753725075652
0.2254,2.99100916637312,3.00535172391078,-0.0143425575376601
0.2256,3.06609990680525,3.08003545876133,-0.0139355519560822
0.2258,3.14120060709249,3.1547042971945,-0.0135036901020107
0.226,3.21634117146919,3.22938606667164,-0.0130448952024578
0.2262,3.29148914272291,3.30407452136623,-0.0125853786433123
0.2264,3.36667079403005,3.37881382359849,-0.0121430295684433
0.2266,3.44185138657745,3.45354817137316,-0.0116967847957126
0.2268,3.51704466772257,3.52831310321266,-0.01126843549009
0.227,3.59223741879241,3.60317154884053,-0.0109341300481192
0.2272,3.66744892717059,3.67813692102555,-0.0106879938549636
0.2274,3.74262211334112,3.75315435141772,-0.0105322380765989
0.2276,3.81776319845489,3.82823038687488,-0.0104671884199918
0.2278,3.89287825414276,3.90339628815879,-0.0105180340160227
0.228,3.96800756522024,3.97860273460982,-0.0105951693895778
0.2282,4.04311480501865,4.05381189576175,-0.0106970907431005
0.2284,4.11817407376251,4.12903798337701,-0.0108639096144971
0.2286,4.19315964875304,4.20429200376652,-0.0111323550134816
0.2288,4.26816584991048,4.27954256976122,-0.0113767198507349
0.229,4.34318607972645,4.35484382745049,-0.0116577477240449
0.2292,4.41819494405366,4.43016848269345,-0.0119735386397917
0.2294,4.49322213668254,4.50551783225055,-0.0122956955680085
0.2296,4.56829141803839,4.58090162756483,-0.0126102095264367
0.2298,4.64339796763465,4.65629454947835,-0.0128965818436946
0.23,4.71848798917192,4.73169195487454,-0.0132039657026199
0.2302,4.79356715120175,4.80708273078479,-0.0135155795830437
0.2304,4.86866484207475,4.882457606955,-0.0137927648802521
0.2306,4.94379020111161,4.95781423631769,-0.0140240352060825
0.2308,5.01891305825636,5.03315529367018,-0.014242235413815
0.231,5.09403371858256,5.10849936348756,-0.0144656449049956
0.2312,5.16916803589506,5.18384197138736,-0.014673935492298
0.2314,5.24436173026425,5.25917759305445,-0.0148158627901944
0.2316,5.31962287299518,5.33447314674626,-0.0148502737510752
0.2318,5.39488864356527,5.40970529460879,-0.0148166510435184
0.232,5.47017862408604,5.48487915646875,-0.0147005323827125
0.2322,5.54545506897003,5.55999326148121,-0.0145381925111767
0.2324,5.62072651110626,5.63504891776075,-0.0143224066544825
0.2326,5.69594232734526,5.70997926560931,-0.014036938264046
0.2328,5.77108827952939,5.7848490032503,-0.013760723720913
0.233,5.84616697159893,5.85968504419197,-0.0135180725930413
0.2332,5.92124367876744,5.93451436481127,-0.0132706860438292
0.2334,5.99631225467579,6.00931311204583,-0.0130008573700389
0.2336,6.07140352042694,6.08414003332813,-0.0127365129011938
0.2338,6.14648225348145,6.15900611396142,-0.0125238604799671
0.234,6.22151761261143,6.23382787169701,-0.0123102590855781
0.2342,0.0132891444100389,0.0254946893972749,-0.012205544987236
0.2344,0.0882594141436744,0.100374314396602,-0.0121149002529271
0.2346,0.163241576889127,0.175247937363201,-0.0120063604740746
0.2348,0.2382126523692,0.250121074352559,-0.0119084219833591
0.235,0.313197084130253,0.325031466315166,-0.0118343821849133
0.2352,0.388211512085215,0.399869312613285,-0.0116578005280704
0.2354,0.463179582811814,0.474615710673032,-0.0114361278612183
0.2356,0.538130637699137,0.549417889017077,-0.0112872513179403
0.2358,0.613093822643657,0.62431727515768,-0.0112234525140233
0.236,0.688091519407434,0.699258937593122,-0.0111674181856876
0.2362,0.763140787168149,0.774289828902778,-0.0111490417346286
0.2364,0.838206761219535,0.849387788064412,-0.0111810268448773
0.2366,0.913281133209854,0.924542908558781,-0.0112617753489264
0.2368,0.988391013538165,0.999787719724959,-0.0113967061867944
0.237,1.06354278845563,1.07506604244141,-0.011523253985783
0.2372,1.13874098484297,1.15037844967956,-0.0116374648365949
0.2374,1.21393188461913,1.22569686383741,-0.0117649792182875
0.2376,1.28912090515201,1.30103234468493,-0.011911439532925
0.2378,1.36431293851487,1.37640269126812,-0.0120897527532415
0.238,1.43952329586274,1.4517754465975,-0.0122521507347655
0.2382,1.51478041161611,1.52716335235821,-0.0123829407420963
0.2384,1.5900267440356,1.60256164520466,-0.0125349011690625
0.2386,1.66518800358936,1.67796140344922,-0.0127733998598694
0.2388,1.7403354725882,1.7533576750707,-0.0130222024825009
0.239,1.81546515914905,1.82873144356941,-0.0132662844203562
0.2392,1.89060025297526,1.90408820384838,-0.0134879508731198
0.2394,1.96570701699084,1.97942327813687,-0.013716261146026
0.2396,2.04076711017661,2.0547050360025,-0.0139379258258874
0.2398,2.11575193264974,2.12991407528025,-0.0141621426305139
0.24,2.19066767011233,2.20509566274658,-0.0144279926342454
0.2402,2.2655804906239,2.28022619888125,-0.0146457082573548
0.2404,2.34048671399004,2.35533387886603,-0.0148471648759907
0.2406,2.41541342178081,2.43042882264603,-0.0150154008652192
0.2408,2.49038223259053,2.50541435162559,-0.0150321190350686
0.241,2.5653135398899,2.58035527050717,-0.0150417306172712
0.2412,2.6402207110953,2.65524331583462,-0.0150226047393183
0.2414,2.71512552786194,2.73006429119981,-0.0149387633378733
0.2416,2.79005001442042,2.80481985714062,-0.0147698427201943
0.2418,2.86501589020377,2.87956882819018,-0.0145529379864087
0.242,2.93999490969583,2.95428898185995,-0.0142940721641236
0.2422,3.01498434935953,3.02903829611147,-0.0140539467519472
0.2424,3.0900485304996,3.10385776315407,-0.0138092326544776
0.2426,3.16518246600869,3.17870616958992,-0.0135237035812308
0.2428,3.24038644964811,3.2535877155838,-0.0132012659356904
0.243,3.31560374069583,3.32844940118635,-0.0128456604905143
0.2432,3.39083927547086,3.4033602953028,-0.0125210198319379
0.2434,3.46612353376565,3.4783088590636,-0.0121853252979505
0.2436,3.54141516324327,3.55328168886952,-0.0118665256262491
0.2438,3.61674216645644,3.62829920405047,-0.0115570375940228
0.244,3.69204110572659,3.70332820198813,-0.0112870962615443
0.2442,3.76724041509445,3.77834738244527,-0.0111069673508211
0.2444,3.84241273700668,3.85338656615901,-0.0109738291523223
0.2446,3.91752700809238,3.92842941380129,-0.0109024057089053
0.2448,3.99260804518933,4.00351980924755,-0.0109117640582248
0.245,4.06766466424881,4.07867941627265,-0.0110147520238444
0.2452,4.14266643922847,4.15387750199335,-0.0112110627648851
0.2454,4.21757913117939,4.22912549524409,-0.0115463640647047
0.2456,4.29249971155994,4.30440491533403,-0.0119052037740932
0.2458,4.36745102373222,4.3797209193134,-0.0122698955811771
0.246,4.44242435369487,4.45506750989874,-0.012643156203878
0.2462,4.51740069361219,4.530421460503,-0.0130207668908131
0.2464,4.5924058977447,4.60579818147514,-0.0133922837304414
0.2466,4.66738432589456,4.6811868658216,-0.0138025399270374
0.2468,4.74235081398982,4.75658498339191,-0.0142341694020871
0.247,4.81732111651545,4.83198504768264,-0.0146639311671803
0.2472,4.8923427043207,4.90738340350054,-0.0150406991798349
0.2474,4.96744010838908,4.98276481759374,-0.0153247092046627
0.2476,5.04252810182117,5.05810831826514,-0.0155802164439756
0.2478,5.11761493715709,5.13339648831688,-0.0157815511597894
0.248,5.19273048211304,5.20865626883364,-0.0159257867205991
0.2482,5.26791358435719,5.28386457025453,-0.0159509858973399
0.2484,5.34315795416018,5.35901486845315,-0.0158569142929794
0.2486,5.41839104184538,5.43411192592041,-0.0157208840750283
0.2488,5.4936043407094,5.50920355297205,-0.0155992122626509
0.249,5.5688500288545,5.58426433072293,-0.0154143018684358
0.2492,5.64410104512702,5.65937190803653,-0.0152708629095173
0.2494,5.71938603236595,5.73451724583304,-0.0151312134670878
0.2496,5.79466295192253,5.8095984023999,-0.0149354504773678
0.2498,5.8698574654216,5.8845773239719,-0.0147198585503077
0.25,5.94502888686225,5.95950290215459,-0.0144740152923379
0.2502,6.02013383180554,6.03430681539967,-0.01417298359413
0.2504,6.09519441621542,6.1090585587881,-0.0138641425726806
0.2506,6.17022425449549,6.18382348572191,-0.0135992312264221
0.2508,6.24519964246326,6.25855388288005,-0.0133542404167866
0.251,0.0369045709938813,0.050042656905195,-0.0131380859113137
0.2512,0.111808070480423,0.124753711542013,-0.0129456410615903
0.2514,0.186748603778493,0.199546192686595,-0.0127975889081018
0.2516,0.26171560383368,0.27434071210433,-0.0126251082706493
0.2518,0.336683177209396,0.34915404812533,-0.012470870915934
0.252,0.411695467426416,0.424084411071462,-0.0123889436450456
0.2522,0.486701486876516,0.499025852728003,-0.0123243658514877
0.2524,0.561704006190327,0.573961655039271,-0.0122576488489439
0.2526,0.636746297533095,0.648917963829088,-0.0121716662959934
0.2528,0.711811597022835,0.723884530620284,-0.0120729335974483
0.253,0.786855219830336,0.798881098078907,-0.0120258782485713
0.2532,0.861909338263859,0.873927661331894,-0.0120183230680351
0.2534,0.936980988563828,0.948960994185341,-0.0119800056215127
0.2536,1.01207650724152,1.02403968122175,-0.0119631739802226
0.2538,1.08723176420267,1.09918942375063,-0.0119576595479565
0.254,1.16241242363914,1.1744118346658,-0.0119994110266584
0.2542,1.23759318550148,1.24971283213654,-0.0121196466350559
0.2544,1.31277477331862,1.32504205900435,-0.012267285685734
0.2546,1.38800350390657,1.4004067041013,-0.0124032001947281
0.2548,1.46324519401885,1.4758007966384,-0.0125556026195526
0.255,1.53852660107933,1.55120253435324,-0.0126759332739064
0.2552,1.61378084252394,1.62659857011893,-0.0128177275949846
0.2554,1.68893127381625,1.70198014087947,-0.0130488670632196
0.2556,1.76404463073309,1.77734340980301,-0.0132987790699126
0.2558,1.83908464387657,1.85267506444342,-0.0135904205668562
0.256,1.91407758533302,1.92796872448825,-0.0138911391552308
0.2562,1.98903689268671,2.00322687135789,-0.0141899786711748
0.2564,2.06395235537992,2.07847117837763,-0.0145188229977107
0.2566,2.13880557149237,2.15365292650358,-0.0148473550112089
0.2568,2.21366725649013,2.2287964358607,-0.0151291793705672
0.257,2.28854767454042,2.30394112806776,-0.0153934535273406
0.2572,2.36344570447953,2.37901652109672,-0.0155708166171897
0.2574,2.43836353236577,2.45406429067337,-0.0157007583076063
0.2576,2.51331566740591,2.52905574122134,-0.0157400738154241
0.2578,2.58823615098551,2.60400874452108,-0.0157725935355737
0.258,2.66317189297893,2.67899879268175,-0.015826899702819
0.2582,2.73815623054307,2.75400387641293,-0.0158476458698615
0.2584,2.81319709409494,2.82901003212325,-0.0158129380283039
0.2586,2.88832376847772,2.90404079649739,-0.0157170280196723
0.2588,2.96347637900556,2.97905099434488,-0.0155746153393208
0.259,3.03864188448653,3.05394481037233,-0.0153029258857953
0.2592,3.11383047658019,3.12880049305031,-0.0149700164701199
0.2594,3.18907521152741,3.20361359812698,-0.0145383865995634
0.2596,3.26433389738014,3.27840097747139,-0.0140670800912468
0.2598,3.33957169072404,3.353134465843,-0.0135627751189573
0.26,3.41478263529291,3.42783592214828,-0.0130532868553632
0.2602,3.49001292398327,3.50256917309934,-0.0125562491160731
0.2604,3.56523781194875,3.57728547062593,-0.0120476586771825
0.2606,3.64045448400101,3.65202293135602,-0.0115684473550024
0.2608,3.71561370312391,3.72686299213657,-0.0112492890126581
0.261,3.79076272866682,3.80177250849265,-0.0110097798258257
0.2612,3.86589091367621,3.87675817542001,-0.0108672617437988
0.2614,3.94093590111198,3.95178579685165,-0.0108498957396708
0.2616,4.01593865292703,4.0268689683249,-0.0109303153978777
0.2618,4.09092105135959,4.10203529773259,-0.0111142463730021
0.262,4.16586768097873,4.17723608849087,-0.0113684075121414
0.2622,4.24075056827755,4.2524937652829,-0.011743197005357
0.2624,4.31563467236769,4.32779600507233,-0.0121613327046486
0.2626,4.39052938551569,4.40310718632174,-0.0125778008060546
0.2628,4.46543354844507,4.47846211923294,-0.0130285707878608
0.263,4.54034967117019,4.5538392973423,-0.0134896261721069
0.2632,4.61531662520043,4.62922520288862,-0.0139085776881949
0.2634,4.69028436583469,4.70462179248158,-0.014337426646895
0.2636,4.76525833496124,4.78001924611608,-0.0147609111548386
0.2638,4.84027214292759,4.85541240262912,-0.0151402597015267
0.264,4.91530607371858,4.93078412458373,-0.0154780508651422
0.2642,4.99038032645494,5.00613565891285,-0.0157553324579141
0.2644,5.06546841631031,5.08145482479573,-0.0159864084854204
0.2646,5.14056051971417,5.1567171483081,-0.016156628593933
0.2648,5.21566179476854,5.23194805713518,-0.016286262366644
0.265,5.29080433729552,5.30714170516957,-0.0163373678740495
0.2652,5.36595728538275,5.38232655586609,-0.0163692704833451
0.2654,5.44114929949455,5.45746306559984,-0.0163137661052968
0.2656,5.51634599174905,5.53252924583274,-0.0161832540836881
0.2658,5.59157839135437,5.60753630449268,-0.0159579131383145
0.266,5.66681358030793,5.68245706321812,-0.0156434829101917
0.2662,5.74203474679224,5.75734645799881,-0.0153117112065697
0.2664,5.81717977454553,5.83221028123761,-0.0150305066920868
0.2666,5.89229994394506,5.9070232947236,-0.0147233507785414
0.2668,5.9673926243571,5.98183955296685,-0.0144469286097424
0.267,6.04241837070647,6.05661272772457,-0.0141943570181038
0.2672,6.11741200425066,6.13136644227875,-0.0139544380280903
0.2674,6.19238765528351,6.20615945148387,-0.0137717962003556
0.2676,6.26733281222951,6.2809652242593,-0.0136324120297857
0.2678,0.0590382043521132,0.0725267980754112,-0.0134885937232981
0.268,0.133938721064117,0.14725239182738,-0.0133136707632631
0.2682,0.208855344176981,0.221985330873054,-0.0131299866960733
0.2684,0.283783913518926,0.2967569332175,-0.0129730196985743
0.2686,0.358723862362463,0.371551409903838,-0.0128275475413749
0.2688,0.43370885829244,0.446452957802644,-0.0127440995102037
0.269,0.508752387629652,0.521424746271635,-0.0126723586419831
0.2692,0.583781730616752,0.596409808169722,-0.0126280775529702
0.2694,0.658817970024603,0.671428445315829,-0.0126104752912258
0.2696,0.733894242993932,0.746540597111765,-0.0126463541178334
0.2698,0.808991970363843,0.821666173257084,-0.0126742028932413
0.27,0.884109581929668,0.896836135360307,-0.012726553430639
0.2702,0.959238893895971,0.972070466602428,-0.0128315727064565
0.2704,1.03438063334412,1.04732925235509,-0.0129486190109767
0.2706,1.10956550695477,1.12263606648772,-0.0130705595329474
0.2708,1.18475907392017,1.19795085634161,-0.0131917824214363
0.271,1.25998493810617,1.2732977131254,-0.0133127750192292
0.2712,1.33520751122637,1.3486576373385,-0.0134501261121236
0.2714,1.41044356242889,1.42402996679986,-0.0135864043709686
0.2716,1.48568798330966,1.49941522677388,-0.0137272434642224
0.2718,1.56092878277497,1.57480900973521,-0.0138802269602429
0.272,1.63610095003232,1.6502127258813,-0.0141117758489795
0.2722,1.7112556361338,1.72561729132282,-0.0143616551890255
0.2724,1.78638276151331,1.80102217922855,-0.0146394177152407
0.2726,1.86143508926906,1.87642352099507,-0.0149884317260016
0.2728,1.93644362247538,1.95180529590642,-0.0153616734310373
0.273,2.01142409727265,2.02713660620029,-0.015712508927638
0.2732,2.08636930077673,2.10243719305491,-0.0160678922781767
0.2734,2.16125766327978,2.17766137293268,-0.0164037096529017
0.2736,2.23614932632403,2.252790732385,-0.0166414060609705
0.2738,2.31104408097687,2.32788102479205,-0.0168369438151754
0.274,2.3859600155822,2.40294125948739,-0.0169812439051924
0.2742,2.46091340832627,2.47796706364925,-0.017053655322985
0.2744,2.53590567315292,2.55300785206076,-0.0171021789078392
0.2746,2.61089213097989,2.62793723670141,-0.0170451057215262
0.2748,2.68588240583988,2.70279203136181,-0.0169096255219316
0.275,2.76090515680013,2.77757209677569,-0.0166669399755603
0.2752,2.83596971455835,2.85228154013518,-0.0163118255768331
0.2754,2.9110453782847,2.92695183590378,-0.0159064576190806
0.2756,2.98613011865984,3.00160956989538,-0.0154794512355361
0.2758,3.06121859882749,3.07620286839684,-0.0149842695693434
0.276,3.13631751184017,3.15081462586115,-0.014497114020978
0.2762,3.21150365176079,3.22550139422002,-0.0139977424592326
0.2764,3.28671853881714,3.30025832085767,-0.0135397820405294
0.2766,3.3619734019216,3.37508159531025,-0.0131081933886503
0.2768,3.43722895377119,3.44990021032261,-0.0126712565514273
0.277,3.51249526213109,3.52474567145429,-0.0122504093232085
0.2772,3.58776085489565,3.59967051569333,-0.011909660797679
0.2774,3.6630140879184,3.67460495657005,-0.0115908686516519
0.2776,3.73819241918518,3.74953384571719,-0.0113414265320144
0.2778,3.81334597999021,3.82451357428624,-0.0111675942960345
0.278,3.88846226354488,3.89954486504395,-0.011082601499067
0.2782,3.96349500332161,3.97457742278473,-0.011082419463126
0.2784,4.03847938173978,4.04964372163809,-0.0111643398983157
0.2786,4.11340996366973,4.12475470771044,-0.0113447440407111
0.2788,4.18827857550348,4.19990972436769,-0.0116311488642067
0.279,4.2630969937048,4.27508184127756,-0.0119848475727569
0.2792,4.33793443341955,4.35034041449838,-0.01240598107883
0.2794,4.41278632281019,4.42564427116819,-0.0128579483580022
0.2796,4.48767242081979,4.50098092379661,-0.0133085029768152
0.2798,4.56261000026293,4.57635579801145,-0.0137457977485189
0.28,4.63759392859173,4.65174591335114,-0.0141519847594047
0.2802,4.71257154319137,4.72714259115017,-0.014571047958805
0.2804,4.78754941554045,4.80253644042504,-0.0149870248845918
0.2806,4.86255800755347,4.87792020094426,-0.0153621933907981
0.2808,4.93760895249129,4.95328830712533,-0.0156793546340417
0.281,5.01267408432868,5.02864661652188,-0.0159725321931976
0.2812,5.08775341201513,5.10397780163387,-0.0162243896187464
0.2814,5.16284031418051,5.17924248911486,-0.0164021749343508
0.2816,5.23793514893883,5.25446862739446,-0.0165334784556386
0.2818,5.31306579206836,5.32962173291328,-0.0165559408449214
0.282,5.38819947083118,5.40470861467884,-0.0165091438476557
0.2822,5.46336240039925,5.47973965881039,-0.0163772584111381
0.2824,5.53851874518037,5.55471860644691,-0.0161998612665437
0.2826,5.61368085778272,5.62965535824881,-0.0159745004660898
0.2828,5.68883537557884,5.7045188200973,-0.0156834445184542
0.283,5.76396863612601,5.77935663700618,-0.0153880008801712
0.2832,5.83902224186926,5.85414081276086,-0.0151185708915991
0.2834,5.91405858757384,5.92890196430903,-0.014843376735187
0.2836,5.98907856642209,6.00371116545774,-0.0146325990356493
0.2838,6.06411585476361,6.07854358236237,-0.0144277275987585
0.284,6.13913785662572,6.15337009635497,-0.0142322397292585
0.2842,6.21412420424603,6.22814652160078,-0.014022317354744
0.2844,0.00586513511770548,0.0197657390628841,-0.0139006039451786
0.2846,0.0808225889829775,0.0945837203577752,-0.0137611313747977
0.2848,0.15579946635658,0.169386636407556,-0.0135871700509754
0.285,0.230765523406564,0.244176597413605,-0.0134110740070417
0.2852,0.305748136474171,0.319006962475901,-0.0132588260017296
0.2854,0.380771956684929,0.393861199751072,-0.0130892430661428
0.2856,0.455834975467751,0.468720146629502,-0.0128851711617511
0.2858,0.530885047884602,0.543620687001738,-0.0127356391171355
0.286,0.605926505239629,0.618596593386586,-0.012670088146957
0.2862,0.68098593948329,0.693612140585619,-0.0126262011023289
0.2864,0.756070950130023,0.768704789347122,-0.0126338392170986
0.2866,0.83115209474509,0.843821403123622,-0.0126693083785319
0.2868,0.906230636022371,0.918963044667914,-0.0127324086455428
0.287,0.981302849033216,0.994157426955609,-0.0128545779223932
0.2872,1.05637414300116,1.06937409700106,-0.0129999539998971
0.2874,1.13151547460893,1.14464787301497,-0.0131323984060465
0.2876,1.2066648926135,1.21994582228379,-0.013280929670292
0.2878,1.28180951372401,1.29526205448618,-0.0134525407621675
0.288,1.3570030832144,1.37061183262115,-0.0136087494067496
0.2882,1.43221682526887,1.44597860629362,-0.0137617810247579
0.2884,1.50748102417891,1.52136910982426,-0.0138880856453538
0.2886,1.58273475244779,1.5967676547825,-0.0140329023347077
0.2888,1.65790936043978,1.67216608079737,-0.0142567203575932
0.289,1.73307616440941,1.74756016063579,-0.0144839962263856
0.2892,1.80819960517859,1.82294310728574,-0.014743502107152
0.2894,1.88329977146313,1.89832014214514,-0.0150203706820136
0.2896,1.95838850697573,1.97369684624587,-0.0153083392701454
0.2898,2.03344139911981,2.04904014017945,-0.0155987410596472
0.29,2.10842530686369,2.12435488327306,-0.0159295764093672
0.2902,2.18335036389185,2.19965987371273,-0.0163095098208816
0.2904,2.25828345522123,2.27488782890964,-0.0166043736884127
0.2906,2.33321272146561,2.35002611441866,-0.016813392953043
0.2908,2.40815426485141,2.42510532793512,-0.0169510630837122
0.291,2.4831272913125,2.50009363384185,-0.0169663425293511
0.2912,2.55813235995334,2.57505687011326,-0.0169245101599191
0.2914,2.63312012059268,2.64992298167133,-0.016802861078645
0.2916,2.70809389358575,2.72471064373953,-0.0166167501537795
0.2918,2.78307880665466,2.79941360301563,-0.0163347963609688
0.292,2.85808358587997,2.87407847387037,-0.0159948879904044
0.2922,2.93308474408621,2.94871731236386,-0.0156325682776592
0.2924,3.00809154210224,3.0233656955447,-0.0152741534424572
0.2926,3.08308692257843,3.09796280990872,-0.0148758873302932
0.2928,3.15810657179005,3.17253246532194,-0.0144258935318917
0.293,3.23319688483624,3.24712574006029,-0.013928855224048
0.2932,3.30830329478385,3.32171816827984,-0.0134148734959867
0.2934,3.38343942546963,3.39635775505456,-0.0129183295849309
0.2936,3.45856949722079,3.47102757228189,-0.0124580750611072
0.2938,3.53371029268071,3.5457576247844,-0.0120473321036885
0.294,3.60891333534428,3.62062234269161,-0.0117090073473252
0.2942,3.68411189491576,3.69555823726532,-0.0114463423495539
0.2944,3.75923214975887,3.77049940742502,-0.011267257666153
0.2946,3.83434602780052,3.84550421894741,-0.0111581911468899
0.2948,3.9094483012601,3.92063607237405,-0.011187771113947
0.295,3.98455920398339,3.99579762834596,-0.0112384243625749
0.2952,4.05964004190551,4.0709875007584,-0.0113474588528897
0.2954,4.13466809115347,4.14621692720429,-0.0115488360508138
0.2956,4.20961593550758,4.22152039785709,-0.0119044623495075
0.2958,4.28457506884867,4.29684828572784,-0.0122732168791657
0.296,4.35954403241287,4.37220452310288,-0.0126604906900152
0.2962,4.43451521114726,4.44757874294691,-0.0130635317996513
0.2964,4.50948103197402,4.52295193505204,-0.0134709030780193
0.2966,4.58446067506188,4.59834275194565,-0.0138820768837755
0.2968,4.65939355586835,4.67373846834474,-0.0143449124763846
0.297,4.7343025407007,4.74913577831324,-0.0148332376125477
0.2972,4.80922217510261,4.82453059445772,-0.0153084193551081
0.2974,4.88418127111387,4.89991760624583,-0.0157363351319617
0.2976,4.95919877508489,4.97528885070046,-0.01609007561557
0.2978,5.03423995501697,5.05063703987339,-0.0163970848564183
0.298,5.10929566562821,5.12598304977343,-0.0166873841452277
0.2982,5.1844222758404,5.20131474859752,-0.0168924727571262
0.2984,5.25960407746218,5.27663454025314,-0.0170304627909568
0.2986,5.33483230762433,5.35190662751678,-0.0170743198924459
0.2988,5.4100493149005,5.42712382855884,-0.0170745136583434
0.299,5.4852552246429,5.50229605442617,-0.0170408297832711
0.2992,5.56045002625814,5.57737952221973,-0.0169294959615938
0.2994,5.63565072198632,5.65246839469077,-0.0168176727044527
0.2996,5.71085398438352,5.72752103156798,-0.0166670471844599
0.2998,5.78599799871425,5.802494659844,-0.0164966611297483
0.3,5.86106276406109,5.87739003810445,-0.0163272740433653
0.3002,5.93611042887733,5.95221850874484,-0.0161080798675064
0.3004,6.01113017002315,6.02696890201602,-0.0158387319928668
0.3006,6.08614634590321,6.10165987672813,-0.0155135308249266
0.3008,6.16108498160878,6.17624276350174,-0.0151577818929649
0.301,6.2357925046898,6.25043072679657,-0.0146382221067762
0.3012,0.0268252224016479,0.0405883406803665,-0.0137631182787187
0.3014,0.100349845736812,0.112734807999812,-0.012384962263
0.3016,0.17314137230994,0.183476211070854,-0.0103348387609146
0.3018,0.245386527359901,0.252831413430769,-0.0074448860708683
0.302,0.317466442016307,0.321157139642379,-0.00369069762607127
0.3022,0.389784506280358,0.388880046086575,0.000904460193782708
0.3024,0.46256416439672,0.456383213878928,0.00618095051779155
0.3026,0.535944812985938,0.523864028448818,0.0120807845371205
0.3028,0.609974744593018,0.591507157184738,0.0184675874082799
0.303,0.68472553253493,0.659469058512557,0.025256474022373
0.3032,0.760173108378479,0.727863456533572,0.0323096518449068
0.3034,0.836324583753229,0.796786544857427,0.0395380388958015
0.3036,0.913124164990535,0.866233132322465,0.0468910326680697
0.3038,0.990381141158524,0.936291991181393,0.0540891499771311
0.304,1.06789289984332,1.0070843420254,0.0608085578179183
0.3042,1.14541216578244,1.07870132071594,0.0667108450665006
0.3044,1.22282975247905,1.15115345901207,0.0716762934669812
0.3046,1.30009641872021,1.22436547829991,0.0757309404202946
0.3048,1.37725632940654,1.29827278773436,0.0789835416721885
0.305,1.45427655185447,1.37276495774979,0.0815115941046853
0.3052,1.53108389142265,1.44772961888225,0.0833542725403995
0.3054,1.60763374058617,1.52300803707703,0.0846257035091385
0.3056,1.68394625432227,1.59839916549443,0.0855470888278425
0.3058,1.76020870848778,1.6737208583186,0.0864878501691753
0.306,1.83660795985092,1.74884283004613,0.0877651298047921
0.3062,1.91315032656618,1.82368767952776,0.0894626470384166
0.3064,1.98985192593117,1.89823998608994,0.0916119398412234
0.3066,2.06670894414697,1.97252187331745,0.094187070829518
0.3068,2.14369096924892,2.04652953311469,0.0971614361342348
0.307,2.2207120441232,2.12027854249295,0.100433501630255
0.3072,2.29760483936666,2.19376823164506,0.103836607721608
0.3074,2.37416900943514,2.26705467383755,0.107114335597594
0.3076,2.450292108681,2.34021257926627,0.110079529414731
0.3078,2.52596304824456,2.41332628516426,0.112636763080307
0.308,2.60124352187939,2.48654426453291,0.114699257346487
0.3082,2.67618388011731,2.55993740810775,0.116246472009564
0.3084,2.75080583031026,2.63357041145849,0.11723541885177
0.3086,2.82513929380728,2.70740800933735,0.117731284469929
0.3088,2.89918454826771,2.78137360829987,0.11781093996784
0.309,2.97309494008018,2.85542662095391,0.117668319126276
0.3092,3.04700590827649,2.9295017340978,0.117504174178695
0.3094,3.12107539894112,3.00343240081243,0.11764299812869
0.3096,3.1953904414668,3.07696167953306,0.118428761933737
0.3098,3.27001948470086,3.14999874847398,0.120020736226874
0.31,3.34507137983655,3.22240200908447,0.122669370752085
0.3102,3.42059890377303,3.29413009247179,0.126468811301231
0.3104,3.49660998709469,3.36506122080536,0.131548766289336
0.3106,3.57308422774907,3.43508955024445,0.137994677504627
0.3108,3.64994612384117,3.50422401572421,0.145722108116952
0.311,3.72703914830097,3.57252385622931,0.154515292071661
0.3112,3.8042373673449,3.63997879445788,0.164258572887019
0.3114,3.88130273836992,3.70660457885492,0.174698159514993
0.3116,3.9581001920128,3.77258844962551,0.185511742387289
0.3118,4.03455696016621,3.83822379969818,0.19633316046803
0.312,4.11061162801129,3.90380146882958,0.206810159181715
0.3122,4.1862347828186,3.96957726430493,0.21665751851367
0.3124,4.2614156582174,4.03582049271873,0.225595165498664
0.3126,4.33621380972191,4.10281763914211,0.233396170579799
0.3128,4.41068227040243,4.17080016069725,0.239882109705178
0.313,4.48493987096689,4.23995761419369,0.2449822567732
0.3132,4.5591236998903,4.31037611055219,0.248747589338103
0.3134,4.63329963030135,4.38207988743148,0.251219742869872
0.3136,4.70750472148596,4.455001963788,0.252502757697962
0.3138,4.78181836203708,4.52895474058817,0.25286362144891
0.314,4.85628107460747,4.60369546957216,0.252585605035308
0.3142,4.93090081142265,4.67893341182988,0.251967399592773
0.3144,5.00558347529056,4.75431684356196,0.251266631728599
0.3146,5.0802179137399,4.82951958849528,0.250698325244627
0.3148,5.15477617483309,4.9042809881059,0.250495186727191
0.315,5.22926987084206,4.97842858190494,0.250841288937117
0.3152,5.30368991687834,5.05185883762248,0.25183107925586
0.3154,5.37792725635574,5.12450730227457,0.253419954081172
0.3156,5.45182199299218,5.1963739950633,0.255447997928883
0.3158,5.52529574618276,5.26762337891571,0.25767236726705
0.316,5.59838957454392,5.33839238226764,0.259997192276285
0.3162,5.67113233819172,5.40885791166286,0.262274426528853
0.3164,5.74361323538391,5.47933387082045,0.264279364563462
0.3166,5.81595989228024,5.55002118655899,0.265938705721251
0.3168,5.88823375201371,5.62096235599699,0.267271396016716
0.317,5.96040896142912,5.69220250058928,0.268206460839831
0.3172,6.0325018472498,5.76377962442992,0.268722222819877
0.3174,6.10458534664976,5.83582929203166,0.268756054618096
0.3176,6.17674775704899,5.90854860252086,0.268199154528126
0.3178,6.24905811627888,5.98226986146801,0.266788254810872
0.318,0.0384534566829462,6.05746019690298,0.264178566959551
0.3182,0.11148133582529,6.13452917525682,0.260137467748055
0.3184,0.185095871436699,6.2134998085609,0.254781370055385
0.3186,0.259300940013116,0.010631612885833,0.248669327127283
0.3188,0.33402141575027,0.0915908292531349,0.242430586497135
0.319,0.409217784741615,0.172593915270656,0.236623869470959
0.3192,0.484873882049224,0.253199029820074,0.231674852229151
0.3194,0.561022243673644,0.333170357127807,0.227851886545837
0.3196,0.637738140451595,0.412373596954891,0.225364543496704
0.3198,0.715113519399368,0.490909476036524,0.224204043362843
0.32,0.793228108637355,0.568850245499608,0.224377863137747
0.3202,0.87213407689184,0.646239062659695,0.225895014232145
0.3204,0.951779915831071,0.723125067513662,0.228654848317409
0.3206,1.03210805068141,0.799439774552758,0.23266827612865
0.3208,1.11308397325159,0.875153638819385,0.237930334432204
0.321,1.19464161122633,0.950362592579429,0.244279018646902
0.3212,1.27669846384374,1.02522210908149,0.251476354762258
0.3214,1.35915420346759,1.09980875469086,0.259345448776737
0.3216,1.44181034971249,1.17423490674952,0.267575442962967
0.3218,1.52447235793956,1.24860014553098,0.275872212408574
0.322,1.60697491038548,1.32298762125028,0.283987289135202
0.3222,1.68911431613337,1.39749889109075,0.291615425042615
0.3224,1.77077240367817,1.47226711954199,0.298505284136172
0.3226,1.85188613279777,1.54737448874953,0.30451164404824
0.3228,1.93240140057907,1.62284432249071,0.309557078088354
0.323,2.01235046325765,1.69865649245344,0.313693970804213
0.3232,2.09168505245267,1.77474254950699,0.31694250294568
0.3234,2.17039973839735,1.85102669847918,0.319373039918174
0.3236,2.24844687509175,1.9274615048165,0.320985370275249
0.3238,2.32589044491713,2.00404159105586,0.321848853861264
0.324,2.4027639202243,2.08072965951283,0.322034260711464
0.3242,2.47911257589678,2.15750113199243,0.321611443904346
0.3244,2.55501819127428,2.23429474258872,0.320723448685563
0.3246,2.63054785602765,2.31101550636354,0.319532349664117
0.3248,2.7057209934158,2.38759116846552,0.318129824950282
0.325,2.78059817476227,2.46388707676602,0.316711097996252
0.3252,2.8551922891592,2.53982481821825,0.315367470940954
0.3254,2.92955076482834,2.61540615703651,0.31414460779183
0.3256,3.00370530113117,2.69054224418521,0.313163056945964
0.3258,3.07771629013394,2.76521557880464,0.312500711329305
0.326,3.15166789489097,2.83944166929536,0.312226225595604
0.3262,3.22567658805716,2.91332283784147,0.31235375021569
0.3264,3.29977110541287,2.98683365050912,0.312937454903744
0.3266,3.37391624104712,3.05989286900557,0.314023372041545
0.3268,3.44810540069635,3.13251062341269,0.31559477728366
0.327,3.52236531058886,3.20472400689246,0.317641303696402
0.3272,3.59664789377796,3.2765713233825,0.320076570395457
0.3274,3.67095480012528,3.34820753861542,0.322747261509854
0.3276,3.74522450516988,3.4197777738275,0.325446731342372
0.3278,3.81938614056588,3.49139507100177,0.327991069564117
0.328,3.89339099087844,3.56326012883229,0.330130862046155
0.3282,3.96722511454193,3.63559880173428,0.331626312807646
0.3284,4.04087895490608,3.70847310531836,0.332405849587721
0.3286,4.1143199069222,3.78184442567906,0.33247548124314
0.3288,4.18754329214405,3.85574478359437,0.331798508549676
0.329,4.26055731254865,3.93014449677615,0.330412815772503
0.3292,4.33344005239445,4.00495949439881,0.328480557995643
0.3294,4.40627391630149,4.08010876343568,0.326165152865815
0.3296,4.47907977177283,4.15555993252044,0.323519839252388
0.3298,4.55190891020794,4.23124043070613,0.320668479501809
0.33,4.62481236373306,4.3070520284565,0.317760335276557
0.3302,4.69778347321545,4.38292997521407,0.314853498001379
0.3304,4.7707748792423,4.45881201320558,0.311962866036717
0.3306,4.84385520241449,4.53464120842253,0.30921399399196
0.3308,4.91701526960778,4.61033434767973,0.306680921928048
0.331,4.99017333731135,4.68586406073425,0.3043092765771
0.3312,5.06328463416024,4.76124038066754,0.302044253492696
0.3314,5.13631459740606,4.83647486932324,0.299839728082822
0.3316,5.20927152473605,4.91158531747216,0.297686207263887
0.3318,5.28215213878622,4.98660020005379,0.295551938732436
0.332,5.3548600443544,5.06158134559074,0.293278698763652
0.3322,5.42727832413623,5.13659277503414,0.290685549102089
0.3324,5.49934475438348,5.2116726861185,0.287672068264971
0.3326,5.57109187812565,5.28687018225921,0.284221695866445
0.3328,5.64260872782631,5.36223887301138,0.280369854814934
0.333,5.71399950732064,5.43780475260769,0.276194754712959
0.3332,5.78540921866217,5.51351517563182,0.271894043030356
0.3334,5.85683204541789,5.58924570396823,0.267586341449658
0.3336,5.9282098367021,5.66493056044929,0.26327927625281
0.3338,5.99951756189163,5.74055116181672,0.258966400074906
0.334,6.07078177889025,5.816095535536,0.254686243354252
0.3342,6.14207079307665,5.8915537760189,0.250517017057748
0.3344,6.21345654331732,5.96691583146879,0.24654071184853
0.3346,0.00184196465744435,6.04217374635063,0.242853525486405
0.3348,0.0737489462997593,6.11730428820677,0.239629965272572
0.335,0.146147776763901,6.19236753513704,0.236965548806451
0.3352,0.219124041623212,6.26742935729429,0.234879991508509
0.3354,0.292630608719304,0.0593437167220017,0.233286891997302
0.3356,0.366614783165929,0.134497836038384,0.232116947127545
0.3358,0.441051426912946,0.209700922371283,0.231350504541663
0.336,0.515935729824764,0.284896385256684,0.231039344568081
0.3362,0.591315474073517,0.360055574992602,0.231259899080915
0.3364,0.667284456022363,0.435159890134222,0.232124565888141
0.3366,0.74394464539643,0.510187230669262,0.233757414727168
0.3368,0.821366518597181,0.585164111926656,0.236202406670525
0.337,0.899584848216997,0.660149353255115,0.239435494961882
0.3372,0.978556402349773,0.735100527996487,0.243455874353286
0.3374,1.05826101119102,0.810099359684526,0.248161651506496
0.3376,1.13867119314946,0.885107641402185,0.253563551747272
0.3378,1.21973491662718,0.960093300608686,0.259641616018494
0.338,1.30139342025799,1.03508239973775,0.266311020520244
0.3382,1.38353393174413,1.11007853999953,0.273455391744602
0.3384,1.4659494335677,1.185089096596,0.280860336971694
0.3386,1.5484720342691,1.26011584160354,0.288356192665566
0.3388,1.63090568481554,1.33518745157041,0.295718233245131
0.339,1.71298900470613,1.41033061035336,0.302658394352771
0.3392,1.79460097407497,1.48556391100504,0.309037063069928
0.3394,1.87567952580473,1.56090047856857,0.314779047236154
0.3396,1.95613262731931,1.63633531728431,0.319797310035007
0.3398,2.03589823061369,1.71185770612714,0.324040524486553
0.34,2.11493496187807,1.78743617938352,0.32749878249455
0.3402,2.19319848753084,1.86302993075587,0.330168556774969
0.3404,2.27067287896594,1.93860947601183,0.332063402954108
0.3406,2.34745513112972,2.01415544304482,0.333299688084907
0.3408,2.4235904210715,2.0896104498228,0.333979971248707
0.341,2.4991306807964,2.16496210349676,0.334168577299641
0.3412,2.57417253316184,2.24020883337356,0.333963699788277
0.3414,2.64880800312355,2.31538441546359,0.33342358765996
0.3416,2.7231549931761,2.39052620513704,0.332628788039063
0.3418,2.79725030678955,2.46564916094719,0.331601145842364
0.342,2.87118668899396,2.54079009538137,0.330396593612591
0.3422,2.94500361845311,2.6159429865173,0.329060631935804
0.3424,3.01871035845147,2.69107950247914,0.327630855972328
0.3426,3.09232072971191,2.76608792561616,0.326232804095748
0.3428,3.16582830472632,2.84092003944179,0.324908265284531
0.343,3.23927553380288,2.91560897905278,0.323666554750094
0.3432,3.31266312005651,2.99022528455368,0.322437835502831
0.3434,3.38598252036033,3.06480190120001,0.321180619160315
0.3436,3.45923547069784,3.13932423351284,0.319911237184996
0.3438,3.53242621882458,3.21381789740159,0.318608321422988
0.344,3.60551730596972,3.28830853964277,0.317208766326949
0.3442,3.67856283886777,3.36292561732231,0.31563722154546
0.3444,3.75156634500334,3.43767529819084,0.313891046812504
0.3446,3.82452739383327,3.51263602797719,0.311891365856083
0.3448,3.89744341338674,3.58768914415653,0.30975426923021
0.345,3.97026030250385,3.66273213393572,0.307528168568139
0.3452,4.04297600709325,3.73784413924711,0.305131867846146
0.3454,4.11561328438879,3.81297636738013,0.302636917008658
0.3456,4.18814207832363,3.88807008895578,0.300071989367852
0.3458,4.26063691094084,3.96317301280623,0.297463898134612
0.346,4.33310965328183,4.0383313341251,0.294778319156727
0.3462,4.40559499707871,4.11346368206016,0.292131315018549
0.3464,4.47814472517527,4.18854671898148,0.289598006193789
0.3466,4.55078429538467,4.26362533478778,0.287158960596885
0.3468,4.62354811049933,4.33873654522437,0.284811565274958
0.347,4.69649757698884,4.41388596612521,0.282611610863636
0.3472,4.7696419048078,4.48907302742993,0.280568877377868
0.3474,4.84295046301509,4.56432921975234,0.278621243262752
0.3476,4.91632629486615,4.63965542001702,0.276670874849135
0.3478,4.98967142954096,4.71503504320684,0.274636386334127
0.348,5.06291930298584,4.7904504444413,0.272468858544542
0.3482,5.13604795179935,4.86587780700448,0.270170144794868
0.3484,5.20904663313918,4.94129153113584,0.267755102003342
0.3486,5.28189676624995,5.01666618309133,0.265230583158623
0.3488,5.35452509093439,5.09197881620639,0.262546274728
0.349,5.42684174565391,5.16720327713501,0.259638468518894
0.3492,5.4988261263358,5.24234201026366,0.256484116072146
0.3494,5.57056797844817,5.31737921271129,0.253188765736883
0.3496,5.64214294387597,5.3923014464967,0.24984149737927
0.3498,5.71366305717037,5.4670974378919,0.246565619278474
0.35,5.7852090087963,5.54184119847226,0.243367810324032
0.3502,5.85676993574538,5.61657100745204,0.240198928293342
0.3504,5.92830524625259,5.69128765101459,0.237017595237996
0.3506,5.9998140033579,5.76599546583767,0.233818537520229
0.3508,6.0713351933596,5.84070785328454,0.230627340075064
0.351,6.14293038377729,5.91544111394419,0.227489269833101
0.3512,6.2146620567582,5.99019344780928,0.224468608948919
0.3514,0.00345470479213006,6.06494629463012,0.221693717341593
0.3516,0.0758242837763823,6.1397061299035,0.219303461052467
0.3518,0.148744002197839,6.21457379117859,0.217355518198834
0.352,0.222260757891686,0.00637443258790971,0.215886325303776
0.3522,0.296282936527729,0.0813875459575987,0.21489539057013
0.3524,0.370744981849925,0.156417637837553,0.214327344012372
0.3526,0.445639809698825,0.231502769383623,0.214137040315202
0.3528,0.520987543574085,0.306621488388351,0.214366055185734
0.353,0.59685488238039,0.381710332279722,0.215144550100667
0.3532,0.673342276067028,0.456771477875635,0.216570798191393
0.3534,0.750535060215747,0.531812871515445,0.218722188700302
0.3536,0.828481304615857,0.606837510025453,0.221643794590404
0.3538,0.907185508621759,0.681883071828251,0.225302436793509
0.354,0.986620860858568,0.756877271968088,0.22974358889048
0.3542,1.06676217175861,0.831862982436611,0.234899189322004
0.3544,1.14760710857191,0.906890351869204,0.240716756702702
0.3546,1.22911812607675,0.981932705716192,0.247185420360557
0.3548,1.3112065962138,1.05698078068407,0.254225815529726
0.355,1.39369263553035,1.13206085352099,0.261631782009362
0.3552,1.47642195451214,1.20718218249718,0.269239772014961
0.3554,1.55912882578533,1.28236403983726,0.276764785948078
0.3556,1.64160208307713,1.35760501210642,0.28399707097071
0.3558,1.72360675521651,1.43290597878137,0.290700776435138
0.356,1.80504260985302,1.50825350858435,0.296789101268673
0.3562,1.8858602663298,1.58364165944988,0.302218606879917
0.3564,1.96598998514083,1.65905358924652,0.306936395894307
0.3566,2.04541540267872,1.73448059399552,0.310934808683196
0.3568,2.12416438566516,1.8099057462844,0.314258639380764
0.357,2.20218986021309,1.88529220948234,0.316897650730742
0.3572,2.27952189367027,1.96060431202623,0.318917581644046
0.3574,2.35620969177385,2.0358191634774,0.320390528296454
0.3576,2.4322604845629,2.11091873837842,0.321341746184484
0.3578,2.50776426282886,2.18588306548456,0.321881197344294
0.358,2.58282878114789,2.26071430640135,0.322114474746545
0.3582,2.65754695627693,2.33543831261884,0.322108643658092
0.3584,2.73201675034002,2.41014599725872,0.321870753081301
0.3586,2.80635254825927,2.48486993115127,0.321482617108006
0.3588,2.88057157768,2.55958529556986,0.320986282110133
0.359,2.95465235228426,2.63433833731906,0.3203140149652
0.3592,3.02866793848511,2.70924800991195,0.31941992857316
0.3594,3.10266263645516,2.78435701827409,0.318305618181074
0.3596,3.17660460785174,2.85957519247385,0.317029415377892
0.3598,3.25049865473895,2.93496583221943,0.315532822519524
0.36,3.32436212877336,3.01048565358419,0.313876475189175
0.3602,3.39816464092397,3.08608119306087,0.312083447863094
0.3604,3.47190031668495,3.16174543015737,0.310154886527586
0.3606,3.54559369179263,3.23751534996955,0.308078341823077
0.3608,3.61931196077937,3.31330944306545,0.306002517713919
0.361,3.6930695531376,3.38909961714494,0.303969935992663
0.3612,3.76685728447925,3.46480226441308,0.302055020066168
0.3614,3.84065451085679,3.54040119820947,0.300253312647321
0.3616,3.91445558448593,3.61599801248315,0.298457572002786
0.3618,3.98824568411111,3.69147913172712,0.296766552383991
0.362,4.06196426569151,3.7668139090513,0.295150356640204
0.3622,4.13561091199399,3.84204291325241,0.293567998741579
0.3624,4.20915635521407,3.91710842965827,0.292047925555807
0.3626,4.28257224755433,3.99200930914562,0.290562938408708
0.3628,4.35588693284198,4.06680328012533,0.289083652716648
0.363,4.42910185253828,4.1415615454235,0.287540307114783
0.3632,4.50226569079826,4.21633769347884,0.285927997319417
0.3634,4.57544475024633,4.2911567943585,0.284287955887826
0.3636,4.64865523879723,4.36602800607117,0.282627232726057
0.3638,4.72187585220763,4.44098980345027,0.280886048757364
0.364,4.79516967984565,4.51605263105154,0.279117048794112
0.3642,4.86850069803901,4.59123360234155,0.277267095697455
0.3644,4.94187543998532,4.66652864389576,0.275346796089558
0.3646,5.01522504584398,4.74191843758428,0.273306608259692
0.3648,5.08847905117393,4.81737769056072,0.271101360613208
0.365,5.16161522450011,4.89286888605298,0.268746338447136
0.3652,5.23462924805184,4.9683613085075,0.26626793954434
0.3654,5.30752820606323,5.04384506621735,0.263683139845884
0.3656,5.38023930051696,5.11929956070776,0.260939739809202
0.3658,5.45267628801515,5.19464910676593,0.258027181249212
0.366,5.52480018285948,5.26983802472119,0.254962158138288
0.3662,5.59666715126602,5.34484353494009,0.251823616325923
0.3664,5.66835901462352,5.41965973931121,0.248699275312312
0.3666,5.73999229055087,5.49433579977122,0.245656490779643
0.3668,5.81164313428591,5.56894432624928,0.242698808036627
0.367,5.88329338311405,5.64348755707757,0.239805826036476
0.3672,5.95489944267475,5.71793819420182,0.236961248472933
0.3674,6.02647493269957,5.79233789770369,0.234137034995884
0.3676,6.09807844323452,5.86674581990984,0.231332623324675
0.3678,6.16978894540812,5.94118395890354,0.228604986504577
0.368,6.24167810875724,6.01563221483217,0.226045893925074
0.3682,0.0306760325824751,6.09008625082695,0.223775088935107
0.3684,0.103293674040469,6.16451121475325,0.221967766466805
0.3686,0.1764702780872,6.23905656759176,0.220599017675029
0.3688,0.250257169140781,0.0306485982192919,0.21960857092149
0.369,0.324575496332062,0.105617418768921,0.21895807756314
0.3692,0.399363828530325,0.180740807486768,0.218623021043557
0.3694,0.474606356551412,0.255950863376551,0.218655493174861
0.3696,0.550309188270819,0.331177736050889,0.21913145221993
0.3698,0.626541662402594,0.406401668597324,0.22013999380527
0.37,0.703402132554848,0.481580963221463,0.221821169333385
0.3702,0.780983686623933,0.556706615980726,0.224277070643208
0.3704,0.859353592072178,0.631838366359806,0.227515225712372
0.3706,0.938510190246702,0.707019230079195,0.231490960167507
0.3708,1.01838118172183,0.782201851246812,0.236179330475019
0.371,1.09895317843311,0.857378458429187,0.24157472000392
0.3712,1.18019777241439,0.932542711802756,0.247655060611634
0.3714,1.26206646179026,1.00771518018311,0.254351281607147
0.3716,1.34448364907952,1.08289849315751,0.261585155922009
0.3718,1.4272690134762,1.15808810662197,0.269180906854236
0.372,1.51025530148778,1.23330148740589,0.27695381408189
0.3722,1.59317420380308,1.30855722591738,0.284616977885698
0.3724,1.67580654972106,1.38383893632624,0.29196761339482
0.3726,1.75799211959919,1.45915627791764,0.298835841681553
0.3728,1.83956848339832,1.53451920894651,0.305049274451805
0.373,1.92046570507337,1.60991898201079,0.310546723062573
0.3732,2.00064727831176,1.68535221226594,0.315295066045815
0.3734,2.08008484165132,1.760809478636,0.319275363015326
0.3736,2.15881905569777,1.83629084475383,0.322528210943934
0.3738,2.23682244299598,1.91175968272068,0.325062760275294
0.374,2.31406450336915,1.98721168657352,0.326852816795636
0.3742,2.39066774961005,2.06265214936686,0.328015600243185
0.3744,2.46671194399975,2.13807931747403,0.328632626525723
0.3746,2.54224965101042,2.21347574663151,0.328773904378903
0.3748,2.61736159192565,2.28879322988322,0.328568362042425
0.375,2.69213599658418,2.36398875910661,0.328147237477571
0.3752,2.76661735262718,2.43902729492074,0.32759005770644
0.3754,2.84087917986058,2.51394249917116,0.326936680689421
0.3756,2.91500686201261,2.58884515191275,0.326161710099856
0.3758,2.98904223717914,2.66368664838102,0.325355588798126
0.376,3.06300346419475,2.73847135489539,0.324532109299359
0.3762,3.13689876761487,2.8132177933039,0.32368097431097
0.3764,3.21070214186327,2.88792994121617,0.322772200647099
0.3766,3.28442970930475,2.96261149947231,0.321818209832438
0.3768,3.35808166098959,3.03731165485539,0.320770006134202
0.377,3.43168665084807,3.11214121678398,0.319545434064091
0.3772,3.50528814204082,3.18708032589482,0.318207816145993
0.3774,3.57886665512854,3.26200135078882,0.316865304339723
0.3776,3.65240266424507,3.33692762511277,0.315475039132302
0.3778,3.7259520414415,3.41194429474199,0.314007746699511
0.378,3.79949901625279,3.48704464802467,0.312454368228118
0.3782,3.87302089417932,3.56216780702788,0.310853087151441
0.3784,3.94651232311252,3.63727410649632,0.309238216616201
0.3786,4.01995155121763,3.71237182039164,0.30757973082599
0.3788,4.09334622211137,3.78746097655115,0.305885245560224
0.379,4.1666628203216,3.86254528843015,0.304117531891444
0.3792,4.23990814588288,3.93767752515988,0.302230620722997
0.3794,4.3131111036147,4.01281690498779,0.300294198626904
0.3796,4.38627409501765,4.08800109660981,0.298272998407838
0.3798,4.45941711071871,4.16320186496992,0.296215245748794
0.38,4.53260963375941,4.23840297486352,0.294206658895896
0.3802,4.60588930345748,4.31359372012025,0.29229558333723
0.3804,4.67925474657448,4.38878662472436,0.290468121850119
0.3806,4.75273744054313,4.46397758413513,0.288759856407994
0.3808,4.82631620639007,4.53920424701156,0.287111959378513
0.381,4.89998346200028,4.6144972157569,0.285486246243378
0.3812,4.97360832813536,4.68985427012008,0.283754058015273
0.3814,5.0471049686724,4.76526210457029,0.281842864102114
0.3816,5.1204592227592,4.84070744427895,0.279751778480247
0.3818,5.19366614083683,4.91617774216436,0.277488398672469
0.382,5.26673646072396,4.99164774209335,0.275088718630616
0.3822,5.33964413294967,5.06709939011765,0.272544742832018
0.3824,5.41231328053968,5.14252353944666,0.269789741093019
0.3826,5.48468692623467,5.21791398964666,0.266772936588006
0.3828,5.55677951907043,5.29325864655694,0.263520872513491
0.383,5.62866179980339,5.36854499066035,0.260116809143043
0.3832,5.70040283066459,5.44374246925001,0.256660361414581
0.3834,5.77211091617119,5.51887977621783,0.25323113995336
0.3836,5.84383221125735,5.59397720015047,0.24985501110688
0.3838,5.91551896325802,5.66904370545724,0.246475257800779
0.384,5.98716645090125,5.74407887889688,0.243087572004365
0.3842,6.05881908280803,5.8190742779182,0.239744804889825
0.3844,6.1305364252263,5.89402888109289,0.236507544133402
0.3846,6.20237777195687,5.96893134359571,0.233446428361166
0.3848,6.27441355695293,6.04375509664648,0.230658460306457
0.385,0.0635859171889033,6.11854490555549,0.228226318812998
0.3852,0.136437593581452,6.1933504095565,0.226272491204533
0.3854,0.209874634623589,6.26812865919681,0.224931282606365
0.3856,0.283855101979629,0.0597380607565972,0.224117041223031
0.3858,0.358333024525329,0.134586851452384,0.223746173072945
0.386,0.433281971291042,0.209462551881789,0.223819419409252
0.3862,0.508697787976636,0.284384730173266,0.22431305780337
0.3864,0.584616041410458,0.359311511973575,0.225304529436883
0.3866,0.66111372375436,0.434231330581189,0.226882393173171
0.3868,0.738284068285727,0.509144596868149,0.229139471417578
0.387,0.816200551219958,0.584066773226348,0.23213377799361
0.3872,0.894879884911827,0.658961869105843,0.235918015805984
0.3874,0.974234082816307,0.733843011309682,0.240391071506625
0.3876,1.05425197350673,0.808649537395529,0.245602436111201
0.3878,1.13491706789649,0.883439454161321,0.251477613735173
0.388,1.21615732769717,0.958291738151896,0.257865589545272
0.3882,1.29791233748885,1.03319981627586,0.264712521212993
0.3884,1.38007627094123,1.10816868110058,0.27190758984065
0.3886,1.46242006399038,1.18320778546546,0.279212278524925
0.3888,1.54466730165872,1.25831799799016,0.286349303668555
0.389,1.62662774230127,1.33350237207674,0.293125370224535
0.3892,1.70815607178107,1.40877115044676,0.299384921334306
0.3894,1.78906628502042,1.48409365163534,0.304972633385081
0.3896,1.8692999612669,1.5594654071652,0.309834554101693
0.3898,1.94884752990433,1.634871773167,0.31397575673733
0.39,2.02771961970401,1.71028306669903,0.317436553004984
0.3902,2.10589282376463,1.78566128054778,0.320231543216857
0.3904,2.18333529197128,1.86097259271357,0.322362699257713
0.3906,2.26007435547204,1.93616673673156,0.323907618740487
0.3908,2.33610718554785,2.01119806334264,0.324909122205218
0.391,2.41155713365102,2.08607750073104,0.325479632919986
0.3912,2.48650612773426,2.16081386488381,0.325692262850449
0.3914,2.56110469664161,2.23544045497386,0.325664241667749
0.3916,2.63542484819881,2.30997249475428,0.325452353444535
0.3918,2.70952452291084,2.38441269913262,0.325111823778219
0.392,2.78340497175344,2.45882608508477,0.324578886668672
0.3922,2.8571525091523,2.53329195062846,0.323860558523842
0.3924,2.93084192528061,2.60784439446383,0.322997530816789
0.3926,3.00445459043622,2.68248390909224,0.321970681343978
0.3928,3.07800535051035,2.75730005816437,0.320705292345973
0.393,3.1515438973204,2.83237606030326,0.319167837017134
0.3932,3.22509203247853,2.90775028885818,0.317341743620351
0.3934,3.2986747734823,2.98340480380407,0.31526996967823
0.3936,3.37225952744841,3.05921009337147,0.313049434076943
0.3938,3.44583873790664,3.1351145593226,0.310724178584036
0.394,3.51948786518279,3.21120552623723,0.308282338945561
0.3942,3.5932347269001,3.28747096165417,0.305763765245925
0.3944,3.6671138305325,3.36373794839968,0.303375882132824
0.3946,3.74113017681746,3.43994981338142,0.30118036343604
0.3948,3.8152620401021,3.51604094064358,0.299221099458521
0.395,3.88944222491886,3.59196979973966,0.297472425179194
0.3952,3.96365431863953,3.66773834800042,0.29591597063911
0.3954,4.03787267270396,3.74328278046785,0.294589892236112
0.3956,4.11200718611804,3.81863017114078,0.293377014977264
0.3958,4.18608836982387,3.89379999012386,0.292288379700006
0.396,4.26005386308335,3.9687734845726,0.29128037851075
0.3962,4.33389119993936,4.04360099876929,0.290290201170063
0.3964,4.40757164090998,4.11830388978032,0.289267751129664
0.3966,4.48112282613358,4.19293487930359,0.288187946829988
0.3968,4.55459856647023,4.26756455482867,0.287034011641566
0.397,4.62799177675123,4.34224793265109,0.285743844100145
0.3972,4.70131262814749,4.41705230878938,0.284260319358107
0.3974,4.77461364893378,4.49199633869817,0.282617310235607
0.3976,4.84791041839031,4.56707246317686,0.280837955213451
0.3978,4.92118262148908,4.64229664130247,0.278885980186605
0.398,4.99438124300915,4.71765162023252,0.276729622776633
0.3982,5.06741857737132,4.79309328480208,0.274325292569237
0.3984,5.14027410527703,4.86857358570256,0.271700519574468
0.3986,5.21298107135753,4.94405023534003,0.268930836017501
0.3988,5.28557932941671,5.01948073902678,0.266098590389927
0.399,5.35804508822764,5.09483160403875,0.263213484188897
0.3992,5.43030632886082,5.17006130820788,0.260245020652932
0.3994,5.50230587755577,5.24512666240602,0.257179215149747
0.3996,5.57404841536547,5.31997616101395,0.254072254351517
0.3998,5.64556703897227,5.39459836611729,0.250968672854982
0.4,5.7169484452156,5.46902672377723,0.247921721438367
0.4002,5.78832007313272,5.54336778002177,0.244952293110958
0.4004,5.85972717358208,5.61768146352575,0.24204571005633
0.4006,5.93110446595361,5.69186735840655,0.239237107547056
0.4008,6.00235967163279,5.76577034351386,0.23658932811893
0.401,6.07319136182161,5.83881213766339,0.234379224158227
0.4012,6.14282790672358,5.90969806249645,0.23312984422713
0.4014,6.21016744907114,5.97672163960985,0.233445809461292
0.4016,6.27458137264278,6.0389477175069,0.235633655135885
0.4018,0.0535427945844837,6.09705406809675,0.239674033667321
0.402,0.11524927457796,6.15396958635216,0.244464995405383
0.4022,0.178911371149096,6.21424253693735,0.247854141391331
0.4024,0.246419315102361,6.28194861969482,0.247656002587131
0.4026,0.318037445851067,0.0758498095462752,0.242187636304792
0.4028,0.39265267239182,0.161223717901656,0.231428954490164
0.403,0.468155696144972,0.251414189493205,0.216741506651768
0.4032,0.542774499264845,0.341787410587833,0.200987088677012
0.4034,0.615812345691465,0.42897926072126,0.186833084970205
0.4036,0.687968881184328,0.511792005101419,0.176176876082909
0.4038,0.760227229450172,0.591150668042382,0.16907656140779
0.404,0.833222828114558,0.669359892905828,0.16386293520873
0.4042,0.906854166115567,0.748390093633081,0.158464072482486
0.4044,0.980377862689642,0.828791977382185,0.151585885307457
0.4046,1.05336844556664,0.910037422371082,0.143331023195561
0.4048,1.12602567982851,0.991262294652318,0.134763385176193
0.405,1.19892601761995,1.07185850832222,0.127067509297725
0.4052,1.2724043649248,1.15165081229424,0.120753552630563
0.4054,1.34623564737208,1.23068357976576,0.115552067606316
0.4056,1.42001166419058,1.30893481262589,0.111076851564685
0.4058,1.49362425926432,1.38634375317764,0.107280506086683
0.406,1.56730531394047,1.46295181462044,0.104353499320034
0.4062,1.64132447565751,1.53887153440026,0.102452941257247
0.4064,1.71576103465331,1.61423468421149,0.101526350441821
0.4066,1.79063892167731,1.68919595076888,0.101442970908425
0.4068,1.86612605218084,1.7639614187592,0.102164633421642
0.407,1.94237261339396,1.83873658737837,0.103636026015588
0.4072,2.01912189603052,1.91360310162556,0.105518794404959
0.4074,2.09570012849387,1.98849448785036,0.107205640643509
0.4076,2.17160877476297,2.06341045406226,0.108198320700704
0.4078,2.24716370888926,2.13864073399659,0.108522974892663
0.408,2.32332720829571,2.21462311235912,0.108704095936595
0.4082,2.40085554052525,2.29168535189163,0.109170188633624
0.4084,2.47964395040795,2.36971282638196,0.109931124025992
0.4086,2.55891294762346,2.44829192913743,0.110621018486033
0.4088,2.63799603356067,2.5270697068207,0.110926326739977
0.409,2.71682285002971,2.60603685741823,0.110785992611473
0.4092,2.79569957041946,2.6853348324357,0.11036473798376
0.4094,2.87478362024686,2.76493159448355,0.109852025763316
0.4096,2.95391660540093,2.84468959453283,0.109227010868103
0.4098,3.03292401481302,2.92464698995899,0.108277024854031
0.41,3.11188804949719,3.00504787085581,0.106840178641372
0.4102,3.19094300449664,3.0861800168097,0.104762987686935
0.4104,3.2701550107557,3.16807927830169,0.102075732454011
0.4106,3.34938170999671,3.25045503603735,0.0989266739593608
0.4108,3.42849502676253,3.33320256054685,0.0952924662156773
0.411,3.50760956604417,3.41656885635731,0.09104070968686
0.4112,3.58685730838469,3.50080674723861,0.0860505611460733
0.4114,3.6661860743546,3.58577181028894,0.0804142640656567
0.4116,3.74541842073812,3.67099555862256,0.0744228621155565
0.4118,3.82449131265516,3.75593433288564,0.0685569797695167
0.412,3.90336445332329,3.84016628551728,0.0631981678060147
0.4122,3.98200670745408,3.92357209136594,0.0584346160881433
0.4124,4.06034164664118,4.0060801120577,0.0542615345834827
0.4126,4.13830326829243,4.08763452674491,0.0506687415475202
0.4128,4.21590673173199,4.16814389131102,0.047762840420976
0.413,4.29327285817031,4.24760960751963,0.04566325065068
0.4132,4.37046346611901,4.32609739532328,0.0443660707957294
0.4134,4.44739828812903,4.40369760157667,0.043700686552361
0.4136,4.52395270732677,4.48049493690414,0.0434577704226369
0.4138,4.60025095553644,4.55660580514541,0.0436451503910318
0.414,4.67655667670969,4.63222938362012,0.0443272930895704
0.4142,4.75300284006165,4.70764020647347,0.0453626335881765
0.4144,4.82948772495354,4.78310354548466,0.046384179468876
0.4146,4.90582468688816,4.85885181050969,0.046972876378466
0.4148,4.98196635284392,4.93507687513212,0.0468894777117939
0.415,5.05811159713935,5.01194232543544,0.0461692717039144
0.4152,5.13439973965448,5.08954139045845,0.044858349196029
0.4154,5.21072159700629,5.16785604806322,0.0428655489430749
0.4156,5.28686682430372,5.24675156421492,0.0401152600887977
0.4158,5.36272060764902,5.32610253559762,0.0366180720514038
0.416,5.43837166571444,5.40583069805207,0.032540967662376
0.4162,5.51400774760241,5.48575459772242,0.0282531498799958
0.4164,5.58966234086969,5.56566591900876,0.0239964218609332
0.4166,5.66530216718408,5.6452728351658,0.0200293320182778
0.4168,5.74084780714274,5.72431809214804,0.0165297149947037
0.417,5.81630506580193,5.80280205035964,0.0135030154422857
0.4172,5.89178557273085,5.88084179031828,0.010943782412566
0.4174,5.96730027452161,5.95849771102626,0.00880256349535191
0.4176,6.0427965248422,6.0360761653781,0.00672035946409988
0.4178,6.11815232643279,6.11458037336672,0.00357195306606783
0.418,6.19343042726685,6.1956890161368,-0.0022585888699469
0.4182,6.26873140533328,6.28072068668798,-0.011989281354702
0.4184,0.0609444758904871,0.0863808370250793,-0.0254363611345922
0.4186,0.13644035611639,0.177031053776076,-0.040590697659686
0.4188,0.211978017799824,0.265917433332921,-0.0539394155330976
0.419,0.287568381656043,0.349505775849284,-0.0619373941932412
0.4192,0.363199717631584,0.426098506977117,-0.0628987893455334
0.4194,0.438907689113623,0.49624764140018,-0.0573399522865569
0.4196,0.51462363754204,0.562408928693863,-0.0477852911518235
0.4198,0.590332115299001,0.627944556826073,-0.0376124415270717
0.42,0.66608128695791,0.695683307781358,-0.0296020208234483
0.4202,0.741817603802223,0.766917515744835,-0.0250999119426124
0.4204,0.817553646927989,0.84138342328267,-0.0238297763546812
0.4206,0.893310557423696,0.917490711236601,-0.0241801538129049
0.4208,0.96899736885839,0.993502835522367,-0.0245054666639767
0.421,1.0446277846825,1.06862815200256,-0.0240003673200642
0.4212,1.12019297423287,1.1429767069599,-0.0227837327270322
0.4214,1.19572809170379,1.21703446751661,-0.0213063758128158
0.4216,1.27121144591034,1.29121960453063,-0.020008158620288
0.4218,1.3466089612156,1.36567934865472,-0.0190703874391271
0.422,1.42197062961937,1.44039001874214,-0.0184193891227746
0.4222,1.4973480662282,1.51537561042891,-0.0180275442007145
0.4224,1.57277888036082,1.5906943648109,-0.0179154844500766
0.4226,1.64817802050469,1.66634675500883,-0.0181687345041386
0.4228,1.72350725846349,1.74227816289082,-0.018770904427333
0.423,1.79873830709034,1.81844572907347,-0.0197074219831217
0.4232,1.87387957626477,1.89478911922875,-0.020909542963981
0.4234,1.94893416345117,1.97113343131617,-0.0221992678650063
0.4236,2.02387961997057,2.04730885996372,-0.0234292399931508
0.4238,2.09874967101619,2.12330828058357,-0.0245586095673769
0.424,2.17354868264885,2.19934146156238,-0.0257927789135293
0.4242,2.24829069026836,2.27552449970671,-0.0272338094383455
0.4244,2.32303347209382,2.35154884366841,-0.0285153715745872
0.4246,2.39777605562166,2.42673518543287,-0.0289591298112062
0.4248,2.47246438529163,2.50051301435208,-0.02804862906045
0.425,2.54707622588054,2.57285520681668,-0.0257789809361433
0.4252,2.62162220288053,2.6443083866205,-0.0226861837399683
0.4254,2.69615480675353,2.71538545861078,-0.0192306518572574
0.4256,2.77070227614663,2.78625675864004,-0.0155544824934104
0.4258,2.84522537403763,2.85681678067613,-0.0115914066385048
0.426,2.91974636449797,2.92724703707852,-0.0075006725805471
0.4262,2.99434741568192,2.99780981039359,-0.0034623947116712
0.4264,3.06899071650491,3.06866530396943,0.000325412535476133
0.4266,3.14369689045569,3.13977758987091,0.0039193005847844
0.4268,3.21844491994768,3.21102250188201,0.00742241806567456
0.427,3.2932185870622,3.28244820469864,0.0107703823635616
0.4272,3.36801533229864,3.35430717112574,0.0137081611729069
0.4274,3.44280533047327,3.42680302423568,0.016002306237588
0.4276,3.51760021546467,3.49978451480699,0.0178157006576867
0.4278,3.59235151628651,3.57282180617228,0.0195297101142318
0.428,3.66698401411824,3.64576540817136,0.0212186059468871
0.4282,3.74156271769106,3.71888222731925,0.0226804903718074
0.4284,3.81605568236883,3.79245815426767,0.0235975281011611
0.4286,3.89046833001593,3.86674993552302,0.02371839449291
0.4288,3.96481019196515,3.94175599822714,0.0230541937380098
0.429,4.03907315835207,4.01731153639813,0.0217616219539423
0.4292,4.11331966601998,4.09320673520233,0.0201129308176506
0.4294,4.18755483404687,4.16935741241246,0.0181974216344125
0.4296,4.26176158091024,4.245631382891,0.0161301980192361
0.4298,4.33593792190247,4.32190471758395,0.0140332043185145
0.43,4.41009441412595,4.39804464846718,0.012049765658765
0.4302,4.48420759875088,4.47401732572473,0.0101902730261534
0.4304,4.55827406216098,4.54985619889378,0.00841786326719518
0.4306,4.63234896637369,4.62555809593854,0.00679087043514848
0.4308,4.70645293431766,4.70108743205225,0.00536550226540644
0.431,4.78059365350935,4.77640888692381,0.00418476658554301
0.4312,4.85480300624789,4.85152844811028,0.00327455813760213
0.4314,4.92906837174533,4.92649645735659,0.00257191438873949
0.4316,5.00336787869554,5.00134988705263,0.00201799164290861
0.4318,5.07772900049893,5.07609630816707,0.00163269233185748
0.432,5.15213525040446,5.15077595259555,0.00135929780891253
0.4322,5.22653596288293,5.22549540297489,0.00104055990804142
0.4324,5.30091252464882,5.30032950453821,0.000583020110606292
0.4326,5.37528846398763,5.37525243248835,3.60314992828847e-05
0.4328,5.44969220626833,5.45023797040475,-0.000545764136423266
0.433,5.52410391744689,5.52534209039936,-0.0012381729524682
0.4332,5.59850312229028,5.60056028132474,-0.00205715903446446
0.4334,5.67284901903903,5.67590968274401,-0.00306066370497948
0.4336,5.74719975634911,5.75136332046626,-0.00416356411715491
0.4338,5.82155367596814,5.82676580962271,-0.0052121336545774
0.434,5.89587785928496,5.90208666315527,-0.00620880387030809
0.4342,5.97018265755877,5.97734668827563,-0.00716403071685345
0.4344,6.0444310731159,6.05258603048575,-0.00815495736985294
0.4346,6.11861526178449,6.12775064181442,-0.0091353800299272
0.4348,6.19279238372309,6.20280342912318,-0.0100110454000939
0.435,6.26697193968339,6.27769041809466,-0.0107184784112713
0.4352,0.0579626115967118,0.0691613997288117,-0.0111987881321
0.4354,0.132111941329103,0.143685485490736,-0.0115735441616323
0.4356,0.206254201106549,0.218156873606546,-0.0119026724999967
0.4358,0.280459271082159,0.292655894865847,-0.0121966237836875
0.436,0.354713744293802,0.367083836810512,-0.0123700925167094
0.4362,0.428927452592817,0.441454740423008,-0.0125272878301904
0.4364,0.503110796123303,0.515925652996695,-0.0128148568733928
0.4366,0.57731146317069,0.590584916634858,-0.0132734534641682
0.4368,0.651546807083641,0.665536118337214,-0.0139893112535732
0.437,0.725835662394667,0.740591407203362,-0.0147557448086945
0.4372,0.800139876840044,0.815659105865428,-0.0155192290253839
0.4374,0.874484989818676,0.89083192300826,-0.0163469331895839
0.4376,0.948870230176606,0.966094126347381,-0.0172238961707754
0.4378,1.02326165174841,1.04144724596539,-0.0181855942169804
0.438,1.09765155676154,1.11688615123799,-0.0192345944764503
0.4382,1.17206730194744,1.1924092728183,-0.020341970870861
0.4384,1.24658969925662,1.26797306819649,-0.021383368939871
0.4386,1.32116288292887,1.34355024205045,-0.0223873591215782
0.4388,1.39578893626211,1.41910090640867,-0.0233119701465569
0.439,1.47042766561875,1.49460496515217,-0.0241772995334208
0.4392,1.54506239070744,1.57003905054372,-0.0249766598362731
0.4394,1.61968598012907,1.64540666435734,-0.0257206842282718
0.4396,1.69428291012646,1.72071670884242,-0.0264337987159684
0.4398,1.76888098948901,1.79597860296351,-0.0270976134745085
0.44,1.84344234620195,1.87118979658178,-0.0277474503798247
0.4402,1.91794904426041,1.94633283744683,-0.0283837931864246
0.4404,1.99244184266925,2.02141782853849,-0.028975985869248
0.4406,2.06691529952651,2.09644890310202,-0.0295336035755165
0.4408,2.14136293171787,2.17139561565381,-0.0300326839359357
0.441,2.21576968422859,2.24622644521954,-0.0304567609909467
0.4412,2.29016081061986,2.32101070162814,-0.0308498910082777
0.4414,2.36461066081298,2.39575857322863,-0.0311479124156473
0.4416,2.43911620945685,2.47049224399483,-0.0313760345379857
0.4418,2.51360707979274,2.54513824419862,-0.0315311644058838
0.442,2.58809547316822,2.61973141503885,-0.0316359418706305
0.4422,2.66260913050656,2.69423651616678,-0.0316273856602201
0.4424,2.73714889000343,2.76871077232069,-0.0315618823172592
0.4426,2.81172620741282,2.84311119041981,-0.031384983006999
0.4428,2.88631143900876,2.9174334618735,-0.0311220228647344
0.443,2.96094656408601,2.99173740874396,-0.0307908446579526
0.4432,3.03563729104843,3.06600034377371,-0.0303630527252818
0.4434,3.11034340017032,3.14023643398447,-0.0298930338141559
0.4436,3.18509002337735,3.21453259932282,-0.0294425759454682
0.4438,3.25991221215082,3.28893733137958,-0.0290251192287578
0.444,3.33483206658209,3.36348026579957,-0.0286481992174865
0.4442,3.40979887093688,3.43813854926084,-0.0283396783239622
0.4444,3.48483946467186,3.51296651289237,-0.028127048220508
0.4446,3.55988670005598,3.58790955048144,-0.0280228504254612
0.4448,3.63491921143824,3.66290779900164,-0.027988587563391
0.445,3.70992978990312,3.73798640633975,-0.0280566164366234
0.4452,3.78489619908886,3.81317465483839,-0.0282784557495241
0.4454,3.85987159343182,3.88844784650181,-0.0285762530699931
0.4456,3.93483408914469,3.96371802663166,-0.0288839374869778
0.4458,4.0098109495217,4.03904904185971,-0.0292380923380033
0.446,4.0847852590543,4.11441372105198,-0.0296284619976808
0.4462,4.15973991215609,4.18981487125263,-0.0300749590965399
0.4464,4.23466319106186,4.26524185801645,-0.0305786669545958
0.4466,4.30952546264647,4.34069945485656,-0.0311739922100953
0.4468,4.38434421493409,4.41617758080492,-0.0318333658708294
0.447,4.45919878440669,4.49167662647522,-0.0324778420685288
0.4472,4.53409375531382,4.56716159339804,-0.0330678380842206
0.4474,4.60895359071229,4.64260936778724,-0.0336557770749488
0.4476,4.6837930932413,4.71802209195968,-0.0342289987183833
0.4478,4.75868674615289,4.79339912793051,-0.0347123817776236
0.448,4.83365513354078,4.86874131404204,-0.0350861805012563
0.4482,4.90866664758539,4.94402668598596,-0.0353600384005768
0.4484,4.98368485660869,5.01926207598127,-0.0355772193725707
0.4486,5.05874765573632,5.09443148774538,-0.0356838320090613
0.4488,5.1338541463625,5.16952585681376,-0.0356717104512621
0.449,5.20896053586504,5.24456714460254,-0.0356066087375018
0.4492,5.28409107966082,5.31953410232411,-0.0354430226632862
0.4494,5.359280121059,5.39448039641103,-0.0352002753520315
0.4496,5.43454882892208,5.46937236897303,-0.0348235400509491
0.4498,5.5098481409382,5.54420735787858,-0.0343592169403726
0.45,5.58518977494739,5.61904424161125,-0.0338544666638594
0.4502,5.66053304072504,5.69377588599655,-0.033242845271511
0.4504,5.73585623177108,5.76841337478276,-0.0325571430116787
0.4506,5.81114521307723,5.8429636165313,-0.0318184034540652
0.4508,5.88636528364407,5.91744137480468,-0.0310760911606138
0.451,5.96154182909665,5.99191484372146,-0.0303730146248142
0.4512,6.03665521470662,6.06641713960577,-0.0297619248991507
0.4514,6.11174749753319,6.14090624516961,-0.0291587476364228
0.4516,6.18683378489795,6.21536832418443,-0.0285345392864729
0.4518,6.26190211169916,0.00666950095673646,-0.0279526964371666
0.452,0.0537516459503671,0.0811426173141865,-0.0273909713638194
0.4522,0.128725637424747,0.155649106719464,-0.0269234692947175
0.4524,0.203740430138765,0.230193768714151,-0.026453338575386
0.4526,0.278801248426444,0.304794863308688,-0.0259936148822438
0.4528,0.353894017179481,0.379530379973588,-0.0256363627941064
0.453,0.428980081919806,0.454327348034265,-0.0253472661144589
0.4532,0.504085945648494,0.529182921872014,-0.0250969762235199
0.4534,0.579230464037834,0.604091625106634,-0.0248611610688004
0.4536,0.654431254865076,0.679045485265689,-0.0246142304006124
0.4538,0.72965914375716,0.754076951462421,-0.0244178077052608
0.454,0.804874653482547,0.829146180844132,-0.0242715273615846
0.4542,0.880115483632326,0.904298662672855,-0.0241831790405295
0.4544,0.955389268440454,0.979551186628989,-0.0241619181885347
0.4546,1.03066153390463,1.05484919830108,-0.024187664396448
0.4548,1.10595497295244,1.13021539666614,-0.0242604237137012
0.455,1.18129466217936,1.20560170673706,-0.0243070445576985
0.4552,1.25669279784177,1.28101145934283,-0.0243186615010549
0.4554,1.33209859667626,1.35643659955701,-0.0243380028807532
0.4556,1.40752755118215,1.43186071262473,-0.0243331614425766
0.4558,1.48294126346426,1.50728501072974,-0.0243437472654875
0.456,1.55832181895671,1.58269178570324,-0.0243699667465223
0.4562,1.63365999590012,1.65807425186838,-0.0244142559682554
0.4564,1.70900638100414,1.7334178605271,-0.0244114795229613
0.4566,1.78432193507146,1.80872606959049,-0.0244041345190205
0.4568,1.85956387212607,1.8840139425575,-0.0244500704314292
0.457,1.93480896897761,1.95924652935619,-0.024437560378586
0.4572,2.01003244981945,2.03441064862377,-0.0243781988043215
0.4574,2.08520970926802,2.10952392383069,-0.024314214562672
0.4576,2.16035275030646,2.18461036531749,-0.0242576150110252
0.4578,2.23545510542244,2.25958717595312,-0.0241320705306718
0.458,2.31050758099856,2.33447423943857,-0.023966658440008
0.4582,2.3855910495728,2.40927473061299,-0.0236836810401844
0.4584,2.46071345554312,2.4840635838764,-0.0233501283332753
0.4586,2.53582626895375,2.55886862489717,-0.0230423559434163
0.4588,2.61094576091146,2.63362465030562,-0.0226788893941587
0.459,2.68608513094541,2.70837594596296,-0.022290815017552
0.4592,2.76126146723096,2.78312599577618,-0.0218645285452141
0.4594,2.83648608662151,2.85788074120407,-0.0213946545825672
0.4596,2.91173792331072,2.93261536188224,-0.0208774385715254
0.4598,2.98702108587243,3.00730273690282,-0.0202816510303885
0.46,3.06227906578191,3.08194563174868,-0.0196665659667654
0.4602,3.13752354679012,3.15652221348113,-0.0189986666910147
0.4604,3.21278290498859,3.23106736754808,-0.0182844625594849
0.4606,3.28807861876451,3.30559591828266,-0.0175172995181536
0.4608,3.36342860532761,3.38015545885853,-0.0167268535309195
0.461,3.43878949074842,3.45469273201605,-0.015903241267631
0.4612,3.51413980517502,3.52924429837522,-0.0151044932002029
0.4614,3.58942749345787,3.60387294771326,-0.0144454542553878
0.4616,3.66468658549952,3.67859080596351,-0.0139042204639899
0.4618,3.73989930746473,3.75338665975089,-0.0134873522861647
0.462,3.81510757397285,3.828263458651,-0.0131558846781554
0.4622,3.89027539298947,3.90317700270153,-0.0129016097120584
0.4624,3.96536520334486,3.9781151487346,-0.0127499453897451
0.4626,4.04045491097907,4.05315905946543,-0.0127041484863595
0.4628,4.11551986818443,4.12827940584297,-0.012759537658539
0.463,4.19053699883385,4.2034692964403,-0.0129322976064508
0.4632,4.26551913231609,4.2787002267217,-0.013181094405617
0.4634,4.34045747022366,4.35401216852268,-0.0135546982990169
0.4636,4.41541528498451,4.42936329913564,-0.0139480141511257
0.4638,4.49041768292513,4.50474555062185,-0.0143278676967205
0.464,4.56546864315596,4.58015846948566,-0.0146898263297057
0.4642,4.6404936306125,4.65556802663299,-0.0150743960204895
0.4644,4.71552193372365,4.73096789816669,-0.0154459644430398
0.4646,4.7905825616324,4.80635174795023,-0.0157691863178275
0.4648,4.86569225618786,4.8817145901612,-0.0160223339733427
0.465,4.94075337423606,4.95704218385887,-0.0162888096228082
0.4652,5.0157902597089,5.03234879840295,-0.0165585386940501
0.4654,5.0908714799995,5.10762947843521,-0.0167579984357058
0.4656,5.16592437617355,5.18285816349508,-0.0169337873215269
0.4658,5.24095032196026,5.25802480467486,-0.017074482714599
0.466,5.31598458387773,5.33309588973134,-0.0171113058536161
0.4662,5.39105867902855,5.40808689443076,-0.0170282154022061
0.4664,5.46619396208495,5.48299804974384,-0.0168040876588869
0.4666,5.54134720432101,5.55780971713759,-0.0164625128165738
0.4668,5.61653394690252,5.63259497820698,-0.016061031304452
0.467,5.69170274336768,5.7072941071172,-0.0155913637495217
0.4672,5.76682115471322,5.78197393467445,-0.0151527799612339
0.4674,5.84187095424082,5.85667286944069,-0.0148019151998682
0.4676,5.91691085360216,5.93137270923656,-0.0144618556344032
0.4678,5.99191264057086,6.00601635209778,-0.0141037115269249
0.468,6.06683820238224,6.08062818300434,-0.0137899806221027
0.4682,6.14177338195314,6.15526510014315,-0.0134917181900054
0.4684,6.21669951735172,6.22984776481263,-0.0131482474609053
0.4686,0.00838263857900312,0.0212469304534972,-0.0128642918744941
0.4688,0.0832081575513771,0.0958504298387706,-0.0126422722873934
0.469,0.157992548181962,0.170370604089274,-0.0123780559073124
0.4692,0.232726003544622,0.244814052553748,-0.0120880490091265
0.4694,0.307407266037441,0.319222306728467,-0.0118150406910266
0.4696,0.38204434143179,0.393694510177061,-0.0116501687452714
0.4698,0.45668814386372,0.468241751703085,-0.011553607839365
0.47,0.531367537495551,0.542857530225457,-0.0114899927299056
0.4702,0.606082640433988,0.617567001217084,-0.0114843607830963
0.4704,0.68084542044459,0.692376162477781,-0.0115307420331909
0.4706,0.755665478003886,0.76731763957983,-0.0116521615759441
0.4708,0.830520016951476,0.842293738716804,-0.0117737217653288
0.471,0.905408940215685,0.917330143255525,-0.01192120303984
0.4712,0.980318104897501,0.992463895881204,-0.0121457909837033
0.4714,1.05524064595329,1.06763266991587,-0.0123920239625872
0.4716,1.13024034893517,1.14285519730288,-0.0126148483677033
0.4718,1.20525606449652,1.21811462387529,-0.0128585593787762
0.472,1.28028256505199,1.29342458870016,-0.0131420236481667
0.4722,1.35532995575489,1.36879377245781,-0.0134638167029155
0.4724,1.43038392103184,1.4441819604548,-0.0137980394229644
0.4726,1.5053797549918,1.51958678769883,-0.0142070327070281
0.4728,1.58034623580625,1.59498743242366,-0.0146411966174018
0.473,1.65526662837166,1.67037011613014,-0.0151034877584857
0.4732,1.73018191167878,1.74571405578294,-0.0155321441041663
0.4734,1.80505191720521,1.82100920998103,-0.0159572927758196
0.4736,1.87983678459242,1.89626181142542,-0.0164250268329966
0.4738,1.95461704778445,1.9714518144889,-0.0168347667044451
0.474,2.02937389690515,2.04657492085543,-0.0172010239502858
0.4742,2.10408745731377,2.12162465095888,-0.017537193645103
0.4744,2.17876842200205,2.19664290507415,-0.0178744830721076
0.4746,2.2534049738203,2.27159647868816,-0.0181915048678625
0.4748,2.32806089033189,2.34650492424583,-0.0184440339139447
0.475,2.40275437755065,2.42140762664155,-0.0186532490909022
0.4752,2.47749278405162,2.49620702714617,-0.0187142430945495
0.4754,2.55221319874287,2.57093557961416,-0.018722380871294
0.4756,2.62693556614004,2.64560145521283,-0.0186658890727864
0.4758,2.70168398713617,2.72021145375823,-0.0185274666220634
0.476,2.77647844532577,2.79474379220872,-0.0182653468829432
0.4762,2.85132629589727,2.86924387679972,-0.0179175809024557
0.4764,2.92620513929037,2.94372487069459,-0.0175197314042252
0.4766,3.0011160799093,3.01822328296206,-0.0171072030527659
0.4768,3.07599932154023,3.09269886097636,-0.0166995394361242
0.477,3.15086621598706,3.16712916932186,-0.0162629533347958
0.4772,3.22574770092904,3.24156651182839,-0.0158188108993444
0.4774,3.30067901779637,3.31600179612472,-0.0153227783283563
0.4776,3.37564370855443,3.39046601212812,-0.0148223035736939
0.4778,3.4506246689329,3.46502662019324,-0.0144019512603464
0.478,3.5256379332853,3.53971755776208,-0.0140796244767807
0.4782,3.60062916379892,3.61445055208707,-0.0138213882881555
0.4784,3.67557381768168,3.68922888241677,-0.0136550647350857
0.4786,3.75046275725323,3.7640415768445,-0.0135788195912667
0.4788,3.82534714361948,3.83898696184509,-0.0136398182256126
0.479,3.90018887659495,3.91399578696786,-0.0138069103729146
0.4792,3.97494676445349,3.9890041870177,-0.0140574225642034
0.4794,4.04969815816627,4.06410615507763,-0.0144079969113537
0.4796,4.12442044146013,4.13928474718653,-0.0148643057263973
0.4798,4.19909214088733,4.21454843427127,-0.0154562933839415
0.48,4.27372616492356,4.2898480222257,-0.0161218573021458
0.4802,4.34829990060063,4.36515355422684,-0.0168536536262174
0.4804,4.42280554683298,4.44048055905428,-0.0176750122213045
0.4806,4.49728793401305,4.51581443457453,-0.0185265005614799
0.4808,4.57176619819016,4.59118336067965,-0.0194171624894883
0.481,4.64625054261999,4.66657462587362,-0.0203240832536231
0.4812,4.72076197921783,4.74197194436753,-0.0212099651497022
0.4814,4.79530957244415,4.81735594826683,-0.0220463758226837
0.4816,4.86991718315576,4.89271076550177,-0.0227935823460079
0.4818,4.94460484514926,4.968017054955,-0.0234122098057403
0.482,5.01941432133779,5.0432679496323,-0.0238536282945088
0.4822,5.09428816079941,5.11846313173885,-0.0241749709394368
0.4824,5.1691987277358,5.19359316736075,-0.024394439624948
0.4826,5.24413926158908,5.26868224087369,-0.0245429792846048
0.4828,5.31912553229285,5.34367370599538,-0.0245481737025344
0.483,5.39411481557375,5.41857073560756,-0.024455920033815
0.4832,5.46913002979704,5.49337132357718,-0.0242412937801406
0.4834,5.54413881204981,5.56805107484865,-0.0239122627988397
0.4836,5.61912316484858,5.64267245702996,-0.0235492921813707
0.4838,5.69402640684191,5.71721453035299,-0.0231881235110842
0.484,5.7688959151553,5.79170233363914,-0.0228064184838397
0.4842,5.84371444195878,5.86610424023718,-0.0223897982783994
0.4844,5.91852499979991,5.94050351967548,-0.0219785198755638
0.4846,5.99328793714673,6.01485102660535,-0.0215630894586232
0.4848,6.06796790807405,6.08911796979056,-0.0211500617165106
0.485,6.14266999082505,6.16345924615884,-0.0207892553337876
0.4852,6.21739942730729,6.23785776214128,-0.0204583348339886
0.4854,0.00893368466892674,0.0291193394588204,-0.0201856547898936
0.4856,0.0836517136363885,0.103664366839595,-0.0200126532032061
0.4858,0.158432866045654,0.178356704722736,-0.0199238386770821
0.486,0.233253860270508,0.253162786414321,-0.0199089261438122
0.4862,0.308112160222337,0.32808962294231,-0.0199774627199737
0.4864,0.383011251025026,0.403042403321004,-0.0200311522959784
0.4866,0.457870542930347,0.477959396821708,-0.0200888538913609
0.4868,0.532711193819256,0.552849509596484,-0.0201383157772281
0.487,0.607561178849851,0.627798067993657,-0.0202368891438067
0.4872,0.68244322854815,0.702795351534808,-0.0203521229866582
0.4874,0.75736364917787,0.777879044278242,-0.020515395100372
0.4876,0.832296392644271,0.852992627300185,-0.0206962346559136
0.4878,0.907241143107642,0.928107575254332,-0.0208664321466895
0.488,0.982141626087251,1.00325422110495,-0.0211125950176954
0.4882,1.05701578609821,1.07841488229085,-0.0213990961926367
0.4884,1.13186115697477,1.15360687377445,-0.0217457167996862
0.4886,1.2067095016543,1.22887299017184,-0.0221634885175441
0.4888,1.28161212028409,1.30417554679259,-0.0225634265084975
0.489,1.35655437929995,1.37952665579396,-0.0229722764940143
0.4892,1.43154920012083,1.45490574621151,-0.0233565460906788
0.4894,1.5065793473086,1.53030702540677,-0.0237276780981652
0.4896,1.5816218920461,1.60570590758731,-0.0240840155412017
0.4898,1.65660482004486,1.6810962827978,-0.0244914627529418
0.49,1.73158814775706,1.75646917205032,-0.0248810242932564
0.4902,1.80654185696166,1.83181694494275,-0.0252750879810892
0.4904,1.88149378167322,1.90714920905775,-0.02565542738453
0.4906,1.95645198105891,1.98244961612976,-0.0259976350708429
0.4908,2.03138164768652,2.05766902391274,-0.026287376226223
0.491,2.10624647453853,2.1327685876201,-0.0265221130815707
0.4912,2.18106400591503,2.20778590670246,-0.0267219007874302
0.4914,2.25583203827767,2.28266634438753,-0.0268343061098575
0.4916,2.33054148806503,2.35739447827263,-0.0268529902075993
0.4918,2.40527267219189,2.43199233455374,-0.026719662361848
0.492,2.48003216659505,2.50651452692262,-0.0264823603275715
0.4922,2.55477261779272,2.58097516821446,-0.0262025504217389
0.4924,2.62951117870692,2.65532107646533,-0.025809897758414
0.4926,2.70426302685298,2.72960974824602,-0.0253467213930434
0.4928,2.77905096169088,2.80387391442802,-0.0248229527371397
0.493,2.85390599213018,2.87817516323917,-0.0242691711089886
0.4932,2.92881144214287,2.95250070685449,-0.0236892647116216
0.4934,3.0037706223804,3.02690980518975,-0.0231391828093481
0.4936,3.07875226546607,3.1013580848776,-0.0226058194115271
0.4938,3.15377292625093,3.17586391835882,-0.0220909921078891
0.494,3.22888112042632,3.25038454712508,-0.0215034266987661
0.4942,3.30399830499024,3.32488742963946,-0.020889124649226
0.4944,3.37911184892804,3.39940115519976,-0.0202893062717227
0.4946,3.45423182752244,3.47395829009995,-0.0197264625775082
0.4948,3.52938845216233,3.54863300354288,-0.0192445513805497
0.495,3.60453251819997,3.62339127420946,-0.0188587560094926
0.4952,3.67964093786377,3.69821672957371,-0.0185757917099414
0.4954,3.75470054010317,3.77306210135072,-0.0183615612475463
0.4956,3.82975999547764,3.84802014276154,-0.0182601472839066
0.4958,3.90477171722409,3.92304977032974,-0.0182780531056541
0.496,3.97968804070107,3.99807552429445,-0.0183874835933797
0.4962,4.0546011145311,4.07315606383957,-0.0185549493084691
0.4964,4.12950374329003,4.14829410883962,-0.0187903655495907
0.4966,4.20435006211179,4.22350507904144,-0.0191550169296573
0.4968,4.27914778758746,4.29878735993731,-0.0196395723498517
0.497,4.35396860738234,4.37415397102936,-0.0201853636470224
0.4972,4.42880029909481,4.44957143503114,-0.0207711359363261
0.4974,4.50364352437813,4.52499139586546,-0.0213478714873325
0.4976,4.57844499732934,4.60041300836054,-0.0219680110312011
0.4978,4.65323035996469,4.67582440294764,-0.0225940429829494
0.498,4.72804189395972,4.7512212542224,-0.0231793602626809
0.4982,4.80289230040365,4.82659700475863,-0.0237047043549854
0.4984,4.87779177966268,4.90193828898839,-0.0241465093257096
0.4986,4.95274379941921,4.97723731163615,-0.0244935122169414
0.4988,5.02772581298475,5.05249080894201,-0.0247649959572565
0.499,5.10273886478776,5.12770596121006,-0.0249670964222961
0.4992,5.17772026663928,5.20284587269807,-0.0251256060587917
0.4994,5.25271397847829,5.27794881463509,-0.0252348361568036
0.4996,5.32779072151815,5.3529971124866,-0.0252063909684557
0.4998,5.40288009832336,5.42798962692752,-0.02510952860416
0.5,5.47797177776675,5.50294119756342,-0.0249694197966761
0.5002,5.55307217811305,5.57782550660219,-0.0247533284891412
0.5004,5.62820368078023,5.65270579353242,-0.024502112752196
0.5006,5.70329926875565,5.72751050777982,-0.024211239024166
0.5008,5.77835102311667,5.8022368305852,-0.0238858074685222
0.501,5.85335235251934,5.8768785986783,-0.0235262461589549
0.5012,5.92835806671983,5.95153620978061,-0.0231781430607807
0.5014,6.00332269510891,6.02618455845232,-0.0228618633434037
0.5016,6.07827015542815,6.10075466530817,-0.0224845098800222
0.5018,6.15321537674278,6.17527887799437,-0.0220635012515933
0.502,6.22813535269057,6.24973606515107,-0.0216007124605078
0.5022,0.0198164292042158,0.0409532223751466,-0.0211367931709308
0.5024,0.0946475523967196,0.115256689816671,-0.0206091374199516
0.5026,0.169436982856639,0.189542824229802,-0.020105841373163
0.5028,0.244247633921005,0.263870479929295,-0.0196228460082897
0.503,0.319093267329641,0.338258071542262,-0.0191648042126217
0.5032,0.393972890840298,0.412752031170952,-0.0187791403306541
0.5034,0.468816081147454,0.487312961891133,-0.0184968807436793
0.5036,0.543641984327227,0.56190329317404,-0.0182613088468134
0.5038,0.618479506804852,0.636575766197316,-0.0180962593924642
0.504,0.693354823173317,0.711315444855751,-0.0179606216824343
0.5042,0.76829149981913,0.786170870607897,-0.0178793707887671
0.5044,0.843261393497315,0.861123591651602,-0.0178621981542876
0.5046,0.918256871330079,0.936172887050249,-0.0179160157201698
0.5048,0.993215839258594,1.01130073386639,-0.0180848946077945
0.505,1.06818736564302,1.08653670858644,-0.0183493429434147
0.5052,1.14320982144112,1.16182307252745,-0.0186132510863366
0.5054,1.21825674776227,1.23716179667826,-0.0189050489159934
0.5056,1.29332187243406,1.31252436372164,-0.0192024912875788
0.5058,1.3684009887441,1.38791751389367,-0.0195165251495693
0.506,1.44351173681651,1.46331704252479,-0.0198053057082703
0.5062,1.51859691817711,1.53872282400166,-0.0201259058245427
0.5064,1.59363290239177,1.61411944793133,-0.0204865455395578
0.5066,1.66860971729176,1.68949189778547,-0.0208821804937076
0.5068,1.74357943553865,1.76482820207161,-0.0212487665329575
0.507,1.81849549312525,1.84011631114425,-0.021620818018997
0.5072,1.89338748923384,1.91536003600532,-0.0219725467714726
0.5074,1.96827865340965,1.99056122482842,-0.0222825714187753
0.5076,2.04314946552759,2.0657080365086,-0.0225585709810119
0.5078,2.11796629077467,2.14076979503317,-0.0228035042584973
0.508,2.19273749958688,2.21578120372854,-0.0230437041416587
0.5082,2.26745008609361,2.29071147452603,-0.0232613884324162
0.5084,2.34216941202909,2.3655901216812,-0.0234207096521084
0.5086,2.41692020605561,2.44047022651951,-0.0235500204638992
0.5088,2.49171430751294,2.51526575851404,-0.0235514510011074
0.509,2.56648915188614,2.59001183449963,-0.0235226826134873
0.5092,2.64126286126613,2.66470697783895,-0.023444116572819
0.5094,2.71605612330865,2.73933098466087,-0.0232748613522182
0.5096,2.79088692722266,2.81384389871382,-0.0229569714911597
0.5098,2.86577712295071,2.88832451872809,-0.0225473957773863
0.51,2.94070263187158,2.96275152135218,-0.0220488894806024
0.5102,3.0156604644377,3.03716629059476,-0.0215058261570609
0.5104,3.0906571959476,3.11160312389324,-0.0209459279456374
0.5106,3.16572269872382,3.18601321526444,-0.020290516540622
0.5108,3.24081650859346,3.26045010385381,-0.0196335952603572
0.511,3.31591547357305,3.33492349632527,-0.0190080227522182
0.5112,3.39102325690117,3.40941792046278,-0.0183946635616037
0.5114,3.46613467738824,3.48392628226601,-0.0177916048777642
0.5116,3.54126690874685,3.55849090874316,-0.0172239999963106
0.5118,3.6163573850576,3.63308733858207,-0.0167299535244707
0.512,3.69140157620717,3.70775778658921,-0.0163562103820376
0.5122,3.76638925384911,3.7824858973106,-0.016096643461494
0.5124,3.84136901914905,3.85732783979723,-0.0159588206481782
0.5126,3.91629325828539,3.93224396039347,-0.0159507021080869
0.5128,3.99111514272436,4.00719529459088,-0.0160801518665212
0.513,4.06592638278408,4.08223722744748,-0.0163108446633995
0.5132,4.14071936420373,4.15735618404923,-0.0166368198454983
0.5134,4.21544856222064,4.23256569969734,-0.0171171374767036
0.5136,4.29012411786452,4.30781520037945,-0.0176910825149328
0.5138,4.36482244905643,4.38313113102857,-0.018308681972135
0.514,4.43953724554666,4.45850608279078,-0.0189688372441204
0.5142,4.5142730486834,4.53389761399261,-0.0196245653092122
0.5144,4.58897167541606,4.60929956671712,-0.0203278913010543
0.5146,4.66364631334078,4.68470416287351,-0.0210578495327303
0.5148,4.73832940957829,4.76009960949931,-0.0217701999210176
0.515,4.81303343558245,4.83547608939164,-0.0224426538091862
0.5152,4.88777705743239,4.91082741865678,-0.0230503612243851
0.5154,4.96258589231642,4.98614272934794,-0.0235568370315153
0.5156,5.03743467357495,5.06141028034306,-0.0239756067681061
0.5158,5.11231657175051,5.13665017578501,-0.0243336040344984
0.516,5.18723747746538,5.2118638194543,-0.0246263419889239
0.5162,5.26223043299851,5.28701050875944,-0.0247800757609253
0.5164,5.33729665477795,5.36208527164436,-0.0247886168664122
0.5166,5.41237362011108,5.43707016263479,-0.0246965425237056
0.5168,5.48745779348472,5.51199487429885,-0.0245370808141292
0.517,5.56254508521486,5.5868092742268,-0.0242641890119373
0.5172,5.63764892629665,5.66161137797743,-0.0239624516807853
0.5174,5.71276475861146,5.73638645885108,-0.0236217002396168
0.5176,5.78783066170473,5.81106751288774,-0.0232368511830092
0.5178,5.86282507187451,5.88563764645726,-0.0228125745827512
0.518,5.93781013437113,5.96019385782544,-0.0223837234543103
0.5182,6.0127426176667,6.03461803884916,-0.0218754211824601
0.5184,6.08756938450157,6.10893393595234,-0.0213645514507714
0.5186,6.16237499917819,6.18327070041349,-0.020895701235303
0.5188,6.23715068048352,6.25758249850201,-0.0204318180184897
0.519,0.0286699887180166,0.0486868099156311,-0.0200168211976145
0.5192,0.103320881434181,0.122972848687133,-0.0196519672529514
0.5194,0.177929020966485,0.197242484267043,-0.0193134633005575
0.5196,0.252581275403276,0.27157060319829,-0.0189893277950138
0.5198,0.327279423943453,0.345974119807942,-0.0186946958644889
0.52,0.402019246448966,0.420476675759539,-0.0184574293105727
0.5202,0.476732640281185,0.495046713308113,-0.0183140730269278
0.5204,0.551439121228356,0.569653282774077,-0.0182141615457211
0.5206,0.626165879046472,0.644356085611438,-0.0181902065649665
0.5208,0.700937234121956,0.719156558883453,-0.0182193247614969
0.521,0.775773994473512,0.794064732185482,-0.01829073771197
0.5212,0.850642008409926,0.869053200612241,-0.0184111922023149
0.5214,0.92552771249189,0.944110793210876,-0.018583080718986
0.5216,1.00041941237281,1.01921538403715,-0.0187959716643431
0.5218,1.07535015039323,1.09440311250046,-0.0190529621072257
0.522,1.1503250962215,1.1696451299657,-0.0193200337441977
0.5222,1.22532328525036,1.24495781293838,-0.0196345276880221
0.5224,1.30033877796036,1.32030679288055,-0.019968014920188
0.5226,1.37535898804295,1.39569115465332,-0.0203321666103711
0.5228,1.45039860511102,1.4710834202134,-0.020684815102376
0.523,1.52539735092216,1.54648374466078,-0.0210863937386223
0.5232,1.60034026900406,1.62188029226277,-0.0215400232587037
0.5234,1.67521345301489,1.69726135550177,-0.0220479024868809
0.5236,1.75006919904322,1.77261513764798,-0.0225459386047546
0.5238,1.82486915625492,1.84792195348483,-0.0230527972299026
0.524,1.89961482573191,1.92317752577821,-0.0235627000463026
0.5242,1.97437072938108,1.99838187638439,-0.0240111470033082
0.5244,2.04911839890282,2.0735193716663,-0.0244009727634804
0.5246,2.12381199784894,2.14856046947051,-0.0247484716215665
0.5248,2.19845773701012,2.22356517199347,-0.0251074349833438
0.525,2.27313184084675,2.29856889082473,-0.0254370499779855
0.5252,2.34783603858175,2.3734649510392,-0.0256289124574489
0.5254,2.42255621299638,2.44828446763617,-0.0257282546397897
0.5256,2.49726937514188,2.52300805188808,-0.0257386767461951
0.5258,2.57195972837742,2.59765110341965,-0.0256913750422325
0.526,2.64665637387394,2.67220974566908,-0.0255533717951359
0.5262,2.72137760824422,2.7466990583749,-0.0253214501306811
0.5264,2.79614190671486,2.82109399862669,-0.0249520919118313
0.5266,2.87097041855023,2.89547790646786,-0.024507487917631
0.5268,2.94583370951373,2.96982947419145,-0.0239957646777222
0.527,3.02072409953878,3.04411373997472,-0.0233896404359326
0.5272,3.09561068907944,3.11831085236563,-0.0227001632861814
0.5274,3.17051917082689,3.19254116794905,-0.0220219971221649
0.5276,3.24547227033556,3.26681814603689,-0.0213458757013338
0.5278,3.32043661693334,3.34111915868955,-0.0206825417562069
0.528,3.39540223254827,3.41544561398059,-0.0200433814323184
0.5282,3.47036649712162,3.48982504266493,-0.0194585455433098
0.5284,3.54535607706943,3.56435491588159,-0.0189988388121578
0.5286,3.62032074251197,3.6389569588304,-0.0186362163184266
0.5288,3.69523615300062,3.71361642854133,-0.0183802755407076
0.529,3.77008566387429,3.78832265121637,-0.0182369873420791
0.5292,3.84491835290501,3.86314536258748,-0.0182270096824726
0.5294,3.91969210597188,3.93807025248902,-0.0183781465171395
0.5296,3.99444530561032,4.01306359497312,-0.0186182893628
0.5298,4.06920520552044,4.0881512502217,-0.0189460447012664
0.53,4.14395017334713,4.16331525547495,-0.0193650821278233
0.5302,4.21864311891953,4.23856231757876,-0.0199191986592258
0.5304,4.29329253753414,4.31383352434867,-0.0205409868145345
0.5306,4.36798712656914,4.38914201167942,-0.0211548851102838
0.5308,4.44272572677643,4.46450398233304,-0.0217782555566171
0.531,4.51747253732186,4.5398924034951,-0.0224198661732418
0.5312,4.59224701438041,4.61529813944095,-0.023051125060543
0.5314,4.66699589052133,4.69070384779859,-0.0237079572772609
0.5316,4.74173794678667,4.76609791448296,-0.0243599676962942
0.5318,4.81649450811326,4.84147296439851,-0.0249784562852442
0.532,4.89129076631199,4.91681927481172,-0.0255285084997317
0.5322,4.9660874990726,4.9921388887494,-0.0260513896768
0.5324,5.04091952687108,5.06741341259968,-0.0264938857286037
0.5326,5.11579432216274,5.14262023966666,-0.026825917503924
0.5328,5.19071170535049,5.21778298463644,-0.0270712792859547
0.533,5.26569932474129,5.29287359349295,-0.0271742687516614
0.5332,5.3407529030483,5.36787516645016,-0.0271222634018544
0.5334,5.41580370622315,5.44276829585892,-0.0269645896357673
0.5336,5.490846651105,5.51763142279798,-0.0267847716929861
0.5338,5.56593831318488,5.59242606217334,-0.0264877489884592
0.534,5.64105404254804,5.66714427711591,-0.0260902345678655
0.5342,5.71618181251725,5.74183529959437,-0.0256534870771183
0.5344,5.79126473655015,5.81644399552958,-0.0251792589794304
0.5346,5.86627568454471,5.89093516276716,-0.0246594782224552
0.5348,5.94126743226408,5.96541796511312,-0.0241505328490383
0.535,6.01619542241196,6.03985279653076,-0.0236573741188009
0.5352,6.09101491173945,6.11419277463555,-0.0231778628960999
0.5354,6.16581880298809,6.18856219332865,-0.0227433903405645
0.5356,6.24059913073836,6.2629263134996,-0.0223271827612352
0.5358,0.0321231722930149,0.054092873138805,-0.0219697008457901
0.536,0.106770788233426,0.128431182578508,-0.0216603943450817
0.5362,0.181362596138409,0.202730941699233,-0.0213683455608234
0.5364,0.255985347090345,0.277069427733482,-0.0210840806431373
0.5366,0.330646319123562,0.351476279242991,-0.0208299601194288
0.5368,0.405351456621951,0.425987069808976,-0.0206356131870243
0.537,0.480042694852611,0.500573122901855,-0.0205304280492443
0.5372,0.554742960416381,0.575194778933656,-0.0204518185172748
0.5374,0.629472845034337,0.649897327290115,-0.0204244822557782
0.5376,0.704244323200068,0.724674358610157,-0.0204300354100896
0.5378,0.779068913110508,0.799540647162521,-0.0204717340520133
0.538,0.853911655167109,0.874490180244366,-0.0205785250772573
0.5382,0.928766258800729,0.949533891885643,-0.0207676330849133
0.5384,1.00364899136145,1.0246439747374,-0.0209949833759588
0.5386,1.0786063057646,1.0998434296184,-0.0212371238537989
0.5388,1.15361063558129,1.17509405649845,-0.0214834209171595
0.539,1.22863732950023,1.25040826554498,-0.0217709360447569
0.5392,1.30367830866869,1.32575311659763,-0.0220748079289326
0.5394,1.37871585427402,1.40113460481374,-0.0224187505397244
0.5396,1.45376305984837,1.47652676374184,-0.0227637038934676
0.5398,1.52879126424061,1.55192403677251,-0.0231327725319053
0.54,1.60376301538004,1.62732029690649,-0.02355728152645
0.5402,1.67866144421345,1.70270024602702,-0.0240388018135675
0.5404,1.75354240565949,1.77805231757332,-0.0245099119138232
0.5406,1.82836830108829,1.85336663531352,-0.0249983342252353
0.5408,1.90317843366163,1.92863939867585,-0.0254609650142192
0.541,1.97799750285186,2.00386630137216,-0.025868798520303
0.5412,2.0527994339017,2.07903145024576,-0.0262320163440637
0.5414,2.12754255394182,2.15409615781854,-0.0265536038767209
0.5416,2.20223352091561,2.22903158594759,-0.0267980650319792
0.5418,2.27696272903175,2.30388414976048,-0.0269214207287254
0.542,2.35173083554896,2.37864032676333,-0.0269094912143788
0.5422,2.42650077981171,2.45334041092205,-0.026839631110342
0.5424,2.50121376243815,2.52793075199971,-0.0267169895615593
0.5426,2.57588967743492,2.60243894571419,-0.0265492682792745
0.5428,2.65056674473867,2.6768677589825,-0.0263010142438347
0.543,2.72526299881123,2.75124999557371,-0.0259869967624837
0.5432,2.80000382234664,2.82554966239537,-0.0255458400487312
0.5434,2.87480849682702,2.89983953159541,-0.0250310347683853
0.5436,2.94964288157141,2.97410000187694,-0.0244571203055268
0.5438,3.0244983612627,3.04836830976401,-0.0238699485013112
0.544,3.09938737491962,3.12268116599692,-0.023293791077295
0.5442,3.17435002279668,3.19701983179629,-0.0226698089996096
0.5444,3.24935170952486,3.27139209940327,-0.022040389878407
0.5446,3.32436528098277,3.34580161395773,-0.0214363329749538
0.5448,3.3993880634115,3.42026522935296,-0.0208771659414593
0.545,3.47446582095582,3.49478406545604,-0.0203182445002188
0.5452,3.54956793599738,3.56939235525308,-0.019824419255702
0.5454,3.6247169460013,3.64414322391774,-0.0194262779164331
0.5456,3.69986043854097,3.71896554810197,-0.0191051095610013
0.5458,3.77491632320227,3.7938164622701,-0.0189001390678292
0.546,3.84994446541602,3.86875539169576,-0.0188109262797411
0.5462,3.92490815434787,3.94372195274936,-0.0188137984014953
0.5464,3.99975957044847,4.01870930892563,-0.0189497384771586
0.5466,4.07458629551953,4.09377255501914,-0.0191862594996062
0.5468,4.14937906699575,4.16889296773013,-0.0195139007343847
0.547,4.22409280760892,4.24408570618833,-0.0199928985794191
0.5472,4.29874088852084,4.31930845257209,-0.0205675640512526
0.5474,4.37333388048305,4.3945494733184,-0.021215592835353
0.5476,4.44796155392898,4.46985936824105,-0.0218978143120685
0.5478,4.52262950181696,4.54520678374737,-0.0225772819304106
0.548,4.59736489072291,4.62058120018286,-0.0232163094599489
0.5482,4.67211134649449,4.69597276422634,-0.0238614177318519
0.5484,4.74687145128627,4.77137124663807,-0.0244997953518045
0.5486,4.82168504125605,4.8467595840984,-0.0250745428423516
0.5488,4.89652951961254,4.92211381028121,-0.0255842906686663
0.549,4.97137030401884,4.9974375354867,-0.0260672314678558
0.5492,5.04624397186529,5.07270869832081,-0.0264647264555178
0.5494,5.12115066589019,5.14790209622228,-0.0267514303320917
0.5496,5.19604913036524,5.22302939415736,-0.0269802637921197
0.5498,5.2709655379451,5.2980985108581,-0.0271329729129937
0.55,5.34593021601002,5.37310185833663,-0.0271716423266115
0.5502,5.42091248237739,5.44797078370657,-0.0270583013291752
0.5504,5.495897949924,5.52269090894517,-0.0267929590211731
0.5506,5.57087518157166,5.59727609493431,-0.0264009133626537
0.5508,5.64586441187017,5.67174990020057,-0.0258854883303963
0.551,5.72080799993694,5.74613861884476,-0.0253306189078222
0.5512,5.79569211093047,5.82046815913177,-0.0247760482012929
0.5514,5.87050465158904,5.89471367608791,-0.0242090244988669
0.5516,5.94529928674871,5.96897605415394,-0.0236767674052274
0.5518,6.02003494740703,6.04325557692064,-0.0232206295136148
0.552,6.09474794787911,6.11751477002805,-0.0227668221489381
0.5522,6.16946322561348,6.19181098165598,-0.0223477560424978
0.5524,6.24417447272598,6.26615982866948,-0.0219853559435021
0.5526,0.0356747727766695,0.0573990096522668,-0.0217242368755973
0.5528,0.110396212732022,0.131942183665533,-0.0215459709335112
0.553,0.185164175338331,0.20653926054055,-0.0213750852022191
0.5532,0.259962391608548,0.281141943190369,-0.0211795515818215
0.5534,0.334763375517658,0.355726026367829,-0.0209626508501719
0.5536,0.409512443033775,0.430327948880249,-0.0208155058464744
0.5538,0.484227675418011,0.504989826726633,-0.0207621513086219
0.554,0.558942960907709,0.57966828372957,-0.0207253228218618
0.5542,0.633670870575349,0.654410622044167,-0.0207397514688176
0.5544,0.708428837830818,0.729226023970013,-0.0207971861391955
0.5546,0.783240354212007,0.804137489020171,-0.0208971348081644
0.5548,0.858077287416364,0.879134178967801,-0.021056891551437
0.555,0.932931669042068,0.954207274853615,-0.0212756058115477
0.5552,1.00781137844529,1.02932526769317,-0.0215138892478801
0.5554,1.08275082759203,1.10451546036169,-0.0217646327696583
0.5556,1.15771474633386,1.17972844852897,-0.0220137021951172
0.5558,1.23272645069254,1.2549834134936,-0.0222569628010583
0.556,1.30774964535179,1.33026964950664,-0.0225200041548463
0.5562,1.38281889399807,1.40560603366349,-0.0227871396654153
0.5564,1.45790755413588,1.48098188372024,-0.0230743295843636
0.5566,1.53300354349527,1.55637364323974,-0.023370099744467
0.5568,1.60805057193115,1.63177188967626,-0.0237213177451083
0.557,1.68302703255901,1.70716010101435,-0.0241330684553378
0.5572,1.75799209471375,1.78252284795321,-0.0245307532394559
0.5574,1.83290025141718,1.85783285342726,-0.0249326020100866
0.5576,1.90769952117876,1.93307812978664,-0.025378608607886
0.5578,1.98247608049808,2.00826253860747,-0.0257864581093958
0.558,2.05722126231898,2.08337336374454,-0.0261521014255535
0.5582,2.13189102169814,2.15837850686735,-0.0264874851692132
0.5584,2.20649738534917,2.23328013600373,-0.0267827506545597
0.5586,2.28112542107028,2.308150517928,-0.0270250968577144
0.5588,2.35578478903001,2.38293748130306,-0.0271526922730501
0.559,2.43046521620968,2.45769527721279,-0.0272300610031104
0.5592,2.50514023735807,2.53236192923761,-0.027221691879538
0.5594,2.57978295688522,2.60694513399964,-0.0271621771144237
0.5596,2.65444511754754,2.68150504412475,-0.0270599265772105
0.5598,2.7291562999881,2.75601367559622,-0.0268573756081225
0.56,2.80389713572969,2.83039613271709,-0.0264989969873985
0.5602,2.87864049124816,2.90474181264517,-0.0261013213970065
0.5604,2.95343174015991,2.97907864720428,-0.025646907044365
0.5606,3.02827302050879,3.05336428515803,-0.0250912646492401
0.5608,3.10315745394606,3.12763712394168,-0.0244796699956251
0.561,3.17811411110636,3.20195726142003,-0.023843150313668
0.5612,3.25314440902183,3.2763318099375,-0.0231874009156701
0.5614,3.32817925218101,3.35071246251203,-0.0225332103310247
0.5616,3.40320602979928,3.42507093448106,-0.021864904681776
0.5618,3.47821884790568,3.49946216832347,-0.0212433204177902
0.562,3.55324037771401,3.57387094912452,-0.0206305714105048
0.5622,3.62820982144826,3.64828423404232,-0.0200744125940564
0.5624,3.70311522663139,3.72278705692756,-0.0196718302961703
0.5626,3.77793688313899,3.79735099805769,-0.0194141149186953
0.5628,3.85272505429174,3.87202863681766,-0.0193035825259296
0.563,3.92744661591704,3.94681300745552,-0.0193663915384761
0.5632,4.0021488758364,4.0216818438294,-0.0195329679929994
0.5634,4.07685791704205,4.09665905643317,-0.019801139391121
0.5636,4.1515574798779,4.17170360459859,-0.0201461247206947
0.5638,4.22621569605603,4.24684753207559,-0.020631836019561
0.564,4.30081574759535,4.32209682147898,-0.0212810738836291
0.5642,4.37545647527216,4.39741713365453,-0.0219606583823735
0.5644,4.45015024934712,4.47278289481816,-0.0226326454710426
0.5646,4.52486403256206,4.54817321910853,-0.0233091865464692
0.5648,4.59961303010914,4.62358470028593,-0.023971670176798
0.565,4.67434023776539,4.69899313792243,-0.0246529001570428
0.5652,4.7490958349392,4.77438533343775,-0.0252894984985579
0.5654,4.82391053711491,4.84975970817537,-0.02584917106046
0.5656,4.8987522117503,4.92509491740273,-0.0263427056524392
0.5658,4.97357590066205,5.000392868618,-0.0268169679559538
0.566,5.04841638217138,5.07563446552013,-0.0272180833487479
0.5662,5.12327517157943,5.15080671522209,-0.027531543642656
0.5664,5.19814994820518,5.22592987314597,-0.0277799249407922
0.5666,5.27307655850753,5.30097327859653,-0.0278967200889984
0.5668,5.34803056607487,5.37596980361542,-0.0279392375405525
0.567,5.42299712612904,5.45089523795451,-0.0278981118254675
0.5672,5.49797859992728,5.52577664409558,-0.0277980441683034
0.5674,5.57296175548224,5.60055672974056,-0.0275949742583252
0.5676,5.64795806769562,5.67533869823591,-0.0273806305402822
0.5678,5.7229638913301,5.75008659978597,-0.0271227084558721
0.568,5.79791350787,5.82472869781981,-0.0268151899498106
0.5682,5.8727805380125,5.89925266263045,-0.0264721246179551
0.5684,5.94762817088023,5.97375658687863,-0.0261284159983974
0.5686,6.02242127319198,6.04817089851548,-0.0257496253234981
0.5688,6.09719396838721,6.12253325035196,-0.0253392819647509
0.569,6.17196196877814,6.19686390674377,-0.0249019379656348
0.5692,6.246691723101,6.27110934243667,-0.0244176193356704
0.5694,0.0381523589745658,0.062033648833147,-0.0238812898585812
0.5696,0.112723606350919,0.136059512879845,-0.0233359065289252
0.5698,0.187306692276732,0.210120615940977,-0.0228139236642448
0.57,0.261921317887666,0.28427844078983,-0.0223571229021643
0.5702,0.336569127498999,0.358564283318783,-0.0219951558197845
0.5704,0.411192153648722,0.432906917180932,-0.0217147635322096
0.5706,0.485798290527921,0.50733058350531,-0.0215322929773885
0.5708,0.560412163861954,0.581805143846023,-0.0213929799840687
0.571,0.635043249662292,0.65638361190627,-0.0213403622439787
0.5712,0.709747029644968,0.731098260781172,-0.0213512311362037
0.5714,0.784556869676736,0.805925880757342,-0.0213690110806057
0.5716,0.859380786436183,0.88083720433723,-0.0214564179010471
0.5718,0.934211092876011,0.955829872476229,-0.021618779600218
0.572,1.00906942208623,1.0308869185763,-0.0218174964900766
0.5722,1.08399880089217,1.10607625505729,-0.022077454165117
0.5724,1.1590012400864,1.18137152234378,-0.0223702822573799
0.5726,1.2340060082329,1.25672348425825,-0.0227174760253501
0.5728,1.30900030706591,1.33209727902273,-0.0230969719568195
0.573,1.38403265942925,1.40749478334417,-0.0234621239149204
0.5732,1.45907589335753,1.48290836723851,-0.0238324738809816
0.5734,1.53412083490407,1.55831448366437,-0.0241936487603025
0.5736,1.60911271556089,1.63370621897003,-0.0245935034091427
0.5738,1.68402436217391,1.70907211835818,-0.0250477561842768
0.574,1.75890884506168,1.78440883126403,-0.0254999862023537
0.5742,1.83372435295322,1.85971767450766,-0.0259933215544337
0.5744,1.90850782579144,1.93499013124147,-0.0264823054500305
0.5746,1.98328388896272,2.01021900003427,-0.0269351110715497
0.5748,2.05804307365728,2.08542145684766,-0.0273783831903875
0.575,2.13276081482367,2.16053528097249,-0.0277744661488168
0.5752,2.20742300567528,2.23552338416502,-0.0281003784897345
0.5754,2.28211134532498,2.31046059929521,-0.0283492539702359
0.5756,2.35683370640428,2.38530432105503,-0.0284706146507436
0.5758,2.43157213991891,2.46010344533155,-0.0285313054126317
0.576,2.50636124606294,2.53488209185526,-0.0285208457923218
0.5762,2.58115127392062,2.60952746081933,-0.02837618689871
0.5764,2.65591487172828,2.68401251496844,-0.0280976432401556
0.5766,2.73068234635169,2.75845872216181,-0.0277763758101162
0.5768,2.80548927226526,2.83283301535265,-0.02734374308739
0.577,2.88028853210163,2.90713858715179,-0.0268500550501551
0.5772,2.95510379834454,2.98138720420823,-0.0262834058636918
0.5774,3.02993811359588,3.05555296475695,-0.0256148511610736
0.5776,3.10475594507021,3.12959919488009,-0.0248432498098792
0.5778,3.17958557831302,3.20361693737285,-0.0240313590598307
0.578,3.25446108423381,3.2776892674852,-0.0232281832513959
0.5782,3.32935872971651,3.35182241317462,-0.0224636834581036
0.5784,3.40426997445669,3.42600721042889,-0.0217372359721995
0.5786,3.47918153160051,3.50024846700734,-0.0210669354068327
0.5788,3.55410712089318,3.57464935773244,-0.0205422368392534
0.579,3.62908448725348,3.64923350222285,-0.0201490149693639
0.5792,3.70404894020011,3.72390920842671,-0.0198602682266
0.5794,3.7789200077855,3.79864389230783,-0.0197238845223322
0.5796,3.85376509996516,3.87349120332762,-0.0197261033624625
0.5798,3.92855143483255,3.94839273417339,-0.0198412993408401
0.58,4.00331048404357,4.02333975736689,-0.0200292733233143
0.5802,4.07806265847415,4.09838974700231,-0.0203270885281617
0.5804,4.15278518039858,4.17352640155913,-0.0207412211605558
0.5806,4.22743833934353,4.24874682939987,-0.0213084900563398
0.5808,4.3020265888618,4.32400828882243,-0.0219816999606284
0.581,4.37662590515471,4.39929104970807,-0.0226651445533559
0.5812,4.45124776791161,4.47462901676591,-0.0233812488542968
0.5814,4.52589170950791,4.54999651541744,-0.0241048059095341
0.5816,4.6005770124556,4.62538943603003,-0.024812423574426
0.5818,4.67524240218013,4.70078979209224,-0.0255473899121172
0.582,4.74993557901341,4.77618375320509,-0.0262481741916734
0.5822,4.82469070222105,4.85156494865447,-0.0268742464334144
0.5824,4.89951688996137,4.92691726739035,-0.0274003774289744
0.5826,4.97444007067826,5.00223412242446,-0.0277940517462003
0.5828,5.04937294676902,5.07750382000978,-0.0281308732407579
0.583,5.1243117872869,5.15270857563881,-0.0283967883519098
0.5832,5.19923862874065,5.22785086163757,-0.0286122328969149
0.5834,5.27418321565843,5.30290867023005,-0.0287254545716218
0.5836,5.3491660376228,5.37788761768868,-0.0287215800658824
0.5838,5.42414558742498,5.45273737395324,-0.0285917865282652
0.584,5.49910465611929,5.52752875560197,-0.0284240994826819
0.5842,5.57409381334636,5.60223431554956,-0.028140502203204
0.5844,5.6490972518103,5.67686045461063,-0.0277632028003261
0.5846,5.72411230238236,5.75146561710025,-0.0273533147178888
0.5848,5.79908120399246,5.82599797520674,-0.0269167712142808
0.585,5.87397027535802,5.90041905792535,-0.0264487825673339
0.5852,5.94882924186721,5.97481072768862,-0.0259814858214078
0.5854,6.02361697924977,6.04905937303471,-0.0254423937849388
0.5856,6.09829665659779,6.12320508712063,-0.024908430522844
0.5858,6.17296661201198,6.1973971491891,-0.0244305371771167
0.586,6.24762077026502,6.27162485562423,-0.0240040853592047
0.5862,0.0390394500611189,0.0626697831839269,-0.023630333122808
0.5864,0.11358243596118,0.13686847349642,-0.0232860375352398
0.5866,0.18814993479584,0.211102366000347,-0.0229524312045063
0.5868,0.262757282081276,0.28538801001405,-0.0226307279327742
0.587,0.33739428151921,0.359803891631354,-0.0224096101121445
0.5872,0.412069364316352,0.434307877340069,-0.0222385130237165
0.5874,0.48671697212205,0.508866967177197,-0.0221499950551464
0.5876,0.561350692648444,0.583455176230189,-0.0221044835817452
0.5878,0.635990799681229,0.658094622409593,-0.0221038227283642
0.588,0.710658827639745,0.732794278759304,-0.0221354511195593
0.5882,0.785379136039096,0.807596859002462,-0.022217722963366
0.5884,0.860125159168968,0.882493695825262,-0.0223685366562942
0.5886,0.934930745537057,0.957502332676668,-0.0225715871396107
0.5888,1.00981639345317,1.03256264233425,-0.0227462488810761
0.589,1.08475784754153,1.10767723718642,-0.0229193896448969
0.5892,1.15972530469597,1.18286577341204,-0.0231404687160666
0.5894,1.23470101862322,1.25814579303803,-0.0234447744148119
0.5896,1.30967989787195,1.33347241833136,-0.0237925204594114
0.5898,1.38470153182741,1.40883374486909,-0.0241322130416752
0.59,1.45973342293812,1.48422143934737,-0.0244880164092505
0.5902,1.53479990304003,1.55961827667855,-0.0248183736385137
0.5904,1.60984963212201,1.63501444284398,-0.0251648107219709
0.5906,1.6848017780313,1.71039503159725,-0.0255932535659511
0.5908,1.75972082767604,1.78574663016229,-0.0260258024862559
0.591,1.83457771694213,1.86104850814823,-0.0264707912061026
0.5912,1.90933118164435,1.93629846407773,-0.0269672824333844
0.5914,1.9840443577721,2.01149646939919,-0.0274521116270903
0.5916,2.05871724872976,2.08664458096077,-0.0279273322310041
0.5918,2.13335130992228,2.1617004890764,-0.0283491791541168
0.592,2.20800390707536,2.23662668171865,-0.0286227746432859
0.5922,2.28269471155993,2.31145650939485,-0.0287617978349202
0.5924,2.35741900085473,2.38618317250057,-0.02876417164584
0.5926,2.43215037343535,2.46079210426901,-0.0286417308336606
0.5928,2.50682756920959,2.53526298991705,-0.0284354207074577
0.593,2.58146324835101,2.60967069315726,-0.0282074448062493
0.5932,2.65609107786049,2.68398014470015,-0.0278890668396561
0.5934,2.73072708823068,2.75824078192612,-0.0275136936954357
0.5936,2.80539721775264,2.83245997057443,-0.0270627528217928
0.5938,2.88012244118442,2.90667837310132,-0.0265559319168975
0.594,2.95487738936087,2.98088115083771,-0.0260037614768485
0.5942,3.02965977437775,3.05511212866045,-0.025452354282701
0.5944,3.10447885182224,3.12939432393875,-0.0249154721165041
0.5946,3.17936638922793,3.20368676995622,-0.0243203807282879
0.5948,3.25428488520011,3.27799339765259,-0.0237085124524792
0.595,3.32923010735061,3.35233277812074,-0.0231026707701298
0.5952,3.40418372840646,3.42671423174909,-0.022530503342634
0.5954,3.47917573784932,3.50114897731932,-0.0219732394700003
0.5956,3.55417333268092,3.5756179900798,-0.0214446573988836
0.5958,3.62921458064632,3.65022137883594,-0.0210067981896254
0.596,3.70424566581165,3.7249141695713,-0.0206685037596492
0.5962,3.77919680795412,3.79964594812765,-0.0204491401735303
0.5964,3.85413268565372,3.87447577311851,-0.0203430874647883
0.5966,3.92901040486926,3.94936798608477,-0.020357581215503
0.5968,4.00384989317519,4.02431598565264,-0.020466092477454
0.597,4.07863522598185,4.0992929507153,-0.0206577247334492
0.5972,4.15335047100261,4.174311163903,-0.0209606929003927
0.5974,4.22800455850525,4.2493986558392,-0.0213940973339541
0.5976,4.30257763150495,4.32455618810974,-0.0219785566047896
0.5978,4.37707427018011,4.39976956149098,-0.0226952913108711
0.598,4.45157880739016,4.475051065612,-0.0234722582218323
0.5982,4.52613740146399,4.55037711842206,-0.0242397169580686
0.5984,4.60075205807717,4.6257476590186,-0.0249956009414349
0.5986,4.67543096157436,4.70114269420055,-0.0257117326261982
0.5988,4.75012263703714,4.77653735750592,-0.0264147204687726
0.599,4.82485356645859,4.85190828160982,-0.0270547151512304
0.5992,4.89961045398552,4.92723547121711,-0.0276250172315962
0.5994,4.97442510546125,5.00251979654308,-0.0280946910818223
0.5996,5.04927387748698,5.07774513543348,-0.0284712579464941
0.5998,5.12414410104343,5.15289938261072,-0.0287552815672845
0.6,5.19903554729017,5.22800200620617,-0.0289664589159981
