t_s,theta_pll_rad,theta_ref_rad,theta_err_rad
0,0,0,0
0.0002,0.0753982236904548,0.075398223686155,4.29981050764638e-12
0.0004,0.150252531569056,0.15079644737231,-0.000543915803254497
0.0006,0.225286659533477,0.226194671058465,-0.000908011524987706
0.0008,0.301428463413579,0.30159289474462,-0.000164431331041437
0.001,0.37830508694427,0.376991118430775,0.0013139685134948
0.0012,0.453813087594535,0.45238934211693,0.00142374547760443
0.0014,0.525736188933698,0.527787565803085,-0.00205137686938772
0.0016,0.593478348929579,0.60318578948924,-0.00970744055966122
0.0018,0.658025056269015,0.678584013175395,-0.0205589569063809
0.002,0.720351611303743,0.75398223686155,-0.0336306255578073
0.0022,0.780302533710966,0.829380460547705,-0.0490779268367392
0.0024,0.836802563144274,0.904778684233861,-0.0679761210895866
0.0026,0.889626107132073,0.980176907920016,-0.0905508007879426
0.0028,0.94028884109217,1.05557513160617,-0.115286290514
0.003,0.990888020475282,1.13097335529233,-0.140085334817043
0.0032,1.04239641634134,1.20637157897848,-0.163975162637139
0.0034,1.09459909464259,1.28176980266464,-0.18717070802205
0.0036,1.14740635663048,1.35716802635079,-0.209761669720314
0.0038,1.20162729150135,1.43256625003695,-0.230938958535594
0.004,1.25841357855166,1.5079644737231,-0.249550895171436
0.0042,1.31778720396532,1.58336269740926,-0.265575493443936
0.0044,1.3787625925467,1.65876092109541,-0.279998328548707
0.0046,1.44019062501066,1.73415914478157,-0.293968519770906
0.0048,1.50172603819246,1.80955736846772,-0.307831330275261
0.005,1.56389141193732,1.88495559215388,-0.321064180216556
0.0052,1.62722327303258,1.96035381584003,-0.333130542807446
0.0054,1.69157102220176,2.03575203952619,-0.344181017324425
0.0056,1.75645980089687,2.11115026321234,-0.354690462315472
0.0058,1.82161334262016,2.1865484868985,-0.36493514427834
0.006,1.88737070739334,2.26194671058465,-0.374576003191307
0.0062,1.95418639633357,2.33734493427081,-0.383158537937239
0.0064,2.0220638366934,2.41274315795696,-0.390679321263565
0.0066,2.09058751987309,2.48814138164312,-0.397553861770031
0.0068,2.1593243860419,2.56353960532927,-0.404215219287376
0.007,2.22818825918309,2.63893782901543,-0.410749569832332
0.0072,2.29732788379506,2.71433605270158,-0.417008168906522
0.0074,2.36692571422966,2.78973427638774,-0.422808562158077
0.0076,2.43697227770976,2.86513250007389,-0.428160222364132
0.0078,2.50746032826338,2.94053072376005,-0.433070395496663
0.008,2.57847293935413,3.0159289474462,-0.43745600809207
0.0082,2.6500824789298,3.09132717113236,-0.441244692202555
0.0084,2.72222761776576,3.16672539481851,-0.444497777052749
0.0086,2.79486073346979,3.24212361850467,-0.447262885034874
0.0088,2.86790198683459,3.31752184219082,-0.44961985535623
0.009,2.94115239168291,3.39292006587698,-0.451767674194064
0.0092,3.01435479417996,3.46831828956313,-0.453963495383173
0.0094,3.08744258130461,3.54371651324929,-0.456273931944681
0.0096,3.16069261584108,3.61911473693544,-0.458422121094359
0.0098,3.23456667802013,3.6945129606216,-0.459946282601462
0.01,3.30938310773343,3.76991118430775,-0.460528076574318
0.0102,3.38513346862543,3.84530940799391,-0.460175939368477
0.0104,3.46154702176926,3.92070763168006,-0.4591606099108
0.0106,3.53849195184903,3.99610585536622,-0.457613903517186
0.0108,3.61593032134857,4.07150407905237,-0.455573757703803
0.011,3.69377582676462,4.14690230273853,-0.453126475973912
0.0112,3.77181340913396,4.22230052642468,-0.450487117290718
0.0114,3.84979590019494,4.29769875011084,-0.447902849915898
0.0116,3.9276536331755,4.37309697379699,-0.445443340621491
0.0118,4.00572002638139,4.44849519748315,-0.442775171101752
0.012,4.08448105695178,4.5238934211693,-0.439412364217524
0.0122,4.16418216916378,4.59929164485546,-0.435109475691677
0.0124,4.24463284562722,4.67468986854161,-0.430057022914391
0.0126,4.32559063358063,4.75008809222777,-0.424497458647141
0.0128,4.40695914091273,4.82548631591392,-0.418527175001188
0.013,4.48873588647198,4.90088453960008,-0.412148653128099
0.0132,4.57089063874743,4.97628276328623,-0.405392124538798
0.0134,4.6532781129435,5.05168098697239,-0.39840287402889
0.0136,4.73572757327331,5.12707921065854,-0.39135163738523
0.0138,4.81824088865596,5.2024774343447,-0.38423654568874
0.014,4.90099471033736,5.27787565803085,-0.376880947693497
0.0142,4.98421353383952,5.35327388171701,-0.369060347877486
0.0144,5.06806780515897,5.42867210540316,-0.360604300244196
0.0146,5.15258758263019,5.50407032908932,-0.351482746459127
0.0148,5.23767125505139,5.57946855277547,-0.341797297724081
0.015,5.32318419549249,5.65486677646163,-0.331682580969142
0.0152,5.40904329532228,5.73026500014778,-0.3212217048255
0.0154,5.49520594954889,5.80566322383394,-0.31045727428505
0.0156,5.58158661470517,5.88106144752009,-0.299474832814918
0.0158,5.66800570114352,5.95645967120625,-0.28845397006273
0.016,5.75420538081267,6.0318578948924,-0.277652514079733
0.0162,5.84006678083365,6.10725611857856,-0.267189337744907
0.0164,5.92565962869724,6.18265434226471,-0.256994713567471
0.0166,6.01118401899136,6.25805256595087,-0.246868546959508
0.0168,6.09684466629776,6.06033390199832,0.0365107642994422
0.017,6.18277671493295,6.13948235752676,0.0432943574061913
0.0172,6.26904945690682,6.22042476057154,0.0486246963352768
0.0174,0.0724601497507944,0.0191707912772384,0.053289358473556
0.0176,0.159270405001149,0.102389104729035,0.0568813002721141
0.0178,0.246125764849431,0.187980719710378,0.0581450451390522
0.018,0.332856129394781,0.276294830514615,0.0565612988801667
0.0182,0.419352935513352,0.366215649768469,0.0531372857448832
0.0184,0.50561379540084,0.455911933807083,0.0497018615937576
0.0186,0.591782151216169,0.544458848204062,0.0473233030121063
0.0188,0.67812224135749,0.632034997886675,0.0460872434708146
0.019,0.764810108498419,0.719047722873219,0.0457623856251994
0.0192,0.851859088296156,0.805164428385279,0.0466946599108774
0.0194,0.939206406438853,0.889549032724991,0.0496573737138624
0.0196,1.02677265155931,0.971764331036797,0.0550083205225131
0.0198,1.1144760392651,1.05215507191204,0.0623209673530587
0.02,1.20221843454927,1.13129275422656,0.070925680322717
0.0202,1.28986270828076,1.20933656753633,0.0805261407444327
0.0204,1.37716903340532,1.28611758854939,0.0910514448559279
0.0206,1.46397332798626,1.36172301092088,0.102250317065382
0.0208,1.55037306321972,1.436618978654,0.113754084565718
0.021,1.63660248509972,1.51138458951756,0.125217895582163
0.0212,1.72294988480405,1.58658953856248,0.136360346241571
0.0214,1.80958920776327,1.6626738505763,0.146915357186967
0.0216,1.8965374813109,1.73994648908677,0.15659099222412
0.0218,1.98373193187705,1.81853365071527,0.165198281161777
0.022,2.0710947877918,1.89828478336782,0.17281000442398
0.0222,2.15853846613215,1.97888145496147,0.179657011170682
0.0224,2.24589626199926,2.06023592272146,0.1856603392778
0.0226,2.33293077977117,2.14263408714906,0.190296692622106
0.0228,2.41947298825086,2.22646429182187,0.193008696428993
0.023,2.50550097565289,2.31186797005212,0.193633005600779
0.0232,2.59117514883419,2.39877958083892,0.192395567995269
0.0234,2.67673661559037,2.48716851132008,0.189568104270291
0.0236,2.76238430844019,2.57695486165263,0.185429446787567
0.0238,2.84822652552863,2.66784259125558,0.180383934273052
0.024,2.93429191146193,2.75921571914373,0.175076192318196
0.0242,3.02054545619244,2.85037572234164,0.170169733850807
0.0244,3.10682890323281,2.94068488097137,0.166144022261441
0.0246,3.19286680978316,3.02971975925789,0.163147050525267
0.0248,3.2784944151932,3.11741611763092,0.161078297562286
0.025,3.3636717716233,3.20372547371702,0.159946297906286
0.0252,3.44845974515553,3.28835697474645,0.160102770409083
0.0254,3.53296648321241,3.37117441537,0.16179206784241
0.0256,3.61734954710151,3.45250073358153,0.164848813519982
0.0258,3.70175875278037,3.53282254754199,0.168936205238377
0.026,3.78619786332033,3.6120398970132,0.174157966307132
0.0262,3.87050710245607,3.68957725407683,0.180929848379232
0.0264,3.9545518023689,3.7649620112231,0.189589791145804
0.0266,4.03821118901279,3.83810224020846,0.200108948804336
0.0268,4.12138068165047,3.90925214083167,0.212128540818793
0.027,4.20383292850171,3.97874321374581,0.225089714755899
0.0272,4.28536184405158,4.04684175013189,0.238520093919691
0.0274,4.36576931779086,4.11394325435916,0.251826063431696
0.0276,4.44500019317933,4.18061617415876,0.264384019020572
0.0278,4.52304491275368,4.24741889394577,0.275626018807912
0.028,4.59989024621887,4.31479948431282,0.285090761906051
0.0282,4.67546083874907,4.38306520034704,0.292395638402023
0.0284,4.74975383109577,4.45252373082723,0.297230100268536
0.0286,4.82267452989465,4.52339912847119,0.299275401423468
0.0288,4.89419596014121,4.59581915110638,0.29837680903483
0.029,4.96433402317997,4.66975900448943,0.294575018690549
0.0292,5.03321547612674,4.74507203841602,0.288143437710714
0.0294,5.10097658629569,4.82153685917467,0.279439727121021
0.0296,5.16782791522485,4.89889478929078,0.268933125934061
0.0298,5.23387191560555,4.97684846509623,0.257023450509318
0.03,5.29924233280524,5.05491116819724,0.244331164607994
0.0302,5.36413957948285,5.13233917963696,0.231800399845893
0.0304,5.42861276100134,5.20842741193257,0.220185349068761
0.0306,5.4927465391321,5.28287744244668,0.209869096685425
0.0308,5.55664348147835,5.35548676215289,0.201156719325453
0.031,5.62037913573457,5.42614084896471,0.194238286769865
0.0312,5.68408338256139,5.49503083815361,0.189052544407786
0.0314,5.74790872112934,5.56263848457175,0.185270236557582
0.0316,5.81199724361321,5.62958919631698,0.18240804729623
0.0318,5.87637539921531,5.69643663011972,0.179938769095584
0.032,5.94112303371304,5.76360445042153,0.177518583291508
0.0322,6.00627190297196,5.83138190170266,0.174890001269303
0.0324,6.07182859009748,5.90007310155769,0.171755488539796
0.0326,6.13782148425167,5.96982577425712,0.167995709994547
0.0328,6.20430681462136,6.04070790907931,0.163598905542055
0.033,6.27132474583222,6.11259618695793,0.158728558874292
0.0332,0.0556397214998547,6.18508243947068,0.153742589208765
0.0334,0.123542132908507,6.25794198784102,0.148785452247068
0.0336,0.191781728578362,0.0477863475081058,0.143995381070256
0.0338,0.260315954117192,0.120885289341895,0.139430664775297
0.034,0.329133712502475,0.193963421368727,0.135170291133748
0.0342,0.398221406101965,0.267087967766613,0.131133438335352
0.0344,0.467601590783494,0.340327993988245,0.12727359679525
0.0346,0.537270903642048,0.413726801595395,0.123544102046653
0.0348,0.607230760017003,0.487224285819152,0.120006474197851
0.035,0.677447259300131,0.560797732022893,0.116649527277238
0.0352,0.747869774629407,0.634402554536615,0.113467220092791
0.0354,0.818403319027012,0.707951201832851,0.110452117194161
0.0356,0.888984295730623,0.781312626529453,0.10767166920117
0.0358,0.95954909063799,0.85448895864862,0.105060131989369
0.036,1.03001297027109,0.927623069383462,0.102389900887629
0.0362,1.10028712296763,1.00085489832657,0.0994322246410588
0.0364,1.17041768599231,1.07426561505728,0.0961520709350332
0.0366,1.24037541646348,1.1478756245333,0.0924997919301767
0.0368,1.31012554809859,1.22175493669239,0.0883706114061937
0.037,1.3796729448891,1.29607497471882,0.0835979701702838
0.0372,1.44900569922699,1.37091642450187,0.0780892747251163
0.0374,1.51809168668975,1.44615305168335,0.0719386350064004
0.0376,1.58697122175651,1.52160571120985,0.0653655105466617
0.0378,1.65567600450752,1.59702152745337,0.0586544770541515
0.038,1.72418499560225,1.67215733822964,0.0520276573726106
0.0382,1.7925159783811,1.74685870643353,0.0456572719475683
0.0384,1.86070451322224,1.82104779398181,0.03965671924043
0.0386,1.92878867862927,1.89469258188525,0.0340960967440231
0.0388,1.99680114338726,1.96776800561325,0.0290331377740125
0.039,2.06484865905419,2.04021867921052,0.0246299798436622
0.0392,2.13294405132061,2.11197284994489,0.0209712013757146
0.0394,2.20109467253142,2.18293838076936,0.018156291762057
0.0396,2.26939808356679,2.25298809462322,0.0164099889435656
0.0398,2.33785617270244,2.32208113430302,0.0157750383994153
0.04,2.40646005984836,2.39030306088974,0.0161569989586292
0.0402,2.47521605383604,2.45779007389912,0.0174259799369203
0.0404,2.54420813910133,2.52473820521096,0.0194699338903721
0.0406,2.61343755923089,2.59124865885444,0.0221889003764479
0.0408,2.68288099547364,2.65753262006375,0.0253483754098931
0.041,2.75251280853767,2.7239342443424,0.0285785641952603
0.0412,2.82234806075627,2.7908478773181,0.0315001834381743
0.0414,2.89239205964415,2.85864632390358,0.0337457357405699
0.0416,2.96267217203289,2.92753351819943,0.0351386538334602
0.0418,3.03317311554391,2.99768604823739,0.0354870673065197
0.042,3.10395977415507,3.06912263269897,0.0348371414561002
0.0422,3.17496951561156,3.14171090528822,0.0332586103233328
0.0424,3.24620412366619,3.21529996979929,0.0309041538668944
0.0426,3.31765890319694,3.28990615684006,0.0277527463568776
0.0428,3.38935766666332,3.36579516189518,0.0235625047681398
0.043,3.46130651112728,3.44312704491643,0.0181794662108574
0.0432,3.53348406993622,3.52194299671416,0.0115410732220647
0.0434,3.60582746542257,3.60227891554567,0.00354854987690212
0.0436,3.67837525870433,3.68417896568169,-0.00580370697736265
0.0438,3.75110500988535,3.76747594185447,-0.016370931969115
0.044,3.82402427869619,3.85177367267822,-0.0277493939820341
0.0442,3.89709138236908,3.93650943411433,-0.0394180517452449
0.0444,3.97026341031686,4.02116558863575,-0.0509021783188897
0.0446,4.04357387589793,4.10532011257537,-0.0617462366774442
0.0448,4.11702021136179,4.18856522748662,-0.0715450161248326
0.045,4.190580308036,4.27064952182626,-0.080069213790261
0.0452,4.26423668515784,4.35144048463232,-0.0872037994744819
0.0454,4.33794607111214,4.43088862725444,-0.0929425561423072
0.0456,4.41173360312031,4.50905102498826,-0.0973174218679533
0.0458,4.4856217189825,4.5860962134692,-0.100474494486694
0.046,4.55961372774613,4.66223012363875,-0.102616395892613
0.0462,4.63367500724608,4.73771523725132,-0.104040230005245
0.0464,4.70783293412304,4.81282865729186,-0.104995723168815
0.0466,4.78213160362742,4.88783490101974,-0.105703297392313
0.0468,4.85658517748253,4.96299145810491,-0.106406280622379
0.047,4.93122141414422,5.03853602206521,-0.107314607920991
0.0472,5.00601145849407,5.11466063807472,-0.108649179580648
0.0474,5.08099685294121,5.19151329568943,-0.110516442748217
0.0476,5.15613971825102,5.26921744542658,-0.113077727175559
0.0478,5.23145759718048,5.34772926452509,-0.116271667344606
0.048,5.30689923727292,5.42690395845518,-0.120004721182261
0.0482,5.38247881776907,5.50653228995356,-0.124053472184494
0.0484,5.45814858672164,5.58639413722272,-0.128245550501076
0.0486,5.53392835416561,5.66623360024393,-0.132305246078324
0.0488,5.60983753428968,5.74581453942772,-0.135977005138048
0.049,5.68584354189358,5.82489740417222,-0.139053862278633
0.0492,5.76198572667394,5.90326318476645,-0.141277458092516
0.0494,5.83824454873817,5.98072291402034,-0.14247836528217
0.0496,5.91455979268197,6.05716292111181,-0.142603128429842
0.0498,5.99094606677364,6.13269599641877,-0.141749929645128
0.05,6.06738284552062,6.20738927937933,-0.140006433858717
0.0502,6.14382483901056,6.2814371117753,-0.137612272764744
0.0504,6.22034244792505,0.07184361387982,-0.134686473134362
0.0506,0.0137533187036256,0.145150062500835,-0.131396743797209
0.0508,0.0904140314215408,0.21826570343752,-0.12785167201598
0.051,0.167108891366536,0.291315662705851,-0.124206771339315
0.0512,0.243877170606632,0.364500027809312,-0.12062285720268
0.0514,0.320764392394374,0.437936368811289,-0.117171976416915
0.0516,0.397763172690986,0.511694930850822,-0.113931758159836
0.0518,0.474867375815248,0.58589079580069,-0.111023419985442
0.052,0.552104922317861,0.660588736875074,-0.108483814557213
0.0522,0.629424685530045,0.735712651127528,-0.106287965597483
0.0524,0.706861102212696,0.81128330595522,-0.104422203742524
0.0526,0.784442687124838,0.887265965020408,-0.10282327789557
0.0528,0.862149591061255,0.963519195985541,-0.101369604924286
0.053,0.939978962837862,1.03989817574284,-0.0999192129049773
0.0532,1.01786702195276,1.1163099729022,-0.0984429509494402
0.0534,1.09582182610224,1.19265616800836,-0.0968343419061186
0.0536,1.17383295458337,1.26888366203418,-0.0950507074508176
0.0538,1.25189961944394,1.34496128619486,-0.0930616667509188
0.054,1.33001792478002,1.42083997327255,-0.0908220484925379
0.0542,1.40817183466328,1.49652040304783,-0.088348568384558
0.0544,1.48634235063063,1.57200778524638,-0.0856654346157446
0.0546,1.56455349722321,1.64732134750804,-0.0827678502848328
0.0548,1.64278984756061,1.72249748345294,-0.0797076358923317
0.055,1.7210009821458,1.79757874153191,-0.0765777593861148
0.0552,1.79920676293503,1.87259857777245,-0.0733918148374144
0.0554,1.87738562648645,1.94761130353918,-0.0702256770527359
0.0556,1.95548991413919,2.02268332224325,-0.0671934081040517
0.0558,2.03359138469122,2.09788794645099,-0.0642965617597717
0.056,2.11169865103416,2.17324380191126,-0.0615451508771048
0.0562,2.18980245429439,2.24876424481268,-0.058961790518294
0.0564,2.26787228585847,2.32450868518929,-0.056636399330813
0.0566,2.34594393217993,2.40047587870031,-0.0545319465203846
0.0568,2.42403309688559,2.47660674318528,-0.0525736462996909
0.057,2.50212044263453,2.55285716104766,-0.0507367184131273
0.0572,2.58025048652212,2.62922023062368,-0.0489697441015564
0.0574,2.65837504836178,2.70563311898635,-0.0472580706245624
0.0576,2.73650311554756,2.78211191221819,-0.0456087966706349
0.0578,2.81468896098871,2.85861393867908,-0.0439249776903616
0.058,2.89291815995418,2.93503906275793,-0.0421209028037501
0.0582,2.97116042185663,3.01139730305268,-0.0402368811960563
0.0584,3.04947509200872,3.08762292956221,-0.0381478375534932
0.0586,3.12779556412487,3.16360908560065,-0.0358135214757733
0.0588,3.20612202039757,3.2394089905714,-0.0332869701738367
0.059,3.28440420918845,3.31498840589748,-0.0305841967090266
0.0592,3.36263140523616,3.39038703816916,-0.0277556329330078
0.0594,3.44081913841759,3.46560469638049,-0.0247855579628982
0.0596,3.51894630682387,3.54065898632011,-0.0217126794962379
0.0598,3.59705178699751,3.61562746572261,-0.0185756787250919
0.06,3.67507322973816,3.69046959496556,-0.0153963652274052
0.0602,3.75293959539148,3.76516489419266,-0.0122252988011788
0.0604,3.83072349286087,3.83980176291834,-0.00907827005746942
0.0606,3.90839549901216,3.91441543494147,-0.00601993592930894
0.0608,3.98598332251641,3.98907587052853,-0.003092548012126
0.061,4.06350156001306,4.06380092716161,-0.000299367148547169
0.0612,4.14092288607807,4.138556706401,0.00236617967707087
0.0614,4.21821215718512,4.21339259024879,0.0048195669363329
0.0616,4.29546483697019,4.28831156104337,0.00715327592681625
0.0618,4.37270462947241,4.36331462900254,0.00939000046987015
0.062,4.44992325882358,4.43841487243351,0.0115083863900756
0.0622,4.52709690423864,4.51359639765501,0.0135005065836324
0.0624,4.60424069004621,4.58886125495694,0.0153794350892715
0.0626,4.68136160050657,4.66419519445723,0.0171664060493395
0.0628,4.75843516437832,4.7395853389351,0.0188498254432226
0.063,4.83548316266981,4.81502359660864,0.0204595660611737
0.0632,4.91249768285801,4.89050508624689,0.0219925966111196
0.0634,4.98951401686397,4.96602595463046,0.0234880622335174
0.0636,5.06647303777934,5.04158096955203,0.0248920682273059
0.0638,5.14337072408054,5.11716090723087,0.0262098168496649
0.064,5.22022963038007,5.19278512537294,0.027444505007125
0.0642,5.29708943747617,5.26841487933079,0.0286745581453873
0.0644,5.37391209738187,5.34405491671329,0.0298571806685812
0.0646,5.45071208431281,5.41972056305926,0.0309915212535472
0.0648,5.52744683809844,5.49541151614507,0.0320353219533676
0.065,5.60415184289172,5.57115075307253,0.0330010898191926
0.0652,5.68080649248499,5.64693597229401,0.0338705201909812
0.0654,5.75744135573989,5.72273429649811,0.0347070592417831
0.0656,5.83400311297224,5.79849772934336,0.0355053836288786
0.0658,5.91048566266296,5.87422308026096,0.036262582402002
0.066,5.98688564685949,5.94989847307144,0.0369871737880532
0.0662,6.0631640838765,6.02551617906229,0.0376479048142073
0.0664,6.13934733968718,6.10104976495353,0.03829757473365
0.0666,6.21541770796831,6.17648778620031,0.038929921767993
0.0668,0.00817676415279323,6.25185079685791,0.0395112744744646
0.067,0.0839904481796415,0.043873820622529,0.0401166275571125
0.0672,0.159733227046979,0.119000787679056,0.040732439367923
0.0674,0.235435742870748,0.194080526508366,0.0413552163623818
0.0676,0.311091241679047,0.269137594026509,0.0419536476525388
0.0678,0.386699272473368,0.344145275471513,0.0425539970018552
0.068,0.462300404017127,0.419055890322353,0.0432445136947741
0.0682,0.537842178651942,0.493872705431461,0.0439694732204808
0.0684,0.613326396311597,0.568648765433146,0.0446776308784513
0.0686,0.688790658905171,0.643381314312836,0.0454093445923356
0.0688,0.764220826969689,0.718098168684836,0.0461226582848531
0.069,0.839585836945435,0.792796552086897,0.0467892848585372
0.0692,0.914944781175394,0.867486286565814,0.0474584946095802
0.0694,0.99028274790633,0.942224859846556,0.0480578880597742
0.0696,1.06559075482508,1.01704372235357,0.048547032471518
0.0698,1.14089580529405,1.09196830537646,0.0489274999175966
0.07,1.21616569205992,1.16697092634435,0.0491947657155627
0.0702,1.29142221754627,1.24206397196896,0.0493582455773118
0.0704,1.36662681060531,1.31720191876474,0.0494248918405691
0.0706,1.44179674075305,1.39240403819974,0.0493927025533063
0.0708,1.51688837181268,1.46768150653394,0.0492068652787356
0.071,1.59188782893685,1.54302008740939,0.0488677415274557
0.0712,1.66679298497871,1.61842790975143,0.0483650752272762
0.0714,1.74158805806498,1.69389825570399,0.047689802360996
0.0716,1.81630418840312,1.76943142466171,0.046872763741403
0.0718,1.89091516672383,1.84502493740798,0.0458902293158492
0.072,1.9654833279085,1.92064763898374,0.0448356889247594
0.0722,2.03997906386331,1.99629156203106,0.0436875018322467
0.0724,2.11438552960477,2.07191845687841,0.0424670727263554
0.0726,2.18870377013154,2.14749651832942,0.0412072518021227
0.0728,2.26299608915147,2.22305340636716,0.0399426827843135
0.073,2.33728933616941,2.29860028260656,0.0386890535628464
0.0732,2.41157157285287,2.37406040229547,0.0375111705574005
0.0734,2.48584127831108,2.44947049439688,0.0363707839141969
0.0736,2.56011752646025,2.52476549589772,0.0353520305625268
0.0738,2.63433514158104,2.59992986260188,0.0344052789791527
0.074,2.70853872747553,2.67507822144951,0.0334605060260156
0.0742,2.78275731309363,2.75014861843915,0.0326086946544781
0.0744,2.85699625543804,2.82510586127334,0.0318903941647024
0.0746,2.93122861683435,2.89999503232924,0.0312335845051086
0.0748,3.0054563767331,2.97479311276047,0.0306632639726359
0.075,3.07967467676693,3.04943584543346,0.0302388313334765
0.0752,3.15385303574099,3.12399575349469,0.029857282246299
0.0754,3.22802044217636,3.1985689975661,0.0294514446102587
0.0756,3.30221099458325,3.27323505348951,0.0289759410937358
0.0758,3.37644076701085,3.34798016842416,0.0284605985866846
0.076,3.45065838942748,3.42277223404434,0.0278861553831464
0.0762,3.52489764655104,3.49764145314641,0.0272561934046243
0.0764,3.59913872038033,3.57253448880777,0.0266042315725583
0.0766,3.67337552891435,3.64746006694073,0.0259154619736206
0.0768,3.74754607639407,3.72248005988617,0.0250660165078918
0.077,3.82169885061113,3.79757503134572,0.0241238192654043
0.0772,3.89582579305756,3.87271976232282,0.0231060307347448
0.0774,3.969886498486,3.94787232779595,0.0220141706900501
0.0776,4.04391508433467,4.02307072030977,0.020844364024903
0.0778,4.1178986337515,4.09829712357078,0.019601510180725
0.078,4.19182070989109,4.17354776536331,0.0182729445277792
0.0782,4.26566785649641,4.24880598902731,0.016861867469105
0.0784,4.33941199162959,4.32409108994004,0.0153209016895515
0.0786,4.41315659873656,4.39939061644663,0.0137659822899314
0.0788,4.48691657461622,4.47473423505992,0.0121823395562997
0.079,4.56069428032863,4.55010019456863,0.0105940857599913
0.0792,4.63454595633618,4.6254826931535,0.00906326318268924
0.0794,4.70842373793,4.70087983179459,0.00754390613540235
0.0796,4.78231845052196,4.7762768656324,0.00604158488955786
0.0798,4.85625617476359,4.85167248875429,0.00458368600929848
0.08,4.93021410145775,4.92705237510543,0.0031617263523227
0.0802,5.00421639600624,5.00241523547173,0.00180116053451318
0.0804,5.07824030636795,5.07774752224319,0.00049278412475573
0.0806,5.15227511533404,5.153021914497,-0.000746799162964606
0.0808,5.22632421106137,5.22825423408132,-0.00193002301994394
0.081,5.30041913280076,5.30340712324455,-0.00298799044379017
0.0812,5.37453256754207,5.37849425080743,-0.00396168326535484
0.0814,5.44869571975325,5.45353571025394,-0.00483999050069173
0.0816,5.52287558396829,5.52852516718836,-0.00564958322007314
0.0818,5.59710625151321,5.60347067046392,-0.0063644189507146
0.082,5.67136022507219,5.67834033489172,-0.00698010981953612
0.0822,5.74562486781181,5.75315679182986,-0.00753192401804803
0.0824,5.8198375093919,5.82789562239939,-0.00805811300749681
0.0826,5.89404259316662,5.9026155512071,-0.00857295804048608
0.0828,5.96823920540849,5.97735791068829,-0.00911870527980163
0.083,6.04239465446071,6.0521033434008,-0.00970868894009325
0.0832,6.1165508984174,6.12691308339564,-0.0103621849782423
0.0834,6.19072227433071,6.20179163639282,-0.0110693620621118
0.0836,6.26488687687704,6.27676084568411,-0.0118739688070644
0.0838,0.0559008197806374,0.0685851571337998,-0.0126843373531623
0.084,0.130113173519427,0.143590221695108,-0.0134770481756807
0.0842,0.20432706851769,0.218603615822507,-0.0142765473048169
0.0844,0.278554913649301,0.293637990547293,-0.0150830768979912
0.0846,0.352808047767812,0.368712809354346,-0.0159047615865332
0.0848,0.427125003362104,0.443863183498043,-0.0167381801359383
0.085,0.50145180761907,0.519023470118125,-0.017571662499055
0.0852,0.57579028526682,0.594211730831437,-0.0184214455646168
0.0854,0.65017126180366,0.669436447070708,-0.0192651852670481
0.0856,0.724610523728448,0.744773868980801,-0.020163345252353
0.0858,0.799142638584206,0.820174512073974,-0.0210318734897685
0.086,0.873692474434651,0.895587776829863,-0.0218953023952116
0.0862,0.948265232728622,0.971019003048907,-0.022753770320285
0.0864,1.02287907620139,1.04644688020273,-0.0235678040013452
0.0866,1.09756002228706,1.12190169139787,-0.0243416691108091
0.0868,1.17226393772731,1.19734891277709,-0.0250849750497799
0.087,1.24701253669864,1.27279712081994,-0.0257845841213011
0.0872,1.32177312053691,1.34825504245514,-0.0264819219182324
0.0874,1.39658353750375,1.42370753742896,-0.0271239999252073
0.0876,1.47141886913124,1.49914820585054,-0.0277293367192972
0.0878,1.54630442019038,1.5745627384905,-0.0282583183001153
0.088,1.62118613850682,1.6499397445081,-0.0287536060012823
0.0882,1.69605201096934,1.72526996409344,-0.0292179531240981
0.0884,1.77089764501055,1.80054935262792,-0.0296517076173708
0.0886,1.84575880957957,1.87580065517388,-0.0300418455943088
0.0888,1.9205967410099,1.95100670589279,-0.0304099648828851
0.089,1.99540095187756,2.02615377663547,-0.0307528247579114
0.0892,2.07016681282035,2.10126181978449,-0.0310950069641396
0.0894,2.14487878299881,2.17631722938547,-0.0314384463866615
0.0896,2.21959861487468,2.25131162717729,-0.0317130123026104
0.0898,2.29436041839226,2.32630340539441,-0.0319429870021488
0.09,2.36918485294366,2.40130693172881,-0.0321220787851524
0.0902,2.44408129810476,2.4763131617331,-0.032231863628339
0.0904,2.5190434958407,2.55135606339225,-0.0323125675515521
0.0906,2.59408297068472,2.6263418621367,-0.0322588914519768
0.0908,2.6691270891178,2.70128660372722,-0.0321595146094271
0.091,2.74419744618485,2.77619531716261,-0.0319978709777637
0.0912,2.8193189416401,2.85113160761161,-0.0318126659715032
0.0914,2.89452453365511,2.92609724302712,-0.0315727093720115
0.0916,2.96975367216353,3.0010835090957,-0.0313298369321688
0.0918,3.04503552883159,3.07618062101703,-0.0311450921854424
0.092,3.12039311903624,3.15132117993505,-0.0309280608988116
0.0922,3.19579474949071,3.22642248171805,-0.0306277322273369
0.0924,3.27119869645705,3.3014794613936,-0.0302807649365429
0.0926,3.34662725167283,3.37654191424535,-0.0299146625725215
0.0928,3.42204076592514,3.4515543000485,-0.0295135341233581
0.093,3.49745671789819,3.52656171992397,-0.0291050020257768
0.0932,3.57287875816031,3.60164672206215,-0.0287679639018386
0.0934,3.64830393659156,3.67677931403939,-0.0284753774478235
0.0936,3.72367250497716,3.7519083945572,-0.0282358895800376
0.0938,3.79903821067495,3.82708764478676,-0.0280494341118027
0.094,3.8743944195313,3.90236052987941,-0.0279661103481108
0.0942,3.94980300881212,3.97769736966582,-0.0278943608537037
0.0944,4.02522895747936,4.05307219666329,-0.0278432391839329
0.0946,4.1006241013029,4.12850512668868,-0.0278810253857831
0.0948,4.17598820535656,4.20397250820848,-0.0279843028519267
0.095,4.25137636746844,4.27944557580612,-0.0280692083376755
0.0952,4.32677369963211,4.35493551631404,-0.0281618166819273
0.0954,4.40215299729198,4.43040902031168,-0.0282560230196953
0.0956,4.4775422316753,4.50586267927778,-0.0283204476024794
0.0958,4.55296711593051,4.58129753228839,-0.028330416357881
0.096,4.62842841137824,4.65671104029032,-0.0282826289120752
0.0962,4.70387988687255,4.73211172272556,-0.0282318358530143
0.0964,4.77933264264261,4.80749305806488,-0.0281604154222705
0.0966,4.85481390580048,4.88285003449638,-0.0280361286958994
0.0968,4.93032745351527,4.95818123287736,-0.0278537793620917
0.097,5.00584055002949,5.03350035113667,-0.027659801107176
0.0972,5.08135880642264,5.10880211955832,-0.0274433131356844
0.0974,5.15692665024141,5.18407519279338,-0.02714854255197
0.0976,5.23256101007092,5.25936525662223,-0.0268042465513094
0.0978,5.30826665473206,5.3346446652812,-0.0263780105491414
0.098,5.38398040177384,5.40988389873595,-0.0259034969621101
0.0982,5.45972469581908,5.48508953201102,-0.0253648361919385
0.0984,5.53546923425025,5.56026380489136,-0.0247945706411095
0.0986,5.61122595102986,5.63544624140907,-0.0242202903792084
0.0988,5.68703662628606,5.71061906829925,-0.0235824420131845
0.099,5.76285818365682,5.78584478205698,-0.0229865984001645
0.0992,5.83868113844985,5.86104644993789,-0.0223653114880431
0.0994,5.91445294845442,5.93617106545976,-0.021718117005344
0.0996,5.99016671189734,6.01129196547139,-0.0211252535740485
0.0998,6.06587540918546,6.08639929899855,-0.0205238898130906
0.1,6.14155318750578,6.16147749543778,-0.0199243079320022
0.1002,6.21717853662646,6.23648006859476,-0.0193015319682992
0.1004,0.0095393618707087,0.0282460303188201,-0.0187066684481114
0.1006,0.0850962924237265,0.103227206723717,-0.0181309142999908
0.1008,0.16065324747174,0.178222876334475,-0.017569628862735
0.101,0.236183867894542,0.253217043971001,-0.0170331760764589
0.1012,0.311719802733112,0.328249117433131,-0.016529314700019
0.1014,0.387284931845814,0.403307248851816,-0.0160223170060025
0.1016,0.462872002626996,0.478418693146471,-0.0155466905194754
0.1018,0.538455761546794,0.553538140110617,-0.015082378563823
0.102,0.614060371043559,0.628697644910024,-0.0146372738664652
0.1022,0.68966965303979,0.703859328475536,-0.0141896754357457
0.1024,0.765311868234101,0.779012493619034,-0.0137006253849328
0.1026,0.84096033889283,0.854169275636454,-0.0132089367436246
0.1028,0.916603717891842,0.929338104792918,-0.0127343869010765
0.103,0.99229916237613,1.0045555952797,-0.0122564329035669
0.1032,1.06804024407515,1.07978996844751,-0.0117497243723623
0.1034,1.14382812531618,1.15506864931011,-0.0112405239939279
0.1036,1.21965124568237,1.23036763371386,-0.0107163880314896
0.1038,1.29546327154864,1.30569124998905,-0.0102279784404053
0.104,1.37129723722029,1.38103578307401,-0.00973854585372047
0.1042,1.44712414146194,1.45639813272436,-0.00927399126242823
0.1044,1.52296973335843,1.53178279909546,-0.00881306573702645
0.1046,1.59877701050048,1.60718144344504,-0.00840443294455961
0.1048,1.67447358627319,1.68259537583584,-0.00812178956264287
0.105,1.75013555657174,1.75801808255952,-0.00788252598777683
0.1052,1.82573551094385,1.83343302693506,-0.00769751599120605
0.1054,1.90129696018225,1.90884864708598,-0.00755168690373398
0.1056,1.97682298741469,1.98426401926781,-0.00744103185312284
0.1058,2.05227808722169,2.05964342433936,-0.0073653371176694
0.106,2.12762656272827,2.13498181272945,-0.00735525000117665
0.1062,2.2028881047897,2.21029713658422,-0.00740903179451458
0.1064,2.27814298983494,2.28552996230768,-0.00738697247274267
0.1066,2.35338793470744,2.36066939296116,-0.00728145825372017
0.1068,2.42863208411167,2.43578939098792,-0.00715730687625271
0.107,2.50392334986338,2.51092737207769,-0.0070040222143084
0.1072,2.5792846055005,2.58606297500526,-0.00677836950475363
0.1074,2.65464472933443,2.66121636666129,-0.00657163732685717
0.1076,2.73002475955204,2.73632560364224,-0.00630084409020437
0.1078,2.80540528971,2.81135984750913,-0.0059545577991309
0.108,2.88080934558134,2.8863411344068,-0.00553178882546446
0.1082,2.95621023143967,2.96128243101073,-0.00507219957105587
0.1084,3.03160380207591,3.03615437067822,-0.00455056860231107
0.1086,3.1070059779872,3.11100942800084,-0.00400345001364455
0.1088,3.18245781434059,3.1858868237867,-0.00342900944611202
0.109,3.25792696501055,3.26081253289244,-0.00288556788189265
0.1092,3.33343566131229,3.33576512125489,-0.00232945994260136
0.1094,3.40894336424295,3.41077006632951,-0.00182670208656521
0.1096,3.48447811101303,3.48582493876104,-0.00134682774801487
0.1098,3.56000692395559,3.56090034148766,-0.000893417532064955
0.11,3.63555983124798,3.63605667186221,-0.000496840614235605
0.1102,3.71107474032097,3.71123712664139,-0.000162386320420538
0.1104,3.78648154126993,3.78638224987448,9.92913954518393e-05
0.1106,3.86185084110307,3.86154121496895,0.000309626134123775
0.1108,3.93714347684111,3.93665623960456,0.000487237236543869
0.111,4.01237935563063,4.01176221255626,0.000617143074373772
0.1112,4.08756771489677,4.08688424471433,0.000683470182444523
0.1114,4.16269951362799,4.16200869182168,0.000690821806307973
0.1116,4.23775945401955,4.23720212496854,0.000557329051009248
0.1118,4.31281789955322,4.31244514502786,0.000372754525357344
0.112,4.38788008749233,4.38771057070829,0.00016951678403565
0.1122,4.46293806764204,4.46302484063628,-8.67729942459761e-05
0.1124,4.53799030155172,4.53836828267819,-0.000377981126465698
0.1126,4.61308159446411,4.61373811999724,-0.000656525533125674
0.1128,4.68816088348851,4.68912425395307,-0.000963370464560853
0.113,4.76322935664813,4.76452558344579,-0.0012962267976615
0.1132,4.83832507965093,4.83993997696639,-0.00161489731546283
0.1134,4.91342407894604,4.91535975106658,-0.00193567212053214
0.1136,4.98855438700713,4.99077127377848,-0.00221688677134324
0.1138,5.06369630702997,5.06616008902683,-0.0024637819968687
0.114,5.13884578474685,5.14153966772527,-0.00269388297841733
0.1142,5.21401180436571,5.21690183388894,-0.00289002952322459
0.1144,5.28924016649416,5.29224006534458,-0.00299989885041896
0.1146,5.36447755775167,5.36756857616654,-0.00309101841487269
0.1148,5.43973092592389,5.44287500690342,-0.00314408097953578
0.115,5.51496171630452,5.5181540669951,-0.00319235069058177
0.1152,5.59020664298234,5.59336674615118,-0.00316010316883819
0.1154,5.66544229653369,5.66852408264351,-0.00308178610981713
0.1156,5.74069719163682,5.74365522172902,-0.00295803009220386
0.1158,5.81592238891026,5.81870326279138,-0.00278087388111725
0.116,5.89111459532944,5.89376870111895,-0.00265410578951641
0.1162,5.96627739780322,5.96883408700895,-0.00255668920573271
0.1164,6.04137381342787,6.04381887573791,-0.0024450623100476
0.1166,6.11642997305288,6.11876215876976,-0.00233218571687743
0.1168,6.19145290646827,6.19371986503521,-0.00226695856693659
0.117,6.2664297027125,6.26866942210206,-0.00223971938955714
0.1172,0.0581536348154348,0.0603685164439277,-0.00221488162849295
0.1174,0.133060802419057,0.135269783618636,-0.0022089811995788
0.1176,0.207970815824921,0.21020174977992,-0.0022309339549989
0.1178,0.282876763829829,0.285119730662416,-0.00224296683258679
0.118,0.357775914884115,0.360026033785001,-0.00225011890088522
0.1182,0.43270278647759,0.434922919640077,-0.00222013316248687
0.1184,0.507604935735675,0.509832278759078,-0.00222734302340255
0.1186,0.582490372696944,0.584764923918121,-0.00227455122117648
0.1188,0.657400797209551,0.659726858086707,-0.00232606087715637
0.119,0.732324922725792,0.734705864444667,-0.00238094171887482
0.1192,0.807230006032643,0.809733430488745,-0.00250342445610252
0.1194,0.882163178547797,0.884837823600558,-0.00267464505276116
0.1196,0.957124951226411,0.959978085644094,-0.00285313441768242
0.1198,1.03210847220944,1.0351593805624,-0.00305090835295885
0.12,1.10714087654253,1.11038470184778,-0.00324382530524692
0.1202,1.18218510594175,1.18565711347806,-0.00347200753630772
0.1204,1.257260114597,1.26097650858937,-0.00371639399237234
0.1206,1.33232700735696,1.33632620385601,-0.00399919649904468
0.1208,1.40742176078452,1.41170618229133,-0.0042844215068043
0.121,1.48252007582747,1.48709980628303,-0.0045797304555566
0.1212,1.55764622020326,1.56249821002703,-0.00485198982377111
0.1214,1.63274386958522,1.6378940873776,-0.00515021779237967
0.1216,1.70780504880983,1.71327839791813,-0.00547334910830122
0.1218,1.78283192522367,1.78864118819325,-0.00580926296957651
0.122,1.85777149258592,1.86396913992488,-0.00619764733896111
0.1222,1.93265786171764,1.93926486393384,-0.0066070022161957
0.1224,2.00748030454329,2.01454647307688,-0.00706616853359066
0.1226,2.08222783467923,2.08982371106968,-0.00759587639044756
0.1228,2.1569031335189,2.16506502397882,-0.00816189045991811
0.123,2.23157465862274,2.24028582495373,-0.008711166330992
0.1232,2.30627550047188,2.31552535406519,-0.00924985359331743
0.1234,2.38099609446888,2.39069349566813,-0.00969740119924634
0.1236,2.45573423760208,2.46578247024012,-0.0100482326380411
0.1238,2.53053587226111,2.54084086816247,-0.0103049959013619
0.124,2.60541678918731,2.61584126316199,-0.0104244739746773
0.1242,2.68029689779745,2.69081526948257,-0.0105183716851203
0.1244,2.75519487553738,2.76580324977726,-0.0106083742398737
0.1246,2.8301391861103,2.84081110992167,-0.0106719238113731
0.1248,2.90516790828367,2.91586230649404,-0.0106943982103664
0.125,2.98021898307154,2.99092005918071,-0.010701076109175
0.1252,3.05531033120388,3.0659927608209,-0.0106824296170127
0.1254,3.13045607351003,3.14106395093299,-0.0106078774229621
0.1256,3.20566319366136,3.21612989291507,-0.0104666992537097
0.1258,3.28087104649721,3.29115339580706,-0.0102823493098581
0.126,3.35610093938193,3.36618336834478,-0.0100824289628574
0.1262,3.43131732970952,3.44118006017032,-0.00986273046079678
0.1264,3.50653724124372,3.51618749081142,-0.00965024956770266
0.1266,3.58173889061702,3.5911606507384,-0.00942176012138418
0.1268,3.65691144393833,3.66610484659802,-0.00919340265968538
0.127,3.73200240552992,3.74109493616155,-0.00909253063162385
0.1272,3.8070755657758,3.81613949585812,-0.00906393008231987
0.1274,3.8821316102348,3.89123903174068,-0.00910742150587751
0.1276,3.95713196596964,3.96636250825341,-0.00923054228376952
0.1278,4.03211010425406,4.0415404905039,-0.00943038624983927
0.128,4.1070496823223,4.11676031888549,-0.0097106365631916
0.1282,4.18192742613939,4.19199784035042,-0.0100704142110351
0.1284,4.25674341262435,4.26721765152183,-0.0104742388974799
0.1286,4.33156275346743,4.34249562775186,-0.0109328742844284
0.1288,4.40638368116273,4.41780271470469,-0.0114190335419568
0.129,4.48120618646215,4.49314657475345,-0.0119403882913005
0.1292,4.55604114606667,4.56851892383772,-0.0124777777710534
0.1294,4.63093600095798,4.64391577602302,-0.0129797750650402
0.1296,4.70590323432348,4.71931751101078,-0.013414276687298
0.1298,4.78086338419532,4.79470676773048,-0.0138433835351623
0.13,4.85583775694326,4.87008291371737,-0.0142451567741047
0.1302,4.93085438546176,4.94544086915566,-0.0145864836939058
0.1304,5.00589030050265,5.02079176607548,-0.0149014655728248
0.1306,5.08094334736788,5.09612334365635,-0.0151799962884791
0.1308,5.1560058626002,5.17139407428035,-0.0153882116801523
0.131,5.23107798553091,5.24663385664098,-0.0155558711100667
0.1312,5.30622527709082,5.32183963930871,-0.0156143622178853
0.1314,5.38138222800887,5.39699465603514,-0.0156124280262668
0.1316,5.45656556077501,5.47210796363308,-0.0155424028580731
0.1318,5.53174966357677,5.5471794428286,-0.0154297792518285
0.132,5.6069618590008,5.62220915552472,-0.0152472965239188
0.1322,5.68217903825171,5.69716340814071,-0.0149843698889986
0.1324,5.75741647860988,5.7721365175669,-0.0147200389570274
0.1326,5.83261658335284,5.84706318274734,-0.0144465993944998
0.1328,5.90778349922475,5.92195067564275,-0.0141671764180016
0.133,5.98292268932277,5.99687959205041,-0.0139569027276369
0.1332,6.05807918342018,6.07184475413876,-0.0137655707185864
0.1334,6.13322508870782,6.14682764943289,-0.0136025607250669
0.1336,6.20833844868285,6.22177667381268,-0.0134382251298346
0.1338,0.000201241367374649,0.0135640738623861,-0.0133628324950114
0.134,0.0752629423181339,0.0885285448609807,-0.0132656025428468
0.1342,0.150318901659256,0.163455089818201,-0.0131361881589454
0.1344,0.225342472201861,0.238355917924563,-0.0130134457227018
0.1346,0.300346291147786,0.313263569832897,-0.0129172786851112
0.1348,0.375352163801204,0.388176976562756,-0.0128248127615518
0.135,0.450331226039609,0.463133822610401,-0.012802596570792
0.1352,0.525301961714782,0.538141815108946,-0.0128398533941643
0.1354,0.60028038140495,0.613212082098019,-0.0129317006930695
0.1356,0.675292256600918,0.688339203382242,-0.0130469467813243
0.1358,0.750352156667094,0.763583332597348,-0.013231175930254
0.136,0.825490991260761,0.838866679833198,-0.0133756885724368
0.1362,0.900645467718861,0.91415334507768,-0.0135078773588195
0.1364,0.975834848860817,0.989499575545543,-0.013664726684726
0.1366,1.05107761491376,1.06485078115617,-0.013773166242407
0.1368,1.12638045363925,1.14023041317279,-0.0138499595335349
0.137,1.20167743518728,1.21562415528694,-0.0139467200996559
0.1372,1.27698697150259,1.29102937344603,-0.01404240194344
0.1374,1.35227872474375,1.36642505365503,-0.0141463289112853
0.1376,1.42757090256961,1.4418174800772,-0.0142465775075822
0.1378,1.50291482425638,1.51721805595142,-0.0143032316950422
0.138,1.57824211061369,1.59261687389525,-0.0143747632815621
0.1382,1.65351310073863,1.66801736817979,-0.0145042674411637
0.1384,1.72877834288213,1.74341825357078,-0.0146399106886488
0.1386,1.80403370526973,1.81882111178323,-0.0147874065135021
0.1388,1.87930960456237,1.89422894523318,-0.0149193406708104
0.139,1.95456682647221,1.96963469084343,-0.0150678643712177
0.1392,2.02977355587568,2.0450087396097,-0.0152351837340277
0.1394,2.10489543150727,2.12036458600154,-0.0154691544942742
0.1396,2.18002466169924,2.19573013182231,-0.0157054701230699
0.1398,2.255162170638,2.2710359079612,-0.0158737373232021
0.14,2.3302924165917,2.3463151694047,-0.0160227528130017
0.1402,2.40544778863342,2.42158357882251,-0.0161357901890935
0.1404,2.48064413881519,2.4967541803543,-0.0161100415391138
0.1406,2.55579148511914,2.57184522708846,-0.016053741969313
0.1408,2.6308984430206,2.64685942975759,-0.0159609867369861
0.141,2.70598834926966,2.72179693723662,-0.0158085879669647
0.1412,2.78108757649107,2.79663018620145,-0.0155426097103883
0.1414,2.8562114217927,2.87138157994551,-0.0151701581528094
0.1416,2.93134462946927,2.9461078365923,-0.0147632071230359
0.1418,3.0064935701566,3.02078883721977,-0.0142952670631753
0.142,3.08168730310025,3.0954620613733,-0.013774758273053
0.1422,3.15693157396668,3.17014415190529,-0.0132125779386096
0.1424,3.23222994120869,3.24487007262703,-0.0126401314183426
0.1426,3.30752429536359,3.31957885283596,-0.0120545574723718
0.1428,3.38281367449818,3.3943412287986,-0.0115275543004287
0.143,3.45815457369012,3.4691651350101,-0.0110105613199782
0.1432,3.53351754173822,3.5440590303086,-0.0105414885703752
0.1434,3.6089303025088,3.61909036245032,-0.0101600599415197
0.1436,3.6843264105393,3.6941821459992,-0.00985573545989915
0.1438,3.75963188325464,3.76927302004793,-0.00964113679329026
0.144,3.83491079612035,3.84441783365146,-0.00950703753111837
0.1442,3.9101627551991,3.91966211816491,-0.00949936296580844
0.1444,3.98541750906276,3.99492708062552,-0.00950957156276377
0.1446,4.06063535609576,4.07022222724029,-0.00958687114452506
0.1448,4.13578932128576,4.14555254233396,-0.00976322104820238
0.145,4.21085360441198,4.22094204705401,-0.0100884426420276
0.1452,4.28592741009607,4.29633631088038,-0.0104089007843111
0.1454,4.36103336492356,4.37173595598631,-0.0107025910627421
0.1456,4.43616254994131,4.44713348681873,-0.0109709368774196
0.1458,4.51129381906735,4.52251762040455,-0.0112238013372004
0.146,4.58644805596932,4.59790402878368,-0.0114559728143542
0.1462,4.66156344153404,4.67328951104989,-0.0117260695158512
0.1464,4.73665122249338,4.74868659426443,-0.0120353717710486
0.1466,4.81172962113333,4.82409073860609,-0.0123611174727563
0.1468,4.88685347528272,4.89950318039716,-0.0126497051144439
0.147,4.96205520659914,4.97491315833872,-0.0128579517395799
0.1472,5.0372550102496,5.05030850354891,-0.0130534932993065
0.1474,5.11246247244391,5.12570845393402,-0.0132459814901109
0.1476,5.18775364246467,5.20109095961847,-0.0133373171538
0.1478,5.2631165428892,5.27642509573145,-0.013308552842247
0.148,5.33853677273714,5.35171433726358,-0.0131775645264423
0.1482,5.41394664329159,5.42696275915887,-0.0130161158672797
0.1484,5.48933370007057,5.50220676954968,-0.0128730694791104
0.1486,5.56474113947015,5.57742135594097,-0.0126802164708204
0.1488,5.64013474687448,5.65263270612676,-0.0124979592522809
0.149,5.71554111865916,5.72780502267589,-0.0122639040167352
0.1492,5.790921800984,5.80289007255141,-0.011968271567409
0.1494,5.86620888621373,5.87791537809818,-0.0117064918844543
0.1496,5.94146831045853,5.95289769659066,-0.0114293861321277
0.1498,6.01666191704685,6.02771159520374,-0.0110496781568914
0.15,6.09173895836278,6.10241293005679,-0.0106739716940112
0.1502,6.16678775823738,6.17713735672843,-0.0103495984910547
0.1504,6.2418019753221,6.25183668947829,-0.0100347141561947
0.1506,0.0335523873814534,0.04330752563207,-0.00975513825061661
0.1508,0.108499793067195,0.118028558081537,-0.00952876501434159
0.151,0.183482982677999,0.192861216869227,-0.00937823419122732
0.1512,0.258495787465679,0.267742302475353,-0.00924651500967427
0.1514,0.333517584875549,0.342656491118314,-0.00913890624276481
0.1516,0.408567571271794,0.417680071428725,-0.0091125001569311
0.1518,0.483654178133194,0.492761718671553,-0.00910754053835833
0.152,0.558714994223603,0.567802085136612,-0.00908709091300919
0.1522,0.633753785890908,0.642873870927514,-0.00912008503660577
0.1524,0.708799266630755,0.717951769013214,-0.00915250238245857
0.1526,0.783874920162277,0.793032773654101,-0.00915785349182441
0.1528,0.858951675481078,0.868160878159068,-0.00920920267799041
0.153,0.934067853500709,0.943302445398304,-0.00923459189759535
0.1532,1.00925256281455,1.01847509976793,-0.00922253695337183
0.1534,1.08448710674121,1.09368973614214,-0.00920262940093441
0.1536,1.15974300723895,1.16893875445848,-0.00919574721952698
0.1538,1.23504953695194,1.24421863114207,-0.00916909419012457
0.154,1.31036359407807,1.31953446883294,-0.00917087475487066
0.1542,1.38571124048101,1.39489021486419,-0.00917897438317672
0.1544,1.46106290276765,1.47026647579593,-0.00920357302827735
0.1546,1.53645289320415,1.54565937130682,-0.00920647810266906
0.1548,1.61181861111697,1.6210575717118,-0.00923896059482532
0.155,1.68708511971212,1.69645068227208,-0.0093655625599538
0.1552,1.76231921526597,1.77183462413076,-0.00951540886478952
0.1554,1.83748253911717,1.84719423172381,-0.00971169260663873
0.1556,1.91259753414678,1.92252052087971,-0.00992298673292979
0.1558,1.98767527433431,1.99781445730295,-0.0101391829686406
0.156,2.06270570701942,2.07309185158114,-0.0103861445617262
0.1562,2.13767113853372,2.14828416858166,-0.010613030047943
0.1564,2.21263996609719,2.22343107994224,-0.0107911138450523
0.1566,2.28763089072488,2.29855081860022,-0.0109199278753476
0.1568,2.36263460644637,2.37359548386948,-0.0109608774231158
0.157,2.43762821830923,2.44862490580104,-0.0109966874918102
0.1572,2.5126607990342,2.52367235404095,-0.0110115550067489
0.1574,2.587684919926,2.59869458175587,-0.0110096618298692
0.1576,2.66270257759494,2.67374453086753,-0.0110419532725832
0.1578,2.73775444984547,2.74882132916134,-0.0110668793158673
0.158,2.81286116939513,2.82391897617031,-0.0110578067751783
0.1582,2.88799668616578,2.89899247148528,-0.0109957853195004
0.1584,2.96314343773673,2.9740328537804,-0.0108894160436752
0.1586,3.03831377683652,3.04902103391282,-0.010707257076306
0.1588,3.11351532166879,3.12399621922095,-0.0104808975521595
0.159,3.18877106363587,3.19894118083771,-0.010170117201842
0.1592,3.26403558277574,3.27388732585887,-0.00985174308312509
0.1594,3.33930038287459,3.34883086806815,-0.00953048519356381
0.1596,3.41455004476873,3.42373630389251,-0.00918625912377413
0.1598,3.48982176641591,3.49864762586001,-0.00882585944410863
0.16,3.56508874087106,3.57352373535168,-0.00843499448061591
0.1602,3.64038162866456,3.64847807657093,-0.00809644790637254
0.1604,3.71565587370077,3.72351154453191,-0.0078556708311317
0.1606,3.79090653097915,3.79855010313789,-0.00764357215874156
0.1608,3.86612993533083,3.87359738410406,-0.00746744877322758
0.161,3.941267283362,3.94864881633286,-0.00738153297085864
0.1612,4.01635176136708,4.02375189681356,-0.00740013544648654
0.1614,4.09139970087996,4.09892495784907,-0.00752525696910311
0.1616,4.16639780051687,4.17412161562501,-0.00772381510814135
0.1618,4.24132302975826,4.24936421224217,-0.00804118248391283
0.162,4.31616461072678,4.32464727991066,-0.00848266918387797
0.1622,4.39101086399696,4.39995256080527,-0.00894169680830359
0.1624,4.46588050437766,4.47530953301412,-0.00942902863646289
0.1626,4.54076873381251,4.55068991698585,-0.00992118317334878
0.1628,4.61571139218254,4.62607689595521,-0.0103655037726709
0.163,4.69065750066342,4.70147307230856,-0.0108155716451375
0.1632,4.76560957930814,4.77687108700241,-0.011261507694277
0.1634,4.8405975153999,4.85226009783722,-0.0116625824373209
0.1636,4.91563265791699,4.92763019993232,-0.011997542015334
0.1638,4.99075474175661,5.00297994870291,-0.0122252069463062
0.164,5.06588188483765,5.07829560756264,-0.0124137227249932
0.1642,5.14100746883212,5.15357161771677,-0.0125641488846515
0.1644,5.21614718398207,5.22884719653724,-0.0127000125551708
0.1646,5.29137165441634,5.30412032297029,-0.0127486685539573
0.1648,5.36661474419258,5.37937814495772,-0.0127634007651354
0.165,5.44188713658343,5.45457930478644,-0.0126921682030092
0.1652,5.51715373678392,5.52971299875781,-0.012559261973899
0.1654,5.59244537266164,5.60479730004493,-0.0123519273832917
0.1656,5.66772802617681,5.67980862651842,-0.0120806003416076
0.1658,5.7430228232056,5.75481969826408,-0.0117968750584794
0.166,5.81827873458546,5.82981046836623,-0.011531733780763
0.1662,5.89349321074381,5.90475961132649,-0.011266400582679
0.1664,5.96867090762194,5.9797404340026,-0.0110695263806564
0.1666,6.04377750650359,6.05476295024562,-0.0109854437420296
0.1668,6.11884395401368,6.12974993882338,-0.0109059848096944
0.167,6.19385726180919,6.20470261977025,-0.0108453579610623
0.1672,6.26880577722802,6.27964796069367,-0.0108421834656447
0.1674,0.0605005052600971,0.071312843412215,-0.0108123381521179
0.1676,0.135373940561911,0.146135878638876,-0.0107619380769649
0.1678,0.210273000543091,0.220962832625533,-0.0106898320824427
0.168,0.285189053875964,0.295812167417191,-0.0106231135412262
0.1682,0.360115270127721,0.370681115856408,-0.0105658457286871
0.1684,0.435088217779416,0.445617732641719,-0.0105295148623024
0.1686,0.510118339767566,0.520646116391496,-0.0105277766239305
0.1688,0.585129441474528,0.595686114543268,-0.0105566730687401
0.169,0.660149644905152,0.670733475243769,-0.0105838303386168
0.1692,0.73521488121599,0.745823712326895,-0.0106088311109053
0.1694,0.810307902453951,0.820940900766618,-0.0106329983126668
0.1696,0.885429537310905,0.896091226510968,-0.0106616892000633
0.1698,0.960572562128596,0.971291977753151,-0.0107194156245541
0.17,1.0357338481662,1.04652300060702,-0.0107891524408128
0.1702,1.11093537122662,1.12181265843457,-0.0108772872079552
0.1704,1.18613417953955,1.19713044479823,-0.0109962652586819
0.1706,1.26134987519411,1.27248052794024,-0.0111306527461261
0.1708,1.33654790084618,1.34785522211091,-0.0113073212647359
0.171,1.41176676755512,1.42325221164204,-0.0114854440869203
0.1712,1.48698264893127,1.49865258790235,-0.0116699389710755
0.1714,1.56222254583601,1.57405212547313,-0.0118295796371239
0.1716,1.63743494832799,1.64944870633377,-0.0120137580057866
0.1718,1.71262346717413,1.72483621991597,-0.012212752741843
0.172,1.7877893736347,1.80022261735863,-0.0124332437239276
0.1722,1.86297044525814,1.87561144329906,-0.0126409980409239
0.1724,1.93812217532009,1.95098350415688,-0.0128613288367878
0.1726,2.01320997822676,2.02632745439111,-0.0131174761643518
0.1728,2.08822877603307,2.10165780817894,-0.0134290321458743
0.173,2.1631890424429,2.1769806511261,-0.0137916086832006
0.1732,2.23815010219965,2.25224092370003,-0.014090821500385
0.1734,2.3131000715707,2.32746595538236,-0.0143658838116596
0.1736,2.38806281366749,2.40266275711617,-0.0145999434486761
0.1738,2.46306893448775,2.47779224469626,-0.0147233102085171
0.174,2.53812534783379,2.5529233617962,-0.0147980139624084
0.1742,2.61318385178092,2.62797270732632,-0.0147888555453997
0.1744,2.68824916435222,2.70296392072212,-0.0147147563698988
0.1746,2.7633472463326,2.77788394732756,-0.0145367009949515
0.1748,2.83844912395812,2.85272053577927,-0.0142714118211469
0.175,2.91357080224376,2.92757104678687,-0.0140002445431029
0.1752,2.98870939990031,3.00240259671529,-0.0136931968149812
0.1754,3.06384506310132,3.07714814953349,-0.0133030864321682
0.1756,3.13897949231204,3.15189387546589,-0.0129143831538485
0.1758,3.21418357554167,3.22668969202526,-0.0125061164835834
0.176,3.28939371214219,3.30150435581846,-0.012110643676277
0.1762,3.364623598224,3.37635884213308,-0.0117352439090785
0.1764,3.43984370707341,3.45120339236629,-0.0113596852928821
0.1766,3.51507234108753,3.52608070904756,-0.0110083679600312
0.1768,3.59029804480286,3.60098673946245,-0.0106886946595854
0.177,3.66550521458491,3.67587389255248,-0.0103686779675716
0.1772,3.74063245519777,3.7507794749467,-0.0101470197489304
0.1774,3.81574091798615,3.82575418921726,-0.010013271231109
0.1776,3.89083338143528,3.90079678931138,-0.00996340787610528
0.1778,3.96587218490443,3.97586045476356,-0.00998826985913093
0.178,4.04088884154069,4.05097366939791,-0.010084827857221
0.1782,4.11586627317914,4.12613633836081,-0.0102700651816736
0.1784,4.19078521692779,4.2013580483885,-0.0105728314607045
0.1786,4.26574916183969,4.27665545898092,-0.0109062971412284
0.1788,4.34074769367318,4.35201068550537,-0.0112629918321883
0.179,4.41573035799948,4.42737378589185,-0.0116434278923654
0.1792,4.49073240569829,4.50274773547107,-0.0120153297727779
0.1794,4.56577807181858,4.57814589354556,-0.0123678217269845
0.1796,4.64085719004638,4.65354863153217,-0.0126914414857939
0.1798,4.71591182031366,4.72894806355438,-0.0130362432407249
0.18,4.7909473931599,4.80433864696028,-0.0133912538003784
0.1802,4.86599679960498,4.87971552079599,-0.0137187211910108
0.1804,4.94107719131211,4.95507051414498,-0.013993322832869
0.1806,5.01616859731,5.03041704057736,-0.0142484432673653
0.1808,5.09127745776223,5.10574460845939,-0.0144671506971639
0.181,5.16644954223632,5.18103068011797,-0.0145811378816498
0.1812,5.24168424782684,5.25626924398523,-0.0145849961583862
0.1814,5.31697639482468,5.33147500439192,-0.0144986095672417
0.1816,5.39226831332291,5.40663917140337,-0.0143708580804613
0.1818,5.46758624939217,5.48176339843502,-0.0141771490428502
0.182,5.54289589719926,5.5568457564524,-0.0139498592531417
0.1822,5.61820510959232,5.63193358679901,-0.0137284772066861
0.1824,5.69355905640283,5.70699251108327,-0.0134334546804418
0.1826,5.76889034532102,5.78206675474114,-0.0131764094201161
0.1828,5.84419625168104,5.85716024602145,-0.0129639943404101
0.183,5.91948820074972,5.93223079525464,-0.0127425945049202
0.1832,5.99474922444627,6.00731019218947,-0.0125609677431955
0.1834,6.07001276857161,6.08238506446119,-0.0123722958895769
0.1836,6.14524613084732,6.15746651628787,-0.0122203854405472
0.1838,6.22042338946606,6.23249261668078,-0.0120692272147132
0.184,0.0123278776205584,0.0243054350017474,-0.011977557381189
0.1842,0.0873431541603584,0.099226125159854,-0.0118829709994956
0.1844,0.162320277961241,0.174101349537542,-0.0117810715763006
0.1846,0.237295090482895,0.248983989116464,-0.0116888986335685
0.1848,0.312297419498362,0.323914976003203,-0.0116175565048413
0.185,0.387336430937541,0.398785784961795,-0.0114493540242545
0.1852,0.4623288888608,0.473574767237245,-0.0112458783764452
0.1854,0.537296089220485,0.548403058561952,-0.0111069693414669
0.1856,0.612263512449316,0.62331568346893,-0.011052171019614
0.1858,0.687258055899821,0.698261060779321,-0.0110030048795005
0.186,0.762302941680421,0.773278508050256,-0.0109755663698347
0.1862,0.837368125796534,0.848341888594523,-0.010973762797989
0.1864,0.912445755299134,0.923446300474312,-0.0110005451751778
0.1866,0.98756349722911,0.998632165677813,-0.0110686684487029
0.1868,1.06273176087292,1.07384380442885,-0.0111120435559242
0.187,1.13795908003884,1.14911393970105,-0.0111548596622062
0.1872,1.21318972045417,1.22443207805018,-0.0112423575960166
0.1874,1.28844866553232,1.2997897419955,-0.0113410764631854
0.1876,1.3637026246219,1.37515791672006,-0.0114552920981543
0.1878,1.43896218198604,1.45053653306054,-0.0115743510745037
0.188,1.51427173238639,1.52593297510338,-0.0116612427169902
0.1882,1.58955988482581,1.60133183380177,-0.011771948975962
0.1884,1.66475146368394,1.67672606195323,-0.0119745982692843
0.1886,1.73991994961559,1.75211141583442,-0.0121914662188287
0.1888,1.81503413930847,1.82747478017719,-0.0124406408687132
0.189,1.89011799917719,1.90282818798427,-0.0127101888070738
0.1892,1.9651854041446,1.97816719856534,-0.0129817944207367
0.1894,2.04021281865405,2.05346094324169,-0.0132481245876432
0.1896,2.11516637783328,2.12869558060504,-0.0135292027717577
0.1898,2.19013523565784,2.2039138654232,-0.0137786297653664
0.19,2.26511870449985,2.2791065544204,-0.0139878499205479
0.1902,2.34011450426478,2.35424275956393,-0.0141282552991475
0.1904,2.41513212184359,2.42934924397374,-0.014217122130157
0.1906,2.49019108793437,2.50438477693003,-0.0141936889956553
0.1908,2.56529534733551,2.57941072115017,-0.0141153738146658
0.191,2.64038148651526,2.65438238098063,-0.014000894465366
0.1912,2.71545190042535,2.72928655758765,-0.0138346571622985
0.1914,2.79053365308137,2.80417974029474,-0.0136460872133717
0.1916,2.86564685289184,2.87906164073578,-0.0134147878439435
0.1918,2.94075873337709,2.95389009042199,-0.0131313570449065
0.192,3.01586542513297,3.02873959787593,-0.0128741727429569
0.1922,3.09103165868166,3.10364611094139,-0.0126144522597245
0.1924,3.16624981772607,3.17853110688348,-0.0122812891574182
0.1926,3.24151570544245,3.25343476021321,-0.0119190547707526
0.1928,3.31677184904771,3.32830620122904,-0.0115343521813265
0.193,3.39201641339851,3.40321035741375,-0.0111939440152402
0.1932,3.46730300265167,3.47816330254689,-0.010860299895219
0.1934,3.54260273860476,3.55312886754146,-0.0105261289366982
0.1936,3.61793902352737,3.62817310561786,-0.0102340820904923
0.1938,3.69326572093004,3.70326677885962,-0.0100010579295819
0.194,3.76850922279818,3.77833524472126,-0.00982602192307347
0.1942,3.84373419719603,3.85342342560805,-0.00968922841201358
0.1944,3.91890182248375,3.92854720143644,-0.00964537895269801
0.1946,3.99403214568052,4.00369120264536,-0.0096590569648396
0.1948,4.06913373909389,4.07887783368808,-0.00974409459419334
0.195,4.14417940905041,4.15409927617228,-0.00991986712187298
0.1952,4.21913786408462,4.22932308433753,-0.01018522025291
0.1954,4.2940276973718,4.30454895483478,-0.0105212574629734
0.1956,4.36892545168083,4.37984319625452,-0.0109177445736819
0.1958,4.44382386545421,4.45517873232972,-0.0113548668755117
0.196,4.51872822807853,4.53052443835333,-0.011796210274797
0.1962,4.59365520820194,4.60590078416647,-0.0122455759645339
0.1964,4.66861682877485,4.68129278494961,-0.0126759561747578
0.1966,4.74359437258756,4.75669109577559,-0.0130967231880375
0.1968,4.81861058910278,4.8320913174219,-0.0134807283191192
0.197,4.89364007915851,4.90748335916905,-0.0138432800105397
0.1972,4.96870304058162,4.98285758441971,-0.0141545438380879
0.1974,5.04377081239661,5.05820823876486,-0.014437426368251
0.1976,5.11883794958352,5.13354044367703,-0.0147024940935099
0.1978,5.19392227124393,5.20885086771663,-0.0149285964726964
0.198,5.26907062327723,5.28412127379624,-0.0150506505190151
0.1982,5.34425424906196,5.35935240775039,-0.0150981586884242
0.1984,5.41944910184574,5.43452699466133,-0.0150778928155919
0.1986,5.49465103274599,5.50969053777093,-0.0150395050249452
0.1988,5.56990014482002,5.58480578622946,-0.0149056414094382
0.199,5.64515969667811,5.65984890767557,-0.0146892109974583
0.1992,5.72045966167126,5.73485825515781,-0.0143985934865443
0.1994,5.79573902398931,5.80978318474945,-0.0140441607601378
0.1996,5.8709947573901,5.88467122481974,-0.0136764674296428
0.1998,5.94622980028369,5.95952696661512,-0.0132971663314301
0.2,6.02142023430613,6.03432799158865,-0.0129077572825214
0.2002,6.09660059313691,6.10911327184836,-0.0125126787114533
0.2004,6.1717379240359,6.18392123881441,-0.0121833147785049
0.2006,6.24680537791894,6.25871107636654,-0.0119056984476069
0.2008,0.0385887308342268,0.0502989684207694,-0.0117102375865426
0.201,0.113477643865157,0.125075861792952,-0.0115982179277948
0.2012,0.188370652063829,0.199878313122856,-0.0115076610590266
0.2014,0.263274389601701,0.27466577237273,-0.011391382771029
0.2016,0.338178376526331,0.349473830538251,-0.0112954540119194
0.2018,0.413128195800131,0.42440912690784,-0.0112809311077091
0.202,0.488080815100062,0.499385105489317,-0.0113042903892557
0.2022,0.563042229314027,0.574391445024232,-0.0113492157102055
0.2024,0.638049640563764,0.649451405944934,-0.01140176538117
0.2026,0.713076451586586,0.724553481475788,-0.0114770298892022
0.2028,0.788146711951816,0.799717922658467,-0.0115712107066507
0.203,0.863237152832485,0.874919033276493,-0.011681880444008
0.2032,0.938340988382885,0.950095561461505,-0.0117545730786199
0.2034,1.01346703390765,1.02529683722566,-0.0118298033180126
0.2036,1.08865017492803,1.10053353416442,-0.0118833592363929
0.2038,1.16385397441841,1.17578796509772,-0.0119339906793077
0.204,1.23909719695422,1.25105817150104,-0.0119609745468183
0.2042,1.31433834225916,1.32635851585763,-0.0120201735984706
0.2044,1.38960944615818,1.40170137788254,-0.0120919317243544
0.2046,1.4648839261446,1.47706588947875,-0.012181963334148
0.2048,1.54018548364487,1.55245195927328,-0.0122664756284148
0.205,1.61545961504164,1.62785268377646,-0.0123930687348246
0.2052,1.69069721581325,1.70325561473564,-0.0125583989223899
0.2054,1.76590124786082,1.77864774734727,-0.0127464994864581
0.2056,1.84102464030519,1.85401493318243,-0.012990292877243
0.2058,1.9161084864472,1.92935766467029,-0.0132491782230892
0.206,1.99117232398488,2.00467109137843,-0.0134987673935498
0.2062,2.066189181396,2.07993292195893,-0.0137437405629308
0.2064,2.14112373410527,2.15508780814669,-0.0139640740414197
0.2066,2.21599017531637,2.23017519584609,-0.0141850205297218
0.2068,2.29086686681276,2.30524833569235,-0.0143814688795874
0.207,2.36575603103695,2.38024040744832,-0.0144843764113713
0.2072,2.44064602628543,2.45518115750501,-0.0145351312195743
0.2074,2.51558154486177,2.53010453463446,-0.0145229897726935
0.2076,2.59058645723632,2.60500819028327,-0.0144217330469463
0.2078,2.6655880291879,2.6799235690094,-0.0143355398214995
0.208,2.74060950805271,2.75484872857686,-0.0142392205241517
0.2082,2.81568237163929,2.8297705808381,-0.0140882091988135
0.2084,2.89078613071425,2.90469459248564,-0.0139084617713845
0.2086,2.96590800769119,2.97961668951766,-0.0137086818264684
0.2088,3.04105191743662,3.05445120144048,-0.0133992840038624
0.209,3.11622198439797,3.12927407504546,-0.0130520906474838
0.2092,3.19145050071498,3.20408759634401,-0.0126370956290325
0.2094,3.26670059637813,3.27894081128419,-0.0122402149060545
0.2096,3.34198862350909,3.35382423345966,-0.0118356099505723
0.2098,3.41726968895751,3.42868790110037,-0.011418212142861
0.21,3.49257510468449,3.50358733986201,-0.0110122351775184
0.2102,3.56788147687472,3.57849958501954,-0.0106181081448189
0.2104,3.64318114747158,3.65341501800667,-0.0102338705350919
0.2106,3.71841404385138,3.72837984555926,-0.00996580170787498
0.2108,3.7935499668267,3.80336084261626,-0.00981087578955764
0.211,3.8686433624321,3.87839964576616,-0.00975628333405965
0.2112,3.9436524871496,3.95346108129453,-0.0098085941449324
0.2114,4.01861521206104,4.02855708469974,-0.0099418726386995
0.2116,4.09355763890895,4.10372198618633,-0.0101643472773754
0.2118,4.16847393588576,4.17892202225553,-0.0104480863697685
0.212,4.24333919787889,4.25420231066185,-0.0108631127829613
0.2122,4.31821118698459,4.32951668101236,-0.0113054940277699
0.2124,4.39308942518935,4.40483426404665,-0.0117448388572905
0.2126,4.46796847219536,4.48019947387516,-0.0122310016798028
0.2128,4.54285385906494,4.55558335697978,-0.0127294979148411
0.213,4.61779066278514,4.63096880943495,-0.0131781466498095
0.2132,4.69280498939201,4.70636670325642,-0.0135617138644104
0.2134,4.76783170739317,4.78176309879726,-0.0139313914040837
0.2136,4.84289042971119,4.85715915321162,-0.0142687235004333
0.2138,4.91800533763896,4.93254712538374,-0.0145417877447747
0.214,4.99320524373265,5.00792038372944,-0.0147151399967891
0.2142,5.06840859907337,5.08327140552044,-0.0148628064470655
0.2144,5.14360608313941,5.15856595367519,-0.014959870535777
0.2146,5.21881175761189,5.23382444063346,-0.0150126830215722
0.2148,5.29406190231671,5.3090250282312,-0.0149631259144867
0.215,5.36932225598213,5.38421803146201,-0.0148957754798831
0.2152,5.44461451768678,5.45936771885667,-0.0147532011698841
0.2154,5.51989832217361,5.53444766904979,-0.0145493468761817
0.2156,5.59520239724054,5.60947739395533,-0.0142749967147893
0.2158,5.67049578193407,5.68446138736579,-0.0139656054317232
0.216,5.74576730123742,5.75941841254685,-0.013651111309434
0.2162,5.82095994327624,5.83429832378551,-0.0133383805092722
0.2164,5.89612989119661,5.90912887285764,-0.0129989816610303
0.2166,5.97127021386926,5.98397934445783,-0.0127091305885765
0.2168,6.04641211246369,6.05881101728433,-0.0123989048206425
0.217,6.12151917115881,6.13360303731806,-0.0120838661592488
0.2172,6.19656767776129,6.20839034447148,-0.0118226667101959
0.2174,6.27155865522084,3.10071438354154e-05,-0.0116576591025854
0.2176,0.0633035325736655,0.0748604852285516,-0.0115569526548861
0.2178,0.138224195227486,0.149692849979376,-0.0114686547518901
0.218,0.213158495843188,0.224532696818398,-0.0113742009752107
0.2182,0.288098365398308,0.299389087581819,-0.0112907221835112
0.2184,0.363045571547754,0.374260947258666,-0.0112153757109123
0.2186,0.438046573891127,0.449275404204793,-0.0112288303136661
0.2188,0.5131159791248,0.524366960477123,-0.0112509813523227
0.219,0.588174213920409,0.59944490556211,-0.0112706916417002
0.2192,0.663241287749052,0.674527850542301,-0.0112865627932492
0.2194,0.738344417486453,0.749638385907479,-0.0112939684210254
0.2196,0.813459867397177,0.824751340396906,-0.0112914729997287
0.2198,0.88858504792771,0.899901951823058,-0.0113169038953483
0.22,0.963713224047151,0.975112659777182,-0.0113994357300308
0.2202,1.03884703413726,1.05034132819068,-0.0114942940534155
0.2204,1.1140557434089,1.12561991036644,-0.0115641669575368
0.2206,1.18927595831452,1.20093490700854,-0.0116589486940175
0.2208,1.26452335422831,1.2762845469559,-0.011761192727588
0.221,1.33977000266817,1.35164465734611,-0.01187465467794
0.2212,1.41503494501055,1.42701987953539,-0.01198493452484
0.2214,1.49030810402337,1.50241506822905,-0.0121069642056768
0.2216,1.56557375770847,1.57781184650403,-0.0122380887955638
0.2218,1.64076719495008,1.65321161919897,-0.0124444242488921
0.222,1.7159418776942,1.72860542376355,-0.0126635460693452
0.2222,1.79109186573575,1.80399161429592,-0.0128997485601714
0.2224,1.86617660318714,1.87936526461448,-0.0131886614273362
0.2226,1.94123293851828,1.95471582243067,-0.0134828839123915
0.2228,2.01625073587888,2.03006065943732,-0.0138099235584401
0.223,2.09121005000178,2.1054199896329,-0.0142099396311153
0.2232,2.16617147908113,2.18077789700965,-0.0146064179285141
0.2234,2.24112020741382,2.25604428380401,-0.0149240763901894
0.2236,2.31604498106379,2.33125561003973,-0.0152106289759431
0.2238,2.39095808923231,2.40638623326091,-0.0154281440286002
0.224,2.46587890136788,2.48143418629914,-0.0155552849312524
0.2242,2.54085314830151,2.55645261727357,-0.0155994689720584
0.2244,2.6158275263804,2.63138228491537,-0.0155547585349725
0.2246,2.69080182634605,2.70625132828293,-0.0154495019368754
0.2248,2.76580732974023,2.78105398924593,-0.0152466595056984
0.225,2.84085839317569,2.85583622766056,-0.0149778344848763
0.2252,2.91592635012434,2.93060172263191,-0.0146753725075648
0.2254,2.99100916637312,3.00535172391078,-0.0143425575376592
0.2256,3.06609990680525,3.08003545876133,-0.0139355519560818
0.2258,3.14120060709249,3.1547042971945,-0.0135036901020098
0.226,3.21634117146919,3.22938606667164,-0.0130448952024573
0.2262,3.29148914272292,3.30407452136623,-0.0125853786433114
0.2264,3.36667079403005,3.37881382359849,-0.0121430295684424
0.2266,3.44185138657745,3.45354817137316,-0.0116967847957117
0.2268,3.51704466772258,3.52831310321266,-0.0112684354900883
0.227,3.59223741879241,3.60317154884053,-0.0109341300481174
0.2272,3.66744892717059,3.67813692102555,-0.0106879938549618
0.2274,3.74262211334112,3.75315435141772,-0.0105322380765971
0.2276,3.81776319845489,3.82823038687488,-0.0104671884199901
0.2278,3.89287825414277,3.90339628815879,-0.0105180340160218
0.228,3.96800756522024,3.97860273460982,-0.0105951693895769
0.2282,4.04311480501865,4.05381189576175,-0.0106970907430988
0.2284,4.11817407376252,4.12903798337701,-0.0108639096144962
0.2286,4.19315964875304,4.20429200376653,-0.0111323550134808
0.2288,4.26816584991048,4.27954256976122,-0.011376719850734
0.229,4.34318607972645,4.35484382745049,-0.011657747724044
0.2292,4.41819494405366,4.43016848269345,-0.0119735386397899
0.2294,4.49322213668254,4.50551783225055,-0.0122956955680067
0.2296,4.56829141803839,4.58090162756483,-0.0126102095264358
0.2298,4.64339796763465,4.65629454947835,-0.0128965818436937
0.23,4.71848798917192,4.73169195487454,-0.0132039657026199
0.2302,4.79356715120175,4.80708273078479,-0.0135155795830437
0.2304,4.86866484207475,4.882457606955,-0.0137927648802521
0.2306,4.94379020111161,4.95781423631769,-0.0140240352060816
0.2308,5.01891305825636,5.03315529367018,-0.0142422354138141
0.231,5.09403371858256,5.10849936348756,-0.0144656449049974
0.2312,5.16916803589506,5.18384197138736,-0.014673935492298
0.2314,5.24436173026425,5.25917759305445,-0.0148158627901944
0.2316,5.31962287299518,5.33447314674626,-0.0148502737510752
0.2318,5.39488864356527,5.40970529460879,-0.0148166510435184
0.232,5.47017862408604,5.48487915646875,-0.0147005323827125
0.2322,5.54545506897003,5.5599932614812,-0.0145381925111758
0.2324,5.62072651110626,5.63504891776075,-0.0143224066544816
0.2326,5.69594232734526,5.70997926560931,-0.014036938264046
0.2328,5.77108827952939,5.7848490032503,-0.0137607237209121
0.233,5.84616697159893,5.85968504419197,-0.0135180725930404
0.2332,5.92124367876744,5.93451436481127,-0.0132706860438283
0.2334,5.99631225467579,6.00931311204583,-0.013000857370038
0.2336,6.07140352042694,6.08414003332813,-0.0127365129011929
0.2338,6.14648225348145,6.15900611396142,-0.0125238604799662
0.234,6.22151761261143,6.23382787169701,-0.0123102590855773
0.2342,0.0132891444100389,0.0254946893972742,-0.0122055449872353
0.2344,0.0882594141436743,0.100374314396601,-0.0121149002529265
0.2346,0.163241576889127,0.175247937363201,-0.0120063604740741
0.2348,0.2382126523692,0.250121074352558,-0.0119084219833585
0.235,0.313197084130253,0.325031466315165,-0.0118343821849127
0.2352,0.388211512085215,0.399869312613285,-0.0116578005280697
0.2354,0.463179582811814,0.474615710673032,-0.0114361278612177
0.2356,0.538130637699136,0.549417889017076,-0.0112872513179397
0.2358,0.613093822643657,0.624317275157679,-0.0112234525140228
0.236,0.688091519407434,0.699258937593121,-0.0111674181856871
0.2362,0.763140787168149,0.774289828902777,-0.0111490417346281
0.2364,0.838206761219535,0.849387788064412,-0.011181026844877
0.2366,0.913281133209854,0.92454290855878,-0.011261775348926
0.2368,0.988391013538164,0.999787719724958,-0.011396706186794
0.237,1.06354278845563,1.07506604244141,-0.011523253985783
0.2372,1.13874098484297,1.15037844967956,-0.0116374648365947
0.2374,1.21393188461913,1.22569686383741,-0.0117649792182875
0.2376,1.28912090515201,1.30103234468493,-0.011911439532925
0.2378,1.36431293851487,1.37640269126812,-0.0120897527532413
0.238,1.43952329586274,1.4517754465975,-0.0122521507347655
0.2382,1.51478041161611,1.52716335235821,-0.0123829407420961
0.2384,1.5900267440356,1.60256164520466,-0.0125349011690632
0.2386,1.66518800358936,1.67796140344922,-0.0127733998598698
0.2388,1.7403354725882,1.7533576750707,-0.0130222024825013
0.239,1.81546515914905,1.82873144356941,-0.0132662844203564
0.2392,1.89060025297526,1.90408820384838,-0.01348795087312
0.2394,1.96570701699084,1.97942327813687,-0.0137162611460262
0.2396,2.04076711017661,2.0547050360025,-0.0139379258258878
0.2398,2.11575193264974,2.12991407528025,-0.0141621426305134
0.24,2.19066767011233,2.20509566274658,-0.0144279926342445
0.2402,2.2655804906239,2.28022619888125,-0.0146457082573543
0.2404,2.34048671399003,2.35533387886602,-0.0148471648759894
0.2406,2.41541342178081,2.43042882264603,-0.0150154008652179
0.2408,2.49038223259052,2.50541435162559,-0.0150321190350677
0.241,2.5653135398899,2.58035527050717,-0.0150417306172703
0.2412,2.6402207110953,2.65524331583462,-0.0150226047393183
0.2414,2.71512552786194,2.73006429119981,-0.0149387633378733
0.2416,2.79005001442042,2.80481985714062,-0.0147698427201943
0.2418,2.86501589020377,2.87956882819018,-0.0145529379864082
0.242,2.93999490969582,2.95428898185995,-0.0142940721641236
0.2422,3.01498434935953,3.02903829611147,-0.0140539467519472
0.2424,3.0900485304996,3.10385776315407,-0.0138092326544776
0.2426,3.16518246600869,3.17870616958992,-0.0135237035812303
0.2428,3.24038644964811,3.2535877155838,-0.0132012659356904
0.243,3.31560374069583,3.32844940118635,-0.0128456604905143
0.2432,3.39083927547086,3.4033602953028,-0.0125210198319379
0.2434,3.46612353376565,3.4783088590636,-0.01218532529795
0.2436,3.54141516324327,3.55328168886952,-0.0118665256262487
0.2438,3.61674216645644,3.62829920405047,-0.0115570375940228
0.244,3.69204110572659,3.70332820198813,-0.0112870962615443
0.2442,3.76724041509445,3.77834738244527,-0.0111069673508211
0.2444,3.84241273700668,3.853386566159,-0.0109738291523214
0.2446,3.91752700809238,3.92842941380129,-0.0109024057089044
0.2448,3.99260804518933,4.00351980924755,-0.0109117640582239
0.245,4.0676646642488,4.07867941627265,-0.0110147520238435
0.2452,4.14266643922847,4.15387750199335,-0.0112110627648843
0.2454,4.21757913117939,4.22912549524409,-0.0115463640647038
0.2456,4.29249971155994,4.30440491533403,-0.0119052037740914
0.2458,4.36745102373222,4.37972091931339,-0.0122698955811753
0.246,4.44242435369487,4.45506750989874,-0.0126431562038762
0.2462,4.51740069361219,4.530421460503,-0.0130207668908113
0.2464,4.5924058977447,4.60579818147514,-0.0133922837304397
0.2466,4.66738432589456,4.6811868658216,-0.0138025399270356
0.2468,4.74235081398982,4.75658498339191,-0.0142341694020853
0.247,4.81732111651545,4.83198504768263,-0.0146639311671786
0.2472,4.8923427043207,4.90738340350054,-0.0150406991798331
0.2474,4.96744010838908,4.98276481759374,-0.0153247092046609
0.2476,5.04252810182117,5.05810831826514,-0.0155802164439738
0.2478,5.11761493715709,5.13339648831688,-0.0157815511597885
0.248,5.19273048211304,5.20865626883363,-0.0159257867205982
0.2482,5.26791358435719,5.28386457025452,-0.015950985897339
0.2484,5.34315795416018,5.35901486845315,-0.0158569142929785
0.2486,5.41839104184538,5.43411192592041,-0.0157208840750274
0.2488,5.4936043407094,5.50920355297205,-0.01559921226265
0.249,5.5688500288545,5.58426433072293,-0.015414301868435
0.2492,5.64410104512702,5.65937190803653,-0.0152708629095155
0.2494,5.71938603236595,5.73451724583304,-0.0151312134670869
0.2496,5.79466295192253,5.8095984023999,-0.014935450477366
0.2498,5.8698574654216,5.8845773239719,-0.0147198585503068
0.25,5.94502888686225,5.95950290215459,-0.0144740152923362
0.2502,6.02013383180554,6.03430681539967,-0.0141729835941282
0.2504,6.09519441621542,6.1090585587881,-0.0138641425726798
0.2506,6.17022425449549,6.18382348572191,-0.0135992312264204
0.2508,6.24519964246327,6.25855388288005,-0.0133542404167848
0.251,0.0369045709938822,0.0500426569051943,-0.013138085911312
0.2512,0.111808070480424,0.124753711542013,-0.0129456410615887
0.2514,0.186748603778494,0.199546192686595,-0.0127975889081001
0.2516,0.261715603833681,0.274340712104329,-0.0126251082706476
0.2518,0.336683177209397,0.349154048125329,-0.0124708709159323
0.252,0.411695467426417,0.424084411071461,-0.0123889436450439
0.2522,0.486701486876517,0.499025852728003,-0.012324365851486
0.2524,0.561704006190328,0.57396165503927,-0.0122576488489422
0.2526,0.636746297533096,0.648917963829087,-0.0121716662959918
0.2528,0.711811597022836,0.723884530620283,-0.0120729335974467
0.253,0.786855219830337,0.798881098078907,-0.0120258782485695
0.2532,0.86190933826386,0.873927661331893,-0.0120183230680333
0.2534,0.936980988563829,0.94896099418534,-0.0119800056215111
0.2536,1.01207650724152,1.02403968122175,-0.0119631739802211
0.2538,1.08723176420268,1.09918942375063,-0.0119576595479547
0.254,1.16241242363914,1.1744118346658,-0.0119994110266568
0.2542,1.23759318550148,1.24971283213654,-0.0121196466350544
0.2544,1.31277477331862,1.32504205900435,-0.0122672856857324
0.2546,1.38800350390658,1.4004067041013,-0.0124032001947263
0.2548,1.46324519401885,1.4758007966384,-0.0125556026195506
0.255,1.53852660107934,1.55120253435324,-0.0126759332739046
0.2552,1.61378084252394,1.62659857011892,-0.0128177275949819
0.2554,1.68893127381625,1.70198014087947,-0.013048867063217
0.2556,1.7640446307331,1.777343409803,-0.0132987790699099
0.2558,1.83908464387657,1.85267506444342,-0.0135904205668531
0.256,1.91407758533302,1.92796872448825,-0.0138911391552281
0.2562,1.98903689268671,2.00322687135789,-0.014189978671173
0.2564,2.06395235537992,2.07847117837763,-0.0145188229977089
0.2566,2.13880557149237,2.15365292650358,-0.0148473550112076
0.2568,2.21366725649013,2.2287964358607,-0.0151291793705663
0.257,2.28854767454042,2.30394112806776,-0.0153934535273397
0.2572,2.36344570447954,2.37901652109672,-0.0155708166171888
0.2574,2.43836353236577,2.45406429067337,-0.0157007583076059
0.2576,2.51331566740591,2.52905574122134,-0.0157400738154232
0.2578,2.58823615098551,2.60400874452109,-0.0157725935355737
0.258,2.66317189297894,2.67899879268176,-0.0158268997028195
0.2582,2.73815623054307,2.75400387641293,-0.0158476458698615
0.2584,2.81319709409494,2.82901003212325,-0.0158129380283047
0.2586,2.88832376847772,2.90404079649739,-0.0157170280196723
0.2588,2.96347637900556,2.97905099434488,-0.0155746153393208
0.259,3.03864188448653,3.05394481037233,-0.0153029258857957
0.2592,3.11383047658019,3.12880049305031,-0.0149700164701203
0.2594,3.18907521152741,3.20361359812698,-0.0145383865995639
0.2596,3.26433389738015,3.27840097747139,-0.0140670800912459
0.2598,3.33957169072404,3.353134465843,-0.0135627751189578
0.26,3.41478263529291,3.42783592214828,-0.0130532868553641
0.2602,3.49001292398327,3.50256917309934,-0.0125562491160736
0.2604,3.56523781194875,3.57728547062593,-0.0120476586771829
0.2606,3.64045448400101,3.65202293135602,-0.0115684473550024
0.2608,3.71561370312391,3.72686299213657,-0.0112492890126581
0.261,3.79076272866682,3.80177250849265,-0.0110097798258266
0.2612,3.86589091367621,3.87675817542001,-0.0108672617438001
0.2614,3.94093590111198,3.95178579685165,-0.0108498957396743
0.2616,4.01593865292703,4.02686896832491,-0.0109303153978804
0.2618,4.09092105135959,4.10203529773259,-0.0111142463730047
0.262,4.16586768097873,4.17723608849088,-0.0113684075121441
0.2622,4.24075056827755,4.25249376528291,-0.0117431970053596
0.2624,4.31563467236769,4.32779600507234,-0.0121613327046513
0.2626,4.39052938551569,4.40310718632175,-0.01257780080606
0.2628,4.46543354844508,4.47846211923294,-0.0130285707878661
0.263,4.54034967117019,4.5538392973423,-0.0134896261721122
0.2632,4.61531662520043,4.62922520288863,-0.0139085776882002
0.2634,4.69028436583469,4.70462179248159,-0.0143374266468994
0.2636,4.76525833496124,4.78001924611609,-0.0147609111548439
0.2638,4.84027214292759,4.85541240262912,-0.015140259701532
0.264,4.91530607371859,4.93078412458373,-0.0154780508651466
0.2642,4.99038032645494,5.00613565891286,-0.0157553324579185
0.2644,5.06546841631031,5.08145482479574,-0.0159864084854258
0.2646,5.14056051971417,5.15671714830811,-0.0161566285939365
0.2648,5.21566179476854,5.23194805713518,-0.0162862623666475
0.265,5.29080433729552,5.30714170516957,-0.016337367874053
0.2652,5.36595728538275,5.38232655586609,-0.0163692704833478
0.2654,5.44114929949455,5.45746306559985,-0.0163137661052994
0.2656,5.51634599174905,5.53252924583275,-0.0161832540836908
0.2658,5.59157839135437,5.60753630449269,-0.0159579131383172
0.266,5.66681358030793,5.68245706321813,-0.0156434829101944
0.2662,5.74203474679224,5.75734645799881,-0.0153117112065724
0.2664,5.81717977454553,5.83221028123762,-0.0150305066920895
0.2666,5.89229994394506,5.9070232947236,-0.014723350778544
0.2668,5.9673926243571,5.98183955296685,-0.0144469286097451
0.267,6.04241837070647,6.05661272772457,-0.0141943570181065
0.2672,6.11741200425066,6.13136644227875,-0.0139544380280929
0.2674,6.19238765528352,6.20615945148387,-0.0137717962003583
0.2676,6.26733281222951,6.2809652242593,-0.0136324120297884
0.2678,0.0590382043521132,0.0725267980754151,-0.013488593723302
0.268,0.133938721064117,0.147252391827383,-0.0133136707632662
0.2682,0.208855344176981,0.221985330873057,-0.0131299866960763
0.2684,0.283783913518926,0.296756933217503,-0.0129730196985774
0.2686,0.358723862362463,0.371551409903841,-0.0128275475413779
0.2688,0.43370885829244,0.446452957802647,-0.0127440995102065
0.269,0.508752387629652,0.521424746271638,-0.0126723586419858
0.2692,0.583781730616753,0.596409808169726,-0.0126280775529731
0.2694,0.658817970024603,0.671428445315832,-0.0126104752912284
0.2696,0.733894242993932,0.746540597111768,-0.0126463541178361
0.2698,0.808991970363844,0.821666173257088,-0.0126742028932437
0.27,0.884109581929669,0.89683613536031,-0.0127265534306413
0.2702,0.959238893895972,0.972070466602432,-0.0128315727064595
0.2704,1.03438063334412,1.0473292523551,-0.0129486190109795
0.2706,1.10956550695477,1.12263606648772,-0.0130705595329503
0.2708,1.18475907392017,1.19795085634161,-0.0131917824214396
0.271,1.25998493810617,1.2732977131254,-0.0133127750192323
0.2712,1.33520751122637,1.3486576373385,-0.0134501261121267
0.2714,1.4104435624289,1.42402996679987,-0.0135864043709719
0.2716,1.48568798330966,1.49941522677388,-0.0137272434642257
0.2718,1.56092878277497,1.57480900973521,-0.013880226960246
0.272,1.63610095003233,1.65021272588131,-0.0141117758489819
0.2722,1.7112556361338,1.72561729132282,-0.0143616551890255
0.2724,1.78638276151331,1.80102217922855,-0.0146394177152405
0.2726,1.86143508926907,1.87642352099507,-0.0149884317260014
0.2728,1.93644362247538,1.95180529590642,-0.0153616734310371
0.273,2.01142409727265,2.02713660620029,-0.015712508927638
0.2732,2.08636930077674,2.10243719305491,-0.0160678922781767
0.2734,2.16125766327978,2.17766137293268,-0.0164037096529013
0.2736,2.23614932632403,2.252790732385,-0.0166414060609692
0.2738,2.31104408097687,2.32788102479205,-0.0168369438151741
0.274,2.3859600155822,2.40294125948739,-0.0169812439051902
0.2742,2.46091340832627,2.47796706364925,-0.0170536553229823
0.2744,2.53590567315292,2.55300785206076,-0.0171021789078356
0.2746,2.61089213097989,2.62793723670141,-0.0170451057215226
0.2748,2.68588240583988,2.70279203136181,-0.0169096255219281
0.275,2.76090515680013,2.77757209677569,-0.0166669399755555
0.2752,2.83596971455835,2.85228154013518,-0.0163118255768286
0.2754,2.91104537828471,2.92695183590378,-0.0159064576190771
0.2756,2.98613011865985,3.00160956989538,-0.0154794512355303
0.2758,3.0612185988275,3.07620286839683,-0.0149842695693376
0.276,3.13631751184017,3.15081462586114,-0.0144971140209713
0.2762,3.21150365176079,3.22550139422001,-0.0139977424592259
0.2764,3.28671853881714,3.30025832085767,-0.0135397820405228
0.2766,3.3619734019216,3.37508159531024,-0.0131081933886441
0.2768,3.43722895377119,3.44990021032261,-0.0126712565514211
0.277,3.51249526213109,3.52474567145429,-0.0122504093232019
0.2772,3.58776085489565,3.59967051569332,-0.0119096607976727
0.2774,3.6630140879184,3.67460495657004,-0.0115908686516457
0.2776,3.73819241918518,3.74953384571719,-0.0113414265320073
0.2778,3.81334597999021,3.82451357428624,-0.0111675942960265
0.278,3.88846226354488,3.89954486504394,-0.0110826014990573
0.2782,3.96349500332161,3.97457742278473,-0.0110824194631163
0.2784,4.03847938173978,4.04964372163809,-0.0111643398983059
0.2786,4.11340996366973,4.12475470771043,-0.0113447440407013
0.2788,4.18827857550349,4.19990972436768,-0.0116311488641969
0.279,4.26309699370481,4.27508184127755,-0.011984847572748
0.2792,4.33793443341955,4.35034041449837,-0.0124059810788202
0.2794,4.41278632281019,4.42564427116818,-0.0128579483579889
0.2796,4.4876724208198,4.5009809237966,-0.0133085029768019
0.2798,4.56261000026294,4.57635579801144,-0.0137457977485065
0.28,4.63759392859174,4.65174591335113,-0.0141519847593914
0.2802,4.71257154319137,4.72714259115016,-0.0145710479587917
0.2804,4.78754941554045,4.80253644042503,-0.0149870248845794
0.2806,4.86255800755347,4.87792020094425,-0.0153621933907857
0.2808,4.93760895249129,4.95328830712533,-0.015679354634031
0.281,5.01267408432869,5.02864661652187,-0.0159725321931861
0.2812,5.08775341201513,5.10397780163386,-0.0162243896187348
0.2814,5.16284031418052,5.17924248911486,-0.0164021749343393
0.2816,5.23793514893883,5.25446862739446,-0.0165334784556279
0.2818,5.31306579206836,5.32962173291327,-0.0165559408449107
0.282,5.38819947083118,5.40470861467883,-0.0165091438476441
0.2822,5.46336240039925,5.47973965881038,-0.0163772584111266
0.2824,5.53851874518037,5.5547186064469,-0.0161998612665331
0.2826,5.61368085778272,5.6296553582488,-0.0159745004660792
0.2828,5.68883537557885,5.70451882009729,-0.0156834445184435
0.283,5.76396863612602,5.77935663700618,-0.0153880008801606
0.2832,5.83902224186927,5.85414081276086,-0.0151185708915884
0.2834,5.91405858757384,5.92890196430902,-0.0148433767351763
0.2836,5.9890785664221,6.00371116545774,-0.0146325990356386
0.2838,6.06411585476362,6.07854358236236,-0.0144277275987479
0.284,6.13913785662572,6.15337009635497,-0.0142322397292487
0.2842,6.21412420424604,6.22814652160077,-0.0140223173547342
0.2844,0.00586513511770903,0.0197657390628777,-0.0139006039451686
0.2846,0.080822588982981,0.0945837203577696,-0.0137611313747885
0.2848,0.155799466356584,0.16938663640755,-0.0135871700509663
0.285,0.230765523406567,0.2441765974136,-0.0134110740070326
0.2852,0.305748136474174,0.319006962475896,-0.0132588260017213
0.2854,0.380771956684932,0.393861199751067,-0.0130892430661346
0.2856,0.455834975467754,0.468720146629497,-0.012885171161743
0.2858,0.530885047884605,0.543620687001733,-0.0127356391171275
0.286,0.605926505239632,0.618596593386581,-0.0126700881469489
0.2862,0.680985939483293,0.693612140585613,-0.0126262011023208
0.2864,0.756070950130026,0.768704789347117,-0.0126338392170907
0.2866,0.831152094745093,0.843821403123617,-0.0126693083785241
0.2868,0.906230636022374,0.918963044667908,-0.0127324086455344
0.287,0.981302849033218,0.994157426955603,-0.0128545779223848
0.2872,1.05637414300117,1.06937409700106,-0.0129999539998888
0.2874,1.13151547460893,1.14464787301497,-0.0131323984060383
0.2876,1.2066648926135,1.21994582228379,-0.0132809296702838
0.2878,1.28180951372401,1.29526205448617,-0.0134525407621595
0.288,1.3570030832144,1.37061183262114,-0.0136087494067416
0.2882,1.43221682526887,1.44597860629362,-0.0137617810247497
0.2884,1.50748102417891,1.52136910982425,-0.013888085645346
0.2886,1.58273475244779,1.59676765478249,-0.0140329023347001
0.2888,1.65790936043978,1.67216608079737,-0.0142567203575881
0.289,1.73307616440941,1.74756016063579,-0.014483996226381
0.2892,1.80819960517859,1.82294310728574,-0.0147435021071474
0.2894,1.88329977146313,1.89832014214514,-0.015020370682008
0.2896,1.95838850697573,1.97369684624587,-0.0153083392701403
0.2898,2.03344139911981,2.04904014017945,-0.0155987410596423
0.29,2.10842530686369,2.12435488327306,-0.0159295764093623
0.2902,2.18335036389185,2.19965987371273,-0.0163095098208772
0.2904,2.25828345522123,2.27488782890964,-0.0166043736884096
0.2906,2.33321272146561,2.35002611441866,-0.0168133929530407
0.2908,2.40815426485141,2.42510532793512,-0.0169510630837109
0.291,2.4831272913125,2.50009363384185,-0.0169663425293503
0.2912,2.55813235995334,2.57505687011326,-0.0169245101599182
0.2914,2.63312012059268,2.64992298167133,-0.0168028610786441
0.2916,2.70809389358575,2.72471064373953,-0.0166167501537799
0.2918,2.78307880665466,2.79941360301563,-0.0163347963609688
0.292,2.85808358587997,2.87407847387037,-0.0159948879904044
0.2922,2.9330847440862,2.94871731236387,-0.0156325682776619
0.2924,3.00809154210224,3.0233656955447,-0.0152741534424603
0.2926,3.08308692257843,3.09796280990872,-0.0148758873302977
0.2928,3.15810657179005,3.17253246532194,-0.0144258935318957
0.293,3.23319688483624,3.24712574006029,-0.013928855224052
0.2932,3.30830329478385,3.32171816827984,-0.0134148734959907
0.2934,3.38343942546963,3.39635775505457,-0.0129183295849344
0.2936,3.45856949722079,3.4710275722819,-0.0124580750611112
0.2938,3.53371029268071,3.54575762478441,-0.012047332103692
0.294,3.60891333534428,3.62062234269161,-0.0117090073473287
0.2942,3.68411189491576,3.69555823726532,-0.0114463423495574
0.2944,3.75923214975887,3.77049940742503,-0.0112672576661565
0.2946,3.83434602780052,3.84550421894741,-0.011158191146893
0.2948,3.9094483012601,3.92063607237405,-0.0111877711139505
0.295,3.98455920398339,3.99579762834597,-0.0112384243625776
0.2952,4.05964004190551,4.0709875007584,-0.0113474588528923
0.2954,4.13466809115347,4.14621692720429,-0.0115488360508156
0.2956,4.20961593550758,4.22152039785709,-0.011904462349511
0.2958,4.28457506884867,4.29684828572784,-0.0122732168791693
0.296,4.35954403241287,4.37220452310289,-0.0126604906900187
0.2962,4.43451521114726,4.44757874294692,-0.0130635317996539
0.2964,4.50948103197402,4.52295193505204,-0.0134709030780229
0.2966,4.58446067506188,4.59834275194565,-0.0138820768837791
0.2968,4.65939355586835,4.67373846834474,-0.0143449124763873
0.297,4.7343025407007,4.74913577831325,-0.0148332376125522
0.2972,4.80922217510261,4.82453059445772,-0.0153084193551116
0.2974,4.88418127111387,4.89991760624584,-0.0157363351319653
0.2976,4.95919877508488,4.97528885070046,-0.0160900756155735
0.2978,5.03423995501697,5.05063703987339,-0.0163970848564219
0.298,5.10929566562821,5.12598304977344,-0.0166873841452313
0.2982,5.1844222758404,5.20131474859753,-0.0168924727571298
0.2984,5.25960407746218,5.27663454025314,-0.0170304627909612
0.2986,5.33483230762433,5.35190662751678,-0.0170743198924503
0.2988,5.4100493149005,5.42712382855885,-0.0170745136583488
0.299,5.48525522464289,5.50229605442617,-0.0170408297832765
0.2992,5.56045002625814,5.57737952221974,-0.0169294959615991
0.2994,5.63565072198632,5.65246839469077,-0.016817672704458
0.2996,5.71085398438352,5.72752103156799,-0.0166670471844652
0.2998,5.78599799871425,5.802494659844,-0.0164966611297537
0.3,5.86106276406108,5.87739003810445,-0.0163272740433706
0.3002,5.93611042887733,5.9522185228982,-0.016108094020864
0.3004,6.01113028090277,6.02697036557846,-0.0158400846756983
0.3006,6.08615200474382,6.10168240691601,-0.0155304021721916
0.3008,6.1611424407832,6.17639191692229,-0.015249476139088
0.301,6.23607511038691,6.25102986794812,-0.0149547575612115
0.3012,0.0277163120063877,0.0422954194612972,-0.0145791074549095
0.3014,0.102399923708054,0.116548648350701,-0.0141487246426465
0.3016,0.176934001184325,0.190563580415154,-0.0136295792308287
0.3018,0.251229336711632,0.264119555542462,-0.0128902188308299
0.302,0.325165034326519,0.337070371234919,-0.0119053369084
0.3022,0.398749804281745,0.409382002492077,-0.0106321982103318
0.3024,0.471980393661595,0.481144938519391,-0.00916454485779644
0.3026,0.545000022801087,0.552423703425664,-0.00742368062457743
0.3028,0.617882555367956,0.623289376481845,-0.0054068211138889
0.303,0.690725058043542,0.693851552104159,-0.00312649406061716
0.3032,0.763615864960835,0.764303422201818,-0.000687557240983461
0.3034,0.836706503209209,0.834761446298756,0.00194505691045244
0.3036,0.910009304150925,0.905301811564661,0.00470749258626346
0.3038,0.983577909613649,0.976082953272454,0.00749495634119546
0.304,1.05748339350323,1.04722959310818,0.0102538003950547
0.3042,1.1317538037729,1.11885580239049,0.0128980013824047
0.3044,1.20635609058388,1.19104594313472,0.0153101474491601
0.3046,1.28128244221407,1.26383942172132,0.0174430204927416
0.3048,1.35657113189545,1.33725545204008,0.0193156798553644
0.305,1.43219823058974,1.41128809501119,0.0209101355785493
0.3052,1.50810949744177,1.48590253346401,0.0222069639777596
0.3054,1.58423947362523,1.56102656682591,0.0232129067993168
0.3056,1.66060072696111,1.63656437310822,0.0240363538528887
0.3058,1.73713712258888,1.71240063219716,0.0247364903917215
0.306,1.81378186926108,1.78841067118195,0.0253711980791291
0.3062,1.89054816955521,1.86448157054013,0.026066599015083
0.3064,1.96739448237348,1.94052802394813,0.0268664584253435
0.3066,2.04424794136186,2.01649185436469,0.0277560869971798
0.3068,2.1211019235945,2.0922689817968,0.0288329417976985
0.307,2.19790911710513,2.16782912395997,0.0300799931451614
0.3072,2.27463750132495,2.24316816081948,0.0314693405054642
0.3074,2.35127225479536,2.31828572704366,0.0329865277517003
0.3076,2.42784461819108,2.39315190076732,0.0346927174237566
0.3078,2.50430203209224,2.4677726014284,0.0365294306638355
0.308,2.58061837707293,2.54226917191011,0.0383492051628171
0.3082,2.65678793845838,2.6167009841697,0.0400869542886833
0.3084,2.73280695064199,2.69106183467287,0.0417451159691171
0.3086,2.80857836430061,2.76525689368092,0.0433214706196856
0.3088,2.88408482308524,2.8393283618639,0.044756461221346
0.309,2.95931732064937,2.91321654051951,0.0461007801298678
0.3092,3.03423555852664,2.98688434011317,0.0473512184134695
0.3094,3.1088763628686,3.06024452304268,0.048631839825918
0.3096,3.18329367092977,3.13328976029094,0.0500039106388295
0.3098,3.25756426028051,3.20601452347134,0.0515497368091618
0.31,3.33168845841361,3.27824516916962,0.0534432892439884
0.3102,3.40568278004281,3.34996110031898,0.0557216797238254
0.3104,3.47959391222856,3.42112729237393,0.0584666198546278
0.3106,3.55348506097786,3.49160655562403,0.0618785053538304
0.3108,3.62736416328557,3.56152297564642,0.0658411876391565
0.311,3.70128858693896,3.63104491980663,0.0702436671323263
0.3112,3.77527180564347,3.70014281024382,0.075128995399651
0.3114,3.84939381253216,3.76890116768645,0.0804926448457088
0.3116,3.92369691203876,3.83745105762856,0.0862458544101949
0.3118,3.99819353988851,3.90595576916689,0.0922377707216242
0.312,4.07291909322834,3.97451165393442,0.0984074392939207
0.3122,4.1477960402026,4.04324593361463,0.104550106587973
0.3124,4.2228138654725,4.11227991122239,0.110533954250112
0.3126,4.29796297243269,4.18177901680545,0.11618395562724
0.3128,4.37326573277685,4.25188142151849,0.121384311258361
0.313,4.44864153803825,4.32269341591393,0.12594812212432
0.3132,4.5240510871129,4.39430710017632,0.129743986936582
0.3134,4.59946327450413,4.46677708907855,0.132686185425571
0.3136,4.67484055089151,4.5400905717991,0.134749979092418
0.3138,4.7501942073347,4.614208139591,0.135986067743702
0.314,4.82553523729957,4.68907128116489,0.136463956134679
0.3142,4.90091837270113,4.76458149442147,0.136336878279667
0.3144,4.97638802808727,4.84059708785666,0.13579094023061
0.3146,5.05192900434109,4.91695103701986,0.134977967321237
0.3148,5.12756429700111,4.99344251109596,0.134121785905156
0.315,5.20330802237002,5.0699136156705,0.133394406699515
0.3152,5.27919939150384,5.14624584107008,0.13295355043376
0.3154,5.35525834436709,5.22233585259815,0.132922491768936
0.3156,5.43149885041481,5.29806578019296,0.133433070221856
0.3158,5.50787083616065,5.37342406789464,0.13444676826601
0.316,5.58427610725983,5.44835843911531,0.135917668144517
0.3162,5.66064998307337,5.52289799549785,0.137751987575523
0.3164,5.73699378644605,5.59723760946141,0.139756176984634
0.3166,5.81326794970464,5.67142307756462,0.141844872140016
0.3168,5.8894250005392,5.74549942166089,0.143925578878315
0.317,5.96545312513777,5.81962870228863,0.145824422849131
0.3172,6.04136910680272,5.89382857168865,0.147540535114072
0.3174,6.11712452138096,5.96812608942346,0.148998431957503
0.3176,6.19271648113745,6.04259061616154,0.150125864975916
0.3178,6.26811748991982,6.11720668344797,0.15091080647185
0.318,0.0601110574964929,6.19193507196881,0.151361292707272
0.3182,0.135034017116939,6.26668189759249,0.151537426704033
0.3184,0.209726453866274,0.0583904936593661,0.151335960206907
0.3186,0.284248107370963,0.133593545749983,0.15065456162098
0.3188,0.358694920502525,0.209079635812253,0.149615284690272
0.319,0.433107731443604,0.284768804281557,0.148338927162048
0.3192,0.507601334625308,0.360486775689307,0.147114558936001
0.3194,0.582227293593171,0.436098631435234,0.146128662157938
0.3196,0.657009031292971,0.51152827188106,0.145480759411911
0.3198,0.732056101825059,0.586766223720163,0.145289878104896
0.32,0.807385856662523,0.661739210914206,0.145646645748318
0.3202,0.883019838930465,0.736461249998417,0.146558588932049
0.3204,0.958962855998902,0.810943601226042,0.14801925477286
0.3206,1.03520470734686,0.885205275607846,0.14999943173901
0.3208,1.1117460639195,0.959324273911075,0.152421790008427
0.321,1.18855852294354,1.03339327876055,0.155165244182991
0.3212,1.26551470520211,1.10745872032978,0.158055984872324
0.3214,1.34247907360011,1.18162095674844,0.160858116851674
0.3216,1.41939181883708,1.25590722283068,0.163484596006401
0.3218,1.49617651028211,1.3303778890355,0.165798621246603
0.322,1.5727486810348,1.40509586053257,0.167652820502233
0.3222,1.64902126991789,1.48007043910652,0.168950830811367
0.3224,1.72495446368566,1.55529666956063,0.169657794125028
0.3226,1.80057317459987,1.63076354546276,0.169809629137108
0.3228,1.87592018084674,1.70643700586574,0.169483174981004
0.323,1.95108066784234,1.78226308030336,0.168817587538979
0.3232,2.026097706128,1.85814864009946,0.167949066028533
0.3234,2.10103567323789,1.93403205788486,0.167003615353034
0.3236,2.17600326044964,2.00986107211259,0.166142188337057
0.3238,2.25109861320124,2.08555640525445,0.165542207946788
0.324,2.32631784017242,2.16102926405317,0.165288576119253
0.3242,2.40166875588742,2.23623705549485,0.165431700392579
0.3244,2.47709924899261,2.31119880260107,0.165900446391543
0.3246,2.55258253060567,2.38589736651206,0.166685164093605
0.3248,2.62805410014069,2.460327098569,0.167727001571687
0.325,2.70348171069492,2.53461226039479,0.168869450300133
0.3252,2.77887255609944,2.60894611620351,0.169926439895926
0.3254,2.85419797938613,2.68341042891773,0.170787550468396
0.3256,2.92943915092818,2.7581288777171,0.171310273211081
0.3258,3.00457498441325,2.83322311513073,0.171351869282521
0.326,3.07958498233167,2.90871055877382,0.170874423557843
0.3262,3.15443089959952,2.98449518456467,0.169935715034849
0.3264,3.22905643607658,3.06047637904205,0.168580057034534
0.3266,3.30348904921271,3.13672654030505,0.16676250890766
0.3268,3.37775879994335,3.21324678176717,0.164512018176186
0.327,3.45193369785106,3.28994933307232,0.161984364778742
0.3272,3.52608972531291,3.36683821200454,0.159251513308367
0.3274,3.60032801062432,3.44384293075867,0.156485079865652
0.3276,3.67467524743687,3.52086193745489,0.153813309981981
0.3278,3.7492278062556,3.59779560286749,0.151432203388109
0.328,3.82398356813856,3.67446875304125,0.149514815097309
0.3282,3.89893730044246,3.75081394674205,0.148123353700415
0.3284,3.97411918925382,3.82685986629341,0.14725932296041
0.3286,4.04957418141974,3.90257880962908,0.146995371790665
0.3288,4.1252934258227,3.97800282886795,0.147290596954752
0.329,4.20126964072116,4.05323142850509,0.148038212216073
0.3292,4.27742193760883,4.12829201587379,0.149129921735038
0.3294,4.35372928339064,4.20324147570258,0.150487807688058
0.3296,4.43011885080278,4.27813568415816,0.151983166644622
0.3298,4.50647950847512,4.35303206750946,0.153447440965668
0.33,4.5827135578197,4.42797799288872,0.154735564930983
0.3302,4.65875747884231,4.50302476567067,0.155732713171639
0.3304,4.73457551026174,4.57820164264014,0.156373867621594
0.3306,4.81013884605508,4.65349434868909,0.156644497365989
0.3308,4.88538951206487,4.7288730672245,0.156516444840365
0.331,4.96035810517196,4.80430842876777,0.156049676404185
0.3312,5.03515246564954,4.87976945658212,0.15538300906742
0.3314,5.10979041543034,4.95523798782481,0.154552427605529
0.3316,5.18431777708769,5.03066840037924,0.153649376708445
0.3318,5.25875708362731,5.10599613415319,0.152760949474118
0.332,5.333163249585,5.18120165583392,0.151961593751083
0.3322,5.40763046526842,5.2562505678496,0.151379897418818
0.3324,5.48214869742954,5.33114194743978,0.151006749989769
0.3326,5.55673315681852,5.4058857537778,0.150847403040717
0.3328,5.63139606306449,5.48050261299074,0.150893450073758
0.333,5.70610828602308,5.55490141806715,0.151206867955934
0.3332,5.78081977342766,5.62915107369963,0.151668699728038
0.3334,5.85555296253279,5.7033651825045,0.152187780028293
0.3336,5.9302784658112,5.77753309028775,0.152745375523452
0.3338,6.00502526715842,5.85171119828594,0.153314068872481
0.334,6.07975124535698,5.9259356823922,0.153815562964771
0.3342,6.15437360538184,6.00014133924185,0.154232266139996
0.3344,6.2288424431172,6.07436530897843,0.154477134138769
0.3346,0.0199574701938543,6.14866259491178,0.154480182461659
0.3348,0.0940757759202973,6.22316354209303,0.154097541006856
0.335,0.168009583557253,0.0146352624636932,0.15337432109356
0.3352,0.241767268849657,0.0894704382666699,0.152296830582987
0.3354,0.315421022057277,0.164489946402495,0.150931075654783
0.3356,0.389046892198031,0.239741066509059,0.149305825688972
0.3358,0.46274325523059,0.315145751706938,0.147597503523652
0.336,0.536581000265432,0.39063097632617,0.145950023939262
0.3362,0.610594068407898,0.466230778335025,0.144363290072873
0.3364,0.684890556840475,0.541844837269549,0.143045719570926
0.3366,0.759488817062959,0.617365175053518,0.142123642009441
0.3368,0.834395880245751,0.692789839051929,0.141606041193822
0.337,0.909665958035179,0.768162378497056,0.141503579538123
0.3372,0.985320828466793,0.843428184114438,0.141892644352354
0.3374,1.06135209549679,0.918593015564041,0.142759079932745
0.3376,1.13775931868384,0.993668422973022,0.144090895710816
0.3378,1.2144469194407,1.06869213517564,0.145754784265068
0.338,1.29134561032116,1.14366645622598,0.147679154095187
0.3382,1.36830219718441,1.21863151967243,0.149670677511982
0.3384,1.44515988174527,1.29363899651177,0.151520885233499
0.3386,1.52187759418937,1.36871454945767,0.153163044731701
0.3388,1.59833935172639,1.44389195901678,0.154447392709613
0.339,1.67448670039205,1.51917734393065,0.1553093564614
0.3392,1.75028841920902,1.59455958168819,0.15572883752083
0.3394,1.8257184220924,1.67002674194099,0.155691680151408
0.3396,1.90076613475021,1.74556453551251,0.1552015992377
0.3398,1.97550220691089,1.82115913623191,0.15434307067898
0.34,2.0499975682553,1.89680399119458,0.153193577060721
0.3402,2.12438033748302,1.97245227586457,0.151928061618446
0.3404,2.19871145024476,2.04804262553232,0.150668824712433
0.3406,2.27302493997986,2.12355802994476,0.149466910035095
0.3408,2.34737255475049,2.19891177130311,0.148460783447382
0.341,2.42178513521725,2.27410190487148,0.147683230345775
0.3412,2.4962832116358,2.34910764337448,0.14717556826132
0.3414,2.57084410267675,2.42395223531213,0.146891867364626
0.3416,2.64544573354685,2.49862428194836,0.14682145159849
0.3418,2.72003760753666,2.57308187717726,0.1469557303594
0.342,2.79460548906049,2.64742734347424,0.14717814558625
0.3422,2.86916741490085,2.72167077267059,0.147496642230256
0.3424,2.94368844212113,2.79582965022963,0.1478587918915
0.3426,3.01813460206724,2.86996872039587,0.148165881671369
0.3428,3.09248492066478,2.94414783328953,0.148337087375249
0.343,3.16669804792759,3.01845349286131,0.148244555066281
0.3432,3.24075603389407,3.09290275093291,0.147853282961159
0.3434,3.31467977590003,3.16753333077538,0.147146445124646
0.3436,3.38848504997743,3.24233474221417,0.146150307763259
0.3438,3.46223454692546,3.31734715163888,0.144887395286582
0.344,3.53600895049246,3.39253463733421,0.143474313158249
0.3442,3.60989395902028,3.46791298639794,0.141980972622338
0.3444,3.68399047029993,3.54341720470436,0.140573265595563
0.3446,3.75828854719971,3.61905530842354,0.139233238776169
0.3448,3.83278046474248,3.69478701976264,0.137993444979838
0.345,3.90755662200036,3.77059213867148,0.13696448332888
0.3452,3.98267236363657,3.84640906813835,0.136263295498224
0.3454,4.05806918727828,3.92216873971686,0.135900447561422
0.3456,4.13372892079697,3.99780524836651,0.135923672430454
0.3458,4.20966725462866,4.07336275010262,0.136304504526045
0.346,4.28590698130835,4.14880276790786,0.137104213400494
0.3462,4.36233495393798,4.22412020009951,0.138214753838477
0.3464,4.43884128145237,4.29937714815157,0.139464133300792
0.3466,4.51532918814184,4.37456419507667,0.140764993065172
0.3468,4.5916977365646,4.44972661513926,0.141971121425336
0.347,4.66785547282456,4.52491090528663,0.142944567537933
0.3472,4.74377806140883,4.60014419763175,0.143633863777081
0.3474,4.81947982879134,4.67545966621301,0.144020162578332
0.3476,4.89488993357918,4.75085830261636,0.144031630962825
0.3478,4.96997063227678,4.82632333739738,0.143647294879403
0.348,5.04477536608661,4.90183877751671,0.142936588569895
0.3482,5.11936531148209,4.97738432245387,0.141980989028226
0.3484,5.19375078714843,5.05294134094105,0.140809446207382
0.3486,5.26802834396289,5.12844268241969,0.139585661543191
0.3488,5.34224482321578,5.20386707482518,0.138377748390596
0.349,5.41646040914517,5.27918107442519,0.137279334719981
0.3492,5.49070354355703,5.35435698492904,0.136346558627995
0.3494,5.56501264138614,5.42938724584323,0.135625395542908
0.3496,5.63940860392233,5.50427864719006,0.135129956732276
0.3498,5.71386053854819,5.5790309060669,0.134829632481295
0.35,5.78831078087283,5.65359716330835,0.134713617564472
0.3502,5.86279617285452,5.72801537556793,0.134780797286597
0.3504,5.93730144855801,5.8022262313492,0.135075217208809
0.3506,6.01179890541152,5.87632988253256,0.135469022878959
0.3508,6.08632455236134,5.95048877029297,0.135835782068368
0.351,6.16080242203779,6.0246707775051,0.136131644532688
0.3512,6.23515533067223,6.09887124199551,0.136284088676724
0.3514,0.0261851605229824,6.17313859850227,0.136231869200294
0.3516,0.10026625707514,6.24753154163219,0.135920022622535
0.3518,0.174185111571736,0.0388231628729232,0.135361948698813
0.352,0.24794898029208,0.113391620345248,0.134557359946832
0.3522,0.321625801544362,0.188046237959205,0.133579563585157
0.3524,0.395309321133994,0.262873119367133,0.13243620176686
0.3526,0.469111678908393,0.337887690534628,0.131223988373766
0.3528,0.543071300390291,0.41306001995509,0.130011280435201
0.353,0.617303369102703,0.488348722088759,0.128954647013944
0.3532,0.691840046973926,0.563747199263816,0.12809284771011
0.3534,0.766696068135313,0.639211088546986,0.127484979588327
0.3536,0.841885913168248,0.714589082103491,0.127296831064756
0.3538,0.917408129576385,0.789926850395425,0.12748127918096
0.354,0.993307778435078,0.86525904319974,0.128048735235338
0.3542,1.06956925225561,0.940554452142286,0.129014800113326
0.3544,1.14619296206747,1.01586023384765,0.13033272821982
0.3546,1.22310129591767,1.0911344020146,0.131966893903067
0.3548,1.30020685723771,1.16638377147638,0.133823085761328
0.355,1.37737097156543,1.24163146322873,0.135739508336697
0.3552,1.45445343800127,1.31688461218997,0.137568825811301
0.3554,1.53138741629574,1.39213884118563,0.13924857511011
0.3556,1.6080501375623,1.46742717345135,0.140622964110954
0.3558,1.684395613944,1.54277391378122,0.141621700162778
0.356,1.76040438176602,1.61817981033545,0.142224571430575
0.3562,1.83605535541215,1.69363512800112,0.142420227411035
0.3564,1.91133163810294,1.7691291568485,0.142202481254438
0.3566,1.9862909534117,1.84463160375533,0.141659349656367
0.3568,2.06099616316851,1.92011995934611,0.140876203822396
0.357,2.1355782416707,1.99559167025,0.139986571420695
0.3572,2.21006274237756,2.07100823297847,0.139054509399097
0.3574,2.28452767411735,2.14639490227978,0.13813277183757
0.3576,2.35902252113686,2.22167227596988,0.137350245166973
0.3578,2.43356340171924,2.29678938761738,0.136774014101859
0.358,2.5081669713874,2.3717555028998,0.136411468487602
0.3582,2.5828339624891,2.44662443279735,0.136209529691754
0.3584,2.65754687744682,2.52136832325967,0.136178554187148
0.3586,2.73224774642104,2.59592416248757,0.136323583933476
0.3588,2.80693056122901,2.67036175469647,0.136568806532539
0.359,2.88162168913224,2.74474205083717,0.136879638295071
0.3592,2.95629119044619,2.81908152169029,0.137209668755903
0.3594,3.0308938620399,2.8933835718032,0.137510290236702
0.3596,3.10539462686949,2.96770489240358,0.137689734465901
0.3598,3.17977328396578,3.04208378213041,0.137689501835363
0.36,3.25402199584219,3.11654497421026,0.137477021631933
0.3602,3.32815692237671,3.19112654226038,0.137030380116327
0.3604,3.40219248187093,3.26579171517494,0.136400766695995
0.3606,3.476191226464,3.34058641796379,0.135604808500201
0.3608,3.55024246699516,3.4155172406933,0.134725226301859
0.361,3.62442138491474,3.49052840040913,0.133892984505607
0.3612,3.69879362982309,3.56565041855845,0.133143211264645
0.3614,3.7733570774564,3.64089001790062,0.132467059555772
0.3616,3.84819479040025,3.71623818756223,0.131956602838015
0.3618,3.92337844147993,3.79162901529372,0.131749426186205
0.362,3.99890823844128,3.86705984520528,0.131848393235999
0.3622,4.07477079327913,3.94251369104942,0.132257102229711
0.3624,4.15091207206203,4.0178933887882,0.133018683273825
0.3626,4.22734209320522,4.09320696673152,0.134135126473697
0.3628,4.30397221240755,4.16852583278576,0.135446379621786
0.363,4.38079252399584,4.24382838063787,0.136964143357964
0.3632,4.45771108686729,4.31913447879968,0.13857660806761
0.3634,4.53455605821109,4.3944398143026,0.140116243908492
0.3636,4.61125354971714,4.46973999042441,0.14151355929273
0.3638,4.68774103000379,4.545051098907,0.142689931096791
0.364,4.76398599057279,4.62037727728972,0.143608713283068
0.3642,4.83996445807618,4.6957351629602,0.144229295115979
0.3644,4.91563552631166,4.77114881488776,0.1444867114239
0.3646,4.99096738214186,4.84661066786746,0.1443567142744
0.3648,5.06597683632299,4.92211648553194,0.143860350791051
0.365,5.14075093381699,4.99764750899392,0.143103424823068
0.3652,5.21529662790023,5.07319419012864,0.142102437771586
0.3654,5.28971699569509,5.14872349434574,0.140993501349348
0.3656,5.36405390691669,5.22424647971945,0.139807427197238
0.3658,5.43841023204848,5.29972091668742,0.13868931536106
0.366,5.51278855578954,5.37507781591884,0.137710739870701
0.3662,5.58722117041324,5.45031139611595,0.136909774297292
0.3664,5.66173381518813,5.52541708167497,0.136316733513165
0.3666,5.73629125148351,5.6003379805916,0.135953270891909
0.3668,5.81082562216255,5.6750658223197,0.135759799842852
0.367,5.88536710489368,5.74966825544629,0.135698849447397
0.3672,5.95990356860278,5.8241325340473,0.135771034555479
0.3674,6.03442071045906,5.89845458344358,0.135966127015489
0.3676,6.1089559008196,5.97277177155737,0.136184129262226
0.3678,6.18343807587267,6.04711497642263,0.136323099450037
0.368,6.25781193011836,6.12142744873124,0.136384481387111
0.3682,0.0488584437786903,6.19573020901702,0.136313541941258
0.3684,0.122942762877583,6.27011838290617,0.136009687151003
0.3686,0.196876074676177,0.0614277937849014,0.135448280891275
0.3688,0.270682027940798,0.136006485344466,0.134675542596333
0.369,0.344430767365351,0.21069877568251,0.133731991682842
0.3692,0.418253722436458,0.285561925121393,0.132691797315065
0.3694,0.492226401508658,0.360601918836058,0.1316244826726
0.3696,0.56638849625532,0.435698315691893,0.130690180563427
0.3698,0.64084232420369,0.510908450590946,0.129933873612744
0.37,0.715605450867054,0.586222170789821,0.129383280077233
0.3702,0.790686937877452,0.66160892562617,0.129078012251282
0.3704,0.866104531672811,0.737007704935815,0.129096826736996
0.3706,0.941873570135766,0.812353251730583,0.129520318405183
0.3708,1.01800275260481,0.88766857551527,0.130334177089543
0.371,1.09448616554476,0.962929016947857,0.131557148596904
0.3712,1.17129135393448,1.03816921856784,0.133122135366637
0.3714,1.24837583037247,1.11342286382021,0.134952966552262
0.3716,1.32559122638294,1.18867216838421,0.136919057998724
0.3718,1.40285530031173,1.26391639842004,0.138938901891689
0.372,1.48003404820476,1.33916828301612,0.14086576518864
0.3722,1.55703518840339,1.41443576870113,0.142599419702264
0.3724,1.63374517237163,1.4897360519514,0.144009120420229
0.3726,1.71009254834826,1.56509335160772,0.144999196740541
0.3728,1.78607986972286,1.64052330658243,0.145556563140429
0.373,1.86172020156269,1.71601752715727,0.145702674405422
0.3732,1.93698146087515,1.79156462289136,0.145416837983788
0.3734,2.0118780799554,1.86712863289306,0.144749447062338
0.3736,2.08652098696931,1.94266615202514,0.14385483494416
0.3738,2.16099178584784,2.0181416245248,0.142850161323049
0.374,2.23534071771553,2.09353167882341,0.141809038892116
0.3742,2.30966022828063,2.16888318963207,0.140777038648552
0.3744,2.38398973462537,2.24413309064373,0.139856643981644
0.3746,2.45833886288089,2.31923699352492,0.139101869355972
0.3748,2.53272271409003,2.3941089259705,0.138613788119526
0.375,2.60712005734928,2.46873337524193,0.138386682107344
0.3752,2.6815152789928,2.54319541370663,0.138319865286174
0.3754,2.75586986049299,2.61743914369892,0.138430716794067
0.3756,2.83018748478148,2.69153110430655,0.138656380474933
0.3758,2.90450445702047,2.76554104095729,0.138963416063179
0.376,2.97880357917888,2.83954764414668,0.139255935032201
0.3762,3.0530484931245,2.91359629741319,0.13945219571131
0.3764,3.12722337015993,2.98772945804522,0.13949391211471
0.3766,3.20132709958574,3.0619672824662,0.139359817119542
0.3768,3.27531952766827,3.13629551308288,0.139024014585395
0.377,3.34921102007304,3.21078969977827,0.138421320294779
0.3772,3.42307881844539,3.28546350400515,0.137615314440248
0.3774,3.4970007330274,3.36032163185136,0.136679101176045
0.3776,3.57106384100487,3.43539537753521,0.135668463469659
0.3778,3.64536635368679,3.51069095783739,0.134675395849406
0.378,3.71994482929411,3.5862397522827,0.133705077011415
0.3782,3.794821661883,3.66191736549543,0.132904296387574
0.3784,3.86999277569142,3.73759222601796,0.132400549673459
0.3786,3.94546990267609,3.81327792676733,0.132191975908763
0.3788,4.02126176873958,3.88892142416426,0.132340344575319
0.379,4.09735591686864,3.96457775849871,0.132778158369932
0.3792,4.1737238709438,4.04017976282936,0.133544108114444
0.3794,4.25035315296094,4.11568966169248,0.134663491268453
0.3796,4.32713988709059,4.1910732788471,0.136066608243489
0.3798,4.40399861257341,4.26636029505304,0.137638317520378
0.38,4.48084572451126,4.34158426081396,0.139261463697301
0.3802,4.55758255937008,4.41678699971054,0.140795559659538
0.3804,4.63418008826375,4.49200640759344,0.142173680670314
0.3806,4.71058140839216,4.56726270592465,0.14331870246751
0.3808,4.7867647286589,4.6425754685613,0.144189260097595
0.381,4.86270669190233,4.71794374379692,0.144762948105408
0.3812,4.93840201650602,4.79339575009389,0.145006266412124
0.3814,5.01385768452246,4.86893934745001,0.144918337072453
0.3816,5.08902643912254,4.94455378855025,0.144472650572285
0.3818,5.16392118641176,5.02020997224644,0.14371121416532
0.382,5.23856066003511,5.09587040877584,0.142690251259263
0.3822,5.31303898500716,5.17146434335427,0.141574641652885
0.3824,5.38739541721992,5.24697447112813,0.140420946091795
0.3826,5.46168252797512,5.32236072726261,0.139321800712506
0.3828,5.53593516473558,5.39755291484185,0.138382249893729
0.383,5.61019361969024,5.47255705400995,0.137636565680294
0.3832,5.68447943473525,5.54741955281051,0.137059881924742
0.3834,5.75876630267373,5.62211750284422,0.136648799829506
0.3836,5.83301435108984,5.69657032528341,0.136444025806425
0.3838,5.90722698974488,5.77087333241415,0.13635365733073
0.384,5.98142550112363,5.84503242058302,0.136393080540606
0.3842,6.05558921838127,5.91904201867904,0.136547199702233
0.3844,6.12975341111638,5.99304215412095,0.136711256995429
0.3846,6.20387064615122,6.06710563915953,0.136765006991692
0.3848,6.27792938484196,6.14126393983034,0.136665445011626
0.385,0.0687138695160465,6.21551567060423,0.136383506091405
0.3852,0.142572514586302,0.00668418986534536,0.135888324720957
0.3854,0.216318154671791,0.0811752272327204,0.13514292743907
0.3856,0.289981703465856,0.155807091393156,0.1341746120727
0.3858,0.363639962052316,0.230521039179059,0.133118922873258
0.386,0.437378182513094,0.305370165632305,0.132008016880789
0.3862,0.511280543314882,0.380393195351184,0.130887347963698
0.3864,0.585396340419929,0.45543164812778,0.129964692292149
0.3866,0.659757436371493,0.53052063612125,0.129236800250242
0.3868,0.734444075077165,0.605707871391189,0.128736203685976
0.387,0.809475030526446,0.680960894929133,0.128514135597313
0.3872,0.884846580883161,0.756239715319597,0.128606865563564
0.3874,0.960571702414903,0.831501826622727,0.129069875792176
0.3876,1.03667135703943,0.90676706535299,0.129904291686437
0.3878,1.11314645706776,0.982072154968524,0.131074302099239
0.388,1.18995852715628,1.0573808911977,0.132577635958587
0.3882,1.26703886528622,1.13267870334637,0.134360161939845
0.3884,1.34422731431826,1.20795109615508,0.136276218163183
0.3886,1.42138601788991,1.28318654049138,0.138199477398523
0.3888,1.49839787812812,1.35844373187722,0.139954146250906
0.389,1.57519204882135,1.43373883638384,0.14145321243751
0.3892,1.65169916687461,1.50907950709843,0.142619659776182
0.3894,1.72787129189632,1.5844642532736,0.143407038622714
0.3896,1.80368586472956,1.65988866213628,0.143797202593279
0.3898,1.87914094139456,1.73534248836182,0.14379845303274
0.39,1.95422108055351,1.81082239854207,0.143398682011439
0.3902,2.02895044235244,1.88629869184745,0.142651750504998
0.3904,2.10343888644336,1.96177685282183,0.141662033621538
0.3906,2.17779705378956,2.0372188601878,0.140578193601756
0.3908,2.25203134838206,2.11257685344323,0.139454494938831
0.391,2.32622412499453,2.18786431171182,0.13835981328271
0.3912,2.40041075273584,2.26303756603175,0.137373186704089
0.3914,2.47458518372945,2.33806028602057,0.136524897708874
0.3916,2.54877268260965,2.4129374832323,0.135835199377345
0.3918,2.62298135644161,2.48771908880278,0.135262267638835
0.392,2.69719664497998,2.56237482943964,0.134821815540342
0.3922,2.77139751371128,2.63691652946092,0.134480984250363
0.3924,2.84559702345952,2.71130937237034,0.134287651089178
0.3926,2.91977616710712,2.78558751812245,0.134188648984665
0.3928,2.99393052620311,2.85980191148209,0.134128614721025
0.393,3.06802589731859,2.93399665440155,0.134029242917044
0.3932,3.14206954750011,3.00823364521798,0.13383590228213
0.3934,3.21606137710162,3.0825691985892,0.13349217851242
0.3936,3.28995849226623,3.15701184958957,0.13294664267666
0.3938,3.3638210649018,3.23157177062549,0.132249294276316
0.394,3.43768280987923,3.30618987434392,0.131492935535306
0.3942,3.51159298562288,3.3808630128705,0.13072997275238
0.3944,3.58564483208885,3.45562871539368,0.130016116695173
0.3946,3.65993402800159,3.53049206245035,0.12944196555124
0.3948,3.73449176934891,3.60545323435036,0.129038534998549
0.395,3.80935108572028,3.68055004881896,0.128801036901325
0.3952,3.88452305152626,3.75576180851551,0.128761243010754
0.3954,3.95999319374368,3.83099631406485,0.128996879678823
0.3956,4.03574104980993,3.90621115262141,0.129529897188521
0.3958,4.11180128390767,3.98141335710707,0.130387926800601
0.396,4.18814153732261,4.05665164575189,0.131489891570722
0.3962,4.26474309168338,4.13194515459316,0.132797937090221
0.3964,4.34151191743938,4.20723723550363,0.134274681935746
0.3966,4.41837617452088,4.28253710381754,0.135839070703344
0.3968,4.49525387983114,4.35784856050345,0.137405319327683
0.397,4.57203276432683,4.43316629799387,0.138866466332961
0.3972,4.64865918654322,4.5084941044341,0.140165082109121
0.3974,4.72507424185195,4.58383723908982,0.141237002762131
0.3976,4.80122248723688,4.6592028540729,0.142019633163975
0.3978,4.87711216273393,4.73459529882528,0.142516863908643
0.398,4.95277159165217,4.8100175763453,0.14275401530687
0.3982,5.02818365660268,4.885475877293,0.14270777930968
0.3984,5.10329675145644,4.96095893889004,0.142337812566402
0.3986,5.17812768454887,5.0364378729904,0.141689811558471
0.3988,5.25269133514638,5.11191540498078,0.140775930165594
0.399,5.32709471119381,5.18735482125388,0.139739889939934
0.3992,5.40137580174972,5.26275645798004,0.138619343769677
0.3994,5.47560556077847,5.33812974117045,0.137475819608019
0.3996,5.5498093789732,5.41337164834891,0.136437730624299
0.3998,5.62401381217598,5.48846054515958,0.135553267016396
0.4,5.69824130176661,5.56340717698069,0.13483412478592
0.4002,5.77246986436463,5.63820586273451,0.134264001630123
0.4004,5.84666006316419,5.71283493339723,0.133825129766959
0.4006,5.92084118261787,5.78727401602206,0.133567166595809
0.4008,5.99490222463757,5.86124351605372,0.133658708583848
0.401,6.06846469580219,5.93360804434952,0.134856651452671
0.4012,6.14038327312883,6.00198276551862,0.138400507610206
0.4014,6.20884024319443,6.0631208600774,0.145719383117027
0.4016,6.27206612844981,6.11460217370083,0.157463954748984
0.4018,0.0463380625466003,6.15702315663448,0.172500213091709
0.402,0.0997515133065242,6.1954223476394,0.187514472846713
0.4022,0.152966363513881,6.23724422433698,0.198907446356487
0.4024,0.210043863308365,0.00608122415332402,0.203962639155041
0.4026,0.273572164783425,0.0723174453176998,0.201254719465725
0.4028,0.344136106285988,0.152476232043118,0.19165987424287
0.403,0.4199773851456,0.241986156882514,0.177991228263086
0.4032,0.497772270493338,0.333961599715385,0.163810670777953
0.4034,0.574737933977418,0.422893716898997,0.151844217078421
0.4036,0.649587477902521,0.506500319674807,0.143087158227714
0.4038,0.72242469549209,0.585661434530839,0.13676326096125
0.404,0.79418365127019,0.663278017051365,0.130905634218825
0.4042,0.865861833133594,0.742289220721723,0.12357261241187
0.4044,0.937974499156959,0.823862319815307,0.114112179341652
0.4046,1.01049271864636,0.907322718838655,0.103169999807702
0.4048,1.08311616224155,0.991204090847737,0.0919120713938154
0.405,1.15565215249666,1.07441767158067,0.0812344809159935
0.4052,1.22813471384903,1.15666765966191,0.0714670541871267
0.4054,1.30064435011827,1.23794746242783,0.0626968876904361
0.4056,1.37313532763115,1.31814672435017,0.0549886032809845
0.4058,1.44558443068603,1.39708129931343,0.0485031313725932
0.406,1.51810139907688,1.47468019281962,0.0434212062572614
0.4062,1.59076882520343,1.55098711678545,0.0397817084179823
0.4064,1.66363286279155,1.62611692323973,0.0375159395518263
0.4066,1.73670495951028,1.70027236375054,0.0364325957597467
0.4068,1.81019456597383,1.77380780723221,0.0363867587416238
0.407,1.88438930779958,1.84710861411684,0.0372806936827446
0.4072,1.95928493596865,1.92036660796111,0.0389183280075454
0.4074,2.03445083291475,1.9935743483068,0.0408764846079479
0.4076,2.10945314557893,2.06674638256071,0.0427067630182285
0.4078,2.18436235239882,2.1402543149365,0.0441080374623199
0.408,2.25981249108964,2.21468564387763,0.0451268472120172
0.4082,2.33640652315807,2.2904428025074,0.0459637206506693
0.4084,2.41413903606022,2.36735234183606,0.0467866942241528
0.4086,2.4924519341773,2.44490927360379,0.0475426605735088
0.4088,2.570791523064,2.52276134101361,0.0480301820503888
0.409,2.64904104296317,2.6009076474667,0.0481333954964711
0.4092,2.7274037818384,2.67941894191017,0.0479848399282319
0.4094,2.80596642553066,2.75807599972336,0.0478904258072994
0.4096,2.88454950215173,2.8365427421773,0.0480067599744332
0.4098,2.96298739142865,2.91466736799722,0.0483200234314336
0.41,3.04142043707044,2.99277086173944,0.0486495753310008
0.4102,3.1202136383231,3.07128466960676,0.0489289687163423
0.4104,3.19950331731972,3.15012226514427,0.049381052175447
0.4106,3.27902772465787,3.22893485664386,0.0500928680140098
0.4108,3.35849504924491,3.30754956248586,0.0509454867590531
0.411,3.43786696484632,3.38619824816657,0.0516687166797474
0.4112,3.51738410130291,3.46540871943518,0.0519753818677304
0.4114,3.59725916679979,3.54544640376816,0.0518127630316294
0.4116,3.67741658086722,3.62605937484997,0.0513572060172458
0.4118,3.75760362449942,3.70678589380886,0.0508177306905537
0.412,3.8376608196879,3.78747691494299,0.0501839047449053
0.4122,3.91761324600003,3.86827408902919,0.0493391569708304
0.4124,3.99751944315908,3.94916133481053,0.0483581083485478
0.4126,4.07735427715293,4.03000322977797,0.0473510473749608
0.4128,4.15705215335518,4.11048468192893,0.0465674714262487
0.413,4.23658510666666,4.19049272704339,0.0460923796232757
0.4132,4.31597182564395,4.2699402248911,0.046031600752853
0.4134,4.39520644282465,4.34878433469877,0.0464221081258875
0.4136,4.47423405321058,4.42693471389197,0.047299339318605
0.4138,4.55313606822591,4.50429981311019,0.0488362551157229
0.414,4.63199551887729,4.58088576027751,0.0511097585997806
0.4142,4.71092272883518,4.65683707892889,0.0540856499062858
0.4144,4.78987406401039,4.73232439873724,0.0575496652731511
0.4146,4.86878246637812,4.80749063597233,0.0612918304057821
0.4148,4.94751893883308,4.88246950200261,0.0650494368304706
0.415,5.02614194190138,4.95743060637023,0.0687113355311562
0.4152,5.10470164567315,5.0325341808917,0.0721674647814483
0.4154,5.18314187806615,5.10783294506114,0.0753089330050107
0.4156,5.26123632547813,5.18333645961784,0.0778998658602923
0.4158,5.33894200739771,5.25907166343639,0.0798703439613222
0.416,5.4163634682407,5.3350987898658,0.0812646783749056
0.4162,5.49364637106573,5.41153360328379,0.0821127677819407
0.4164,5.57085060182313,5.48828360435965,0.0825669974634744
0.4166,5.64790130888643,5.56516486424434,0.0827364446420882
0.4168,5.72471381654961,5.64201005252731,0.0827037640222921
0.417,5.80124855526648,5.71866609535719,0.0825824599092959
0.4172,5.87754317212449,5.79501211024412,0.0825310618803723
0.4174,5.95366234987024,5.8711030421068,0.0825593077634421
0.4176,6.0295428577026,5.94727907438718,0.0822637833154154
0.4178,6.10508736493346,6.02490663409261,0.0801807308408442
0.418,6.18030103237805,6.10635673649218,0.0739442958858714
0.4182,6.25529730112937,6.19410701560368,0.0611902855256847
0.4184,0.0470690867511205,0.00583481468890148,0.0412342720622191
0.4186,0.122101878810579,0.105355020341761,0.0167468584688178
0.4188,0.197125510152758,0.204095815449683,-0.00697030529692585
0.419,0.272107445393638,0.296727017900394,-0.024619572506756
0.4192,0.347075754582854,0.380193174653547,-0.0331174200706937
0.4194,0.422070747335834,0.454295279665878,-0.0322245323300448
0.4196,0.497087389396938,0.521750889914973,-0.0246635005180345
0.4198,0.572121662883899,0.586962536668008,-0.0148408737841087
0.42,0.647136024964432,0.653865201863089,-0.0067291768986566
0.4202,0.722128982495797,0.724718552693003,-0.00258957019720585
0.4204,0.797152437395489,0.79953671235574,-0.00238427496025118
0.4206,0.872207728189678,0.876618860345199,-0.00441113215552058
0.4208,0.947345192685901,0.953796684762344,-0.00645149207644247
0.421,1.02256554960206,1.02977223451179,-0.00720668490973653
0.4212,1.09788860145589,1.10452282566693,-0.00663422421103843
0.4214,1.1733232517671,1.17871289155053,-0.00538963978343432
0.4216,1.24879836837209,1.25291589573606,-0.00411752736396243
0.4218,1.32429063228573,1.32731114201422,-0.0030205097284921
0.422,1.39984563058008,1.40186884152446,-0.00202321094437119
0.4222,1.47544233010439,1.47661189251159,-0.00116956240719701
0.4224,1.55106314318401,1.55167931290529,-0.000616169721275206
0.4226,1.62661284141151,1.62720711931362,-0.000594277902105311
0.4228,1.70209957669716,1.70326992962693,-0.00117035292976952
0.423,1.77746961830667,1.7799233111681,-0.00245369286143626
0.4232,1.85270175786931,1.85713245546423,-0.00443069759491976
0.4234,1.92782934170171,1.93463704868009,-0.00680770697837674
0.4236,2.00290595647113,2.0121241113483,-0.00921815487716593
0.4238,2.07790438104253,2.08947582959295,-0.011571448550423
0.424,2.15280543900404,2.16686590973056,-0.0140604707265233
0.4242,2.2276212732093,2.24449460715552,-0.0168733339462199
0.4244,2.30239481594172,2.32214668915462,-0.0197518732129041
0.4246,2.37711056831943,2.39914794268919,-0.0220373743697602
0.4248,2.45175472622132,2.47486827649695,-0.0231135502756343
0.425,2.52628413892739,2.5492063526133,-0.0229222136859137
0.4252,2.60070226127608,2.62268617393605,-0.0219839126599743
0.4254,2.67506899159705,2.69578580699153,-0.0207168153944766
0.4256,2.74942756829434,2.76856341752054,-0.0191358492261999
0.4258,2.82374875518518,2.84076214683583,-0.017013391650651
0.426,2.89801640185052,2.9124201029957,-0.0144037011451781
0.4262,2.97227362071404,2.98393504135972,-0.0116614206456784
0.4264,3.04655104379677,3.05556144722138,-0.00901040342460702
0.4266,3.12084032116074,3.12714162905722,-0.00630130789648309
0.4268,3.19513778731554,3.19829363196795,-0.00315584465241336
0.427,3.26940305742162,3.26896260821184,0.000440449209774485
0.4272,3.34360349852707,3.33958204286784,0.00402145565923639
0.4274,3.41774465835561,3.41058076525015,0.00716389310545784
0.4276,3.49182787114715,3.48199833329201,0.00982953785514562
0.4278,3.5658747599597,3.55347369532252,0.0124010646371775
0.428,3.63986548832785,3.62471174985464,0.0151537384732046
0.4282,3.71382866260357,3.69588320499324,0.0179454576103311
0.4284,3.78775777474051,3.76750371731887,0.0202540574216385
0.4286,3.86170603359185,3.83993742306919,0.0217686105226522
0.4288,3.93566443980484,3.91306870302492,0.0225957367799152
0.429,4.00958604308066,3.98665818284749,0.0229278602331617
0.4292,4.08349272812333,4.06064623054777,0.0228464975755607
0.4294,4.15736428776035,4.13504474504051,0.0223195427198384
0.4296,4.23118743182161,4.20986901214934,0.0213184196722693
0.4298,4.30497163572328,4.28500659932327,0.0199650364000048
0.43,4.37869915255678,4.36034206616448,0.0183570863922915
0.4302,4.45235447246487,4.43579947739491,0.0165549950699679
0.4304,4.52597971756378,4.51135412396637,0.0146255935974144
0.4306,4.59959865959094,4.5870010791362,0.0125975804547389
0.4308,4.67321765856984,4.66261157569385,0.0106060828759862
0.431,4.7468512054237,4.73804240281823,0.00880880260546313
0.4312,4.82051529834271,4.81320591566361,0.00730938267910641
0.4314,4.89424360938876,4.88806926135214,0.00617434803662054
0.4316,4.96805953904886,4.96261870035238,0.00544083869648126
0.4318,5.04194471122796,5.03685700515874,0.00508770606921605
0.432,5.11589163737767,5.11084556984384,0.00504606753383197
0.4322,5.18987833372443,5.18470437234063,0.00517396138379933
0.4324,5.26390205777625,5.25857579231326,0.00532626546298687
0.4326,5.33799372830446,5.33247467416688,0.00551905413758025
0.4328,5.41212419592545,5.40630976257976,0.00581443334568998
0.433,5.48626975429633,5.48010521410966,0.00616454018666523
0.4332,5.56040633704123,5.5539772594452,0.00642907759603251
0.4334,5.63452975917543,5.62802217938702,0.00650757978840222
0.4336,5.7085785457097,5.70231143318013,0.00626711252957168
0.4338,5.78259093487918,5.77686947014679,0.00572146473239599
0.434,5.85656574249277,5.85167366153524,0.00489208095753479
0.4342,5.93055417348706,5.92685360627261,0.00370056721445167
0.4344,6.0045127103667,6.00242284976028,0.00208986060642502
0.4346,6.07839887072278,6.07837911418941,1.97565333666105e-05
0.4348,6.15229830457361,6.15459485025659,-0.00229654568298621
0.435,6.2261939831021,6.2307625332025,-0.00456855010039181
0.4352,0.0168741098709546,0.0235454966295268,-0.00667138675857215
0.4354,0.0907127370003056,0.0993869299920014,-0.00867419299169579
0.4356,0.164500249158994,0.17506958774611,-0.0105693385871162
0.4358,0.238236244443318,0.250590436982444,-0.0123541925391259
0.436,0.311972610117935,0.325934308968188,-0.0139616988502533
0.4362,0.385725767407713,0.401097968548734,-0.0153722011410202
0.4364,0.459495294554085,0.476154066329285,-0.0166587717752009
0.4366,0.53329399326773,0.551244072709531,-0.0179500794418018
0.4368,0.607130789876063,0.626381019556926,-0.0192502296808627
0.437,0.681033063188881,0.701497089070852,-0.0204640258819716
0.4372,0.755020099832984,0.776607514550714,-0.0215874147177307
0.4374,0.829070465085865,0.851653860211297,-0.0225833951254319
0.4376,0.903182196805226,0.926705859378145,-0.0235236625729193
0.4378,0.977342409704745,1.00180108833718,-0.0244586786324352
0.438,1.05154808701551,1.07694877112532,-0.025400684109808
0.4382,1.12582638084411,1.15217023167516,-0.0263438508310565
0.4384,1.20014487023716,1.22747562768886,-0.027330757451701
0.4386,1.27452942237043,1.30286449340538,-0.028335071034951
0.4388,1.3489443333754,1.37831179985057,-0.0293674664751653
0.439,1.4233652221203,1.45378383737555,-0.0304186152552466
0.4392,1.49773519749277,1.52923796881725,-0.0315027713244809
0.4394,1.57208740026225,1.60463923075955,-0.0325518304973056
0.4396,1.64640383465652,1.67997584341596,-0.0335720087594404
0.4398,1.72072370981815,1.75522533961334,-0.0345016297951901
0.44,1.79500771809344,1.83039414691097,-0.0353864288175252
0.4402,1.86922044016639,1.905471291581,-0.0362508514146125
0.4404,1.94346117422632,1.98044517963152,-0.0369840054051915
0.4406,2.0177331611315,2.05530886959077,-0.0375757084592667
0.4408,2.09200442621217,2.13005623456962,-0.0380518083574497
0.441,2.1662889330648,2.20472802727446,-0.0384390942096644
0.4412,2.24065253817603,2.2793261484388,-0.0386736102627698
0.4414,2.31507173792455,2.35387616943453,-0.0388044315099725
0.4416,2.38953615929684,2.42845541564679,-0.0389192563499452
0.4418,2.46405988563114,2.5030138312699,-0.0389539456387618
0.442,2.53858470837628,2.57754532659337,-0.0389606182170827
0.4422,2.61313096030647,2.65198444426354,-0.0388534839570642
0.4424,2.6877149814213,2.72642758621769,-0.0387126047963942
0.4426,2.76235269747771,2.80091794374318,-0.0385652462654633
0.4428,2.83705042816812,2.87543796149943,-0.03838753333131
0.443,2.91177875261579,2.9499328301789,-0.0381540775631106
0.4432,2.9865333006957,3.02438406015944,-0.0378507594637321
0.4434,3.06125546903808,3.09877101965999,-0.0375155506219178
0.4436,3.13596505500234,3.17319284480959,-0.0372277898072597
0.4438,3.21068561380755,3.24769132999597,-0.0370057161884181
0.444,3.28543071087815,3.32235968807487,-0.0369289771967241
0.4442,3.36027418972407,3.39718806143359,-0.0369138717095239
0.4444,3.43515932631371,3.47210804844111,-0.0369487221273959
0.4446,3.51008377963892,3.54711829770082,-0.0370345180619021
0.4448,3.58501991839583,3.62219010095992,-0.0371701825640911
0.445,3.65995285406602,3.69727215847246,-0.0373193044064362
0.4452,3.73485250687366,3.77230916659493,-0.0374566597212667
0.4454,3.80977238256017,3.84733753459006,-0.0375651520298885
0.4456,3.88467153552359,3.92233633259873,-0.0376647970751396
0.4458,3.95950202280712,3.99732663784648,-0.037824615039356
0.446,4.03434976808593,4.07240386048662,-0.0380540924006914
0.4462,4.10920585204427,4.14757782124401,-0.0383719691997317
0.4464,4.18402919734415,4.22285294002726,-0.0388237426831095
0.4466,4.25883195602383,4.29818953008493,-0.0393575740611087
0.4468,4.33368830075754,4.37359698711939,-0.0399086863618487
0.447,4.40858814900813,4.44904547129642,-0.0404573222882858
0.4472,4.48351502583263,4.52451378983473,-0.0409987640020999
0.4474,4.55846694979619,4.59996757652045,-0.0415006267242592
0.4476,4.63340630006561,4.67539396132655,-0.0419876612609453
0.4478,4.70835050078417,4.75079030955174,-0.0424398087675666
0.448,4.78331577164071,4.82614557662505,-0.042829804984347
0.4482,4.85833032668081,4.90144954961516,-0.0431192229343438
0.4484,4.93341542059418,4.97668622028485,-0.043270799690668
0.4486,5.00855034728068,5.05186129442953,-0.0433109471488464
0.4488,5.08373185906935,5.12698810256416,-0.0432562434948096
0.449,5.15889556625973,5.20201392108356,-0.0431183548238323
0.4492,5.23408728571801,5.27691864732746,-0.0428313616094567
0.4494,5.30937796583022,5.35173580207791,-0.0423578362476986
0.4496,5.38469169981941,5.42646006250168,-0.0417683626822685
0.4498,5.4600240476114,5.50113651822435,-0.0411124706129522
0.45,5.53536887072399,5.57576505534531,-0.0403961846213257
0.4502,5.61075110388725,5.65038715939526,-0.0396360555080149
0.4504,5.6861219548984,5.72494303249366,-0.0388210775952569
0.4506,5.76145635239867,5.79944869064335,-0.0379923382446794
0.4508,5.83674394592439,5.87388542929395,-0.037141483369556
0.451,5.91204181133425,5.94835803158216,-0.0363162202479144
0.4512,5.98734247719262,6.02289611204107,-0.0355536348484478
0.4514,6.06267736243843,6.09743385085559,-0.0347564884171572
0.4516,6.13801366835677,6.1719816193309,-0.0339679509741293
0.4518,6.21332374770419,6.24649286105479,-0.0331691133506009
0.452,0.0053887805964683,0.0378109242125882,-0.0324221436161199
0.4522,0.0805899551736208,0.112412888655725,-0.0318229334821042
0.4524,0.155812114663148,0.187151293967215,-0.0313391793040674
0.4526,0.231044925022104,0.261961949725897,-0.0309170247037938
0.4528,0.306290930014366,0.33684029775751,-0.0305493677431442
0.453,0.381569175245579,0.411762233675667,-0.0301930584300883
0.4532,0.456822848066292,0.486688898951266,-0.0298660508849743
0.4534,0.532072870502619,0.561608801645781,-0.0295359311431616
0.4536,0.607343288745038,0.63658254951939,-0.0292392607743519
0.4538,0.682653489935763,0.711570804916733,-0.0289173149809699
0.454,0.75802198282393,0.78661455122438,-0.0285925684004497
0.4542,0.833421527769315,0.861695723445822,-0.0282741956765065
0.4544,0.908847660814472,0.936790690043486,-0.0279430292290145
0.4546,0.984238152910382,1.01191992451614,-0.0276817716057578
0.4548,1.05963732220338,1.08706720170869,-0.0274298795053076
0.455,1.13507828134869,1.16225525350228,-0.0271769721535817
0.4552,1.21053514853249,1.23747973997547,-0.0269445914429867
0.4554,1.28600539942419,1.31274223432404,-0.0267368348998447
0.4556,1.36148853012591,1.38806590553043,-0.0265773754045129
0.4558,1.43700081014202,1.46342449726137,-0.0264236871193473
0.456,1.51247662417515,1.53881216243371,-0.0263355382585582
0.4562,1.58789964109077,1.61421054884589,-0.0263109077551271
0.4564,1.66326097275341,1.68960714220991,-0.0263461694564961
0.4566,1.73861417009292,1.76498790627865,-0.0263737361857288
0.4568,1.81391385901908,1.8403376641269,-0.0264238051078265
0.457,1.88911408341762,1.91564207494993,-0.0265279915323096
0.4572,1.96431123116387,1.99089713811651,-0.0265859069526373
0.4574,2.03950285570771,2.06607494048888,-0.0265720847811708
0.4576,2.11464188783281,2.14112603201355,-0.0264841441807371
0.4578,2.18972872992699,2.21607416872426,-0.0263454387972732
0.458,2.26483081518389,2.29091021291548,-0.0260793977315918
0.4582,2.33994230705085,2.3656197453961,-0.0256774383452476
0.4584,2.41507539551662,2.4402886590797,-0.0252132635630833
0.4586,2.49025267985501,2.51489634666571,-0.0246436668106984
0.4588,2.56540996398082,2.58946238938219,-0.0240524254013734
0.459,2.64055551507022,2.66396966498405,-0.0234141499138318
0.4592,2.71570501262578,2.73841893135118,-0.0227139187254006
0.4594,2.7908795641182,2.81282513536364,-0.0219455712454382
0.4596,2.8661065141369,2.88725719042964,-0.0211506762927405
0.4598,2.94136462572686,2.96170635348881,-0.0203417277619495
0.46,3.0166506448356,3.03622813771603,-0.0195774928804293
0.4602,3.091931083188,3.11076777864359,-0.0188366954555916
0.4604,3.16722690547245,3.18537384154419,-0.0181469360717346
0.4606,3.24255985561373,3.25999201973527,-0.0174321641215398
0.4608,3.31790120120726,3.33453907605614,-0.016637874848882
0.461,3.39324480559115,3.40908946262779,-0.0158446570366397
0.4612,3.46858643280004,3.4836792404012,-0.0150928076011576
0.4614,3.54394672430318,3.55833705196557,-0.0143903276623951
0.4616,3.61927244653401,3.63304129425337,-0.0137688477193532
0.4618,3.69454291220752,3.707805630291,-0.0132627180834848
0.462,3.76974819155259,3.78258026874948,-0.0128320771968982
0.4622,3.84493952833188,3.85745440694245,-0.0125148786105704
0.4624,3.92006888766607,3.93241260764307,-0.0123437199769998
0.4626,3.99516397116855,4.00741511836028,-0.0122511471917246
0.4628,4.07024337868467,4.08249000451509,-0.012246625830425
0.463,4.14528317936721,4.15762714502513,-0.0123439656579238
0.4632,4.22024969651769,4.23284389367631,-0.0125941971586263
0.4634,4.29515713872392,4.30807635312218,-0.0129192143982602
0.4636,4.37000590469531,4.38331571108742,-0.0133098063921153
0.4638,4.44487748993722,4.4585983932429,-0.013720903305674
0.464,4.51977875362306,4.53391275718372,-0.0141340035606534
0.4642,4.59471597134153,4.60927625221039,-0.0145602808688565
0.4644,4.66962877478397,4.68466121536236,-0.0150324405783904
0.4646,4.74453697412151,4.76005999757948,-0.0155230234579697
0.4648,4.8194616263464,4.83546016021076,-0.0159985338643649
0.465,4.89442134475549,4.91084722401791,-0.0164258792624157
0.4652,4.96943809756809,4.98620599776347,-0.016767900195382
0.4654,5.04448483273504,5.06152172981393,-0.0170368970788877
0.4656,5.11955496583644,5.1368111732551,-0.0172562074186597
0.4658,5.19465455764486,5.21207326124061,-0.0174187035957516
0.466,5.2698132890721,5.28727926922768,-0.0174659801555865
0.4662,5.34498892721417,5.36242948284172,-0.017440555627549
0.4664,5.42015188474151,5.43749351547766,-0.0173416307361478
0.4666,5.49530189340578,5.51248504822034,-0.0171831548145587
0.4668,5.57043590847355,5.587359367542,-0.0169234590684528
0.467,5.64554273609247,5.6621730340028,-0.0166302979103357
0.4672,5.72055995248522,5.736895003167,-0.0163350506817803
0.4674,5.7955370839806,5.81151480761027,-0.0159777236296694
0.4676,5.87045034300601,5.88600171121261,-0.0155513682065997
0.4678,5.94533825384775,5.96041178931979,-0.0150735354720357
0.468,6.02016199010292,6.03470502189754,-0.0145430317946227
0.4682,6.09496683793475,6.10897953431738,-0.0140126963826317
0.4684,6.16978109406652,6.18330535063583,-0.0135242565693083
0.4686,6.24458160218979,6.25765940103852,-0.0130777988487303
0.4688,0.0361580126137397,0.0488283120195032,-0.0126702994057635
0.469,0.110868448482229,0.123153698543777,-0.0122852500615478
0.4692,0.185598637254663,0.197523441755433,-0.0119248045007706
0.4694,0.260350357935045,0.27193533392874,-0.0115849759936946
0.4696,0.335110590853112,0.346346990550978,-0.0112363996978667
0.4698,0.409820218073386,0.42078573486806,-0.0109655167946737
0.47,0.484498452776135,0.495305934827169,-0.0108074820510339
0.4702,0.559181355049464,0.569876394262841,-0.0106950392133772
0.4704,0.633881023829358,0.644548250534881,-0.010667226705523
0.4706,0.708613611041158,0.719324865308451,-0.0107112542672922
0.4708,0.783401047888527,0.794219219740687,-0.0108181718521603
0.471,0.858212942355397,0.869202544248176,-0.0109896018927795
0.4712,0.933040450907406,0.944260281724994,-0.0112198308175883
0.4714,1.00785502069071,1.01935833347874,-0.0115033127880368
0.4716,1.0826870331091,1.09454383492043,-0.011856801811329
0.4718,1.15756498541823,1.16978468022368,-0.0122196948054465
0.472,1.23245789948747,1.24509010626122,-0.0126322067737494
0.4722,1.30735505539894,1.32042615288366,-0.0130710974847223
0.4724,1.3822496745378,1.39580081964187,-0.0135511451040689
0.4726,1.45712727025957,1.47118551654478,-0.0140582462852037
0.4728,1.53192005966154,1.54658062436526,-0.014660564703727
0.473,1.60667504238749,1.62197764790335,-0.0153026055158563
0.4732,1.6813715968808,1.69736076460731,-0.0159891677265092
0.4734,1.75605337224216,1.77271860122541,-0.0166652289832541
0.4736,1.83068262616444,1.84804320666765,-0.0173605805032135
0.4738,1.90530089081967,1.92332231434211,-0.0180214235224412
0.474,1.97993284703634,1.99854834465357,-0.0186154976172324
0.4742,2.05455345209047,2.07371015000024,-0.019156697909775
0.4744,2.12912335567952,2.14877685269793,-0.0196534970184019
0.4746,2.20364952027222,2.22377777737473,-0.0201282571025176
0.4748,2.27819795247677,2.29869355305949,-0.0204956005827226
0.475,2.35275568351716,2.37349060755792,-0.0207349240407604
0.4752,2.4273275722812,2.44823538414986,-0.0209078118686632
0.4754,2.50193006881766,2.52289399596499,-0.0209639271473314
0.4756,2.57649924167201,2.59745938025529,-0.0209601385832867
0.4758,2.65105216684283,2.67194039658095,-0.0208882297381172
0.476,2.72561705858161,2.74639674382744,-0.0207796852458348
0.4762,2.80022849264609,2.82075323599537,-0.0205247433492888
0.4764,2.87484767647929,2.89507083197026,-0.0202231554909722
0.4766,2.94950506910165,2.96936605469188,-0.0198609855902339
0.4768,3.02420258393304,3.04367262693668,-0.0194700430036452
0.477,3.09893782339507,3.11801868189795,-0.0190808585028779
0.4772,3.17374295365444,3.19240723031378,-0.0186642766593401
0.4774,3.24862428738314,3.26685356098957,-0.0182292736064271
0.4776,3.32352254549737,3.34132830308982,-0.017805757592452
0.4778,3.39843423723891,3.41583359229872,-0.0173993550598142
0.478,3.47335411263676,3.49037369055654,-0.017019577919783
0.4782,3.54829601712954,3.5650061609102,-0.0167101437806525
0.4784,3.62325437783983,3.63969556839816,-0.0164411905583286
0.4786,3.69816117040996,3.71443796401809,-0.0162767936081392
0.4788,3.77298695442794,3.78921960416468,-0.0162326497367324
0.479,3.8477912485766,3.86410208716131,-0.0163108385847073
0.4792,3.92253669973877,3.93902892419217,-0.0164922244534056
0.4794,3.99718088032382,4.01399567857164,-0.0168147982478195
0.4796,4.07181404117382,4.08905337443413,-0.0172393332603038
0.4798,4.1464230373372,4.16417505021109,-0.0177520128738973
0.48,4.22095596010781,4.23937502074469,-0.0184190606368793
0.4802,4.29542198156356,4.31465980469094,-0.0192378231273835
0.4804,4.3699114372485,4.3899771501781,-0.0200657129296022
0.4806,4.44444370415931,4.46533715380448,-0.0208934496451665
0.4808,4.51901701204495,4.54071336615771,-0.0216963541127582
0.481,4.59357341669508,4.61610755648563,-0.0225341397905536
0.4812,4.66812567332052,4.69150826369966,-0.02338259037914
0.4814,4.74270083971652,4.76690382153023,-0.0242029818137102
0.4816,4.81730425188629,4.84228297981411,-0.0249787279278202
0.4818,4.89196243569855,4.91762973011112,-0.0256672944125702
0.482,4.96670368300397,4.99293588273967,-0.026232199735702
0.4822,5.04146297687294,5.06818187627445,-0.0267188994015131
0.4824,5.11623323500687,5.14334453695552,-0.0271113019486471
0.4826,5.19103351380591,5.21845057994318,-0.0274170661372697
0.4828,5.26590897445869,5.2934823037536,-0.0275733292949072
0.483,5.34082846699064,5.36846230065494,-0.0276338336643036
0.4832,5.41576585967671,5.44335328710812,-0.0275874274314027
0.4834,5.49071545159082,5.51818041902877,-0.0274649674379486
0.4836,5.56566425620685,5.59292072040681,-0.0272564641999633
0.4838,5.64062803027908,5.66762964202068,-0.0270016117416043
0.484,5.71554455473188,5.74226402185572,-0.0267194671238382
0.4842,5.79040733622329,5.81683132476535,-0.0264239885420636
0.4844,5.86520398121808,5.89131431822963,-0.0261103370115539
0.4846,5.93998575058181,5.96578660530833,-0.0258008547265272
0.4848,6.01471295714132,6.04016541639075,-0.0254524592494247
0.485,6.08942412161007,6.11449256310542,-0.0250684414953515
0.4852,6.16414348023947,6.18882403619929,-0.0246805559598249
0.4854,6.23884542997656,6.26312572574784,-0.0242802957712778
0.4856,0.030305609388777,0.0542303894287336,-0.0239247800399566
0.4858,0.10490492385105,0.12845022920859,-0.0235453053575402
0.486,0.179457557576006,0.202663123101922,-0.0232055655259168
0.4862,0.254044365392213,0.276966867726898,-0.0229225023346849
0.4864,0.328668835021332,0.351426609656534,-0.022757774635202
0.4866,0.40333173753191,0.425969960558572,-0.022638223026662
0.4868,0.477969003297742,0.500554890417919,-0.0225858871201773
0.487,0.55260200502452,0.575166516351315,-0.0225645113267946
0.4872,0.627258350324657,0.649869331221029,-0.0226109808963724
0.4874,0.70196306174275,0.724663613762742,-0.0227005520199921
0.4876,0.776738645112221,0.799559605080648,-0.0228209599684274
0.4878,0.851552856814209,0.874539390059879,-0.0229865332456696
0.488,0.926393340866793,0.949613979092271,-0.0232206382254783
0.4882,1.00126560846561,1.02474823856753,-0.0234826301019158
0.4884,1.07620629581832,1.09998708686034,-0.0237807910420156
0.4886,1.15121935147656,1.17529998696052,-0.0240806354839591
0.4888,1.22623999409465,1.25066389634464,-0.0244239022499848
0.489,1.30126057378946,1.32604470619048,-0.0247841324010187
0.4892,1.37627750586855,1.40145668854158,-0.0251791826730303
0.4894,1.45127423615458,1.47686954262452,-0.025595306469939
0.4896,1.52621705509125,1.55227455399035,-0.0260574988991025
0.4898,1.6011229040193,1.62766835930426,-0.0265454552849627
0.49,1.67596484613183,1.70303752988285,-0.0270726837510216
0.4902,1.75078803221553,1.77837309911309,-0.0275850668975561
0.4904,1.8255574324754,1.85366583276963,-0.028108400294232
0.4906,1.90031796075111,1.92891865532034,-0.0286006945692279
0.4908,1.97509652637565,2.00412733585434,-0.0290308094786886
0.491,2.04986629075152,2.07927371976592,-0.0294074290143977
0.4912,2.12458485152017,2.15433306379845,-0.0297482122782728
0.4914,2.19933761921256,2.22934247050909,-0.0300048512965363
0.4916,2.27413732679275,2.30431033188871,-0.0301730050959605
0.4918,2.34896691200528,2.37916126540511,-0.030194353399831
0.492,2.42380041091144,2.45393748716573,-0.0301370762542938
0.4922,2.49858430754523,2.52862053857245,-0.0300362310272253
0.4924,2.57333724374951,2.60324029116917,-0.0299030474196615
0.4926,2.64809462022186,2.677756316458,-0.0296616962361367
0.4928,2.72287097361298,2.75218578569793,-0.0293148120849493
0.493,2.79768188757077,2.82655316592671,-0.0288712783559446
0.4932,2.87254338565462,2.90089549265148,-0.0283521069968566
0.4934,2.94742063189728,2.97518507976462,-0.0277644478673391
0.4936,3.02230674756348,3.04940743477845,-0.0271006872149679
0.4938,3.09721867111988,3.12362322536522,-0.0264045542453424
0.494,3.17220212360352,3.19783850949059,-0.0256363858870703
0.4942,3.24722742818368,3.27211437828405,-0.0248869501003721
0.4944,3.32231771225647,3.34645756281719,-0.0241398505607151
0.4946,3.3974343665453,3.4208524022952,-0.0234180357499021
0.4948,3.47261016579123,3.4953129740418,-0.0227028082505698
0.495,3.54781594618318,3.5698709728987,-0.0220550267155195
0.4952,3.62303397051319,3.64449974934651,-0.0214657788333255
0.4954,3.69820093790911,3.71919770277491,-0.0209967648657932
0.4956,3.77329009037983,3.79394494494159,-0.0206548545617529
0.4958,3.84836014667557,3.86880090458589,-0.0204407579103125
0.496,3.92336931731829,3.94372993767781,-0.0203606203595146
0.4962,3.99826925377096,4.01869743615031,-0.0204281823793515
0.4964,4.07314796022321,4.09375952090811,-0.0206115606849
0.4966,4.14799697526773,4.16889924719315,-0.0209022719254204
0.4968,4.22277210413441,4.24412195734431,-0.021349853209891
0.497,4.29748518910072,4.3194001439048,-0.0219149548040809
0.4972,4.37212086724437,4.39470962344756,-0.0225887562031906
0.4974,4.44675343928605,4.47006409556228,-0.0233106562762302
0.4976,4.52142811969148,4.54544630622758,-0.0240181865361055
0.4978,4.59615289854392,4.62084552862792,-0.0246926300840045
0.498,4.6708687251924,4.6962476746095,-0.025378949417096
0.4982,4.7455969595837,4.77164284894984,-0.0260458893661397
0.4984,4.82037810960241,4.84702357980211,-0.0266454701996981
0.4986,4.8951967852219,4.92237636488288,-0.0271795796609737
0.4988,4.97002433409391,4.99770376578586,-0.0276794316919435
0.499,5.04490243611919,5.07298416858568,-0.0280817324664877
0.4992,5.1198301642006,5.14819102178256,-0.0283608575819665
0.4994,5.19479786730702,5.2233439646834,-0.0285460973763731
0.4996,5.26983407483117,5.29840103561705,-0.0285669607858736
0.4998,5.34494449280543,5.37337060568933,-0.0284261128838965
0.5,5.42006791339399,5.44823741942771,-0.0281695060337217
0.5002,5.49519582718462,5.52303762516626,-0.0278417979816439
0.5004,5.57031794659362,5.5977326036063,-0.027414657012681
0.5006,5.64544738752894,5.67238847278314,-0.0269410852542036
0.5008,5.72051823546262,5.74697704300357,-0.0264588075409469
0.501,5.79552225858626,5.82148806158635,-0.0259658030000844
0.5012,5.870447057665,5.89589589328105,-0.0254488356160554
0.5014,5.94534537999324,5.97028583300075,-0.0249404530075097
0.5016,6.02017971432594,6.04459321051164,-0.024413496185705
0.5018,6.09499094036479,6.11886660587135,-0.0238756655065577
0.502,6.16980321704144,6.19317202447109,-0.023368807429657
0.5022,6.24460362806591,6.26750563309189,-0.0229020050259869
0.5024,0.0361796221180519,0.0586543346415166,-0.0224747125234647
0.5026,0.110886464833708,0.13303178825871,-0.0221453234250022
0.5028,0.185619787499092,0.207446020471163,-0.0218262329720707
0.503,0.260388815551391,0.281894105303458,-0.0215052897520668
0.5032,0.33518043397902,0.356402144020232,-0.0212217100412113
0.5034,0.410007282319655,0.431008126215162,-0.0210008438955066
0.5036,0.48481369419078,0.505676339616133,-0.0208626454253528
0.5038,0.559621490231072,0.580362188343954,-0.0207406981128814
0.504,0.634450860127905,0.655113810420683,-0.0206629502927782
0.5042,0.709314148184579,0.729931576362362,-0.020617428177783
0.5044,0.784222214593315,0.804833598023519,-0.0206113834302037
0.5046,0.859137437976212,0.879812591610151,-0.0206751536339392
0.5048,0.934050463527145,0.95486736193725,-0.0208168984101046
0.505,1.00897527762895,1.02996457028867,-0.0209892926597133
0.5052,1.08395678435207,1.1051077828945,-0.0211509985424303
0.5054,1.15896972165011,1.18030822479652,-0.0213385031464108
0.5056,1.23399503963463,1.25558265717747,-0.0215876175428427
0.5058,1.30903170931205,1.33088800878229,-0.0218562994702414
0.506,1.38411967800018,1.40624136981234,-0.0221216918121676
0.5062,1.45922139618189,1.48162770292393,-0.0224063067420432
0.5064,1.53432176931043,1.55702224803695,-0.022700478726525
0.5066,1.609367470344,1.63241960380957,-0.0230521334655676
0.5068,1.68433885654862,1.70780383950828,-0.0234649829596627
0.507,1.75929678448399,1.78316024780902,-0.0238634633250372
0.5072,1.83420172636348,1.85847241329193,-0.0242706869284433
0.5074,1.90908649010032,1.93373868412793,-0.0246521940276099
0.5076,1.98396832635031,2.00895782827134,-0.0249895019210318
0.5078,2.05883082414422,2.0841414353024,-0.0253106111581829
0.508,2.13364411482289,2.15920363947631,-0.0255595246534219
0.5082,2.20839054678899,2.23414712339293,-0.0257565766039378
0.5084,2.2831512754678,2.30905284566867,-0.025901570200872
0.5086,2.35793697127528,2.38386874873947,-0.0259317774641912
0.5088,2.43273361858445,2.45863833108121,-0.02590471249676
0.509,2.50747475238417,2.53329712867819,-0.0258223762940202
0.5092,2.58217398724599,2.6078682038754,-0.0256942166294141
0.5094,2.65686847333827,2.68235135500692,-0.0254828816686508
0.5096,2.73157549929626,2.75676335278163,-0.0251878534853769
0.5098,2.80631538155207,2.83107608876422,-0.0247607072121521
0.51,2.88108105889317,2.90538978339683,-0.0243087245036584
0.5102,2.95588370625408,2.9797130489286,-0.0238293426745231
0.5104,3.03071614461073,3.05397908030163,-0.0232629356908989
0.5106,3.10558029806233,3.12822970261586,-0.0226494045535262
0.5108,3.18051565851203,3.20249421294374,-0.021978554431707
0.511,3.2554907531283,3.27674919592973,-0.0212584428014289
0.5112,3.3304988490621,3.35103687421924,-0.0205380251571419
0.5114,3.40551861140233,3.42533574500122,-0.0198171335988953
0.5116,3.48058262502492,3.49969461179836,-0.0191119867734444
0.5118,3.55566088153849,3.57415283794368,-0.0184919564051915
0.512,3.63074178817014,3.64869011036123,-0.0179483221910863
0.5122,3.70576899117766,3.7233122486709,-0.0175432574932421
0.5124,3.7807198974041,3.79799960413082,-0.0172797067267139
0.5126,3.85565441732309,3.87280531389047,-0.0171508965673746
0.5128,3.93053028740677,3.9476883799921,-0.017158092585325
0.513,4.00530031038143,4.02261202388788,-0.0173117135064507
0.5132,4.08005459090751,4.0976316836144,-0.017577092706885
0.5134,4.15478662708189,4.17273158399067,-0.0179449569087797
0.5136,4.22945174862691,4.24792394017329,-0.018472191546377
0.5138,4.30405775396719,4.32319657934639,-0.0191388253792004
0.514,4.3786975627119,4.39852648747154,-0.019828924759639
0.5142,4.45337244683622,4.47389947979884,-0.0205270329626206
0.5144,4.52804751355469,4.5492886809491,-0.0212411673944111
0.5146,4.6027427235761,4.62469578657943,-0.0219530630033278
0.5148,4.67740497673865,4.70010191993207,-0.0226969431934183
0.515,4.75208637391904,4.77549395281059,-0.0234075788915487
0.5152,4.82682153091324,4.85086628231199,-0.0240447513987458
0.5154,4.90158615376771,4.92619933668264,-0.0246131829149316
0.5156,4.97634402596086,5.00151059116875,-0.0251665652078854
0.5158,5.05115429479473,5.07679147551689,-0.0256371807221658
0.516,5.12600626098865,5.15199831534099,-0.0259920543523409
0.5162,5.20088987372792,5.22715664106974,-0.0262667673418147
0.5164,5.27584221852048,5.30226312659727,-0.0264209080767905
0.5166,5.35083574823821,5.37731342941933,-0.0264776811811149
0.5168,5.42584487051866,5.45226321683977,-0.0264183463211118
0.517,5.50086223531155,5.52714503851311,-0.0262828032015587
0.5172,5.57587252595903,5.60191600789805,-0.0260434819390269
0.5174,5.65089157428806,5.67667722104207,-0.0257856467540085
0.5176,5.72591962349899,5.75141670131412,-0.0254970778151291
0.5178,5.80089037970584,5.82607009236296,-0.0251797126571232
0.518,5.87577440507653,5.90061617928969,-0.024841774213157
0.5182,5.95063190191923,5.97513889554695,-0.0245069936277105
0.5184,6.02542490478544,6.04955691901662,-0.0241320142311761
0.5186,6.10018582123037,6.12390742520227,-0.0237216039719019
0.5188,6.1749314985109,6.19822351427658,-0.0232920157656755
0.519,6.24963410800923,6.27248645413718,-0.0228523461279462
0.5192,0.0410699969102888,0.06353423753596,-0.0224642406256712
0.5194,0.115622044750475,0.13767279978222,-0.0220507550317453
0.5196,0.190109740867799,0.211782926540262,-0.0216731856724636
0.5198,0.264623304395046,0.285960118677905,-0.0213368142828591
0.52,0.339177683290322,0.3602259775388,-0.0210482942484781
0.5202,0.413810848437315,0.434641628581282,-0.0208307801439667
0.5204,0.488471241654268,0.509139824616541,-0.0206685829622732
0.5206,0.56316055924997,0.58371108939898,-0.0205505301490104
0.5208,0.63791481953162,0.658384155837772,-0.0204693363061512
0.521,0.71270580962922,0.733152763154041,-0.0204469535248213
0.5212,0.787551032385151,0.808028614320213,-0.0204775819350621
0.5214,0.862415021360848,0.882988959098803,-0.0205739377379554
0.5216,0.937279926288095,0.958020691500361,-0.0207407652122669
0.5218,1.01215364993933,1.0331009715786,-0.0209473216392673
0.522,1.08708167124822,1.10827215686677,-0.0211904856185485
0.5222,1.16204085970329,1.18350370936793,-0.0214628496646387
0.5224,1.23701026135649,1.25881011763888,-0.0217998562823922
0.5226,1.31198553359205,1.33415713871691,-0.0221716051248584
0.5228,1.38700624359829,1.40953671218979,-0.0225304685914922
0.523,1.4620375875971,1.48493789293216,-0.0229003053350625
0.5232,1.53706527391699,1.56033847277376,-0.0232731988567727
0.5234,1.61203139207447,1.63573274609586,-0.0237013540213848
0.5236,1.68691029706706,1.71110731066815,-0.0241970136010827
0.5238,1.76176084194723,1.78645197758973,-0.0246911356425032
0.524,1.83654648865589,1.86175514989047,-0.0252086612345872
0.5242,1.91130569280136,1.93702056770153,-0.025714874900173
0.5244,1.98603569401915,2.01224045481999,-0.0262047608008404
0.5246,2.06072410843681,2.08742456889651,-0.0267004604596961
0.5248,2.13536447664696,2.16254432056066,-0.027179843913697
0.525,2.2099384368135,2.23753507653565,-0.0275966397221485
0.5252,2.28455251195065,2.31245635430786,-0.027903842357214
0.5254,2.35920877228901,2.38727556521121,-0.0280667929222003
0.5256,2.43388410469933,2.46205814172621,-0.0281740370268788
0.5258,2.50858342964388,2.53674890797724,-0.0281654783333547
0.526,2.5832466937396,2.61134836736965,-0.0281016736300459
0.5262,2.65789750077519,2.68586261555894,-0.0279651147837416
0.5264,2.7325633012093,2.76031348714088,-0.0277501859315739
0.5266,2.80726535458359,2.83468690193477,-0.0274215473511727
0.5268,2.88202180542231,2.90902429246737,-0.0270024870450589
0.527,2.956798699074,2.98331830907627,-0.02651961000227
0.5272,3.03158690440182,3.05754347914006,-0.0259565747382413
0.5274,3.10639760472367,3.1317503955199,-0.0253527907962297
0.5276,3.18127012874816,3.20597589106133,-0.0247057623131752
0.5278,3.25617368130623,3.28020622010902,-0.024032538802786
0.528,3.33108489671216,3.35446022089344,-0.0233753241812864
0.5282,3.40600067846649,3.42871490496846,-0.0227142265019711
0.5284,3.48090496698084,3.50300943342702,-0.022104466446188
0.5286,3.55580978596312,3.57740695295931,-0.0215971669961887
0.5288,3.63071681137439,3.65188177240359,-0.0211649610291933
0.529,3.70557006094497,3.72644032343098,-0.0208702624860138
0.5292,3.78035407417584,3.80106968574891,-0.0207156115730713
0.5294,3.85513880980587,3.87582565838696,-0.0206868485810903
0.5296,3.92988912575286,3.95068306941767,-0.0207939436648048
0.5298,4.00463552069997,4.02560527278821,-0.0209697520882406
0.53,4.07939054186791,4.10061625603486,-0.0212257141669445
0.5302,4.15413354425421,4.17568290302597,-0.0215493587717575
0.5304,4.22882970564507,4.25084986008073,-0.0220201544356566
0.5306,4.30353493110993,4.32608490552632,-0.0225499744163873
0.5308,4.3782668037024,4.40137481988501,-0.0231080161826105
0.531,4.45302290827794,4.4767214524609,-0.0236985441829569
0.5312,4.527785436739,4.55208870209156,-0.0243032653525592
0.5314,4.60249746379001,4.62747770332484,-0.0249802395348313
0.5316,4.67716670963387,4.7028773535497,-0.0257106439158257
0.5318,4.75182045248056,4.77826894421864,-0.0264484917380745
0.532,4.82647536620539,4.85364125368009,-0.0271658874746992
0.5322,4.90119949547565,4.92897897992872,-0.027779484453065
0.5324,4.9759676198667,5.0042656935203,-0.0282980736536045
0.5326,5.05076314463679,5.07950483893235,-0.0287416942955563
0.5328,5.12559035569403,5.15467103174029,-0.0290806760462603
0.533,5.20045214026255,5.22978377934057,-0.0293316390780207
0.5332,5.27538039945919,5.3048044213136,-0.0294240218544042
0.5334,5.35037659516643,5.37974786900647,-0.029371273840046
0.5336,5.42537641985449,5.45460193903033,-0.0292255191758386
0.5338,5.50037357889082,5.52942983059215,-0.0290562517013324
0.534,5.57541604337303,5.60417310422196,-0.0287570608489327
0.5342,5.6504696254071,5.6788166637265,-0.0283470383193967
0.5344,5.72551998750085,5.7534219343166,-0.0279019468157546
0.5346,5.80051463560694,5.82795540047486,-0.0274407648679258
0.5348,5.87543328847402,5.90239323645656,-0.0269599479825393
0.535,5.95033206449879,5.97681748222381,-0.0264854177250182
0.5352,6.02516349442655,6.05115041684355,-0.0259869224169984
0.5354,6.09995463863469,6.12542848590273,-0.025473847268044
0.5356,6.17469777094714,6.199683290045,-0.0249855190978625
0.5358,6.24938132387069,6.27396365650139,-0.0245823326306978
0.536,0.040836017944506,0.0650751888306774,-0.0242391708861714
0.5362,0.115416505470888,0.139369265310086,-0.0239527598391978
0.5364,0.189939142317001,0.213649667348422,-0.0237105250314202
0.5366,0.264502458245566,0.287969074720831,-0.0234666164752649
0.5368,0.339108329123145,0.362313735743802,-0.0232054066206563
0.537,0.413786759292441,0.436767855138262,-0.0229810958458214
0.5372,0.48848200452035,0.511269134864028,-0.0227871303436781
0.5374,0.56319723241854,0.585809652630433,-0.0226124202118931
0.5376,0.637971686965161,0.660409042234031,-0.0224373552688695
0.5378,0.71278350750603,0.735089960885678,-0.0223064533796482
0.538,0.787645968524669,0.809881991127546,-0.022236022602877
0.5382,0.862525770507101,0.884769881611879,-0.0222441111047776
0.5384,0.937408192828643,0.959743657171843,-0.0223354643432001
0.5386,1.01225770551016,1.03475741532965,-0.0224997098194937
0.5388,1.08710467789435,1.1098722993067,-0.0227676214123578
0.539,1.1619901264069,1.18505893856611,-0.0230688121592109
0.5392,1.23689877413506,1.2603276260517,-0.0234288519166459
0.5394,1.31182441783985,1.33564723510969,-0.0238228172698369
0.5396,1.38677702108468,1.41101149461437,-0.0242344735296922
0.5398,1.4617340883644,1.48640361106804,-0.0246695227036329
0.54,1.53672438930556,1.56180258478399,-0.0250781954784338
0.5402,1.61169971660845,1.63719724766435,-0.0254975310558949
0.5404,1.68658989747323,1.71257292578789,-0.0259830283146667
0.5406,1.76146594179111,1.78791634169043,-0.0264503998993117
0.5408,1.83629342761664,1.86321222623089,-0.0269187986142434
0.541,1.91109679525247,1.93844981733415,-0.0273530220816811
0.5412,1.98588575749135,2.0136049065162,-0.0277191490248503
0.5414,2.06064348163974,2.08869398673593,-0.0280505050961897
0.5416,2.13533574840408,2.16368938089152,-0.0283536324874367
0.5418,2.20994110410927,2.23854068920048,-0.0285995850912144
0.542,2.28448716705163,2.31331204700887,-0.0288248799572344
0.5422,2.35907048491545,2.38799229082235,-0.0289218059069034
0.5424,2.43369976554733,2.4626197999002,-0.028920034352871
0.5426,2.50837132296583,2.53718431600903,-0.0288129930431964
0.5428,2.58308431380784,2.61169595017559,-0.0286116363677444
0.543,2.65778217195988,2.68612566616463,-0.0283434942047553
0.5432,2.73247743400191,2.76049266083527,-0.0280152268333644
0.5434,2.80720494225337,2.83477675679525,-0.0275718145418731
0.5436,2.88198911381386,2.90906181586186,-0.0270727020479935
0.5438,2.9567943424657,2.98332504007164,-0.0265306976059438
0.544,3.03160972626968,3.05753103618243,-0.0259213099127429
0.5442,3.10644721334371,3.13172915345909,-0.0252819401153808
0.5444,3.18134610550901,3.20594997726292,-0.0246038717539028
0.5446,3.25627277056468,3.28021354589631,-0.0239407753316287
0.5448,3.33124686004008,3.35453007063278,-0.0232832105926986
0.545,3.40622615472837,3.42889772357972,-0.0226715688513521
0.5452,3.48124171814607,3.50333103715793,-0.0220893190118612
0.5454,3.55626752527801,3.57786151340741,-0.0215939881294034
0.5456,3.63132982653415,3.65253229041928,-0.0212024638851322
0.5458,3.70637738101729,3.72726773183278,-0.0208903508154989
0.546,3.78133281104708,3.80202887477803,-0.0206960637309526
0.5462,3.8562640404455,3.87687762964885,-0.0206135892033492
0.5464,3.93114073834768,3.9517723446293,-0.0206316062816256
0.5466,4.00599484248088,4.02670673461128,-0.0207118921304019
0.5468,4.08081710195948,4.10168446014201,-0.0208673581825289
0.547,4.15559300377976,4.17671384087392,-0.0211208370941645
0.5472,4.23031239690368,4.25177982535443,-0.0214674284507543
0.5474,4.30494824435026,4.32691361361909,-0.0219653692688278
0.5476,4.37960339262889,4.40211835322012,-0.0225149605912289
0.5478,4.45428676519116,4.47740384814635,-0.0231170829551903
0.548,4.5289716484665,4.55274153474859,-0.023769886282083
0.5482,4.60367546504012,4.62811730631211,-0.024441841271984
0.5484,4.67834373662299,4.70351057547199,-0.0251668388490014
0.5486,4.75299765834471,4.7789062330248,-0.0259085746800904
0.5488,4.82766148456417,4.85427970388958,-0.0266182193254085
0.549,4.9023566807271,4.92960492181111,-0.0272482410840116
0.5492,4.97710451276665,5.00487650297956,-0.0277719902129023
0.5494,5.05187506267283,5.08008633435546,-0.0282112716826317
0.5496,5.12666261749943,5.15521385526872,-0.0285512377692942
0.5498,5.20147938500312,5.23028264739841,-0.028803262395293
0.55,5.27636187990906,5.30527929334745,-0.0289174134383892
0.5502,5.3512738807186,5.38022443396702,-0.0289505532484116
0.5504,5.42623321481513,5.45507801938984,-0.0288448045747058
0.5506,5.50119561648082,5.52982712310508,-0.0286315066242544
0.5508,5.57618928861894,5.60449395663292,-0.0283046680139805
0.551,5.65118619688148,5.67904440712717,-0.0278582102456841
0.5512,5.72611538192645,5.75350349065535,-0.0273881087289007
0.5514,5.80098535696461,5.82788949151921,-0.0269041345546013
0.5516,5.87579841156532,5.90219473237698,-0.0263963208116538
0.5518,5.95061301525289,5.97652054010315,-0.0259075248502585
0.552,6.0253857405897,6.05080433077166,-0.0254185901819532
0.5522,6.10014517862311,6.12511249150362,-0.0249673128805084
0.5524,6.1749039036314,6.19945179686445,-0.0245478932330441
0.5526,6.24964368348179,6.27379227646876,-0.0241485929869638
0.5528,0.0411499553094679,0.0649977255494326,-0.0238477702399648
0.553,0.11585251870308,0.139471638920496,-0.0236191202174162
0.5532,0.190579427079001,0.213957671172885,-0.023378244093884
0.5534,0.26532018894258,0.288427975725857,-0.0231077867832771
0.5536,0.340054519304168,0.362835075278393,-0.0227805559742252
0.5538,0.41473118345573,0.437216836431822,-0.0224856529760925
0.554,0.489364665465424,0.511633290282629,-0.022268624817205
0.5542,0.563989829885998,0.586082099239492,-0.0220922693534945
0.5544,0.638614748151104,0.660595311422716,-0.0219805632716114
0.5546,0.713280275962772,0.735210278310127,-0.0219300023473554
0.5548,0.788025428067903,0.809959946156625,-0.021934518088722
0.555,0.862800024678857,0.884833913607976,-0.0220338889291189
0.5552,0.937605511547632,0.959839556337828,-0.0222340447901958
0.5554,1.01245343444868,1.03492715095,-0.0224737165013189
0.5556,1.08736977010132,1.11009786621891,-0.0227280961175917
0.5558,1.16231053671506,1.18531039734929,-0.022999860634233
0.556,1.23724903166273,1.26058225145839,-0.0233332197956591
0.5562,1.31218732469662,1.33588628428785,-0.0236989595912347
0.5564,1.38717090731695,1.41123302953978,-0.0240621222228301
0.5566,1.46216551427549,1.48661278121693,-0.0244472669414435
0.5568,1.53715806307635,1.5620051342264,-0.0248470711500488
0.557,1.61209680940315,1.6374034009366,-0.0253065915334523
0.5572,1.68696208982579,1.71279094208346,-0.0258288522576713
0.5574,1.76181088847871,1.78815341111765,-0.0263425226389422
0.5576,1.83659679312968,1.86347003010327,-0.0268732369735918
0.5578,1.91134764199388,1.93873189376651,-0.0273842517726344
0.558,1.98608030250589,2.01390500460175,-0.0278247020958622
0.5582,2.06076824810997,2.08897480902878,-0.0282065609188131
0.5584,2.13537533875937,2.16394465335206,-0.028569314592684
0.5586,2.20991850901391,2.23882747996458,-0.0289089709506651
0.5588,2.28448636396441,2.31367042326029,-0.0291840592958814
0.559,2.35909268231463,2.38842656268946,-0.0293338803748218
0.5592,2.43372816057009,2.4631333524413,-0.0294051918712119
0.5594,2.50842871318287,2.53779256545604,-0.0293638522731707
0.5596,2.58313525744081,2.61236993679096,-0.0292346793501479
0.5598,2.65784270169266,2.68690768214102,-0.0290649804483571
0.56,2.73258878164259,2.76136120529394,-0.0287724236513487
0.5602,2.80735406864411,2.8356738336112,-0.0283197649670885
0.5604,2.88210712229061,2.90994378561337,-0.0278366633227645
0.5606,2.95688419381976,2.98419306758956,-0.0273088737698002
0.5608,3.03168618290642,3.05838316360492,-0.0266969806985031
0.561,3.10651439570168,3.13256177080621,-0.0260473751045369
0.5612,3.18140579447809,3.2067583541628,-0.0253525596847131
0.5614,3.25632875977591,3.28094076364702,-0.0246120038711082
0.5616,3.33125669730293,3.35514303225751,-0.0238863349545828
0.5618,3.40618638542845,3.42937194237346,-0.0231855569450112
0.562,3.48116335407599,3.50368007779287,-0.0225167237168828
0.5622,3.55615682267991,3.57803546925063,-0.0218786465707232
0.5624,3.6311513172193,3.65242654706102,-0.0212752298417187
0.5626,3.70608583388172,3.7269014805692,-0.0208156466874811
0.5628,3.78093371785122,3.80143132574579,-0.0204976078945638
0.563,3.85575436448819,3.8760658382055,-0.0203114737173111
0.5632,3.93051026372898,3.95077460970798,-0.0202643459790024
0.5634,4.00523709920526,4.02561099212226,-0.0203738929169992
0.5636,4.07995590005647,4.10060271459716,-0.0206468145406884
0.5638,4.1546424646955,4.17571557437898,-0.0210731096834742
0.564,4.22926101399569,4.25093245036039,-0.0216714363646977
0.5642,4.30382338891422,4.32620755763957,-0.0223841687253552
0.5644,4.37840669957156,4.4015128630894,-0.0231061635178369
0.5646,4.45301259576825,4.47686918246746,-0.0238565866992166
0.5648,4.52762775674117,4.5522477198073,-0.0246199630661224
0.565,4.60226687761702,4.62764594187819,-0.0253790642611653
0.5652,4.67687378039354,4.70304711026526,-0.0261733298717211
0.5654,4.7514706388833,4.77844075162915,-0.026970112745845
0.5656,4.82608286822954,4.85381534247062,-0.0277324742410752
0.5658,4.90076720154059,4.92916016305989,-0.0283929615193088
0.566,4.97555079025417,5.00447178648045,-0.0289209962262884
0.5662,5.05034775391414,5.07974177200381,-0.0293940180896719
0.5664,5.12514989088235,5.15493781197261,-0.0297879210902678
0.5666,5.19997711585139,5.2300860263292,-0.030108910477801
0.5668,5.27487604613798,5.30515583546061,-0.0302797893226243
0.567,5.34981497928903,5.38015211609214,-0.0303371368031113
0.5672,5.42480887654634,5.45507617271775,-0.0302672961714094
0.5674,5.49980806802021,5.52990813366413,-0.0301000656439179
0.5676,5.57484023491632,5.60467129248173,-0.0298310575654011
0.5678,5.6498822810862,5.67942982730135,-0.0295475462151487
0.568,5.72492913251584,5.75415482832237,-0.0292256958065344
0.5682,5.79992403995062,5.82876675171468,-0.0288427117640691
0.5684,5.87483635382489,5.90323257328195,-0.0283962194570604
0.5686,5.94971700226342,5.97763976325333,-0.0279227609899166
0.5688,6.02452212815922,6.05187943938986,-0.0273573112306389
0.569,6.09921164727366,6.12599646368022,-0.0267848164065603
0.5692,6.17388472531766,6.20011204560077,-0.0262273202831134
0.5694,6.24853830875952,6.27419157123579,-0.0256532624762658
0.5696,0.0399397154180159,0.0649972729138899,-0.025057557495874
0.5698,0.114463692026597,0.13894136261441,-0.0244776705878129
0.57,0.189002353876725,0.212933425883698,-0.0239310720069736
0.5702,0.263560734045257,0.287008513340716,-0.0234477792954593
0.5704,0.338129048260765,0.361249329379738,-0.0231202811189737
0.5706,0.412753873680327,0.435645974857947,-0.0228921011776199
0.5708,0.487390719670038,0.510112878589112,-0.0227221589190744
0.571,0.562009100424062,0.584649289760537,-0.0226401893364749
0.5712,0.63663335630454,0.65929303362677,-0.0226596773222303
0.5714,0.711292491059959,0.734014653955811,-0.0227221628958519
0.5716,0.786009216300949,0.808832189444223,-0.0228229731432739
0.5718,0.860752585198102,0.883728737105441,-0.0229761519073386
0.572,0.935515901431247,0.958699068221853,-0.0231831667906065
0.5722,1.01031071614676,1.03372756356372,-0.0234168474169567
0.5724,1.08517432570572,1.10886072038764,-0.0236863946819224
0.5726,1.16007180282031,1.18405932924896,-0.0239875264286535
0.5728,1.23502244816912,1.25933542636853,-0.0243129781994185
0.573,1.30998344532082,1.33466385617832,-0.0246804108574941
0.5732,1.38498449030254,1.41003048755014,-0.0250459972476016
0.5734,1.4599981642434,1.48542649554682,-0.0254283313034218
0.5736,1.53499038216061,1.56082988409802,-0.0258395019374167
0.5738,1.60995932721646,1.63622305183522,-0.0262637246187598
0.574,1.6848381543888,1.71159577053751,-0.0267576161487106
0.5742,1.75968083138006,1.78693881070362,-0.0272579793235612
0.5744,1.8344502820299,1.8622416223801,-0.0277913403501946
0.5746,1.90918299438428,1.93750822235058,-0.028325227966298
0.5748,1.98389395038396,2.01274578814733,-0.0288518377633638
0.575,2.05857009820079,2.08795874078397,-0.0293886425831831
0.5752,2.13321200281097,2.16306818087178,-0.0298561780608018
0.5754,2.20780115632447,2.23802776404834,-0.0302266077238644
0.5756,2.28240899802713,2.312910424034,-0.0305014260068694
0.5758,2.35703860670235,2.38767645512351,-0.0306378484211591
0.576,2.43167537426039,2.46231814697101,-0.0306427727106184
0.5762,2.50633298662125,2.53684028532871,-0.0305072987074513
0.5764,2.58095682730013,2.61124891348211,-0.030292086181972
0.5766,2.65556928851592,2.68555102243871,-0.0299817339227899
0.5768,2.73019240821058,2.75980104944313,-0.0296086412325467
0.577,2.80484467698882,2.83399214526899,-0.0291474682801733
0.5772,2.87954875032799,2.90816840673811,-0.0286196564101204
0.5774,2.95428092969129,2.9823182828222,-0.0280373531309093
0.5776,3.02904055546241,3.05642403045057,-0.0273834749881523
0.5778,3.10383888798213,3.13053570434346,-0.0266968163613304
0.578,3.17870706413281,3.20467713698127,-0.0259700728484655
0.5782,3.25360220087632,3.27886124255206,-0.0252590416757381
0.5784,3.3285379535953,3.35307964149278,-0.0245416878974849
0.5786,3.40346990489092,3.42729007378931,-0.0238201688983901
0.5788,3.47843050256681,3.50155100077436,-0.0231204982075521
0.579,3.55339858415612,3.57593940359197,-0.0225408194358487
0.5792,3.62841564131016,3.65051830484623,-0.0221026635360655
0.5794,3.70342178054265,3.72519093144119,-0.0217691508985376
0.5796,3.7783403442455,3.79991899749713,-0.0215786532516269
0.5798,3.85323580102304,3.87475746395625,-0.0215216629332096
0.58,3.92807146229285,3.94965427661425,-0.0215828143214023
0.5802,4.00287508377009,4.02460253035734,-0.0217274465872492
0.5804,4.07766256735354,4.09963407504424,-0.021971507690699
0.5806,4.15241061659408,4.17472210935961,-0.0223114927655317
0.5808,4.22709922821952,4.24988480337483,-0.0227855751553063
0.581,4.30172010798252,4.32510845805683,-0.0233883500743071
0.5812,4.37630953393841,4.40036159529831,-0.0240520613599076
0.5814,4.45091116126619,4.47566948009581,-0.0247583188296243
0.5816,4.52552443959098,4.55101357859235,-0.0254891390013698
0.5818,4.60018896277467,4.62638775616266,-0.0261987933879926
0.582,4.67485818026248,4.70177986074112,-0.0269216804786439
0.5822,4.7495053494035,4.77717916840039,-0.027673818996897
0.5824,4.82415890064584,4.85257653653891,-0.028417635893069
0.5826,4.89885392469369,4.92795112433174,-0.0290971996380449
0.5828,4.97354799645384,5.00328971134215,-0.0297417148883117
0.583,5.04827388394719,5.07857844451272,-0.0303045605655328
0.5832,5.12304244919213,5.15380064001734,-0.0307581908252148
0.5834,5.19785759979861,5.22897383131886,-0.0311162315202553
0.5836,5.27274690773559,5.30403628031638,-0.0312893725807895
0.5838,5.34770315538383,5.37894898240894,-0.031245827025109
0.584,5.42265255080687,5.45372712150698,-0.0310745707001097
0.5842,5.49758352590616,5.5283684613553,-0.0307849354491347
0.5844,5.57249042897612,5.60286855018957,-0.0303781212134471
0.5846,5.647394110369,5.67728899687076,-0.0298948865017543
0.5848,5.72229989916597,5.75168312685102,-0.0293832276850567
0.585,5.79715009849332,5.82600185583752,-0.0288517573441904
0.5852,5.87192198627357,5.90022299120045,-0.028301004926889
0.5854,5.9466756913417,5.97445648182067,-0.0277807904789737
0.5856,6.02136984223472,6.04869814515462,-0.0273283029198996
0.5858,6.09603656581278,6.12290139792457,-0.0268648321117926
0.586,6.17069840109763,6.19711240878794,-0.0264140076903159
0.5862,6.24533407808616,6.2713125278535,-0.025978449767341
0.5864,0.0367224684060448,0.0623656077868495,-0.0256431393808048
0.5866,0.11132247975638,0.136644653520166,-0.0253221737637862
0.5868,0.185963163488412,0.210996567598687,-0.0250334041102745
0.587,0.260631055464117,0.285389197724515,-0.0247581422603977
0.5872,0.335305037781536,0.35979875626175,-0.0244937184802136
0.5874,0.410007771784758,0.434275040227978,-0.0242672684432201
0.5876,0.484680476217777,0.508814214681651,-0.0241337384638742
0.5878,0.559339857319478,0.583370948839162,-0.0240310915196839
0.588,0.634009893350179,0.65797043350772,-0.0239605401575408
0.5882,0.70871495791239,0.732647086456348,-0.0239321285439575
0.5884,0.783462391559886,0.807424060210676,-0.0239616686507901
0.5886,0.858212622875835,0.882279859014703,-0.0240672361388685
0.5888,0.932961384391335,0.957209199138863,-0.0242478147475282
0.589,1.00772975070974,1.03219568700865,-0.0244659362989101
0.5892,1.08256561134692,1.1072844429889,-0.0247188316419804
0.5894,1.15744047805886,1.18244402745855,-0.0250035493996845
0.5896,1.23237582247497,1.2576716661621,-0.0252958436871327
0.5898,1.30732881302828,1.33295427446435,-0.0256254614360778
0.59,1.38232868402565,1.40828894971611,-0.0259602656904627
0.5902,1.4573474590651,1.48365166637842,-0.0263042073133242
0.5904,1.53237328228022,1.55903699224717,-0.0266637099669527
0.5906,1.60734734007627,1.63443804382702,-0.0270907037507513
0.5908,1.68224242423648,1.70983616337281,-0.0275937391363306
0.591,1.75711387082875,1.78521664826094,-0.0281027774321885
0.5912,1.83191841112473,1.86055245244398,-0.0286340413192558
0.5914,1.90661054370019,1.93582558882091,-0.0292150451207156
0.5916,1.98128126580619,2.01101123437896,-0.0297299685727757
0.5918,2.05592122841083,2.0861021891152,-0.0301809607043686
0.592,2.13048221188268,2.16108597325008,-0.0306037613674
0.5922,2.20497347396472,2.23592965413131,-0.0309561801665956
0.5924,2.2794748725188,2.31063055671146,-0.0311556841926621
0.5926,2.35398703240157,2.38522309282617,-0.0312360604246007
0.5928,2.42852057968633,2.45977562501781,-0.0312550453314859
0.593,2.50309059189849,2.53424463900648,-0.0311540471079943
0.5932,2.57762864630824,2.60862594545765,-0.0309972991494072
0.5934,2.65218006733963,2.68299264161663,-0.0308125742769958
0.5936,2.72677990947416,2.75730123535629,-0.0305213258821277
0.5938,2.80140164446125,2.83150777599246,-0.0301061315312099
0.594,2.87607780770804,2.90570688711769,-0.0296290794096423
0.5942,2.95079199637421,2.97987876011396,-0.0290867637397505
0.5944,3.02553681371982,3.05398530130504,-0.0284484875852211
0.5946,3.1003162205736,3.12808151192081,-0.0277652913472108
0.5948,3.17516349530284,3.20222782299301,-0.0270643276901708
0.595,3.25008127801259,3.27640685514809,-0.0263255771355038
0.5952,3.32500581153334,3.35062163538565,-0.0256158238523168
0.5954,3.39993041377891,3.42487727066402,-0.0249468568851126
0.5956,3.47490344812655,3.49920787853031,-0.0243044304037605
0.5958,3.54989131073034,3.57354586966391,-0.0236545589335684
0.596,3.62491382343888,3.6479874475139,-0.0230736240750287
0.5962,3.69992039141662,3.72253784422176,-0.0226174528051484
0.5964,3.77490370373231,3.79715026686791,-0.0222465631356026
0.5966,3.84986507286748,3.87185180075965,-0.021986727892175
0.5968,3.92475505295371,3.94661330011852,-0.0218582471648054
0.597,3.99960959200626,4.02144152030293,-0.0218319282966695
0.5972,4.07444047032211,4.09637102855283,-0.021930558230725
0.5974,4.1492123588748,4.17138505422347,-0.0221726953486705
0.5976,4.22388888484276,4.24649068546979,-0.0226018006270294
0.5978,4.29849340658396,4.32167920147802,-0.0231857948940668
0.598,4.3730385627993,4.39691151393616,-0.0238729511368563
0.5982,4.4476103296786,4.47221307458665,-0.0246027449080515
0.5984,4.5222106254266,4.54756449886561,-0.0253538734390197
0.5986,4.59686714635363,4.6229487549175,-0.0260816085638762
0.5988,4.67152851474343,4.69834516600228,-0.0268166512588488
0.599,4.74616968540716,4.77373940084367,-0.0275697154365071
0.5992,4.82081977072882,4.84911227290264,-0.0282925021738194
0.5994,4.89550524790268,4.92444208893734,-0.0289368410346524
0.5996,4.9702415095428,4.99972849573356,-0.0294869861907605
0.5998,5.04499187609952,5.07495365601657,-0.0299617799170537
0.6,5.11974877951973,5.15009405133949,-0.0303452718197681
