t_s,theta_pll_rad,theta_ref_rad,theta_err_rad
0,0,0,0
0.0002,0.0753982236861645,0.075398223686155,9.5062846483529e-15
0.0004,0.148076870763557,0.15079644737231,-0.00271957660875316
0.0006,0.221642501913548,0.226194671058465,-0.00455216914491735
0.0008,0.300718739534827,0.30159289474462,-0.000874155209792837
0.001,0.383497887986246,0.376991118430775,0.00650676955547042
0.0012,0.459424450873472,0.45238934211693,0.00703510875654123
0.0014,0.517309981697888,0.527787565803085,-0.0104775841051978
0.0016,0.554780351025526,0.60318578948924,-0.0484054384637143
0.0018,0.578364877127915,0.678584013175395,-0.10021913604748
0.002,0.594603816576243,0.75398223686155,-0.159378420285307
0.0022,0.604039808172766,0.829380460547705,-0.22534065237494
0.0024,0.602812097822871,0.904778684233861,-0.301966586410989
0.0026,0.591490738374512,0.980176907920016,-0.388686169545504
0.0028,0.579170661134348,1.05557513160617,-0.476404470471823
0.003,0.575839609850535,1.13097335529233,-0.55513374544179
0.0032,0.584368248824063,1.20637157897848,-0.622003330154418
0.0034,0.601957095657447,1.28176980266464,-0.679812707007189
0.0036,0.627300066317469,1.35716802635079,-0.729867960033322
0.0038,0.664902385343676,1.43256625003695,-0.76766386469327
0.004,0.720629838802802,1.5079644737231,-0.787334634920299
0.0042,0.793984180407272,1.58336269740926,-0.789378517001984
0.0044,0.880039401862131,1.65876092109541,-0.778721519233279
0.0046,0.972827284217353,1.73415914478157,-0.761331860564214
0.0048,1.06912100019397,1.80955736846772,-0.740436368273753
0.005,1.16971668156774,1.88495559215388,-0.715238910586137
0.0052,1.27497001930459,1.96035381584003,-0.685383796535441
0.0054,1.38180334345634,2.03575203952619,-0.653948696069848
0.0056,1.48632077112176,2.11115026321234,-0.624829492090582
0.0058,1.58759388178641,2.1865484868985,-0.598954605112086
0.006,1.68845337631635,2.26194671058465,-0.573493334268305
0.0062,1.79176749093169,2.33734493427081,-0.545577443339112
0.0064,1.89717061053366,2.41274315795696,-0.515572547423304
0.0066,2.0019184261117,2.48814138164312,-0.486222955531421
0.0068,2.10367737930604,2.56353960532927,-0.459862226023231
0.007,2.20199874169726,2.63893782901543,-0.436939087318169
0.0072,2.29793933030649,2.71433605270158,-0.416396722395091
0.0074,2.39222074503962,2.78973427638774,-0.397513531348117
0.0076,2.48503090207084,2.86513250007389,-0.380101598003048
0.0078,2.57666071748723,2.94053072376005,-0.363870006272813
0.008,2.66805806540521,3.0159289474462,-0.347870882040993
0.0082,2.75973971406548,3.09132717113236,-0.331587457066873
0.0084,2.85099361926071,3.16672539481851,-0.315731775557802
0.0086,2.94123578612896,3.24212361850467,-0.30088783237571
0.0088,3.03021155999178,3.31752184219082,-0.28731028219904
0.009,3.11748988904103,3.39292006587698,-0.275430176835945
0.0092,3.2028028824931,3.46831828956313,-0.265515407070035
0.0094,3.28729967023837,3.54371651324929,-0.25641684301092
0.0096,3.37339145554719,3.61911473693544,-0.245723281388256
0.0098,3.4630535856531,3.6945129606216,-0.2314593749685
0.01,3.55645439903354,3.76991118430775,-0.213456785274215
0.0102,3.65167648467358,3.84530940799391,-0.193632923320332
0.0104,3.7460652667665,3.92070763168006,-0.174642364913565
0.0106,3.83860802699834,3.99610585536622,-0.157497828367874
0.0108,3.92831391502077,4.07150407905237,-0.143190164031605
0.011,4.0151288490478,4.14690230273853,-0.131773453690728
0.0112,4.09907510928048,4.22230052642468,-0.123225417144199
0.0114,4.17973815017428,4.29769875011084,-0.117960599936552
0.0116,4.25814013661989,4.37309697379699,-0.114956837177107
0.0118,4.33630198591568,4.44849519748315,-0.112193211567468
0.012,4.41553488192101,4.5238934211693,-0.108358539248289
0.0122,4.49554605214493,4.59929164485546,-0.103745592710525
0.0124,4.57574952533565,4.67468986854161,-0.098940343205963
0.0126,4.65533638306793,4.75008809222777,-0.0947517091598318
0.0128,4.73457508406081,4.82548631591392,-0.0909112318531129
0.013,4.81417150212953,4.90088453960008,-0.0867130374705427
0.0132,4.89498930257481,4.97628276328623,-0.0812934607114197
0.0134,4.9774442928841,5.05168098697239,-0.0742366940882855
0.0136,5.06101993735373,5.12707921065854,-0.0660592733048091
0.0138,5.14525666901553,5.2024774343447,-0.0572207653291699
0.014,5.23029496538192,5.27787565803085,-0.0475806926489364
0.0142,5.31634496648516,5.35327388171701,-0.0369289152318508
0.0144,5.40320789297926,5.42867210540316,-0.0254642124239082
0.0146,5.49039230217575,5.50407032908932,-0.0136780269135688
0.0148,5.57731479445234,5.57946855277547,-0.00215375832313303
0.015,5.66353388032023,5.65486677646163,0.00866710385859992
0.0152,5.74884448841066,5.73026500014778,0.0185794882628718
0.0154,5.83279777286675,5.80566322383394,0.0271345490328141
0.0156,5.91485793785696,5.88106144752009,0.0337964903368713
0.0158,5.9945459958845,5.95645967120625,0.0380863246782477
0.016,6.07148241154429,6.0318578948924,0.0396245166518847
0.0162,6.14568344878183,6.10725611857856,0.0384273302032696
0.0164,6.21761964890113,6.18265434226471,0.034965306636412
0.0166,0.0048796474309869,6.25805256595087,0.0300123886597055
0.0168,0.0748608778218089,6.0413135269948,0.316732658006597
0.017,0.145281991923842,6.11787463093849,0.310592668164941
0.0172,0.216669952793746,6.19635195058451,0.30350330938882
0.0174,0.28945006727162,6.27609220980958,0.296543164641629
0.0176,0.364078918186236,0.0743834869339339,0.289695431252302
0.0178,0.440513122579061,0.158810933636303,0.281702188942759
0.018,0.518169672432947,0.246468806800327,0.27170086563262
0.0182,0.596211512848889,0.336029344277927,0.260182168570962
0.0184,0.674093945484457,0.425614369641197,0.248479575843259
0.0186,0.75172981562883,0.514302594170015,0.237427221458815
0.0188,0.829461970347569,0.602252444748971,0.227209525598598
0.019,0.907651629371141,0.68987135364064,0.2177802757305
0.0192,0.986421304793285,0.776885673456393,0.209535631336892
0.0194,1.06572662184398,0.862421117693955,0.203305504150028
0.0196,1.14540059896369,0.945974567742756,0.19942603122093
0.0198,1.22538111328651,1.02777346512376,0.197607648162742
0.02,1.30534977541248,1.10819329357547,0.197156481837016
0.0202,1.38515426016873,1.18729984438026,0.19785441578847
0.0204,1.46446302872446,1.26494430392802,0.199518724796439
0.0206,1.54301194390221,1.34122191296396,0.201790030938252
0.0208,1.62077518745439,1.41661419701286,0.204160990441532
0.021,1.69806088112357,1.4916882341665,0.206372646957063
0.0212,1.77515865345636,1.56689071133936,0.208267942117
0.0214,1.85215802109443,1.64253819527537,0.209619825819057
0.0216,1.9290017451356,1.71887413497909,0.210127610156515
0.0218,2.00552916123682,1.79601233523524,0.209516826001583
0.022,2.08160138682202,1.87384465471492,0.207756732107105
0.0222,2.1571271189695,1.95216037624316,0.204966742726338
0.0224,2.23218402890765,2.03095542009169,0.201228608815955
0.0226,2.30708655134504,2.11057776930355,0.196508782041491
0.0228,2.38212265404287,2.19138279341991,0.190739860622958
0.023,2.45733342877371,2.27348519077542,0.183848237998295
0.0232,2.53283187242969,2.35681041542914,0.176021457000546
0.0234,2.60872038961434,2.44133469610412,0.167385693510217
0.0236,2.68485027471026,2.52706099919625,0.15778927551401
0.0238,2.76094523886368,2.61363755325058,0.1473076856131
0.024,2.83689069437811,2.70052713043312,0.136363563944992
0.0242,2.91244565267437,2.78711933440318,0.125326318271189
0.0244,2.98742749665675,2.87300781354377,0.114419683112981
0.0246,3.06172570214173,2.95795530206688,0.103770400074841
0.0248,3.13513497922044,3.04202304536857,0.0931119338518736
0.025,3.20774953385475,3.12529097082191,0.0824585630328469
0.0252,3.2795964329637,3.20757632153123,0.0720201114324714
0.0254,3.3506294013886,3.28867387759144,0.0619555237971636
0.0256,3.42074812861897,3.36869351383728,0.0520546147816932
0.0258,3.49007007666611,3.4477306060291,0.0423394706370064
0.026,3.55846066749637,3.52551842186202,0.0329422456343482
0.0262,3.62573306373574,3.60170984179806,0.0240232219376746
0.0264,3.69197322810952,3.67616969299778,0.0158035351117447
0.0266,3.75729383326209,3.74915812675659,0.00813570650549522
0.0268,3.82168962017404,3.82118755265696,0.000502067517077265
0.027,3.88510642008555,3.89261243002284,-0.00750600993729034
0.0272,3.9477886283901,3.96363440217192,-0.0158457737818276
0.0274,4.00990272066898,4.03452780969396,-0.0246250890249797
0.0276,4.07195342993536,4.10553728627297,-0.0335838563376107
0.0278,4.13408248759725,4.17687312816844,-0.0427906405711909
0.028,4.19640700226208,4.24870295736688,-0.0522959551048032
0.0282,4.25900264058576,4.32106786108512,-0.0620652204993517
0.0284,4.32204545388999,4.39393445783777,-0.0718890039477831
0.0286,4.38585270809885,4.46738558445338,-0.0815328763545331
0.0288,4.45044248318174,4.54152680888731,-0.0910843257055696
0.029,4.51586006599931,4.61631961582358,-0.100459549824276
0.0292,4.58244865140715,4.69155067875513,-0.109102027347982
0.0294,4.65021386932758,4.76695769368124,-0.11674382435366
0.0296,4.71904230562982,4.84232629137403,-0.123283985744212
0.0298,4.78905840085089,4.91751675001179,-0.128458349160893
0.03,4.86027418798803,4.99245396904151,-0.132179781053478
0.0302,4.93262686748316,5.06711329792911,-0.13448643044595
0.0304,5.00611515233238,5.1415558380986,-0.135440685766222
0.0306,5.08078969717051,5.21589494600333,-0.135105248832819
0.0308,5.15645338754765,5.2902524216787,-0.13379903413105
0.031,5.23327236544602,5.36465644543735,-0.131384079991327
0.0312,5.31103488354298,5.43907895957295,-0.128044076029972
0.0314,5.38980114895079,5.51354245771357,-0.123741308762775
0.0316,5.469446264445,5.58809238615969,-0.118646121714692
0.0318,5.54978930220615,5.66274268665926,-0.112953384453107
0.032,5.63077151257372,5.73760202562655,-0.106830513052833
0.0322,5.71238415701154,5.81277595147786,-0.100391794466313
0.0324,5.79461800310242,5.88832108978577,-0.0937030866833481
0.0326,5.87717258427578,5.96432706969383,-0.0871544854180542
0.0328,5.96016871641152,6.04087227608843,-0.0807035596769037
0.033,6.04360030387874,6.11784796577487,-0.0742476618961252
0.0332,6.12718187191534,6.19504576044424,-0.0678638885288994
0.0334,6.21070508758201,6.27218117785031,-0.0614760902683056
0.0336,0.0107572438658083,0.0658318215749891,-0.0550745777091808
0.0338,0.0935803274903271,0.142232392527099,-0.0486520650367719
0.034,0.175902624351632,0.218087223638277,-0.0421845992866448
0.0342,0.257582391314405,0.293310690816546,-0.0357282995021413
0.0344,0.338554570725123,0.367995295981716,-0.0294407252565932
0.0346,0.419147497818258,0.442417653549179,-0.0232701557309215
0.0348,0.499554128665245,0.516799763840405,-0.01724563517516
0.035,0.579622249034125,0.591257659242224,-0.0116354102080987
0.0352,0.659468828249021,0.665763039119435,-0.00629421087041404
0.0354,0.738919814020984,0.740286005891368,-0.00136619187038345
0.0356,0.818248267851738,0.814797133366771,0.00345113448496703
0.0358,0.897291186252796,0.889262245319358,0.00802894093343742
0.036,0.975833830724959,0.963703242945799,0.0121305877791601
0.0362,1.05411141188765,1.03815303753264,0.0159583743550085
0.0364,1.13197629804432,1.11259493878856,0.0193813592557568
0.0366,1.20940314260195,1.187095719704,0.0223074228979456
0.0368,1.28665272866394,1.26176245833079,0.0248902703331451
0.037,1.3635832845785,1.33664251986497,0.0269407647135305
0.0372,1.44010720718658,1.41172300476927,0.0283842024173133
0.0374,1.51622217420855,1.48695387197734,0.0292683022312115
0.0376,1.59166149212466,1.56229817397092,0.0293633181537469
0.0378,1.66638763645481,1.63772429728827,0.0286633391665372
0.038,1.74053158441846,1.71320288322105,0.0273287011974048
0.0382,1.81385811974199,1.78869679523686,0.025161324505129
0.0384,1.88642610064493,1.86417198444132,0.0222541162036096
0.0386,1.95822541515556,1.93959630826703,0.0186291068885298
0.0388,2.02931422920693,2.01490788175057,0.0144063474563669
0.039,2.09987898544115,2.08999003480159,0.00988895063955608
0.0392,2.16991843331336,2.16471082238512,0.00520761092823729
0.0394,2.23992118456628,2.2390168675025,0.000904317063784355
0.0396,2.30982004559964,2.31282735067481,-0.00300730507516977
0.0398,2.3795267297654,2.38612608574753,-0.00659935598212957
0.04,2.44919168986903,2.45890687534559,-0.00971518547656025
0.0402,2.51901610242029,2.53124359902234,-0.0122274966020481
0.0404,2.58919579975262,2.60320965485659,-0.0140138551039648
0.0406,2.65980095966106,2.67497496311699,-0.0151740034559351
0.0408,2.73092344234685,2.74660454756464,-0.015681105217793
0.041,2.80226313299057,2.81823122792315,-0.0159680949325751
0.0412,2.87396627682493,2.8899854416102,-0.0160191647852734
0.0414,2.94601914299026,2.96198567256265,-0.015966529572391
0.0416,3.01849762635411,3.03438344164715,-0.0158858152930441
0.0418,3.09161860133518,3.10725310608215,-0.015634504746969
0.042,3.16519941098704,3.18068381756577,-0.015484406578727
0.0422,3.23927516471556,3.25473060893481,-0.0154554442192558
0.0424,3.31378563887199,3.32937802089965,-0.0155923820276587
0.0426,3.38879937478449,3.40465231499824,-0.0158529402137444
0.0428,3.46403912106847,3.48052773296378,-0.0164886118953183
0.043,3.53959008011806,3.55695631289384,-0.017366232775788
0.0432,3.61552533393719,3.63383593924882,-0.0183106053116338
0.0434,3.69159084392012,3.71106636671654,-0.0194755227964163
0.0436,3.76791048413625,3.78856831404383,-0.0206578299075844
0.0438,3.84422365412895,3.86619523273684,-0.0219715786078929
0.044,3.92063617639179,3.94383475911771,-0.0231985827259278
0.0442,3.99726080519673,4.0213638223792,-0.024103017182473
0.0444,4.07392340173469,4.09865860663716,-0.0247352049024645
0.0446,4.15090179450566,4.17568613729767,-0.0247843427920049
0.0448,4.22809073807788,4.25242629135761,-0.0243355532797231
0.045,4.30509594367874,4.32884949034744,-0.0237535466686936
0.0452,4.38192390898141,4.40496673307782,-0.0230428240964127
0.0454,4.45873597459493,4.4808059116586,-0.0220699370636703
0.0456,4.53564863900725,4.55641727965304,-0.0207686406457883
0.0458,4.61273960312795,4.63189202384691,-0.0191524207189602
0.046,4.69002829034695,4.70730084476909,-0.0172725544221448
0.0462,4.76754982707325,4.78271035242767,-0.0151605253544229
0.0464,4.84513855461097,4.85819325148973,-0.0130546968787684
0.0466,4.92280613610875,4.93380003519624,-0.010993899087496
0.0468,5.00047836313888,5.00955436979097,-0.00907600665208097
0.047,5.07805904955428,5.08550219157546,-0.00744314202118268
0.0472,5.15585307763868,5.16164504343936,-0.0057919658006762
0.0474,5.23350067449163,5.23793113235958,-0.00443045786794727
0.0476,5.31103784298163,5.31432121159047,-0.00328336860884448
0.0478,5.38827203834854,5.3907549631019,-0.00248292475336154
0.048,5.46535187952348,5.46719824913829,-0.0018463696148121
0.0482,5.54232157974676,5.54358747711533,-0.00126589736856531
0.0484,5.61894714846785,5.61989563638786,-0.000948487920015673
0.0486,5.69541843250284,5.69603712138706,-0.000618688884221896
0.0488,5.77148811510293,5.77191648922389,-0.000428374120962083
0.049,5.84721401995721,5.84752138949519,-0.000307369537980051
0.0492,5.92265941472735,5.92282657356168,-0.000167158834331715
0.0494,5.99758402459746,5.99773695756161,-0.000152932964149421
0.0496,6.07219854674403,6.07230313957108,-0.000104592827050887
0.0498,6.14664487400881,6.14658372174758,6.11522612370408e-05
0.05,6.22083750458951,6.22055821998622,0.000279284603289298
0.0502,0.0114682929075034,0.0111042193630201,0.00036407354448334
0.0504,0.0849401082518798,0.0846157759663296,0.000324332285550205
0.0506,0.158017963718333,0.157999973532795,1.79901855382192e-05
0.0508,0.230852403799416,0.231354813277905,-0.000502409478488841
0.051,0.303407317208183,0.304704572264882,-0.00129725505669875
0.0512,0.375715987900808,0.378076477156752,-0.00236048925594468
0.0514,0.448120488667329,0.451527894179909,-0.00340740551257995
0.0516,0.520799442217668,0.525143605573033,-0.00434416335536536
0.0518,0.593832604010579,0.598987944519322,-0.00515534050874322
0.052,0.667334871076615,0.673143103051433,-0.00580823197481817
0.0522,0.741122284333718,0.747557514259682,-0.00643522992596346
0.0524,0.815279631632291,0.822253147996939,-0.00697351636464749
0.0526,0.88961022284947,0.897193825962549,-0.00758360311307971
0.0528,0.964021600863566,0.972308386385772,-0.0082867855222063
0.053,1.03855473848487,1.04759898664086,-0.00904424815599136
0.0532,1.11339931623351,1.12306589562402,-0.00966657939050175
0.0534,1.18840995101494,1.19862775288571,-0.0102178018707713
0.0536,1.26372033311809,1.27423703735112,-0.0105167042330276
0.0538,1.33912203358953,1.34983976433785,-0.0107177307483204
0.054,1.41474838528992,1.42542506739498,-0.0106766821050663
0.0542,1.4904127713421,1.50095307693643,-0.0105403055943314
0.0544,1.56621699897919,1.57639152068498,-0.0101745217057869
0.0546,1.64204589622509,1.65172878364727,-0.00968288742218348
0.0548,1.71788105658072,1.72696531193056,-0.00908425534984092
0.055,1.7934510922504,1.80212185568874,-0.00867076343834317
0.0552,1.86911883635002,1.87722266228399,-0.00810382593397185
0.0554,1.94470500734979,1.9522855088763,-0.00758050152651357
0.0556,2.02005273253543,2.02734009518207,-0.00728736264663787
0.0558,2.09556830468916,2.10244729415462,-0.0068789894654615
0.056,2.17122168944889,2.17762073811907,-0.00639904867017993
0.0562,2.24701681288793,2.25289640915965,-0.00587959627172596
0.0564,2.32291841028807,2.3282642303951,-0.00534582010703266
0.0566,2.39876558478004,2.40376433411935,-0.00499874933931244
0.0568,2.47472909585058,2.47940174692258,-0.00467265107199832
0.057,2.55086643560588,2.55516088086564,-0.00429444525976397
0.0572,2.62714278774445,2.63105041549958,-0.00390762775512998
0.0574,2.70335635805761,2.70701055019592,-0.00365419213830531
0.0576,2.7794518114607,2.78304446734791,-0.00359265588721724
0.0578,2.85565658029185,2.85915841318689,-0.00350183289504313
0.058,2.93184079789166,2.93529713312326,-0.00345633523160105
0.0582,3.00793600842999,3.01139431714477,-0.00345830871478725
0.0584,3.08402803629692,3.08745224305767,-0.00342420676075061
0.0586,3.16025310447903,3.16347288350057,-0.00321977902154069
0.0588,3.23660218924776,3.23938494323775,-0.00278275398999339
0.059,3.31272251076531,3.3151216622468,-0.00239915148149228
0.0592,3.38858794818812,3.39069847088337,-0.00211052269525114
0.0594,3.46448121040866,3.46617896878587,-0.00169775837721708
0.0596,3.54025179276348,3.54148225529246,-0.00123046252898229
0.0598,3.61551649280675,3.61655438268344,-0.00103788987668985
0.06,3.6903337743871,3.6914885206267,-0.00115474623959599
0.0602,3.76474470453601,3.76631274715098,-0.00156804261496823
0.0604,3.83907882086872,3.84111192368781,-0.00203310281909364
0.0606,3.91330417730305,3.91593655162289,-0.00263237431984331
0.0608,3.98761390746491,3.99075086142106,-0.00313695395615188
0.061,4.06187535838081,4.06558718871646,-0.00371183033565092
0.0612,4.1360005393751,4.14044281629274,-0.00444227691764443
0.0614,4.2098798006995,4.21534534884324,-0.00546554814374289
0.0616,4.28361985517638,4.29031540155992,-0.00669554638353098
0.0618,4.35719393016218,4.36539175166279,-0.00819782150060622
0.062,4.43092204234796,4.44056623269816,-0.00964419035020203
0.0622,4.50481313085979,4.51584193123442,-0.0110288003746239
0.0624,4.5788804276663,4.59117511103937,-0.0122946833730673
0.0626,4.65282265947522,4.66654037733481,-0.0137177178595893
0.0628,4.72681086491705,4.74193506182205,-0.0151241969049929
0.063,4.80096885010292,4.81733239393407,-0.0163635438311491
0.0632,4.87538179337281,4.89270002049031,-0.0173182271175039
0.0634,4.95005357766319,4.96803491659106,-0.0179813389278651
0.0636,5.02482011532512,5.04331829055098,-0.0184981752258659
0.0638,5.099670543719,5.11850772808701,-0.0188371843680111
0.064,5.17476345146096,5.1936070771017,-0.018843625640744
0.0642,5.25016942961489,5.26864363847084,-0.0184742088559551
0.0644,5.32594721602122,5.34363138928801,-0.0176841732667921
0.0646,5.4018067790717,5.41856187744227,-0.0167550983705747
0.0648,5.4778495391774,5.49344974283088,-0.0156002036534817
0.065,5.55412749483558,5.56834455094146,-0.0142170561058856
0.0652,5.63040063405904,5.64322475621476,-0.0128241221557142
0.0654,5.70679618271972,5.71810318643049,-0.0113070037107699
0.0656,5.7831455628376,5.79295878814431,-0.00981322530670692
0.0658,5.85944902049986,5.86782087067179,-0.00837185017192787
0.066,5.93548140758168,5.94277436421862,-0.0072929566369444
0.0662,6.01158677744492,6.0178082575111,-0.00622148006617529
0.0664,6.08765398627324,6.09285407247961,-0.00520008620636414
0.0666,6.16345194762879,6.16794357637424,-0.00449162874544662
0.0668,6.23890161296343,6.24308473778865,-0.00418312482521976
0.067,0.0310771308549285,0.0351773872780464,-0.00410025642311795
0.0672,0.106402297170202,0.110569588533775,-0.00416729136357349
0.0674,0.181677672391309,0.186066752141676,-0.00438907975036781
0.0676,0.256910982006007,0.261663872582353,-0.00475289057634642
0.0678,0.332039230245669,0.337342074687312,-0.00530284444164353
0.068,0.407334537275449,0.413055454136939,-0.00572091686148918
0.0682,0.482557430640372,0.4886992097297,-0.00614177908932784
0.0684,0.557721801591239,0.564265951550101,-0.00654414995886121
0.0686,0.632998875330526,0.639757037739006,-0.00675816240848026
0.0688,0.708218706529028,0.715164464532754,-0.00694575800372632
0.069,0.783483128692898,0.790512558076711,-0.00702942938381335
0.0692,0.858693044860712,0.865827935536762,-0.00713489067605044
0.0694,0.933874520726894,0.941118333574504,-0.00724381284760978
0.0696,1.00912036149784,1.01642128532494,-0.00730092382709846
0.0698,1.08461495563198,1.09170993086874,-0.00709497523676017
0.07,1.16015458538036,1.16699226024,-0.00683767485963704
0.0702,1.23584423759255,1.24227499056576,-0.00643075297321483
0.0704,1.31149513280931,1.31757079155388,-0.00607565874456673
0.0706,1.38728461319033,1.39288586492319,-0.00560125173285431
0.0708,1.46305404443425,1.46822467183895,-0.00517062740470497
0.071,1.53890121468923,1.54359638027575,-0.00469516558651928
0.0712,1.61455194808855,1.6190010882966,-0.00444914020805731
0.0714,1.69000257719701,1.69444346581842,-0.00444088862140823
0.0716,1.76530172015134,1.76991056125286,-0.00460884110152104
0.0718,1.84020774061834,1.84538870713316,-0.00518096651482081
0.072,1.91490855422537,1.92087514686262,-0.00596659263724475
0.0722,1.9894758203391,1.99634288506998,-0.00686706473088394
0.0724,2.06377427491427,2.07173318099319,-0.0079589060789198
0.0726,2.13766842262385,2.146994522485,-0.00932609986115329
0.0728,2.21129633933937,2.22215137993998,-0.0108550406006076
0.073,2.28518064950331,2.29725700098915,-0.0120763514858422
0.0732,2.3593313674079,2.37228308920666,-0.0129517217987583
0.0734,2.43356035985535,2.44723231666563,-0.0136719568102843
0.0736,2.50793421556188,2.52206699049204,-0.0141327749301596
0.0738,2.58212910460276,2.59677844955056,-0.0146493449478018
0.074,2.65622462856776,2.671405963107,-0.0151813345392338
0.0742,2.73035029421756,2.74602938884901,-0.0156790946314405
0.0744,2.80485946045703,2.82068457080986,-0.015825110352834
0.0746,2.87992247519534,2.89538259033974,-0.0154601151444003
0.0748,2.95512528491151,2.97010582799162,-0.0149805430801124
0.075,3.0304392243927,3.04481025959218,-0.0143710351994826
0.0752,3.10592672252233,3.11954025647133,-0.0136135339490031
0.0754,3.18175082672954,3.19432246843061,-0.0125716417010735
0.0756,3.25786619308332,3.26922021828664,-0.0113540252033224
0.0758,3.33411796874839,3.34418451027761,-0.0100665415292225
0.076,3.41024003352669,3.41915767333638,-0.00891763980968729
0.0762,3.48642408396601,3.49420362904428,-0.00777954507827561
0.0764,3.5625556008412,3.56939926720603,-0.00684366636482414
0.0766,3.63878313975982,3.64474793353114,-0.00596479377132653
0.0768,3.71501207641805,3.72023782329826,-0.00522574688021349
0.077,3.79119636988554,3.79573517678861,-0.00453880690307118
0.0772,3.86704413328911,3.87118174960795,-0.00413761631883736
0.0774,3.94248184668094,3.94662698144132,-0.00414513476037648
0.0776,4.0177812455375,4.02207253444465,-0.0042912889071518
0.0778,4.09281607299396,4.09753078449446,-0.00471471150049929
0.078,4.16754975602161,4.17298012307068,-0.00543036704906452
0.0782,4.24232693009774,4.24845829961669,-0.00613136951894955
0.0784,4.31718140871136,4.32391949549801,-0.00673808678665022
0.0786,4.39195161609264,4.39932796014781,-0.00737634405517174
0.0788,4.46668001942082,4.47472360962683,-0.00804359020601364
0.079,4.54142564362527,4.55010904691878,-0.00868340329350836
0.0792,4.61601870821532,4.62549355718675,-0.00947484897143624
0.0794,4.69059109466377,4.70088583886663,-0.0102947442028638
0.0796,4.76524848878353,4.77628827864833,-0.0110397898647978
0.0798,4.8400966339277,4.85170591042346,-0.0116092764957578
0.08,4.91518417220192,4.92713954259712,-0.0119553703951985
0.0802,4.99067767350002,5.00258492190423,-0.0119072484042091
0.0804,5.06628156617918,5.07804463564572,-0.0117630694665412
0.0806,5.14212534062158,5.15353947059603,-0.0114141299744492
0.0808,5.21826564774396,5.22903698598086,-0.0107713382368946
0.081,5.29449455656865,5.30450184626142,-0.0100072896927692
0.0812,5.37061354268224,5.37995963854344,-0.00934609586119706
0.0814,5.4467828429882,5.45538193832332,-0.00859909533512049
0.0816,5.52281553861463,5.53072336059395,-0.00790782197932227
0.0818,5.59880776082794,5.60599738241901,-0.00718962159106695
0.082,5.67464161322325,5.68120899561717,-0.00656738239391697
0.0822,5.75023640136377,5.75636077392365,-0.00612437255988052
0.0824,5.82531642977673,5.83141904736737,-0.00610261759063402
0.0826,5.90024451585016,5.90642095473579,-0.00617643888562913
0.0828,5.97505473625744,5.98131485567069,-0.00626011941324656
0.083,6.04955200960839,6.05611276558139,-0.00656075597299477
0.0832,6.12389087514869,6.13087180031896,-0.0069809251702635
0.0834,6.19811937137276,6.20563520407432,-0.00751583270156431
0.0836,6.27219945185312,6.28033322283085,-0.00813377097772872
0.0838,0.0628869361950795,0.0718273214019094,-0.00894038520682995
0.084,0.136925082669693,0.146547315680228,-0.00962223301053497
0.0842,0.211144532253809,0.221309119043967,-0.0101645867901582
0.0844,0.285483889248179,0.296120962403277,-0.0106370731550988
0.0846,0.359919023649958,0.370916634635609,-0.0109976109856515
0.0848,0.434259154152791,0.445735379854429,-0.011476225701638
0.085,0.508614203180054,0.520617457226162,-0.0120032540461086
0.0852,0.583056941906396,0.595554690372261,-0.0124977484658648
0.0854,0.657688205083784,0.670547432805998,-0.0128592277222147
0.0856,0.732582500615508,0.745641865057841,-0.0130593644423331
0.0858,0.807924569625097,0.8208310006582,-0.0129064310331036
0.086,0.883292848120932,0.896081952871375,-0.012789104750443
0.0862,0.958662018395638,0.971382267891244,-0.0127202494956066
0.0864,1.03409672147914,1.04670545864142,-0.0126087371622809
0.0866,1.10973688017937,1.12208698583445,-0.0123501056550779
0.0868,1.18538946164012,1.19749114664285,-0.0121016850027358
0.087,1.26118933730702,1.27291050495228,-0.0117211676452584
0.0872,1.33696339098264,1.34833052896942,-0.0113671379867775
0.0874,1.41288510100438,1.42375393340915,-0.0108688324047685
0.0876,1.4887906054267,1.49917371484128,-0.010383109414583
0.0878,1.5647776314316,1.57457834705758,-0.00980071562598162
0.088,1.64053430645354,1.64996814051372,-0.00943383406017517
0.0882,1.71604587345192,1.72533785476207,-0.00929198131015152
0.0884,1.79130929695456,1.80069517698868,-0.00938588003412866
0.0886,1.86668699982727,1.87603188544589,-0.00934488561861269
0.0888,1.94199058193677,1.95133630285088,-0.00934572091411501
0.089,2.0169857405621,2.02661578751818,-0.00963004695607195
0.0892,2.09172559143673,2.10191793475949,-0.0101923433227582
0.0894,2.16656290265172,2.17726550071877,-0.010702598067057
0.0896,2.24148201893033,2.25257519917464,-0.0110931802443135
0.0898,2.31639688312567,2.32787865792433,-0.0114817747986571
0.09,2.39147121664602,2.40318400486795,-0.0117127882219257
0.0902,2.46678770969182,2.47848917726265,-0.0117014675708309
0.0904,2.54225097404682,2.55383104054868,-0.0115800665018595
0.0906,2.61752946611761,2.62912368590964,-0.0115942197920216
0.0908,2.69264619920459,2.70439088121118,-0.0117446820065927
0.091,2.76777962777921,2.77956511660921,-0.0117854888299953
0.0912,2.84305203430831,2.85467659934123,-0.0116245650329212
0.0914,2.9183670574818,2.92976840890957,-0.0114013514277627
0.0916,2.99375564793733,3.00486677097321,-0.011111123035882
0.0918,3.06946354907208,3.0799997060605,-0.010536156988425
0.092,3.145458501994,3.15511112850846,-0.00965262651445897
0.0922,3.22164658975907,3.23016075376064,-0.00851416400156602
0.0924,3.29768105430805,3.30516698216097,-0.00748592785292512
0.0926,3.37371269021797,3.38019835502412,-0.00648566480615287
0.0928,3.44962524938847,3.45520373889714,-0.00557848950867879
0.093,3.52551433670499,3.53023736645208,-0.00472302974708994
0.0932,3.6016016361419,3.60530139434218,-0.00369975820028445
0.0934,3.67765899718827,3.68035081180026,-0.00269181461199119
0.0936,3.75364230040132,3.7553889042797,-0.00174660387838177
0.0938,3.82928886186097,3.83048253686703,-0.0011936750060566
0.094,3.90458423518402,3.90561294505099,-0.0010287098669699
0.0942,3.97981779508283,3.98075129250341,-0.000933497420575247
0.0944,4.0548597033777,4.05590883092521,-0.00104912754750863
0.0946,4.1296117707144,4.13109245878618,-0.00148068807178081
0.0948,4.2039608151854,4.20628946244648,-0.0023286472610744
0.095,4.27799920433391,4.28149975448862,-0.00350055015470119
0.0952,4.35209146274584,4.35678822301186,-0.00469676026601817
0.0954,4.42619760940664,4.43211154210817,-0.00591393270153073
0.0956,4.50038140977733,4.50744342756678,-0.00706201778944848
0.0958,4.57476684478082,4.58281600045407,-0.00804915567325093
0.096,4.6490475653234,4.65820348779098,-0.00915592246758035
0.0962,4.7233195112396,4.73359895992497,-0.0102794486853712
0.0964,4.79771524654934,4.80899784076524,-0.0112825942159001
0.0966,4.87235248617615,4.88438660534661,-0.0120341191704636
0.0968,4.94724865188831,4.95975620012495,-0.0125075482366395
0.097,5.02223540004536,5.03510243863612,-0.0128670385907643
0.0972,5.0972782348094,5.11041150282094,-0.0131332680115381
0.0974,5.17232143227098,5.18564749322284,-0.0133260609518606
0.0976,5.24739878689693,5.26087230010541,-0.0134735132084849
0.0978,5.32288504707269,5.33606368402914,-0.0131786369564439
0.098,5.39843206453747,5.41119275666157,-0.0127606921240959
0.0982,5.47406437875842,5.48629852917712,-0.0122341504186991
0.0984,5.54984067880302,5.56139379863248,-0.0115531198294612
0.0986,5.62557460381763,5.63649075612089,-0.0109161523032562
0.0988,5.70144818729569,5.71157255548899,-0.0101243681932992
0.099,5.77715842058819,5.78661459043995,-0.00945616985176656
0.0992,5.85237900133764,5.8616032052049,-0.00922420386726408
0.0994,5.92748286707674,5.93657885021767,-0.00909598314092896
0.0996,6.00247042896376,6.01160842001487,-0.00913799105110957
0.0998,6.07748578721833,6.08666600813007,-0.00918022091174553
0.1,6.15233561243918,6.16172310711644,-0.00938749467725675
0.1002,6.22692855756665,6.23673182065534,-0.00980326308869284
0.1004,0.0180020561372123,0.0285804253234063,-0.010578369186194
0.1006,0.0924579123571621,0.103630166643307,-0.0111722542861452
0.1008,0.167089972534201,0.178680441885357,-0.0115904693511554
0.101,0.241759059805162,0.253734806059279,-0.0119757462541171
0.1012,0.316527001430359,0.328813379506641,-0.0122863780762814
0.1014,0.391460471553215,0.403987002116581,-0.0125265305633656
0.1016,0.466554981271709,0.479195421223108,-0.0126404399513995
0.1018,0.541494470289911,0.554340432435117,-0.0128459621452064
0.102,0.616350946035403,0.629500103340783,-0.0131491573053798
0.1022,0.691313455960869,0.704648625569931,-0.0133351696090624
0.1024,0.766503681770537,0.779771730216076,-0.0132680484455385
0.1026,0.841757218708466,0.854894220776116,-0.0131370020676502
0.1028,0.91705169386947,0.930045148843685,-0.0129934549742149
0.103,0.992694749910435,1.00526914023721,-0.0125743903267757
0.1032,1.06860884916167,1.08052472837593,-0.0119158792142522
0.1034,1.14475219575127,1.15583452520772,-0.0110823294564526
0.1036,1.2208246578463,1.23118201160014,-0.0103573537538404
0.1038,1.29693827231696,1.30655291522592,-0.00961464290895453
0.104,1.37315214658185,1.38192197107405,-0.00876982449219788
0.1042,1.44923868538529,1.45729933850013,-0.00806065311484616
0.1044,1.52536421329099,1.53269269312501,-0.0073284798340183
0.1046,1.60124430372552,1.60809173586978,-0.00684743214426575
0.1048,1.67691428592978,1.68349680725648,-0.00658252132670278
0.105,1.75242665573416,1.7589007631097,-0.00647410737554277
0.1052,1.82753062541823,1.83429361108666,-0.00676298566843792
0.1054,1.90242321043461,1.90968941452435,-0.00726620408974443
0.1056,1.97720427992428,1.98509134377742,-0.00788706385313698
0.1058,2.05174330577062,2.06046137404817,-0.00871806827754806
0.106,2.12588359040911,2.13574774129854,-0.00986415088942305
0.1062,2.20013284492861,2.21100608777488,-0.0108732428462619
0.1064,2.27459305333816,2.2862466545372,-0.0116536011990416
0.1066,2.34920611939126,2.36141348366344,-0.0122073642721849
0.1068,2.42386537271999,2.43655115976377,-0.0126857870437749
0.107,2.49868274511143,2.51160587349787,-0.0129231283864448
0.1072,2.57334800541429,2.58664690417294,-0.0132988987586438
0.1074,2.64794279390361,2.66166993127996,-0.0137271373763581
0.1076,2.72257450424329,2.73665966007179,-0.0140851558285036
0.1078,2.79740740249804,2.81162094623737,-0.0142135437393325
0.108,2.87256596158473,2.88657007035235,-0.0140041087676206
0.1082,2.94771242106797,2.9614680746031,-0.0137556535351369
0.1084,3.02303650236156,3.03634932342519,-0.0133128210636282
0.1086,3.09868281622541,3.11121912380398,-0.0125363075785727
0.1088,3.17453082252896,3.18609811004392,-0.0115672875149624
0.109,3.25059431314678,3.26103015952043,-0.0104358463736429
0.1092,3.32656269645733,3.33594101111142,-0.0093783146540849
0.1094,3.40239881633561,3.41088075389797,-0.00848193756235993
0.1096,3.47834955800998,3.48585750034567,-0.00750794233569563
0.1098,3.55425373154451,3.56081456622403,-0.00656083467951785
0.11,3.63024052688889,3.63580010722976,-0.00555958034087523
0.1102,3.70607383523941,3.71080806846718,-0.00473423322777666
0.1104,3.78174214319732,3.78584897147278,-0.00410682827546527
0.1106,3.857258562969,3.86092224058393,-0.00366367761493036
0.1108,3.93251056208554,3.93606435691258,-0.00355379482703544
0.111,4.00768606010157,4.01125737572,-0.00357131561842738
0.1112,4.08261592332106,4.08650141562943,-0.00388549230837132
0.1114,4.15725227648348,4.16175963719572,-0.00450736071223723
0.1116,4.2315479001748,4.23707126281404,-0.0055233626392388
0.1118,4.30551194209898,4.31239240231576,-0.00688046021677913
0.112,4.37961452865333,4.38771066564927,-0.00809613699593648
0.1122,4.4539024019826,4.46307173370955,-0.00916933172695078
0.1124,4.52828511607297,4.53845039014602,-0.0101652740730467
0.1126,4.60279821542505,4.61384784609767,-0.0110496306726162
0.1128,4.6771353978317,4.68924946126247,-0.0121140634307659
0.113,4.75158035367562,4.76464576702658,-0.013065413350966
0.1132,4.82629797717199,4.84003039871517,-0.0137324215431791
0.1134,4.9012773923318,4.91540448893248,-0.0141270966006841
0.1136,4.97667696508944,4.99075832716097,-0.0140813620715319
0.1138,5.05207590936952,5.06608531686336,-0.0140094074938393
0.114,5.12745946132111,5.14142117227778,-0.013961710956675
0.1142,5.20290711802361,5.21675251153776,-0.0138453935141483
0.1144,5.27859000738841,5.29204829191428,-0.0134582845258739
0.1146,5.35432360366528,5.36734855056898,-0.0130249469036938
0.1148,5.43022826066946,5.442639906413,-0.0124116457435441
0.115,5.50609498040943,5.51787239011635,-0.0117774097069203
0.1152,5.58207040747285,5.59306076830283,-0.0109903608299824
0.1154,5.65799343955897,5.66821869207294,-0.0102252525139663
0.1156,5.73398271991307,5.74339177367737,-0.00940905376430745
0.1158,5.80976219660532,5.81855015395832,-0.00878795735299409
0.116,5.88529828796754,5.89368438132939,-0.00838609336184515
0.1162,5.96061823349003,5.96875470461385,-0.00813647112382565
0.1164,6.0355103980429,6.04371720890295,-0.00820681086005504
0.1166,6.11023570961939,6.11866965982632,-0.00843395020692306
0.1168,6.18491462565772,6.19366788630156,-0.00875326064384385
0.117,6.25946895066258,6.26866553716223,-0.00919658649964639
0.1172,0.0505686077522931,0.0603944294310566,-0.00982582167876353
0.1174,0.124900934863508,0.13529409397238,-0.010393159108872
0.1176,0.199366746952188,0.21023127955955,-0.0108645326073626
0.1178,0.273929144868032,0.285172187763807,-0.011243042895775
0.118,0.348487410770201,0.360117838494943,-0.0116304277247415
0.1182,0.423257146881999,0.435062863758777,-0.0118057168767783
0.1184,0.497982302706723,0.510064211966354,-0.0120819092596304
0.1186,0.572691094624647,0.585114480048302,-0.0124233854236547
0.1188,0.647564338442879,0.660183758359428,-0.0126194199165494
0.119,0.722524591322546,0.735257703928096,-0.0127331126055492
0.1192,0.797414163439225,0.810369937594458,-0.0129557741552324
0.1194,0.87245234128481,0.885548571725543,-0.0130962304407329
0.1196,0.947655202769609,0.96073323876778,-0.013078035998171
0.1198,1.02298506692763,1.03593523532339,-0.0129501683957529
0.12,1.09855034535619,1.11116764001045,-0.0126172946542629
0.1202,1.17415456713822,1.18642363379398,-0.0122690666557568
0.1204,1.24993104199073,1.26170493717603,-0.011773895185301
0.1206,1.32570034196415,1.33702931101997,-0.011328969055818
0.1208,1.40162174129712,1.412391719398,-0.0107699781008828
0.121,1.47751022235542,1.48776978189133,-0.0102595595359141
0.1212,1.55345314484759,1.5631625532247,-0.00970940837710965
0.1214,1.62934584203641,1.63855899029804,-0.00921314826162756
0.1216,1.70520020755925,1.7139468074618,-0.00874659990255511
0.1218,1.78078267500388,1.78931831428116,-0.00853563927728063
0.122,1.85601524598918,1.864646332789,-0.00863108679982116
0.1222,1.93112250297939,1.93993461593775,-0.00881211295835715
0.1224,2.00593826620873,2.01518832931581,-0.00925006310707266
0.1226,2.08043020877866,2.09042994806378,-0.00999973928511855
0.1228,2.15455243920271,2.16565419692298,-0.0111017577202661
0.123,2.22875825268746,2.24082104791846,-0.012062795230996
0.1232,2.30308340286563,2.31597127212894,-0.0128878692633116
0.1234,2.37764071881572,2.39111314274314,-0.01347242392742
0.1236,2.45252061802831,2.4662507722402,-0.0137301542118866
0.1238,2.52767911990908,2.54142903484558,-0.0137499149365032
0.124,2.60280735711905,2.61656928867626,-0.0137619315572084
0.1242,2.67790903206569,2.69171149456725,-0.0138024625015514
0.1244,2.75312771926638,2.76682931567731,-0.0137015964109306
0.1246,2.82854232585687,2.84193445151514,-0.0133921256582719
0.1248,2.90432928248495,2.91708799403381,-0.0127587115488579
0.125,2.98018758266633,2.99218421638452,-0.0119966337181898
0.1252,3.05603873570544,3.06717331736639,-0.0111345816609534
0.1254,3.13191172622302,3.14214653085676,-0.0102348046337419
0.1256,3.20793537743999,3.21708842337616,-0.00915304593616195
0.1258,3.28388966610497,3.29204796951646,-0.00815830341148649
0.126,3.35986937572401,3.36702696075701,-0.00715758503299968
0.1262,3.43566667574121,3.44197764438476,-0.00631096864354275
0.1264,3.51143012995091,3.5169430500971,-0.00551292014619031
0.1266,3.58698478477728,3.59189641984902,-0.00491163507173731
0.1268,3.66245097312728,3.66687539423016,-0.00442442110287544
0.127,3.73758764651731,3.74186178150243,-0.00427413498511964
0.1272,3.81248458072252,3.81689446416571,-0.00440988344319138
0.1274,3.88723259479025,3.89195474161106,-0.00472214682081029
0.1276,3.96209027939916,3.96702098883174,-0.00493070943258322
0.1278,4.03690260364556,4.04211526154224,-0.00521265789668401
0.128,4.11155774113316,4.11725755637902,-0.00569981524585739
0.1282,4.18593940059742,4.19244869004596,-0.00650928944853835
0.1284,4.26013830847455,4.26766811459876,-0.00752980612420817
0.1286,4.33450864198972,4.34296111827391,-0.00845247628419088
0.1288,4.40898021843802,4.41828940115878,-0.00930918272075587
0.129,4.48349666508027,4.4936570935094,-0.0101604284291286
0.1292,4.55809331289538,4.56904279914371,-0.0109494862483315
0.1294,4.63297638320431,4.64443396536498,-0.0114575821606673
0.1296,4.70784314844042,4.71983201218013,-0.0119888637397123
0.1298,4.78267043646959,4.79522764783756,-0.0125572113679731
0.13,4.85760688070739,4.87061969552321,-0.0130128148158182
0.1302,4.93273202827724,4.94599846402453,-0.0132664357472905
0.1304,5.00820565610102,5.0213717986747,-0.0131661425736818
0.1306,5.08371202114894,5.09673010270395,-0.0130180815550105
0.1308,5.15916581408582,5.17202884580934,-0.0128630317235157
0.131,5.23460444034755,5.24731280673365,-0.0127083663860939
0.1312,5.31035083844445,5.32255797779313,-0.0122071393486793
0.1314,5.3860249344482,5.39773729631631,-0.011712361868109
0.1316,5.46169575065143,5.47286493321045,-0.0111691825590183
0.1318,5.53724085346322,5.54795410196806,-0.0107132485048371
0.132,5.61279028148197,5.62301517211658,-0.0102248906346176
0.1322,5.68830115484031,5.6979930531199,-0.00969189827959127
0.1324,5.76370742643483,5.77294652230489,-0.00923909587006388
0.1326,5.83871800061269,5.84785229672215,-0.00913429610945737
0.1328,5.91366657072511,5.92274586511446,-0.00907929438935096
0.133,5.98855562220283,5.99772396539928,-0.00916834319645066
0.1332,6.06355409328017,6.07272176138859,-0.00916766810841629
0.1334,6.13843335441588,6.14766635813488,-0.00923300371900027
0.1336,6.21302356742619,6.22254832245914,-0.00952475503294625
0.1338,0.0041165871873714,0.0142750392083783,-0.0101584520210069
0.134,0.0785484757594924,0.0892034667081187,-0.0106549909486263
0.1342,0.153066756811933,0.164098440225235,-0.0110316834133025
0.1344,0.227565911113619,0.238985003930713,-0.0114190928170942
0.1346,0.302231149737181,0.313940900005394,-0.011709750268213
0.1348,0.377170863039392,0.388943518078256,-0.0117726550388644
0.135,0.452313865167932,0.464011213898597,-0.0116973487306647
0.1352,0.527350213229449,0.539090537650608,-0.0117403244211592
0.1354,0.602309562870738,0.614209585960133,-0.011900023089395
0.1356,0.677354379803333,0.689378487618274,-0.012024107814941
0.1358,0.752547553230343,0.764624682464611,-0.0120771292342688
0.136,0.827761775840811,0.839855293994317,-0.0120935181535061
0.1362,0.903030404316619,0.915107766377173,-0.0120773620605539
0.1364,0.978535967192723,0.990435808232051,-0.0118998410393274
0.1366,1.0543041635761,1.06576830132919,-0.0114641377530877
0.1368,1.13030978063131,1.14112516339923,-0.0108153827679134
0.137,1.20621313246645,1.21649787500473,-0.0102847425382735
0.1372,1.28214442610558,1.29188450320777,-0.00974007710219316
0.1374,1.35810645762245,1.3672669436098,-0.00916048598735242
0.1376,1.43403155073474,1.44265288343062,-0.00862133269588172
0.1378,1.51012362615825,1.51805031048939,-0.00792668433113253
0.138,1.58601982972431,1.59344850202326,-0.00742867229894562
0.1382,1.66170166447045,1.66885648090931,-0.00715481643885996
0.1384,1.73723956022771,1.74427217971895,-0.00703261949123135
0.1386,1.81257839886626,1.81970371855415,-0.00712531968789176
0.1388,1.88792818526222,1.89515579927601,-0.00722761401379479
0.139,1.96314016431304,1.97062475795534,-0.00748459364229936
0.1392,2.03809897917489,2.04607563800267,-0.00797665882778364
0.1394,2.11266155570118,2.12147322781403,-0.00881167211284417
0.1396,2.18729689709568,2.19684502927136,-0.00954813217568562
0.1398,2.2619550437818,2.27214743299985,-0.0101923892180498
0.14,2.33651354491253,2.34736685065567,-0.0108533057431437
0.1402,2.41109188048635,2.42255829167957,-0.0114664111932217
0.1404,2.48582538881484,2.49764707737907,-0.0118216885642344
0.1406,2.56038907923073,2.57268621482377,-0.0122971355930459
0.1408,2.63486246113902,2.64766992043954,-0.0128074593005136
0.141,2.70936059658362,2.72258973817053,-0.0132291415869066
0.1412,2.78398753617333,2.79741969830928,-0.0134321621359432
0.1414,2.8588066915233,2.87218825534366,-0.0133815638203587
0.1416,2.93370605719462,2.94692138429909,-0.0132153271044606
0.1418,3.00868548014375,3.02164815309582,-0.012962672952074
0.142,3.08369671744652,3.09631793287961,-0.0126212154330871
0.1422,3.15873982771676,3.1710092009356,-0.0122693732188357
0.1424,3.23415115958375,3.24575965195666,-0.0116084923729058
0.1426,3.30959094487179,3.32050207067297,-0.0109111258011789
0.1428,3.38499717024263,3.39529802820147,-0.0103008579588346
0.143,3.46063773473434,3.47014254820146,-0.0095048134671285
0.1432,3.53634295370073,3.54506388318045,-0.00872092947971925
0.1434,3.61224803858021,3.62007092370887,-0.00782288512866325
0.1436,3.6880230493572,3.69510916539439,-0.0070861160371849
0.1438,3.76332365128753,3.7701696215425,-0.0068459702549668
0.144,3.83849101915976,3.84528644744759,-0.00679542828782864
0.1442,3.91349230000871,3.92046639083513,-0.00697409082642508
0.1444,3.98846406292719,3.99568347069609,-0.00721940776889962
0.1446,4.0632361551757,4.07094384965543,-0.00770769447973141
0.1448,4.1377507514656,4.14623339543066,-0.00848264396506959
0.145,4.21194357908567,4.22158351044711,-0.00963993136144747
0.1452,4.28633096700373,4.29694908667573,-0.0106181196719994
0.1454,4.36089353312572,4.37233737310351,-0.011443839977793
0.1456,4.43556930106186,4.44772860135159,-0.0121593002897287
0.1458,4.51031033684034,4.52310869410807,-0.0127983572677319
0.146,4.58521037842047,4.59850344576413,-0.0132930673436604
0.1462,4.65993497045948,4.67390038331358,-0.0139654128541054
0.1464,4.734554699618,4.7492977470987,-0.0147430474807013
0.1466,4.80918109345202,4.82469240787308,-0.0155113144210652
0.1468,4.88392320832827,4.90008035129333,-0.0161571429650618
0.147,4.9588891026748,4.97546172158257,-0.0165726189077757
0.1472,5.03394709996792,5.05082329261626,-0.0168761926483363
0.1474,5.10929882282342,5.12619891391087,-0.0169000910874519
0.1476,5.18529601268526,5.201559090113,-0.016263077427741
0.1478,5.26153224184902,5.27687277659359,-0.0153405347445714
0.148,5.33796963933283,5.35214965639096,-0.0141800170581341
0.1482,5.41431395518207,5.42739566665553,-0.0130817114734594
0.1484,5.4905016449608,5.50264387874837,-0.0121422337875643
0.1486,5.56673385031266,5.57785415474227,-0.0111203044296087
0.1488,5.64281800164749,5.65305034166371,-0.0102323400162163
0.149,5.71892705566593,5.72822445824165,-0.00929740257572398
0.1492,5.79478210309258,5.80338415163372,-0.00860204854114066
0.1494,5.87041847833505,5.87853364997489,-0.00811517163983755
0.1496,5.94589230139245,5.95361785255399,-0.0077255511615455
0.1498,6.02095970429781,6.02856939105087,-0.00760968675306195
0.15,6.09581271768456,6.10350234946656,-0.00768963178200188
0.1502,6.17052891679389,6.1784634020247,-0.00793448523081342
0.1504,6.24496889126696,6.25336780258561,-0.00839891131864778
0.1506,0.0358121162841396,0.0450177941909636,-0.00920567790682403
0.1508,0.1099686571071,0.119889059411819,-0.00992040230471855
0.151,0.184360836421322,0.194833977586731,-0.0104731411654097
0.1512,0.258905798961703,0.269758253635457,-0.0108524546737537
0.1514,0.333477949855196,0.344655283919682,-0.0111773340644854
0.1516,0.408199518113103,0.419540586424503,-0.0113410683114001
0.1518,0.482781742176814,0.494445781898971,-0.0116640397221563
0.152,0.55730363505231,0.569347259307754,-0.0120436242554444
0.1522,0.631845019097159,0.644276624219197,-0.0124316051220379
0.1524,0.706680853693918,0.719271025191172,-0.0125901714972542
0.1526,0.781913333577257,0.794351934864446,-0.0124386012871892
0.1528,0.857103487698261,0.869475346989301,-0.01237185929104
0.153,0.93231128509119,0.944573655994833,-0.012262370903643
0.1532,1.00768049547083,1.01970232221395,-0.0120218267431225
0.1534,1.08338204367799,1.09488152989254,-0.0114994862145417
0.1536,1.15917674934635,1.1701044582682,-0.0109277089218485
0.1538,1.23500657702378,1.24536521141309,-0.0103586343893072
0.154,1.31077113569972,1.32066931161414,-0.0098981759144201
0.1542,1.38664707396188,1.39601809455498,-0.00937102059310746
0.1544,1.46249274719533,1.47139353929149,-0.00890079209615724
0.1546,1.53851397334381,1.54678866825082,-0.00827469490700938
0.1548,1.6144074765205,1.62218599305372,-0.00777851653321604
0.155,1.69013200201451,1.69757381075887,-0.00744180874435618
0.1552,1.76565271673251,1.77294807826707,-0.00729536153456722
0.1554,1.84067890760714,1.84829549266118,-0.00761658505403995
0.1556,1.91543032209146,1.92360846886293,-0.00817814677146922
0.1558,1.99003521756149,1.99888254296326,-0.0088473254017698
0.156,2.064379917164,2.07411941672332,-0.00973949955931852
0.1562,2.13838228914929,2.1492638672572,-0.0108815781079037
0.1564,2.21206276267503,2.22436560994834,-0.0123028472733111
0.1566,2.28595924990438,2.29946660202233,-0.0135073521179532
0.1568,2.36013466223489,2.37448903618895,-0.0143543739540597
0.157,2.43442897944934,2.44948262974406,-0.0150536502947212
0.1572,2.50906049158065,2.52449008306484,-0.0154295914841831
0.1574,2.58375497577773,2.59946093373983,-0.0157059579621004
0.1576,2.65848916627878,2.67444654268765,-0.0159573764088696
0.1578,2.73342754457148,2.7494461884006,-0.016018643829125
0.158,2.80846351958697,2.82436981977264,-0.0159063001856654
0.1582,2.88341856657201,2.899271050703,-0.0158524841309911
0.1584,2.95852194399438,2.97417601256096,-0.0156540685665822
0.1586,3.0338141194663,3.04911065311382,-0.0152965336475144
0.1588,3.10927186046653,3.12407626083339,-0.0148044003668582
0.159,3.18499949515486,3.19901738460354,-0.0140178894486822
0.1592,3.26094582757316,3.2739992113532,-0.0130533837800395
0.1594,3.33698757922201,3.34899071117752,-0.0120031319555149
0.1596,3.41290238255107,3.42394947808653,-0.0110470955354609
0.1598,3.48890775045468,3.49892860069789,-0.0100208502432046
0.16,3.56488161402168,3.57389065580396,-0.00900904178227302
0.1602,3.64096279170422,3.64894404712811,-0.00798125542388961
0.1604,3.71683877664495,3.724058068207,-0.00721929156205192
0.1606,3.79247637217089,3.79915855935572,-0.00668218718483082
0.1608,3.86789679678399,3.87426528687414,-0.00636849009014373
0.161,3.94299972786768,3.94943521023999,-0.00643548237231117
0.1612,4.01800257232565,4.024648905302,-0.00664633297634865
0.1614,4.09277150276255,4.09990215113459,-0.00713064837204058
0.1616,4.16728260712842,4.17515789136308,-0.00787528423465655
0.1618,4.24147890406555,4.25045743916475,-0.00897853509920576
0.162,4.31572418202966,4.32579019593145,-0.0100660139017892
0.1622,4.39004722596609,4.40112684284714,-0.0110796168810454
0.1624,4.4645519953756,4.47649207378864,-0.0119400784130379
0.1626,4.53931264506276,4.55187279608429,-0.012560151021523
0.1628,4.6143184187174,4.62725749968742,-0.0129390809700149
0.163,4.68933550859474,4.70265178789437,-0.0133162792996364
0.1632,4.76442047280775,4.77805194166057,-0.013631468852819
0.1634,4.83970018388556,4.85345908512549,-0.0137589012399344
0.1636,4.91519297722314,4.92886150675402,-0.0136685295308814
0.1638,4.9910226059911,5.00425913638879,-0.0132365303976894
0.164,5.06687075621822,5.07963523627871,-0.0127644800604889
0.1642,5.14267561960583,5.1549658371799,-0.0122902175740727
0.1644,5.21849192192113,5.2302751074528,-0.0117831855316695
0.1646,5.29448345418873,5.30555497080394,-0.0110715166152033
0.1648,5.37045444763551,5.38082972151655,-0.0103752738810403
0.165,5.44650486121732,5.45605527520348,-0.00955041398615109
0.1652,5.52241059279349,5.5312071205084,-0.00879652771490491
0.1654,5.59830415806007,5.60630464291519,-0.00800048485511873
0.1656,5.67401657319859,5.68134967726775,-0.00733310406915333
0.1658,5.74950955118009,5.75636001957959,-0.00685046839949788
0.166,5.8245359443402,5.83128994691558,-0.00675400257538339
0.1662,5.89943570677933,5.90617400406448,-0.00673829728515152
0.1664,5.97419635261518,5.98106982498507,-0.00687347236988956
0.1666,6.04860558189197,6.05591176926165,-0.00730618736968669
0.1668,6.12285336832407,6.13071641387787,-0.00786304555379758
0.167,6.19692018292492,6.2055156132625,-0.00859543033757326
0.1672,6.2707934611346,6.28033054749273,-0.00953708635812855
0.1674,0.0612949100398152,0.0718795624064992,-0.010584652366684
0.1676,0.135096746425382,0.146597189318592,-0.01150044289321
0.1678,0.209129831711992,0.221330264872245,-0.0122004331602535
0.168,0.283323886465964,0.296102335843488,-0.0127784493775238
0.1682,0.357669540168471,0.370929983502626,-0.0132604433341551
0.1684,0.432242610568756,0.445845772370178,-0.0136031618014218
0.1686,0.506677234890339,0.520817034306857,-0.0141397994165179
0.1688,0.581170597128439,0.595857338798003,-0.0146867416695637
0.169,0.655842844399167,0.670941621446058,-0.0150987770468918
0.1692,0.730702425318694,0.74607899419256,-0.0153765688738657
0.1694,0.805965028543209,0.821268813604593,-0.015303785061385
0.1696,0.881344555734781,0.896490423636834,-0.0151458679020533
0.1698,0.95674146961831,0.971759752161247,-0.015018282542937
0.17,1.03217155250434,1.04704972939388,-0.0148781768895385
0.1702,1.10778502825954,1.12239133849969,-0.0146063102401452
0.1704,1.1833977657468,1.19774993999644,-0.0143521742496315
0.1706,1.25913779198332,1.27313401769545,-0.0139962257121289
0.1708,1.33482512414865,1.34853119754063,-0.0137060733919845
0.171,1.41064424035531,1.42393850352723,-0.0132942631719173
0.1712,1.48645605489575,1.49934162832302,-0.0128855734272786
0.1714,1.56238200055557,1.57474143570561,-0.0123594351500349
0.1716,1.63812764196987,1.65013588113788,-0.0120082391680156
0.1718,1.71369271592857,1.7255182196446,-0.011825503716032
0.172,1.78908811867205,1.80089795979301,-0.0118098411209551
0.1722,1.86453529214679,1.87627849127574,-0.0117431991289429
0.1724,1.93983027780579,1.95163963098381,-0.0118093531780243
0.1726,2.01493431851038,2.02698162185122,-0.0120473033408421
0.1728,2.09021839964187,2.10234316108868,-0.0121247614468141
0.173,2.16563781789882,2.17771618201031,-0.0120783641114914
0.1732,2.24103660875609,2.25302580963269,-0.0119892008766036
0.1734,2.3162119619648,2.32830753223271,-0.0120955702679115
0.1736,2.39137445738939,2.40356794369517,-0.0121934863057791
0.1738,2.46665678456472,2.47873896851376,-0.0120821839490448
0.174,2.54165926511586,2.55387784021542,-0.012218575099558
0.1742,2.61650239084407,2.62895899167318,-0.0124566008291098
0.1744,2.69134130258593,2.70397742223949,-0.0126361196535596
0.1746,2.76629680382304,2.77897423753724,-0.0126774337141957
0.1748,2.84141216877599,2.85398189062013,-0.012569721844137
0.175,2.91658730221401,2.92897163828593,-0.012384336071916
0.1752,2.99186371311753,3.00394294998136,-0.0120792368638285
0.1754,3.06739729553309,3.07892648737635,-0.0115291918432656
0.1756,3.14318103740619,3.15390602765838,-0.0107249902521929
0.1758,3.21917977958599,3.22884735221354,-0.00966757262755369
0.176,3.29505677478444,3.30375762426581,-0.00870084948136984
0.1762,3.37094421262449,3.37869251643979,-0.00774830381530256
0.1764,3.44671092488319,3.45359638719815,-0.00688546231495968
0.1766,3.52246353825583,3.5285300134453,-0.00606647518946835
0.1768,3.59845429458967,3.60348335094703,-0.00502905635736539
0.177,3.67429852408531,3.6784013712204,-0.00410284713509368
0.1772,3.74959413265394,3.75331191364844,-0.00371778099450548
0.1774,3.82471675322087,3.82826757903267,-0.00355082581179644
0.1776,3.89966656998469,3.90326735633086,-0.00360078634617356
0.1778,3.97458108932499,3.97828565002128,-0.00370456069628711
0.178,4.04929158993274,4.05333923184635,-0.00404764191360751
0.1782,4.12372327451017,4.12844199398485,-0.00471871947467228
0.1784,4.19779886157532,4.20358861552947,-0.0057897539541516
0.1786,4.27157090025653,4.27875153888494,-0.00718063862841234
0.1788,4.3450155787309,4.35398307175824,-0.00896749302734001
0.179,4.4187078182526,4.42927092994783,-0.0105631116952321
0.1792,4.49268609469984,4.50460556516069,-0.0119194704608478
0.1794,4.56690597960119,4.57997534370186,-0.0130693641006712
0.1796,4.64099527019221,4.6553613981928,-0.0143661280005887
0.1798,4.71508373170027,4.73075795199635,-0.0156742202960753
0.18,4.7892935927546,4.80614816484604,-0.0168545720914404
0.1802,4.86373342475633,4.88151774445032,-0.0177843196939955
0.1804,4.93844229574799,4.95685877516576,-0.0184164794177653
0.1806,5.01327585141421,5.03216896811303,-0.0188931166988215
0.1808,5.08821990738962,5.10745099603465,-0.0192310886450304
0.181,5.16341019529575,5.18268647744602,-0.019276282150269
0.1812,5.23888162814403,5.25790889115145,-0.0190272630074277
0.1814,5.31467375707299,5.33308892120012,-0.0184151641271271
0.1816,5.39049718840491,5.40820608341806,-0.0177088950131559
0.1818,5.46646784745983,5.48327999486192,-0.0168121474020904
0.182,5.54239083105605,5.55832408629403,-0.0159332552379814
0.1822,5.61830968374663,5.63334712620008,-0.0150374424534467
0.1824,5.69414521258563,5.7083104840061,-0.0141652714204685
0.1826,5.76983775974484,5.78327855061621,-0.0134407908713632
0.1828,5.84544265196722,5.85824611944289,-0.0128034674756634
0.183,5.92093217180245,5.93318140528834,-0.0122492334858988
0.1832,5.99620621447075,6.00815891159619,-0.0119526971254338
0.1834,6.07148308986565,6.08316697523187,-0.0116838853662218
0.1836,6.14661586061357,6.15820519918722,-0.0115893385736552
0.1838,6.2214984678185,6.23320246730837,-0.0117039994898711
0.184,0.0128278411627392,0.0250433957030005,-0.0122155545402613
0.1842,0.0874662317988498,0.100079500306365,-0.0126132685075156
0.1844,0.162181845593322,0.175084575376941,-0.0129027297836187
0.1846,0.236841536959161,0.250073033492456,-0.0132314965332949
0.1848,0.311606610427714,0.325096670453218,-0.0134900600255045
0.185,0.386597964666756,0.400096812705639,-0.0134988480388828
0.1852,0.461412252366228,0.475086608419821,-0.0136743560535932
0.1854,0.53613402295731,0.550055995125437,-0.0139219721681266
0.1856,0.610873387221172,0.625040941910908,-0.014167554689736
0.1858,0.685734519507713,0.700015044224011,-0.0142805247162981
0.186,0.760825471301563,0.775003399552999,-0.0141779282514362
0.1862,0.836007570403169,0.850050781215214,-0.0140432108120443
0.1864,0.911257420349056,0.925158512223221,-0.0139010918741652
0.1866,0.986710887121921,1.00035348180146,-0.0136425946795395
0.1868,1.06239380672644,1.07556999465074,-0.0131761879243022
0.187,1.13831980388223,1.15083591741018,-0.0125161135279503
0.1872,1.21418446946881,1.22614265818478,-0.0119581887159688
0.1874,1.29011037240984,1.3014830564519,-0.01137268404206
0.1876,1.36606027505316,1.37683483616927,-0.010774561116113
0.1878,1.44193721820872,1.45220257474428,-0.0102653565355606
0.188,1.51795213175388,1.52759259192787,-0.00964046017398834
0.1882,1.59377327730723,1.60299121620717,-0.00921793889993627
0.1884,1.66940523539452,1.67839567079822,-0.00899043540369382
0.1886,1.74491199963399,1.75379787123863,-0.00888587160463961
0.1888,1.82006146131305,1.82917915757705,-0.00911769626400938
0.189,1.89504053255165,1.90455051234791,-0.00950997979625989
0.1892,1.96992415094241,1.97991718086873,-0.00999302992631779
0.1894,2.04455728718045,2.05522570532947,-0.0106684181490175
0.1896,2.11876945315679,2.13046046382278,-0.0116910106659844
0.1898,2.19306482560467,2.20567912230719,-0.0126142967025236
0.19,2.2674499707647,2.2808328416035,-0.0133828708388015
0.1902,2.34184532026475,2.35591443056348,-0.0140691102987338
0.1904,2.41638524447439,2.43099649876305,-0.0146112542886638
0.1906,2.49118390212062,2.50603489675329,-0.0148509946326696
0.1908,2.56587221543291,2.58102088708298,-0.0151486716500653
0.191,2.64048313776371,2.6559446131786,-0.0154614754148863
0.1912,2.71509688931849,2.7308206516397,-0.0157237623212056
0.1914,2.78980233876003,2.80563998573833,-0.0158376469783019
0.1916,2.86470119519431,2.88044253727633,-0.0157413420820176
0.1918,2.93966088982415,2.95519929343736,-0.0155384036132049
0.192,3.01468188547607,3.02988478803719,-0.0152029025611236
0.1922,3.08982975799229,3.10455648799453,-0.0147267300022325
0.1924,3.16528484182976,3.17924663643148,-0.0139617946017201
0.1926,3.24103768944681,3.25399224311042,-0.0129545536636098
0.1928,3.31675596169725,3.32874987509474,-0.01199391339749
0.193,3.39256260217871,3.40356135423941,-0.0109987520606962
0.1932,3.46828229475063,3.47839225392367,-0.0101099591730418
0.1934,3.54397618623766,3.55321498233733,-0.0092387960996736
0.1936,3.61983134034446,3.62814336031057,-0.00831201996610975
0.1938,3.69556747622033,3.70318016119044,-0.0076126849701148
0.194,3.77116425989227,3.77826641734457,-0.00710215745229359
0.1942,3.84665481209391,3.85336941845591,-0.00671460636199805
0.1944,3.92192987217526,3.92853048875917,-0.00660061658390543
0.1946,3.99715724876712,4.00373597756708,-0.00657872879995702
0.1948,4.07216257672278,4.07899126179598,-0.00682868507320489
0.195,4.14683238947329,4.15428111739045,-0.00744872791716045
0.1952,4.22105590261562,4.22961121552028,-0.00855531290465716
0.1954,4.29497143422256,4.30495486003072,-0.0099834258081577
0.1956,4.3690108627996,4.38033367359041,-0.0113228107908041
0.1958,4.44316480795551,4.45572071633412,-0.0125559083786104
0.196,4.51746675862294,4.53110252001782,-0.0136357613948803
0.1962,4.59196266040082,4.60650572896281,-0.0145430685619932
0.1964,4.66628773447794,4.68190737032632,-0.0156196358483802
0.1966,4.74070166550856,4.75730552159405,-0.016603856085494
0.1968,4.81541706485837,4.83270863854418,-0.0172915736858119
0.197,4.89051063949473,4.90811851350269,-0.0176078740079575
0.1972,4.96611823803496,4.98351874517174,-0.0174005071367827
0.1974,5.04176692426285,5.05890024709962,-0.0171333228367692
0.1976,5.11739463467109,5.13428486113323,-0.0168902264621327
0.1978,5.19304554572058,5.20965908719037,-0.0166135414697921
0.198,5.26888590415673,5.28498752633572,-0.0161016221789918
0.1982,5.34493291134455,5.3602688810709,-0.0153359697263546
0.1984,5.4209001774662,5.4355042755473,-0.0146040980811053
0.1986,5.49680602782372,5.51073073593638,-0.0139247081126577
0.1988,5.57290883546138,5.58591520186591,-0.0130063664045252
0.199,5.64900321174228,5.66110553621842,-0.0121023244761362
0.1992,5.72515635707145,5.73628017530559,-0.0111238182341449
0.1994,5.80108234987231,5.81130844220657,-0.0102260923342659
0.1996,5.87639677776719,5.88625626534748,-0.00985948758029842
0.1998,5.95147090500376,5.96116609695653,-0.00969519195276636
0.2,6.02631713912038,6.03600518187326,-0.00968804275288271
0.2002,6.10112862664822,6.11080813004265,-0.00967950339443124
0.2004,6.17575412684543,6.18561557864966,-0.00986145180422948
0.2006,6.25008829879566,6.2603899073979,-0.0103016086022389
0.2008,0.0408932132805422,0.0518636252776853,-0.0109704119971431
0.201,0.114568729847933,0.126485304961511,-0.0119165751135786
0.2012,0.188406449335003,0.201167899773956,-0.0127614504389532
0.2014,0.262493596203028,0.275871238185364,-0.0133776419823355
0.2016,0.336777335018274,0.350607644212875,-0.0138303091946012
0.2018,0.41128825834915,0.42543800931732,-0.0141497509681703
0.202,0.485685265018155,0.500334865854666,-0.0146496008365105
0.2022,0.560223997568734,0.575292019050199,-0.0150680214814644
0.2024,0.635060164163525,0.650320375442622,-0.0152602112790965
0.2026,0.709993219915319,0.72539959095515,-0.0154063710398304
0.2028,0.785121830460416,0.800537543215037,-0.0154157127546219
0.203,0.860318034047973,0.875700780887053,-0.0153827468390793
0.2032,0.935550967060311,0.950833158298128,-0.0152821912378165
0.2034,1.01087552395138,1.0259976680024,-0.0151221440510168
0.2036,1.08647939525323,1.10121500688758,-0.0147356116343496
0.2038,1.16218000907151,1.1764664708109,-0.0142864617393879
0.204,1.23808213363568,1.25174395150746,-0.0136618178717722
0.2042,1.31397394562718,1.32705712517324,-0.0130831795460549
0.2044,1.39001606175417,1.4024085182667,-0.0123924565125375
0.2046,1.46605130007884,1.47778356293535,-0.0117322628565053
0.2048,1.54221416540694,1.55317799755532,-0.0109638321483807
0.205,1.61830030694282,1.62857405798842,-0.0102737510455932
0.2052,1.69427802635231,1.70395763589739,-0.00967960954508773
0.2054,1.76991723084665,1.77931980528069,-0.00940257443403514
0.2056,1.8450570430838,1.85464721306382,-0.00959016998001472
0.2058,1.92000112159973,1.92994323139274,-0.00994210979300858
0.206,1.99485930177171,2.00521378077165,-0.010354478999939
0.2062,2.06954214622326,2.08048744832809,-0.0109453021048322
0.2064,2.1443104427024,2.15570100169131,-0.0113905589889147
0.2066,2.21908103048836,2.23087769233213,-0.0117966618437664
0.2068,2.29378146071031,2.30605533298297,-0.0122738722726581
0.207,2.36844407328563,2.38113256989052,-0.0126884966048895
0.2072,2.44311328314395,2.45614230135945,-0.0130290182154984
0.2074,2.51762756624891,2.53116217514718,-0.0135346088982753
0.2076,2.59213183539245,2.60615193880719,-0.0140201034147407
0.2078,2.66673212776518,2.68115395608677,-0.0144218283215829
0.208,2.74153109368293,2.75616619330667,-0.0146350996237383
0.2082,2.81659124609026,2.83116911632488,-0.01457787023462
0.2084,2.89180863533811,2.90616687000868,-0.0143582346705702
0.2086,2.96717140099643,2.98117010034277,-0.0139986993463426
0.2088,3.04271554284521,3.05612942385855,-0.01341388101334
0.209,3.11840986338206,3.13106899433936,-0.0126591309572954
0.2092,3.19433048559728,3.20596914440848,-0.0116386588112012
0.2094,3.27022219224537,3.28086615224228,-0.010643959996917
0.2096,3.34616245568013,3.35573146789009,-0.00956901220995787
0.2098,3.42194494176039,3.43059558812614,-0.00865064636575763
0.21,3.49774662262434,3.50548238331976,-0.00773576069542115
0.2102,3.57343691350534,3.58036570486862,-0.00692879136327829
0.2104,3.64916574179784,3.65531049372068,-0.00614475192283681
0.2106,3.72469313216763,3.73027560672928,-0.00558247456165262
0.2108,3.79967255064993,3.80526014443344,-0.00558759378351148
0.211,3.8744779838641,3.88026544956427,-0.00578746570017374
0.2112,3.94895550243154,3.95528258799102,-0.0063270855594828
0.2114,4.02319517504814,4.03035654201657,-0.00716136696843339
0.2116,4.09714483045596,4.10545271318261,-0.00830788272664407
0.2118,4.17081638425042,4.18058051903667,-0.00976413478624139
0.212,4.24437646219703,4.25579195369859,-0.0114154915015527
0.2122,4.31778978606913,4.33103828804668,-0.0132485019775483
0.2124,4.3914744074652,4.40630452003641,-0.0148301125712065
0.2126,4.46547051677768,4.48163313727015,-0.0161626204924614
0.2128,4.53969370460756,4.55699566658206,-0.0173019619744945
0.213,4.61430267602998,4.63238383526778,-0.0180811592378021
0.2132,4.68933928113555,4.70778361136702,-0.0184443302314738
0.2134,4.76438853016846,4.78317634886128,-0.0187878186928199
0.2136,4.83956544811256,4.85855336656748,-0.0189879184549175
0.2138,4.91483324548379,4.93390429350502,-0.0190710480212308
0.214,4.99001822776856,5.00924621185268,-0.0192279840841252
0.2142,5.06539015917493,5.08456631092994,-0.0191761517550084
0.2144,5.14085820484428,5.15982268934674,-0.0189644845024581
0.2146,5.21636501979164,5.2350455250041,-0.0186805052124566
0.2148,5.29207906380048,5.31023242787068,-0.0181533640701996
0.215,5.36784072761722,5.3854052929657,-0.0175645653484837
0.2152,5.44375496538783,5.46051649690385,-0.0167615315160203
0.2154,5.5195894871632,5.53554537344718,-0.0159558862839777
0.2156,5.59548965778655,5.61051644758329,-0.0150267897967362
0.2158,5.67131300948005,5.6854250109696,-0.0141120014895568
0.216,5.74720619747382,5.76036169536723,-0.0131554978934023
0.2162,5.82291548776192,5.83530922735751,-0.0123937395955833
0.2164,5.89843162483516,5.91023255200459,-0.0118009271694302
0.2166,5.97377714651487,5.98518797496878,-0.0114108284539105
0.2168,6.04929616815222,6.06017588269955,-0.0108797145473272
0.217,6.12476597291612,6.13513360995471,-0.0103676370385841
0.2172,6.1999315273179,6.2101036506965,-0.0101721233785961
0.2174,6.27483257448116,0.00190671809583975,-0.0102594507942619
0.2176,0.0662090809882629,0.07691848712281,-0.0107094061345471
0.2178,0.140775808331904,0.151908699536179,-0.0111328912042754
0.218,0.21529866517813,0.226861349165118,-0.0115626839869878
0.2182,0.289878103153762,0.301828960186323,-0.0119508570325612
0.2184,0.364641247272418,0.376812911644965,-0.0121716643725471
0.2186,0.439614764997558,0.451851273192368,-0.0122365081948095
0.2188,0.514581255181862,0.526893260420271,-0.0123120052384095
0.219,0.589614630629387,0.601941898282832,-0.0123272676534447
0.2192,0.664860576212062,0.677009143346008,-0.0121485671339466
0.2194,0.74021627523021,0.7520915680227,-0.0118752927924904
0.2196,0.815485813239841,0.827181592588534,-0.0116957793486931
0.2198,0.890795949573379,0.902316686182896,-0.0115207366095178
0.22,0.966133973356457,0.977510352827452,-0.0113763794709949
0.2202,1.04151788115966,1.05271664084853,-0.0111987596888683
0.2204,1.11728600064714,1.12797128308949,-0.0106852824423496
0.2206,1.19306300029904,1.20326613669858,-0.0102031363995432
0.2208,1.26888586031203,1.27860079906698,-0.00971493875494689
0.221,1.34458743428648,1.35394993205217,-0.00936249776569675
0.2212,1.42026405261956,1.42931459826809,-0.00905054564853036
0.2214,1.4958537883569,1.50469592067508,-0.00884213231817954
0.2216,1.57127197963795,1.58008881446805,-0.00881683483009743
0.2218,1.64621587758961,1.65549497448879,-0.00927909689917183
0.222,1.72102697813087,1.73090275915612,-0.00987578102525766
0.2222,1.79573323144859,1.80631546891809,-0.0105822374694995
0.2224,1.87053349290747,1.8817307198298,-0.011197226922331
0.2226,1.94523109884917,1.95712297094159,-0.0118918720924184
0.2228,2.01969040289125,2.03247280525108,-0.0127824023598246
0.223,2.09391582254083,2.10777227781778,-0.0138564552769487
0.2232,2.16788949001505,2.18300888511136,-0.0151193950963098
0.2234,2.24186564045214,2.25815423912874,-0.0162885986765939
0.2236,2.31594514181814,2.33326274187833,-0.0173176000601956
0.2238,2.39020679911796,2.40836160944804,-0.0181548103300861
0.224,2.46472289721937,2.48340362615196,-0.0186807289325839
0.2242,2.53948866830544,2.55842523074612,-0.0189365624406821
0.2244,2.61426055501462,2.63335909772357,-0.0190985427089547
0.2246,2.68908109710893,2.70823347516077,-0.0191523780518419
0.2248,2.76408878752515,2.78304215090892,-0.018953363383774
0.225,2.83931701985059,2.85782567180309,-0.0185086519525077
0.2252,2.91460090276729,2.93258020577096,-0.0179793030036639
0.2254,2.98993332168547,3.00730467056263,-0.0173713488771599
0.2256,3.06528388598594,3.08195800730945,-0.0166741213235171
0.2258,3.14067017593706,3.15663469742954,-0.015964521492486
0.226,3.21644450932086,3.23138085946285,-0.0149363501419879
0.2262,3.29226254149984,3.30615084610625,-0.0138883046064038
0.2264,3.36817636874751,3.38097593865498,-0.0127995699074734
0.2266,3.44399836552304,3.45579435320547,-0.0117959876824285
0.2268,3.51979764474335,3.530642173355,-0.010844528611647
0.227,3.59551040278852,3.60552147997562,-0.0100110771871038
0.2272,3.67108087444471,3.68039942123061,-0.00931854678590227
0.2274,3.74622387567009,3.75533728522049,-0.00911340955040307
0.2276,3.82125653411708,3.83034361682848,-0.00908708271139158
0.2278,3.8961602176534,3.90542641905525,-0.00926620140185141
0.228,3.97110661481296,3.98052691654622,-0.00942030173325348
0.2282,4.04595149959563,4.05567295903898,-0.00972145944334635
0.2284,4.12062425779174,4.13087629352876,-0.0102520357370164
0.2286,4.19501514212689,4.20611956063841,-0.0111044185115148
0.2288,4.26958402895923,4.28138985303706,-0.0118058240778334
0.229,4.34425324937794,4.35671821223559,-0.0124649628576474
0.2292,4.41888382189754,4.43206877647526,-0.0131849545777198
0.2294,4.49351177581476,4.50744656700702,-0.0139347911922618
0.2296,4.56820462679141,4.58283738493776,-0.0146327581463499
0.2298,4.64315295764263,4.65822746253531,-0.0150745048926737
0.23,4.71804659036112,4.73362433370942,-0.0155777433483024
0.2302,4.792879016715,4.80901478926617,-0.0161357725511726
0.2304,4.86781759283703,4.88439082240656,-0.0165732295695289
0.2306,4.94293756277777,4.95973834084556,-0.0168007780677897
0.2308,5.01809643838168,5.03505378251799,-0.0169573441363102
0.231,5.09329221724988,5.11034626034018,-0.0170540430902966
0.2312,5.16875005708746,5.18561013042434,-0.0168600733368853
0.2314,5.24447226181638,5.26086585825804,-0.0163935964416533
0.2316,5.32042844861568,5.3360862478826,-0.0156577992669256
0.2318,5.39630506470782,5.4112705576094,-0.014965492901581
0.232,5.47209338829117,5.48643976577301,-0.0143463774818384
0.2322,5.54780455827806,5.56157115809011,-0.013766599812052
0.2324,5.62352866021509,5.63671877465471,-0.0131901144396167
0.2326,5.69942425741147,5.71183921112408,-0.0124149537126108
0.2328,5.77520107067675,5.78694003093251,-0.0117389602557525
0.233,5.85084737672335,5.86201188974572,-0.0111645130223721
0.2332,5.92640175990398,5.93701372121231,-0.0106119613083377
0.2334,6.00180906387778,6.01192803282706,-0.0101189689492767
0.2336,6.0772683458038,6.08683432347881,-0.00956597767500877
0.2338,6.15257273585212,6.16174021343722,-0.00916747758510006
0.234,6.22755700617783,6.23657327662736,-0.00901627044952935
0.2342,0.0188828210457768,0.0281721571474483,-0.00928933610167149
0.2344,0.0930191630367198,0.102903196910581,-0.00988403387386143
0.2346,0.167180752554526,0.177655573289464,-0.0104748207349379
0.2348,0.241356804007735,0.252399437326376,-0.0110426333186411
0.235,0.315615057522767,0.327140165258646,-0.0115251077358792
0.2352,0.390060272765931,0.401875829943984,-0.011815557178053
0.2354,0.464361836663563,0.476625325232954,-0.0122634885693904
0.2356,0.538601449025954,0.551369129107011,-0.0127676800810573
0.2358,0.612913007271588,0.626173911450209,-0.0132609041786214
0.236,0.687431908327154,0.701061506717685,-0.0136295983905309
0.2362,0.762201425697137,0.776077948663112,-0.0138765229659749
0.2364,0.837074796282754,0.851155831376535,-0.0140810350937819
0.2366,0.912025833747322,0.926253230482936,-0.0142273967356134
0.2368,0.986759982582669,1.00138903562868,-0.01462905304601
0.237,1.06159638262965,1.07658865490355,-0.0149922722738942
0.2372,1.13696973454986,1.1518582388038,-0.0148885042539442
0.2374,1.21250859980493,1.22717454965108,-0.0146659498461528
0.2376,1.28821736996894,1.30253791645985,-0.0143205464909053
0.2378,1.36385423265981,1.3779323599206,-0.0140781272607997
0.238,1.43944924058884,1.45332869230876,-0.0138794517199203
0.2382,1.51522513278813,1.52873369722798,-0.0135085644398547
0.2384,1.59082999604042,1.60413295692411,-0.013302960883685
0.2386,1.66592651890197,1.67952085799397,-0.0135943390920004
0.2388,1.74092814105549,1.75489080437461,-0.0139626633191172
0.239,1.81584755720686,1.8302261891934,-0.0143786319865387
0.2392,1.89083545270666,1.90554749184396,-0.014712039137301
0.2394,1.96570555826163,1.98085146891592,-0.0151459106542824
0.2396,2.04035275819602,2.05610294356009,-0.0157501853640687
0.2398,2.11466446387895,2.13132083229611,-0.0166563684171668
0.24,2.18914372004459,2.20654573477131,-0.0174020147267204
0.2402,2.26377309075064,2.28171392250485,-0.0179408317542049
0.2404,2.33844133312651,2.35681543154404,-0.018374098417532
0.2406,2.41323293335442,2.43190243336649,-0.0186695000120713
0.2408,2.48820922544128,2.50690680130858,-0.0186975758672978
0.241,2.56334518917657,2.58188954764384,-0.0185443584672709
0.2412,2.63848155663903,2.65688964338775,-0.0184080867487237
0.2414,2.7137501240627,2.73184452912845,-0.0180944050657459
0.2416,2.78907944149713,2.80674376902013,-0.0176643275229962
0.2418,2.86462171615385,2.88165153664975,-0.0170298204959036
0.242,2.94023852729522,2.95653713194267,-0.0162986046474565
0.2422,3.01586444612574,3.03144114535608,-0.0155766992303423
0.2424,3.0917501538568,3.10637642801013,-0.0146262741533372
0.2426,3.1677894647357,3.18125819726928,-0.0134687325335787
0.2428,3.24394642795762,3.25613355233563,-0.0121871243780109
0.243,3.3199554958535,3.33096589286099,-0.0110103970074871
0.2432,3.39584863236821,3.40583365613399,-0.00998502376577504
0.2434,3.47189975191782,3.4807558624276,-0.00885611050977975
0.2436,3.5479142965289,3.55568715749957,-0.00777286097066954
0.2438,3.62396437957191,3.6306816229428,-0.00671724337089152
0.244,3.69978917370805,3.7057162007297,-0.00592702702164782
0.2442,3.77521467091276,3.78073254068278,-0.00551786977001312
0.2444,3.85048411105945,3.85576787860548,-0.005283767546028
0.2446,3.92539767531037,3.93082468051374,-0.00542700520336981
0.2448,4.00012985957645,4.00594239235635,-0.00581253277989369
0.245,4.07475360372033,4.08112749412444,-0.00637389040411573
0.2452,4.14913148137249,4.15634148084508,-0.00720999947258782
0.2454,4.22311594844145,4.23158601395013,-0.00847006550868645
0.2456,4.29683302159722,4.30684399818066,-0.0100109765834331
0.2458,4.37072811526037,4.38211525921811,-0.0113871439577453
0.246,4.44483015866184,4.45741879259958,-0.0125886339377388
0.2462,4.51907764727598,4.53274393080653,-0.0136662835305561
0.2464,4.59353229336994,4.60810698445687,-0.0145746910869349
0.2466,4.66787852859849,4.68349085596159,-0.0156123273630993
0.2468,4.7422050019882,4.75888999413254,-0.0166849921443406
0.247,4.81661524142537,4.83429670202688,-0.0176814606015103
0.2472,4.89119467647454,4.90970174561701,-0.0185070691424762
0.2474,4.966015308683,4.98509227981804,-0.01907697113504
0.2476,5.04089569158761,5.06045665234432,-0.0195609607567029
0.2478,5.11581288399311,5.13579755982359,-0.0199846758304849
0.248,5.19086786715764,5.21111519855745,-0.0202473313998031
0.2482,5.26629997894993,5.28638378756812,-0.0200838086181845
0.2484,5.34212129105614,5.36159290474089,-0.019471613684753
0.2486,5.41795129533788,5.43671721742327,-0.0187659220853957
0.2488,5.49370489971862,5.51178578482142,-0.0180808851027985
0.249,5.56933110123553,5.58674333717623,-0.0174122359406983
0.2492,5.64492571571761,5.66161092634344,-0.0166852106258268
0.2494,5.7207043383951,5.7364591822067,-0.0157548438115924
0.2496,5.79634037230372,5.81123207294444,-0.0148917006407263
0.2498,5.87178534330669,5.88599522885382,-0.0142098855471291
0.25,5.94707249378017,5.96071542576118,-0.013642931981007
0.2502,6.02198760501581,6.03533207468952,-0.0133444696737115
0.2504,6.09676882359159,6.10994003622498,-0.0131712126333916
0.2506,6.17152026307229,6.18460262995871,-0.0130823668864153
0.2508,6.24608836060751,6.25927699068791,-0.0131886300803954
0.251,0.0371061347038744,0.0508169646605793,-0.013710829956705
0.2512,0.111440142595387,0.125592504603522,-0.0141523620081353
0.2514,0.18599695365606,0.200439210492338,-0.014442256836278
0.2516,0.260695562301632,0.275309189461896,-0.0146136271602634
0.2518,0.335404576225127,0.350203356352786,-0.0147987801276589
0.252,0.410226115899772,0.42516399503174,-0.0149378791319674
0.2522,0.484861002210809,0.500166912196572,-0.0153059099857626
0.2524,0.559576683618726,0.575200009006526,-0.0156233253878003
0.2526,0.634545974871245,0.65024183917639,-0.0156958643051452
0.2528,0.709797626877675,0.72532460103813,-0.0155269741604545
0.253,0.785455693776828,0.800481680231455,-0.0150259864546265
0.2532,0.861085263567929,0.875686950867298,-0.0146016872993693
0.2534,0.936687984918194,0.950929203918959,-0.0142412190007648
0.2536,1.01235536156013,1.02618657303732,-0.013831211477195
0.2538,1.08824505381272,1.10144946034654,-0.013204406533821
0.254,1.16414025392052,1.17671792424917,-0.012577670328644
0.2542,1.24014352430119,1.25199975120245,-0.0118562269012559
0.2544,1.3160639869545,1.32731029966542,-0.0112463127109153
0.2546,1.39209078281909,1.4026609185481,-0.0105701357290098
0.2548,1.46810169156923,1.478030101145,-0.00992840957577124
0.255,1.54423111721248,1.55341782180518,-0.00918670459269899
0.2552,1.62019253197965,1.62881769253832,-0.00862516055866713
0.2554,1.69557075202983,1.70421975420969,-0.00864900217985776
0.2556,1.7707043625584,1.77961789520062,-0.0089135326422165
0.2558,1.84542785856577,1.85499439673253,-0.00956653816676534
0.256,1.91992387351166,1.93034109382588,-0.0104172203142185
0.2562,1.99428744802147,2.00565884697814,-0.0113713989566639
0.2564,2.06846797191539,2.08096167928059,-0.0124937073652012
0.2566,2.14236376026911,2.15616556086128,-0.0138018005921623
0.2568,2.21594335337213,2.2313098581809,-0.0153665048087634
0.257,2.28968277925052,2.30646326272696,-0.0167804834764409
0.2572,2.3636772485956,2.38153118500919,-0.0178539364135815
0.2574,2.43788001087065,2.45655288610948,-0.0186728752388348
0.2576,2.51246126976092,2.53154609762324,-0.0190848278623195
0.2578,2.5870991328411,2.60643136998422,-0.0193322371431148
0.258,2.66176105976947,2.68126933076487,-0.0195082709953942
0.2582,2.7366261136455,2.75606332133097,-0.0194372076854639
0.2584,2.81157822007472,2.83074393192001,-0.0191657118452828
0.2586,2.88646911726286,2.90539872751717,-0.0189296102543097
0.2588,2.96150664092841,2.98004680069999,-0.0185401597715762
0.259,3.03669287486953,3.05462409075584,-0.0179312158863096
0.2592,3.11200564808289,3.12920943697564,-0.0172037888927457
0.2594,3.18758649588523,3.20380410010474,-0.0162176042195097
0.2596,3.26324085277638,3.27845514451968,-0.0152142917432956
0.2598,3.3390653964292,3.35315014691935,-0.01408475049015
0.26,3.41484249052587,3.42783773684415,-0.0129952463182814
0.2602,3.49073662561682,3.50257533502444,-0.0118387094076207
0.2604,3.56660649186729,3.57735068205863,-0.0107441901913465
0.2606,3.64257110304851,3.65222725050284,-0.00965614745432886
0.2608,3.71834573664103,3.72718290320277,-0.0088371665617335
0.261,3.79390322647837,3.80218624377803,-0.00828301729965686
0.2612,3.86927929107136,3.87726634125631,-0.00798705018494239
0.2614,3.94439215851973,3.95244356921005,-0.00805141069031245
0.2616,4.01946507912591,4.02766097863352,-0.00819589950760502
0.2618,4.09435919124833,4.10292824979051,-0.00856905854218049
0.262,4.1690417660994,4.17821595997626,-0.00917419387685747
0.2622,4.24343576825505,4.25356944151801,-0.0101336732629633
0.2624,4.31786754406115,4.32897759592471,-0.0111100518635547
0.2626,4.39232565122479,4.40438283305622,-0.0120571818314339
0.2628,4.46689099710265,4.47978927696221,-0.0128982798595656
0.263,4.54163820705533,4.55519453087767,-0.01355632382234
0.2632,4.61656879271033,4.63059346909037,-0.0140246763800418
0.2634,4.69145929733091,4.70599288841334,-0.014533591082432
0.2636,4.76637835128316,4.78139004667231,-0.0150116953891555
0.2638,4.84148107556812,4.85678760354156,-0.015306527973447
0.264,4.91664581107926,4.93217479515318,-0.0155289840739181
0.2642,4.99169482512161,5.0075651168846,-0.0158702917629929
0.2644,5.06694215517857,5.08294640862063,-0.0160042534420581
0.2646,5.14232119705306,5.15827355855181,-0.0159523614987522
0.2648,5.21776745287064,5.23357072841342,-0.0158032755427868
0.265,5.29343922020435,5.30883515469771,-0.0153959344933572
0.2652,5.36918139761212,5.38409551387422,-0.0149141162621023
0.2654,5.44510280092337,5.4593214737056,-0.014218672782226
0.2656,5.52095587633614,5.53453094133176,-0.0135750649956146
0.2658,5.59684900628808,5.60967132114533,-0.0128223148572468
0.266,5.67259976252271,5.68472304183224,-0.0121232793095274
0.2662,5.74833373121783,5.75974772254706,-0.0114139913292295
0.2664,5.82379967743456,5.83467002427776,-0.0108703468432072
0.2666,5.89900536014325,5.90953808280483,-0.010532722661579
0.2668,5.97399051701782,5.98440474725385,-0.0104142302360239
0.267,6.04859358963262,6.05919441804403,-0.0106008284114143
0.2672,6.12299538613657,6.1339215335761,-0.0109261474395348
0.2674,6.19716371774364,6.2086245514166,-0.0114608336729622
0.2676,6.27109376520104,0.000154531307699213,-0.0122460732862422
0.2678,0.0617092529627321,0.0748298434497723,-0.0131205904870402
0.268,0.135744008881656,0.149494763393444,-0.0137507545117874
0.2682,0.209953181803614,0.224168152828507,-0.0142149710248932
0.2684,0.284275270350074,0.29888095747749,-0.0146056871274162
0.2686,0.358736702534928,0.373654284920261,-0.0149175823853325
0.2688,0.433424084941704,0.448519914358831,-0.0150958294171266
0.269,0.507981578477358,0.523412788269666,-0.0154312097923081
0.2692,0.582625783546808,0.598350578030726,-0.0157247944839183
0.2694,0.657488416159848,0.673305144140095,-0.0158167279802468
0.2696,0.73258091436087,0.748276765888323,-0.0156958515274529
0.2698,0.807751612016705,0.823273359230348,-0.0155217472136433
0.27,0.883025703586007,0.898334848550843,-0.0153091449648357
0.2702,0.958392786850826,0.973476852177566,-0.0150840653267407
0.2704,1.03384799455774,1.0486524424088,-0.0148044478510687
0.2706,1.10969657820753,1.12389347663491,-0.0141968984273857
0.2708,1.18554892958216,1.19918526524304,-0.0136363356608773
0.271,1.26143967430512,1.2745211721061,-0.0130814978009826
0.2712,1.33720133513046,1.34988318067796,-0.0126818455475068
0.2714,1.41303438660572,1.4252701454762,-0.0122357588704853
0.2716,1.48880065130613,1.50067063517401,-0.011869983867878
0.2718,1.56445141718962,1.57606876390917,-0.0116173467195515
0.272,1.63970987372602,1.65146590925114,-0.0117560355251136
0.2722,1.71487718965854,1.7268526552937,-0.0119754656351605
0.2724,1.7899535693285,1.80222851421892,-0.0122749448904214
0.2726,1.86474771881419,1.87758992199765,-0.012842203183457
0.2728,1.9394404741893,1.95292400876852,-0.0134835345792212
0.273,2.01407806154831,2.02820364472638,-0.0141255831780724
0.2732,2.08855338073572,2.10347016922531,-0.0149167884895851
0.2734,2.16317604609517,2.17873981538454,-0.0155637692893764
0.2736,2.23787978627863,2.25391555880879,-0.0160357725301634
0.2738,2.31243859981477,2.32903235859196,-0.0165937587771965
0.274,2.38695649859134,2.40405321670737,-0.0170967181160253
0.2742,2.46117955969728,2.47896630210728,-0.0177867424099967
0.2744,2.53535382223346,2.55387659276466,-0.0185227705312005
0.2746,2.60964273715696,2.62871500881549,-0.0190722716585321
0.2748,2.68405051136639,2.70351980731597,-0.0194692959495808
0.275,2.75866681143032,2.77833618184033,-0.0196693704100062
0.2752,2.83357747661457,2.85317015119283,-0.0195926745782558
0.2754,2.90867323410396,2.92799660891677,-0.0193233748128026
0.2756,2.98395290716482,3.0028208155999,-0.0188679084350856
0.2758,3.05954655853627,3.07767128463672,-0.0181247261004525
0.276,3.13544217579607,3.15253377753492,-0.0170916017388447
0.2762,3.21160488174878,3.22739991534723,-0.0157950335984456
0.2764,3.28768915008895,3.3022309590818,-0.0145418089928535
0.2766,3.36381881595465,3.37708164996065,-0.0132628340059999
0.2768,3.43986069309473,3.45191196260555,-0.0120512695108115
0.277,3.51591349556126,3.52676861152471,-0.0108551159634485
0.2772,3.59190887483558,3.60165795820036,-0.00974908336478819
0.2774,3.66792620892415,3.6766025908856,-0.00867638196144593
0.2776,3.74364793099251,3.75156106108101,-0.00791313008850647
0.2778,3.81909347809294,3.82656236518122,-0.00746888708827154
0.278,3.89428913032948,3.90159173820863,-0.00730260787915693
0.2782,3.96944912919399,3.97663730896401,-0.00718817977002661
0.2784,4.04435476672358,4.05173937310899,-0.00738460638540861
0.2786,4.11886109291606,4.12688204462573,-0.0080209517096641
0.2788,4.19300690158815,4.20204555864152,-0.00903865705336848
0.279,4.26693208946391,4.27720168527388,-0.0102695958099739
0.2792,4.34101951785454,4.35242913241285,-0.0114096145583105
0.2794,4.41523710138901,4.42770910470809,-0.0124720033190826
0.2796,4.48967365149185,4.50303191343064,-0.013358261938798
0.2798,4.5643882661903,4.57839559265395,-0.014007326463652
0.28,4.63894662754301,4.6537798732881,-0.0148332457450895
0.2802,4.71345000952452,4.72917618685321,-0.0157261773286921
0.2804,4.78801632537255,4.80456779713685,-0.0165514717642923
0.2806,4.86277042456898,4.87994439811553,-0.0171739735465453
0.2808,4.93776845605348,4.95529064065552,-0.0175221846020372
0.281,5.01287316048164,5.03060338253413,-0.0177302220524878
0.2812,5.08807890489446,5.10588617513852,-0.0178072702440586
0.2814,5.16333727542303,5.18110385220593,-0.0177665767829049
0.2816,5.23864371136654,5.2563030359053,-0.0176593245387648
0.2818,5.31432325597066,5.33145828837513,-0.0171350324044752
0.282,5.39000988411146,5.40654323024391,-0.0165333461324453
0.2822,5.46575653007694,5.4815737726142,-0.0158172425372527
0.2824,5.54139788615126,5.55656305919,-0.0151651730387377
0.2826,5.61702344922261,5.63155753746943,-0.0145340882468146
0.2828,5.69287244557728,5.70651104110729,-0.0136385955300176
0.283,5.76857174879323,5.78142137931231,-0.0128496305190842
0.2832,5.84376319213284,5.85629160168546,-0.0125284095526181
0.2834,5.91887446986853,5.93116673172326,-0.0122922618547268
0.2836,5.99393333864449,6.00608897148244,-0.0121556328379464
0.2838,6.0690749246103,6.08103365837576,-0.0119587337654554
0.284,6.14411521275313,6.15600313530627,-0.0118879225531412
0.2842,6.21895486384711,6.23092916409226,-0.0119743002451518
0.2844,0.0102829816711774,0.0226164987048482,-0.0123335170336709
0.2846,0.0845397687333649,0.0974173879739103,-0.0128776192405454
0.2848,0.158895217148005,0.172214908226412,-0.0133196910784068
0.285,0.233307416800274,0.247017164255317,-0.0137097474550427
0.2852,0.307875741918324,0.321859576125718,-0.0139838342073941
0.2854,0.382680832706531,0.396683134365139,-0.0140023016586081
0.2856,0.457310053700329,0.471511731519028,-0.0142016778186992
0.2858,0.531868875569702,0.546370648999387,-0.0145017734296848
0.286,0.606457977930353,0.621289980349063,-0.0148320024187096
0.2862,0.681181818299242,0.696251219764044,-0.0150694014648018
0.2864,0.756089958026789,0.771304764876057,-0.0152148068492678
0.2866,0.831058802821842,0.846398661819124,-0.0153398589972822
0.2868,0.906095195662463,0.921498658186843,-0.0154034625243795
0.287,0.98090840816158,0.996631816697061,-0.0157234085354812
0.2872,1.05577550948156,1.07182813436679,-0.016052624885232
0.2874,1.13108064677155,1.14709222616662,-0.016011579395073
0.2876,1.20644945545737,1.22239725964394,-0.0159478041865624
0.2878,1.28195194463726,1.29773869034849,-0.0157867457112275
0.288,1.35744117676239,1.37309312339623,-0.0156519466338423
0.2882,1.43300697464525,1.44846581907451,-0.0154588444292507
0.2884,1.50856521026286,1.52386422129138,-0.0152990110285194
0.2886,1.58402916769666,1.59926364353719,-0.0152344758405358
0.2888,1.65943502209715,1.67466291207711,-0.0152278899799645
0.289,1.73478416890284,1.7500575968475,-0.01527342794466
0.2892,1.80997692643079,1.82543413478128,-0.0154572083504934
0.2894,1.88521428518344,1.90080720813861,-0.0155929229551761
0.2896,1.96035464507073,1.97618536973381,-0.0158307246630773
0.2898,2.03528987691444,2.05152561503517,-0.0162357381207237
0.29,2.10988143668265,2.1267932806146,-0.0169118439319487
0.2902,2.18459774513419,2.20204314358317,-0.0174453984489746
0.2904,2.25937985433061,2.27722589610538,-0.0178460417747677
0.2906,2.33408982756336,2.35237056719378,-0.0182807396304177
0.2908,2.40888481301754,2.42751981691246,-0.0186350038949166
0.291,2.48388061552298,2.50257842571085,-0.0186978101878692
0.2912,2.55867570114395,2.57758376162079,-0.0189080604768401
0.2914,2.63336330914694,2.65253695126812,-0.019173642121181
0.2916,2.70806186436429,2.72743093439701,-0.0193690700327194
0.2918,2.78288079476223,2.80225971356005,-0.0193789187978166
0.292,2.85793808677297,2.87707274208601,-0.0191346553130449
0.2922,2.93310962474002,2.95184450277382,-0.0187348780337984
0.2924,3.00837770078,3.02653428985078,-0.0181565890707751
0.2926,3.08366109130421,3.1011055595868,-0.0174444682825894
0.2928,3.15891373491808,3.17565912119773,-0.0167453862796552
0.293,3.23444204691498,3.25026006081542,-0.0158180139004402
0.2932,3.3099181469003,3.32483896907581,-0.0149208221755059
0.2934,3.38533049081844,3.39946367359997,-0.0141331827815243
0.2936,3.46100243819052,3.47415937909968,-0.0131569409091563
0.2938,3.53678883247153,3.54891552977613,-0.0121266973046037
0.294,3.61280887779807,3.62374459297398,-0.0109357151759046
0.2942,3.68869607325543,3.69861158348566,-0.00991551023023174
0.2944,3.76407900162467,3.77349533509171,-0.00941633346703874
0.2946,3.83933587294366,3.84842409871403,-0.00908822577037194
0.2948,3.9144456193861,3.92342818336037,-0.00898256397427133
0.295,3.98953998077306,3.99846387043406,-0.00892388966100066
0.2952,4.06445083830234,4.07355658902616,-0.0091057507238288
0.2954,4.13909688001243,4.14872081619751,-0.00962393618507562
0.2956,4.21337082726249,4.22397187125945,-0.0106010439969575
0.2958,4.28736692523604,4.29925155663588,-0.0118846313998446
0.296,4.36146140004292,4.37458425071413,-0.0131228506712056
0.2962,4.4356221344157,4.44994749405652,-0.0143253596408206
0.2964,4.50990857111061,4.52531619230662,-0.0154076211960108
0.2966,4.58443140182545,4.60071144639297,-0.0162800445675222
0.2968,4.65887234480699,4.67610981763974,-0.0172374728327531
0.297,4.73330119719572,4.75150716732551,-0.0182059701297979
0.2972,4.80779204303515,4.82689957036613,-0.0191075273309771
0.2974,4.88240583974078,4.90228202142924,-0.0198761816884634
0.2976,4.95722943883853,4.97764784156383,-0.0204184027252969
0.2978,5.03214578083192,5.05299129669968,-0.0208455158677587
0.298,5.10718758237564,5.12833316990355,-0.0211455875279052
0.2982,5.18267879334034,5.20364898492383,-0.0209701915834906
0.2984,5.25851984978087,5.27890402107392,-0.0203841712930535
0.2986,5.33462957346742,5.35409966620056,-0.019470092733143
0.2988,5.41067419031377,5.42924313017806,-0.0185689398642932
0.299,5.48662189006118,5.50437979023051,-0.0177579001693351
0.2992,5.56271132308858,5.57946818724483,-0.0167568641562514
0.2994,5.6387498509698,5.65448402162426,-0.0157341706544623
0.2996,5.71488582609028,5.72948015004031,-0.0145943239500257
0.2998,5.79081468875199,5.80444127189537,-0.0136265831433864
0.3,5.86638401645914,5.87931899723364,-0.0129349807745083
0.3002,5.94178595056093,5.95413746248796,-0.0123515119270348
0.3004,6.01691236213309,6.02896956866745,-0.0120572065343598
0.3006,6.09237590889758,6.10437773959989,-0.0120018307023155
0.3008,6.17007279477711,6.18122894942023,-0.0111561546431114
0.301,6.25344966438278,6.25997271740412,-0.00652305302134248
0.3012,0.0615148249936368,0.0568375500897357,0.00467727490390113
0.3014,0.15961096110832,0.136822285777926,0.0227886753303932
0.3016,0.260952479664198,0.215596689380545,0.0453557902836531
0.3018,0.363066624308363,0.292765856567827,0.0703007677405353
0.302,0.466307886047225,0.368455285359609,0.0978526006876159
0.3022,0.571801230165232,0.442849374827282,0.128951855337951
0.3024,0.679287098559181,0.515940353160575,0.163346745398607
0.3026,0.787807480628356,0.587792817839949,0.200014662788408
0.3028,0.897672278734091,0.658608722160658,0.239063556573434
0.303,1.00923901583158,0.728515658884472,0.280723356947105
0.3032,1.12016646613659,0.797477095458318,0.322689370678267
0.3034,1.22498307814645,0.865341818704097,0.359641259442355
0.3036,1.31870053832693,0.932294276466727,0.386406261860199
0.3038,1.40069112480856,0.998908439657694,0.401782685150867
0.304,1.4742920411055,1.06577703142576,0.408515009679735
0.3042,1.54369740297496,1.13338043405422,0.410316968920741
0.3044,1.61138859681079,1.20194135202986,0.409447244780923
0.3046,1.67782736920934,1.27156522184071,0.406262147368625
0.3048,1.74272729093493,1.34232927187545,0.400398019059472
0.305,1.80483549378105,1.41425326094129,0.390582232839757
0.3052,1.86282925381746,1.48742561987076,0.375403633946703
0.3054,1.91579284825361,1.5619580832343,0.35383476501931
0.3056,1.96420158826626,1.63791662676963,0.326284961496633
0.3058,2.01060009977249,1.71524810475899,0.295351995013496
0.306,2.05836997767842,1.79375653236019,0.26461344531823
0.3062,2.10901310021665,1.87324917020744,0.23576393000921
0.3064,2.16204451963401,1.95369434444007,0.208350175193948
0.3066,2.21630521171822,2.03511698312577,0.181188228592452
0.3068,2.27106466861059,2.11742075418967,0.153643914420925
0.307,2.32646763204111,2.20039231456232,0.126075317478788
0.3072,2.3825284967887,2.28372631087795,0.0988021859107415
0.3074,2.43942020056198,2.36696485361928,0.0724553469427032
0.3076,2.49723868283969,2.44963976947007,0.0475989133696189
0.3078,2.55602265365843,2.53135181999805,0.0246708336603803
0.308,2.61559043241742,2.61194332285749,0.00364710955992953
0.3082,2.67552141757013,2.69148369337107,-0.0159622758009377
0.3084,2.73537426376612,2.77014890734251,-0.0347746435763847
0.3086,2.79525738502243,2.84794227836181,-0.052684893339376
0.3088,2.85539413627594,2.92477189634775,-0.0693777600718057
0.309,2.91591759806387,3.00039508873645,-0.0844774906725818
0.3092,2.97662390443926,3.07473750841549,-0.0981136039762314
0.3094,3.03786386418575,3.14778197832938,-0.109918114143629
0.3096,3.099568518644,3.2193506327742,-0.1197821141302
0.3098,3.16145519381966,3.28942492308438,-0.127969729264718
0.31,3.22339743947712,3.35806961593332,-0.134672176456201
0.3102,3.2854366076239,3.42519817370029,-0.139761566076391
0.3104,3.34751137920116,3.49101011794771,-0.143498738746545
0.3106,3.41016500669233,3.55565996117839,-0.145494954486053
0.3108,3.47345531496037,3.6193454019783,-0.145890087017923
0.311,3.53707343917963,3.68217139003289,-0.145097950853259
0.3112,3.60068106339767,3.74413751787011,-0.143456454472442
0.3114,3.66466401688074,3.80528455461485,-0.140620537734103
0.3116,3.72912294272126,3.86572851562738,-0.136605572906116
0.3118,3.79394302270742,3.92577684734739,-0.131833824639966
0.312,3.85879884160653,3.98567264314335,-0.126873801536814
0.3122,3.92310669340367,4.04573699581137,-0.122630302407699
0.3124,3.98694293840631,4.10637863734947,-0.11943569894316
0.3126,4.05061376492213,4.16794135727296,-0.117327592350836
0.3128,4.11413722726836,4.23066861560537,-0.116531388337003
0.313,4.17709969645639,4.2948195051835,-0.117719808727104
0.3132,4.23876919376477,4.36049219855532,-0.121723004790553
0.3134,4.29870959163645,4.42783283872617,-0.129123247089726
0.3136,4.35725492951852,4.49693550824336,-0.139680578724842
0.3138,4.41444036206508,4.56782729713317,-0.153386935068087
0.314,4.47085938886209,4.64055051600449,-0.1696911271424
0.3142,4.52712878305258,4.71512391146254,-0.187995128409967
0.3144,4.58414898233489,4.79146739843307,-0.207318416098181
0.3146,4.64286414826184,4.86943567884682,-0.226571530584985
0.3148,4.70348771826471,4.94885873348192,-0.245371015217211
0.315,4.76588223656975,5.02958523957118,-0.263703003001427
0.3152,4.83006513687056,5.11150886656203,-0.281443729691474
0.3154,4.89592504654668,5.19443604534044,-0.298510998793763
0.3156,4.96351435260344,5.27804933160287,-0.314534978999432
0.3158,5.03310906836331,5.36194001419996,-0.32883094583665
0.316,5.10455781665159,5.44577100709837,-0.341213190446782
0.3162,5.17776471773851,5.52921085627882,-0.351446138540304
0.3164,5.25235171250236,5.61185590278675,-0.359504190284384
0.3166,5.32774556473126,5.69317274367504,-0.36542717894378
0.3168,5.4035116575447,5.77269568277759,-0.369184025232888
0.317,5.47933042280617,5.85001750899716,-0.37068708619099
0.3172,5.55481297578423,5.92396509232138,-0.369152116537151
0.3174,5.62975510734304,5.99268349148822,-0.362928384145187
0.3176,5.70413886636934,6.05457600464407,-0.350437138274721
0.3178,5.77793905150541,6.11002798723781,-0.332088935732394
0.318,5.85112305761139,6.16162561270043,-0.310502555089043
0.3182,5.92368092734766,6.21247401975478,-0.288793092407123
0.3184,5.99579827505209,6.26436062244155,-0.26856234738946
0.3186,6.06790004974361,0.0344766593809064,-0.24976191681688
0.3188,6.14044438309111,0.0892824274427122,-0.23202335153119
0.319,6.21340874918716,0.1459292294924,-0.215705787484831
0.3192,0.00378479943199839,0.204714278635424,-0.200929479203426
0.3194,0.0778680701008259,0.265733098384793,-0.187865028283967
0.3196,0.152701337665207,0.32907992797445,-0.176378590309243
0.3198,0.228028510623411,0.395266306119603,-0.167237795496192
0.32,0.304132201837092,0.465460672358509,-0.161328470521417
0.3202,0.380687977752068,0.540018173221505,-0.159330195469437
0.3204,0.45764822055505,0.617918935764782,-0.160270715209732
0.3206,0.534872278547886,0.697410726695667,-0.16253844814778
0.3208,0.612145939211537,0.777186895201198,-0.165040955989661
0.321,0.689480766606746,0.856655066720904,-0.167174300114157
0.3212,0.766976301763917,0.935815930132745,-0.168839628368828
0.3214,0.84472734595711,1.01465607561589,-0.169928729658779
0.3216,0.922494033864441,1.09320480073366,-0.170710766869221
0.3218,1.00020076177853,1.17159440905401,-0.171393647275477
0.322,1.0779156889836,1.24974867646202,-0.171832987478424
0.3222,1.15565085601635,1.32742897411241,-0.171778118096056
0.3224,1.23351142278261,1.40436468702736,-0.170853264244749
0.3226,1.3116048068271,1.480540304503,-0.168935497675904
0.3228,1.39009340948196,1.5561739291136,-0.166080519631634
0.323,1.469106043678,1.63148539006318,-0.162379346385186
0.3232,1.54871957102204,1.70649552268142,-0.157775951659381
0.3234,1.62894542361728,1.78106774757852,-0.152122323961249
0.3236,1.70955762705804,1.85505901098827,-0.145501383930233
0.3238,1.79018080202536,1.92838812101953,-0.138207318994171
0.324,1.87088499105146,2.00112210258771,-0.130237111536251
0.3242,1.95138374731632,2.07339890782973,-0.122015160513409
0.3244,2.03180482423057,2.14535463953856,-0.113549815307982
0.3246,2.11176995828835,2.21697371636218,-0.10520375807383
0.3248,2.19118829850189,2.28808197795747,-0.0968936794555835
0.325,2.27038154001631,2.35848837858819,-0.0881068385718793
0.3252,2.34951145040428,2.42806148096106,-0.0785500305567841
0.3254,2.42884907148362,2.49700008360299,-0.0681510121193711
0.3256,2.50871568504386,2.56575945924861,-0.0570437742047498
0.3258,2.58951278447524,2.63486269323328,-0.0453499087580473
0.326,2.67146304761004,2.70452487223392,-0.0330618246238741
0.3262,2.75452839874109,2.77507569752546,-0.0205472987843671
0.3264,2.83893286459151,2.84693995483131,-0.00800709023980239
0.3266,2.92460450009149,2.92040794154595,0.0041965585455479
0.3268,3.01190149815388,2.99583707498163,0.0160644231722524
0.327,3.10089239702072,3.07322387521924,0.0276685218014738
0.3272,3.19144971814585,3.15241845305327,0.0390312650925804
0.3274,3.28373678688375,3.23347268273897,0.0502641041447749
0.3276,3.37795210190013,3.31640909564061,0.061543006259523
0.3278,3.47388428436158,3.40105394967675,0.072830334684836
0.328,3.57112889608877,3.48702047492545,0.0841084211633167
0.3282,3.66934324713607,3.57406015984031,0.0952830872957664
0.3284,3.76819371437499,3.66160255474228,0.106591159632703
0.3286,3.86742844600271,3.74907394295133,0.118354503051384
0.3288,3.96688912021322,3.83597309108948,0.130916029123735
0.329,4.06614229510378,3.92179946169417,0.144342833409604
0.3292,4.16516588654284,4.00612949070643,0.159036395836414
0.3294,4.26361662012631,4.08871274887474,0.174903871251571
0.3296,4.36117860664311,4.16956734205916,0.191611264583942
0.3298,4.45776047106183,4.248843350969,0.208917120092832
0.33,4.55339622758922,4.32677675992336,0.226619467665865
0.3302,4.64805561200079,4.40361183387418,0.244443778126604
0.3304,4.7419594238964,4.47968236493874,0.262277058957665
0.3306,4.83522777958981,4.55525687759542,0.279970901994385
0.3308,4.92764143225135,4.63055502713257,0.297086405118782
0.331,5.01951247595661,4.70584697092949,0.313665505027118
0.3312,5.11081919323093,4.78139358072078,0.329425612510149
0.3314,5.20160703201941,4.85742341638653,0.344183615632874
0.3316,5.2918495873653,4.9340901891026,0.357759398262703
0.3318,5.3812823473934,5.01143204220971,0.369850305183686
0.332,5.46971901938828,5.08944131334142,0.380277706046864
0.3322,5.55720045991684,5.16808628790564,0.389114172011202
0.3324,5.64355200771781,5.24728634332477,0.396265664393043
0.3326,5.72845271426007,5.32695088445941,0.401501829800656
0.3328,5.81177120031906,5.40686165461731,0.404909545701744
0.333,5.89324646692716,5.48690027853676,0.406346188390406
0.3332,5.97269484551912,5.56706184454303,0.405633000976096
0.3334,6.05040478049147,5.64728468158609,0.403120098905377
0.3336,6.12673849862222,5.7274182586728,0.39932023994942
0.3338,6.20160554313268,5.80723749892081,0.394368044211873
0.334,6.27498153669564,5.88658867138327,0.388392865312366
0.3342,0.0634638704239281,5.96530985854661,0.3813393190569
0.3344,0.133368427581738,6.04352363030065,0.373030104460671
0.3346,0.20152254190324,6.12135342767345,0.363354421409378
0.3348,0.267859477410079,6.19892420636407,0.352120578225594
0.335,0.332206203599504,6.27623027180776,0.339161238971327
0.3352,0.394485761191207,0.0701031931380089,0.324382568053198
0.3354,0.454726927907757,0.146957843292524,0.307769084615233
0.3356,0.513456438787508,0.223818121979095,0.289638316808413
0.3358,0.571132674979451,0.300859806052249,0.270272868927202
0.336,0.628481872612853,0.378047494103988,0.250434378508865
0.3362,0.685622869026159,0.455135202939731,0.230487666086428
0.3364,0.742690435424807,0.532156979611078,0.210533455813729
0.3366,0.800091864379051,0.60901421685802,0.191077647521031
0.3368,0.858266065101099,0.685706567487976,0.172559497613123
0.337,0.917539451734202,0.762170458175314,0.155368993558888
0.3372,0.977967738159897,0.838427680151165,0.139540058008732
0.3374,1.04014729673605,0.914527967374987,0.125619329361058
0.3376,1.10413959539165,0.990411029896001,0.113728565495647
0.3378,1.16975265183746,1.06601072974543,0.103741922092027
0.338,1.23698491930082,1.14137498854785,0.0956099307529663
0.3382,1.30534034192173,1.21662069203425,0.0887196498874785
0.3384,1.37453034842705,1.29181738475487,0.0827129636721744
0.3386,1.44424938820483,1.36698375758035,0.0772656306244832
0.3388,1.51391864341153,1.44215338622694,0.0717652571845842
0.339,1.58302539914647,1.51740092834256,0.065624470803918
0.3392,1.65123185876217,1.59277158402023,0.0584602747419438
0.3394,1.7181463931214,1.66829782479499,0.0498485683264109
0.3396,1.78370283854561,1.74399784423265,0.0397049943129637
0.3398,1.84778202087198,1.81986450904313,0.0279175118288517
0.34,1.91047386336154,1.89590530732225,0.014568556039297
0.3402,1.97207752867409,1.97214899572602,-7.146705192973e-05
0.3404,2.03278866177641,2.04869294771552,-0.015904285939115
0.3406,2.09328997637897,2.12558818328405,-0.0322982069050828
0.3408,2.15376754249339,2.20291702205221,-0.0491494795588232
0.341,2.21462481940265,2.28082908539539,-0.0662042659927331
0.3412,2.27611313846938,2.35950385796336,-0.0833907194939782
0.3414,2.33850523074776,2.43896250139488,-0.100457270647127
0.3416,2.40160167836812,2.51905322517451,-0.117451546806381
0.3418,2.46579400031513,2.59961213914571,-0.133818138830577
0.342,2.53083143605702,2.68025729062794,-0.149425854570922
0.3422,2.59647079579967,2.76069748268368,-0.164226686884011
0.3424,2.66291003427434,2.84062536605058,-0.177715331776246
0.3426,2.72984523393823,2.91964425211769,-0.18979901817946
0.3428,2.7972362263397,2.99746032749163,-0.200224101151928
0.343,2.86484344347292,3.07376562594788,-0.208922182474955
0.3432,2.93243075186914,3.14836798155928,-0.215937229690139
0.3434,2.99985046325805,3.22106745332584,-0.221216990067787
0.3436,3.06745244431849,3.29214365896336,-0.224691214644865
0.3438,3.13543069420112,3.36164299231085,-0.226212298109728
0.344,3.2034639359406,3.42942499034153,-0.225961054400934
0.3442,3.27138715554626,3.49571240569394,-0.224325250147686
0.3444,3.33950120140877,3.56083673527938,-0.221335533870616
0.3446,3.40766059053654,3.62514553650132,-0.217484945964776
0.3448,3.47583916745894,3.68902078833055,-0.213181620871615
0.345,3.54432098149121,3.75295368199794,-0.208632700506723
0.3452,3.61318392655027,3.81723825594233,-0.204054329392056
0.3454,3.68230129939252,3.88215321741974,-0.199851918027222
0.3456,3.75186190534151,3.94805487915475,-0.196192973813236
0.3458,3.82187587809163,4.01511052098065,-0.193234642889019
0.346,3.89241588708746,4.08349589070308,-0.191080003615615
0.3462,3.9632637696082,4.15328447402314,-0.190020704414943
0.3464,4.03425186381477,4.22456034964015,-0.190308485825374
0.3466,4.10563695302516,4.29719219206159,-0.191555239036436
0.3468,4.17730449550616,4.37093296779705,-0.19362847229089
0.347,4.24898019147284,4.445543873968,-0.196563682495155
0.3472,4.32084189124128,4.52075257700174,-0.199910685760457
0.3474,4.39300765892118,4.59629575223992,-0.203288093318741
0.3476,4.46531870212116,4.67189685232782,-0.206578150206667
0.3478,4.53755793119404,4.74729529648584,-0.209737365291794
0.348,4.61016123029147,4.8222662142414,-0.212104983949937
0.3482,4.68290761026604,4.89665690082153,-0.213749290555491
0.3484,4.75578072606328,4.97037860163553,-0.214597875572249
0.3486,4.82899218147887,5.04331766765355,-0.214325486174674
0.3488,4.90239133396847,5.11543917651783,-0.213047842549355
0.349,4.97615730672742,5.18677005539764,-0.210612748670213
0.3492,5.05019618657506,5.25738060580086,-0.207184419225798
0.3494,5.12434109682705,5.32744242639854,-0.20310132957149
0.3496,5.19885417359069,5.39708190355641,-0.198227729965722
0.3498,5.27367340932617,5.46633143376762,-0.192658024441457
0.35,5.3485324250155,5.53529871669848,-0.186766291682972
0.3502,5.4234865318631,5.60423711526324,-0.180750583400143
0.3504,5.49866564216117,5.67348085928445,-0.174815217123271
0.3506,5.5741156590526,5.74320244513169,-0.169086786079091
0.3508,5.64969428800041,5.8136423436948,-0.163948055694386
0.351,5.7253507154264,5.88477661635245,-0.159425900926055
0.3512,5.80112376642923,5.95667090052828,-0.155547134099051
0.3514,5.8772053344627,6.02922222612567,-0.152016891662969
0.3516,5.95332380380451,6.10238183177461,-0.14905802797009
0.3518,6.02961245456381,6.17597901772187,-0.146366563158057
0.352,6.10605171948324,6.24990074144596,-0.143849021962722
0.3522,6.18290179179832,0.0407732836058918,-0.141056798987163
0.3524,6.26007288514813,0.11474831073209,-0.137860732763549
0.3526,0.0545274974364363,0.188496743337784,-0.133969245901348
0.3528,0.132402815527398,0.262062319952573,-0.129659504425175
0.353,0.210400505831049,0.335520351588431,-0.125119845757382
0.3532,0.288644146520775,0.408837759695858,-0.120193613175083
0.3534,0.366849555143714,0.482073384242007,-0.115223829098293
0.3536,0.444987467515617,0.55528601332517,-0.110298545809553
0.3538,0.522855214411301,0.628546280821519,-0.105691066410218
0.354,0.600525130070814,0.701882775309667,-0.101357645238853
0.3542,0.678097913210834,0.775359150539637,-0.0972612373288027
0.3544,0.755357605029226,0.849010640821563,-0.093653035792337
0.3546,0.83249307532486,0.922931231709974,-0.0904381563851137
0.3548,0.909680009698806,0.99720255411306,-0.0875225444142543
0.355,0.986828279196649,1.07180514034421,-0.0849768611475596
0.3552,1.06401512162883,1.14666415403371,-0.0826490324048827
0.3554,1.14130727101254,1.22183732463769,-0.0805300536251514
0.3556,1.21874672452521,1.29721717869426,-0.0784704541690484
0.3558,1.2962605712236,1.37268886861373,-0.0764282973901236
0.356,1.37383040172944,1.44820454908899,-0.0743741473595436
0.3562,1.45156588031953,1.52368698770346,-0.0721211073839287
0.3564,1.52952682470336,1.5990944313889,-0.069567606685546
0.3566,1.60775342431832,1.67440664220975,-0.0666532178914381
0.3568,1.68615214697674,1.74961764613329,-0.0634654991565442
0.357,1.76471300183903,1.82475331810803,-0.0600403162690004
0.3572,1.84363839838615,1.89983453720924,-0.05619613882309
0.3574,1.92256303645331,1.97484600643834,-0.0522829699850269
0.3576,2.00151306113228,2.04975616683046,-0.0482431056981829
0.3578,2.08027520105608,2.1245088478938,-0.0442336468377165
0.358,2.15874443754978,2.19912411715104,-0.0403796796012643
0.3582,2.23709133063031,2.2736277987366,-0.0365364681062932
0.3584,2.31521173755303,2.34794912239378,-0.0327373848407535
0.3586,2.39333337780502,2.42215971495412,-0.0288263371490962
0.3588,2.47130885386976,2.4962829489641,-0.0249740950943389
0.359,2.54918704322748,2.57026733244139,-0.0210802892139177
0.3592,2.62715593816722,2.64418809683068,-0.0170321586634641
0.3594,2.70513747516639,2.71801149769279,-0.0128740225264021
0.3596,2.78295057148082,2.79179818665338,-0.00884761517255361
0.3598,2.86039334158943,2.86573570115395,-0.00534235956452234
0.36,2.93779769256228,2.93992438107632,-0.00212668851404541
0.3602,3.01510040925896,3.01407621434366,0.00102419491530537
0.3604,3.09219174917573,3.08822208772256,0.00396966145316524
0.3606,3.16919230905077,3.16260952877082,0.00658278027994985
0.3608,3.24617400847683,3.2373118322157,0.0088621762611294
0.361,3.32313462694835,3.31217386302006,0.0109607639282934
0.3612,3.39989092923597,3.38725853887133,0.0126323903646401
0.3614,3.47655939754032,3.46266175757412,0.0138976399662032
0.3616,3.55326701164366,3.53826475907991,0.0150022525637512
0.3618,3.63007914401892,3.61410427925478,0.015974864764138
0.362,3.70707116987629,3.69019234849736,0.0168788213789335
0.3622,3.78419405515498,3.7663222865818,0.0178717685731811
0.3624,3.86116336230437,3.84235916979403,0.0188041925103404
0.3626,3.93827593174695,3.91836214708109,0.0199137846658646
0.3628,4.01552721936319,3.9943640655277,0.0211631538354893
0.363,4.09292733384958,4.07027477591888,0.0226525579307006
0.3632,4.17022370593994,4.14597693991313,0.0242467660268062
0.3634,4.24729776567561,4.22156033016294,0.0257374355126707
0.3636,4.32430530711197,4.29708925495614,0.0272160521558282
0.3638,4.40099886351024,4.37254824646187,0.0284506170483665
0.364,4.47772391140265,4.44798505800544,0.0297388533972072
0.3642,4.55431886425862,4.52340502414456,0.030913840114061
0.3644,4.63077134958102,4.59881205315747,0.0319592964235476
0.3646,4.70725982801262,4.6742185638871,0.0330412641255187
0.3648,4.78358247518448,4.7496152939059,0.0339671812785847
0.365,4.85983894909842,4.8249665877517,0.034872361346717
0.3652,4.9358487299829,4.90025580872008,0.0355929212628263
0.3654,5.01170407815999,4.97551312130446,0.0361909568555268
0.3656,5.0875328208493,5.05072310886517,0.0368097119841222
0.3658,5.16322043834949,5.12591303962632,0.0373073987231702
0.366,5.23884399273705,5.20112288598838,0.0377211067486778
0.3662,5.3142919857309,5.27634337814995,0.0379486075809501
0.3664,5.38950453342788,5.35162530600976,0.0378792274181139
0.3666,5.46464014857259,5.4270854823055,0.0375546662670887
0.3668,5.53980817859682,5.50270853412854,0.0370996444682818
0.367,5.61510857926692,5.57848339210926,0.0366251871576617
0.3672,5.69044765218691,5.6543922455254,0.0360554066615144
0.3674,5.76573950115237,5.7304097829677,0.0353297181846637
0.3676,5.8411439777167,5.80664825438629,0.0344957233304157
0.3678,5.91666180164394,5.88308340181263,0.0335783998313106
0.368,5.99235271632811,5.95960335445104,0.0327493618770704
0.3682,6.06810441872343,6.03612068568019,0.0319837330432415
0.3684,6.14378940401804,6.11258502656008,0.0312043774579598
0.3686,6.21951546200443,6.18904334588126,0.0304721161231667
0.3688,0.0119894233701316,6.26540017638594,0.0297745541637768
0.369,0.087756285842805,0.058448519315309,0.029307766527496
0.3692,0.163379550160774,0.134347315489491,0.0290322346712839
0.3694,0.238512957156165,0.210031575396211,0.0284813817599541
0.3696,0.313555923824376,0.285625169327372,0.0279307544970043
0.3698,0.388385525925646,0.361035331198787,0.0273501947268586
0.37,0.463050400951651,0.436341860342746,0.0267085406089054
0.3702,0.537440198896102,0.511629505859507,0.0258106930365951
0.3704,0.611712888515307,0.587049317104772,0.0246635714105354
0.3706,0.68599430515659,0.662482955236911,0.023511349919679
0.3708,0.76005131840537,0.737823036006832,0.0222282823985379
0.371,0.834044148320996,0.81320060291873,0.0208435454022653
0.3712,0.908118194440133,0.88867156123401,0.0194466332061228
0.3714,0.982189795322104,0.964127698681588,0.0180620966405154
0.3716,1.05632069534484,1.03949078016525,0.0168299151795877
0.3718,1.13053774211273,1.11483966849433,0.0156980736184069
0.372,1.20494508750848,1.19015986657764,0.0147852209308375
0.3722,1.27944167332491,1.26544628812047,0.0139953852044441
0.3724,1.3539537835925,1.34076450417696,0.0131892794155419
0.3726,1.42861065008352,1.41609215794763,0.0125184921358983
0.3728,1.50332884544247,1.49143921665595,0.0118896287865247
0.373,1.57799143190952,1.56682051360617,0.0111709183033584
0.3732,1.65271052087044,1.64223637453434,0.0104741463361029
0.3734,1.72743600748921,1.71771318398228,0.00972282350693021
0.3736,1.80220452511083,1.7932723565355,0.00893216857533874
0.3738,1.87694411265842,1.8688623176072,0.00808179505121731
0.374,1.95161844511933,1.94447868695117,0.00713975816815715
0.3742,2.02641591293036,2.02016563433073,0.00625027859963856
0.3744,2.10132857983103,2.09597114802821,0.00535743180282022
0.3746,2.17645107928308,2.17178880944871,0.00466226983437634
0.3748,2.2514731232659,2.24755289754376,0.00392022572213779
0.375,2.32630960307567,2.3232649829729,0.00304462010276962
0.3752,2.40079846842833,2.39883982319311,0.00195864523522182
0.3754,2.47512016897405,2.47435662760348,0.000763541370573328
0.3756,2.54940987072647,2.54978576724618,-0.000375896519700269
0.3758,2.62347131481955,2.62503874152915,-0.0015674267095962
0.376,2.69739296882723,2.70018682179848,-0.00279385297124524
0.3762,2.77128598188676,2.77528288265528,-0.00399690076851611
0.3764,2.84494263293206,2.85037774673737,-0.00543511380530548
0.3766,2.91856047205047,2.92538654039481,-0.00682606834433575
0.3768,2.99205876217181,3.00035695736865,-0.00829819519684039
0.377,3.0657196353659,3.07549408421115,-0.00977444884524692
0.3772,3.13969594121746,3.15065469130712,-0.0109587500896526
0.3774,3.21368213632555,3.22572249247769,-0.0120403561521356
0.3776,3.28776293383252,3.30076956723982,-0.0130066334073016
0.3778,3.36190557811289,3.37587352113951,-0.0139679430266191
0.378,3.43619421509027,3.45104077340802,-0.0148465583177484
0.3782,3.51069312912221,3.5262112504733,-0.0155181213510898
0.3784,3.5852589381035,3.60125456967482,-0.0159956315713199
0.3786,3.6597727015289,3.67622764160608,-0.0164549400771778
0.3788,3.73437104508447,3.75117947160514,-0.0168084265206767
0.379,3.80903725649687,3.82610491830652,-0.017067661809647
0.3792,3.88385388015392,3.90095559732357,-0.017101717169651
0.3794,3.95863448425729,3.9756898622378,-0.0170553779805065
0.3796,4.03329717478437,4.05046474419417,-0.0171675694097981
0.3798,4.10819238149506,4.12533796039133,-0.0171455788962707
0.38,4.18324769955788,4.20029547287422,-0.017047773316337
0.3802,4.25816445192459,4.27532236620038,-0.0171579142757867
0.3804,4.33304244831812,4.35042810584602,-0.0173856575279006
0.3806,4.40789762370308,4.42559002727735,-0.0176924035742747
0.3808,4.48248306411053,4.50082735623127,-0.0183442921207391
0.381,4.55693604777784,4.57614481198806,-0.019208764210223
0.3812,4.63141186798637,4.65149925388341,-0.020087385897039
0.3814,4.70575133791697,4.72688788405982,-0.0211365461428521
0.3816,4.77990239025965,4.80230159109463,-0.0223992008349816
0.3818,4.85409970764434,4.87772791255968,-0.0236282049153411
0.382,4.92815623769595,4.95316487902991,-0.0250086413339634
0.3822,5.0022012379533,5.02862569290071,-0.0264244549474064
0.3824,5.07611777102222,5.10407114908451,-0.0279533780622891
0.3826,5.14996501806139,5.1794017296451,-0.0294367115837115
0.3828,5.22378164053894,5.25468819349292,-0.030906552953982
0.383,5.29770784000323,5.32993875594533,-0.0322309159420984
0.3832,5.3716317098198,5.40507830279775,-0.0334465929779428
0.3834,5.4456602117652,5.48012373404013,-0.0344635222749314
0.3836,5.51989052931305,5.55507081448808,-0.0351802851750342
0.3838,5.59442332141619,5.62999827316514,-0.0355749517489476
0.384,5.66916818965053,5.70488922540482,-0.035721035754297
0.3842,5.74404279067204,5.77965469847569,-0.0356119078036548
0.3844,5.81917774608976,5.85431529530495,-0.035137549215194
0.3846,5.89449948306283,5.92893036677159,-0.034430883708759
0.3848,5.97001167663599,6.00353469838478,-0.0335230217487945
0.385,6.04560441697732,6.0781150519125,-0.0325106349351767
0.3852,6.12119384969291,6.15261885394313,-0.0314250042502211
0.3854,6.19692163919434,6.22714705165056,-0.030225412456212
0.3856,6.27275850036276,0.018385503419226,-0.0288123102360558
0.3858,0.0652463707802706,0.0927856210323688,-0.0275392502520981
0.386,0.140830165175233,0.167298250043611,-0.0264680848683775
0.3862,0.21631944119389,0.241709842129106,-0.0253904009352158
0.3864,0.291479898785958,0.316075498954484,-0.024595600168526
0.3866,0.366478236788036,0.390480573824349,-0.0240023370363133
0.3868,0.441195787380623,0.464927089850842,-0.0237313024702185
0.387,0.515751240601326,0.539292567380375,-0.0235413267790483
0.3872,0.58998940257869,0.613637476474376,-0.0236480738956864
0.3874,0.6643134328228,0.688104421005915,-0.0237909881831146
0.3876,0.738567098581535,0.762641926539143,-0.0240748279576082
0.3878,0.812844201648986,0.83714803445666,-0.024303832807674
0.388,0.887046980411235,0.911689825243395,-0.0246428448321607
0.3882,0.961429873822521,0.986447570255227,-0.0250176964327067
0.3884,1.0361210029792,1.06134794393311,-0.0252269409539183
0.3886,1.11090649318384,1.13635796097815,-0.0254514677943194
0.3888,1.18564847189734,1.21151536625004,-0.0258668943526996
0.389,1.26044868842406,1.28674360368135,-0.0262949152572942
0.3892,1.3353649202554,1.3620443319328,-0.0266794116774087
0.3894,1.41035100752987,1.43740892848844,-0.0270579209585657
0.3896,1.48525473757777,1.51279116215574,-0.0275364245779726
0.3898,1.56025097977858,1.58818621511612,-0.0279352353375382
0.39,1.63545574329935,1.66356796191177,-0.0281122186124247
0.3902,1.71074728979618,1.73890813157648,-0.0281608417802948
0.3904,1.78598443172208,1.81424259481264,-0.0282581630905518
0.3906,1.86137584303919,1.88956716208658,-0.0281913190473926
0.3908,1.93687748561218,1.96484010782993,-0.0279626222177507
0.391,2.01257816676952,2.04004553732481,-0.0274673705552919
0.3912,2.0884109563165,2.11520740625356,-0.0267964499370636
0.3914,2.16409772049743,2.19032920667813,-0.0262314861806927
0.3916,2.23973077115432,2.26540114067136,-0.0256703695170373
0.3918,2.31533682549047,2.340478142889,-0.0251413173985311
0.392,2.39070343935888,2.41549745829318,-0.0247940189342977
0.3922,2.46598028293224,2.49043162749418,-0.0244513445619412
0.3924,2.54128864093008,2.56536013538494,-0.0240714944548595
0.3926,2.61641728486035,2.64022945979778,-0.0238121749374227
0.3928,2.69144312720201,2.71503768828007,-0.0235945610780561
0.393,2.76646970485114,2.78979104468094,-0.0233213398297916
0.3932,2.84127066540099,2.86445395456922,-0.0231832891682289
0.3934,2.91600703348329,2.93916331656406,-0.0231562830807666
0.3936,2.9908385203491,3.01373769385761,-0.0228991735085113
0.3938,3.06577440857808,3.08830212842313,-0.022527719845046
0.394,3.14094892216752,3.16291803632229,-0.0219691141547749
0.3942,3.21608493374095,3.23742664136133,-0.021341707620381
0.3944,3.29108916052523,3.31191070019782,-0.020821539672593
0.3946,3.36611769327588,3.38635858321028,-0.0202408899344015
0.3948,3.44125040185613,3.46081952386202,-0.0195691220058976
0.395,3.51654444364012,3.53537740434075,-0.0188329607006308
0.3952,3.59187377635135,3.60993236394864,-0.018058587597293
0.3954,3.66713439344906,3.68453081172783,-0.0173964182787665
0.3956,3.74247642272126,3.75927951879101,-0.0168030960697516
0.3958,3.8179076294782,3.83411193054563,-0.0162043010674378
0.396,3.89353013384718,3.90905903517593,-0.0155289013287554
0.3962,3.96929230064295,3.98411572482682,-0.0148234241838678
0.3964,4.04509928038882,4.05920419787982,-0.0141049174910011
0.3966,4.12103986006761,4.13438161237351,-0.0133417523058954
0.3968,4.19704048641907,4.20960356561425,-0.0125630791951803
0.397,4.27281305980402,4.28485566385456,-0.0120426040505404
0.3972,4.3484441354741,4.36017003933705,-0.0117259038629536
0.3974,4.4239506934945,4.43549999440324,-0.0115493009087393
0.3976,4.49910430922748,4.51083558725904,-0.0117312780315526
0.3978,4.57406756286325,4.58620212232781,-0.0121345594645694
0.398,4.64902215175754,4.66158438754545,-0.0125622357879047
0.3982,4.72381954775342,4.73698028561108,-0.0131607378576621
0.3984,4.79855578356072,4.81238246015351,-0.0138266765927888
0.3986,4.8733170954257,4.88776424283366,-0.014447147407961
0.3988,4.94785969540592,4.96311848435278,-0.0152587889468547
0.399,5.02235453655417,5.03845363119287,-0.0160990946386965
0.3992,5.09697210162552,5.11378571775783,-0.0168136161323105
0.3994,5.17171821456224,5.18914291140393,-0.0174246968416849
0.3996,5.24670367756532,5.26449217991726,-0.0177885023519337
0.3998,5.32180161976464,5.3398538893523,-0.0180522695876588
0.4,5.39709326090149,5.415243274704,-0.0181500138025141
0.4002,5.47248393422626,5.49044721090164,-0.0179632766753768
0.4004,5.54592295405472,5.56238997061661,-0.0164670165618919
0.4006,5.60112789856438,5.62376609303275,-0.0226381944683682
0.4008,5.61998581649136,5.6693015383784,-0.049315721887039
0.401,5.60082414917321,5.70170394870351,-0.100879799530302
0.4012,5.56464322991848,5.72927991729957,-0.16463668738109
0.4014,5.53703448257821,5.75842749420828,-0.221393011630076
0.4016,5.52525495895633,5.78987578595863,-0.2646208270023
0.4018,5.52176909656118,5.82210733030289,-0.300338233741711
0.402,5.52298087660893,5.85644851226422,-0.333467635655293
0.4022,5.53851059579425,5.89656926544709,-0.358058669652837
0.4024,5.57824518633777,5.94393897248232,-0.365693786144549
0.4026,5.63954387906329,5.99700549469122,-0.357461615627927
0.4028,5.71200292299054,6.05395305031934,-0.341950127328802
0.403,5.79088698279296,6.11581094210616,-0.324923959313206
0.4032,5.88229415579093,6.18605603029239,-0.303761874501459
0.4034,5.99462741375847,6.26688625705853,-0.272258843300055
0.4036,6.12569713849005,0.0727811200957431,-0.230269288785275
0.4038,6.2614793321085,0.164865261140161,-0.186571236211243
0.404,0.105559079051818,0.255924700147852,-0.150365621096034
0.4042,0.220746586658489,0.345202887360183,-0.124456300701693
0.4044,0.327116183329034,0.433377062716352,-0.106260879387317
0.4046,0.428122179083953,0.520461799624984,-0.0923396205410312
0.4048,0.525951540828809,0.606455828130821,-0.0805042873020122
0.405,0.624820359352098,0.692911578047165,-0.0680912186950674
0.4052,0.729932487600452,0.782035509865815,-0.0521030222653639
0.4054,0.842927493863365,0.87436268591144,-0.031435192048075
0.4056,0.959693889146272,0.968012590323448,-0.00831870117717681
0.4058,1.07389103059129,1.0602302714193,0.0136607591719859
0.406,1.18184728966541,1.1494173131648,0.0324299765006109
0.4062,1.28320659844043,1.23550590761183,0.0477006908285986
0.4064,1.37958029577325,1.31881905745974,0.0607612383135099
0.4066,1.47470187819205,1.39962800906517,0.0750738691268849
0.4068,1.57201525100815,1.47819015037606,0.0938251006320887
0.407,1.67178561749069,1.55481181956685,0.116973797923841
0.4072,1.77224824516709,1.62972850220051,0.142519742966585
0.4074,1.87059742784611,1.70307612089814,0.167521306947973
0.4076,1.96545186283064,1.7749915651311,0.190460297699538
0.4078,2.05840390552975,1.84573524368962,0.21266866184013
0.408,2.1518761921455,1.91560595497652,0.236270237168978
0.4082,2.24558900941097,1.9846792070804,0.260909802330571
0.4084,2.33623670832539,2.05301232535104,0.283224382974358
0.4086,2.42293999526553,2.12101956297085,0.301920432294683
0.4088,2.50756063156921,2.18934157381456,0.318219057754653
0.409,2.59369283785506,2.25866321334316,0.3350296245119
0.4092,2.68292144266323,2.32914102213575,0.353780420527482
0.4094,2.77336122661741,2.40056198283172,0.372799243785689
0.4096,2.86302506392572,2.47279128737197,0.390233776553743
0.4098,2.95159623970501,2.54600027535992,0.405595964345085
0.41,3.03964403567725,2.62040944750693,0.419234588170325
0.4102,3.12689986575225,2.69608589238169,0.430813973370564
0.4104,3.21205202149064,2.77285797861177,0.439194042878872
0.4106,3.29416377266906,2.85066768755027,0.443496085118791
0.4108,3.37394998257141,2.92994296783637,0.44400701473504
0.411,3.45374671091988,3.01120845100471,0.442538259915171
0.4112,3.5359391011105,3.09437549244762,0.441563608662886
0.4114,3.61946557671858,3.17880414601074,0.440661430707833
0.4116,3.70247975403931,3.26404861938227,0.438431134657046
0.4118,3.78480436478097,3.35025430933814,0.434550055442827
0.412,3.86751961430515,3.43773475619827,0.429784858106873
0.4122,3.95156075912657,3.52653377337396,0.425026985752611
0.4124,4.03687255728109,3.61634757915198,0.42052497812911
0.4126,4.12228624080379,3.70656346228026,0.415722778523531
0.4128,4.20589931791083,3.79640079796425,0.409498519946579
0.413,4.28704881359776,3.88516678723985,0.401882026357903
0.4132,4.36583892675728,3.97245032852185,0.393388598235431
0.4134,4.44393058210597,4.05801923034169,0.385911351764273
0.4136,4.5237754657455,4.14195703364939,0.381818432096106
0.4138,4.60647418323204,4.22451607583077,0.381958107401275
0.414,4.69201432912212,4.30596161781651,0.386052711305608
0.4142,4.77958571122945,4.38639270683144,0.393193004398007
0.4144,4.86806613359867,4.46577429264533,0.402291840953338
0.4146,4.95618584122657,4.54406917719457,0.412116664031998
0.4148,5.04232498137763,4.62126647599601,0.421058505381621
0.415,5.12471819350819,4.69738614449565,0.427332049012542
0.4152,5.20263505605584,4.77248220076153,0.430152855294312
0.4154,5.27743689728827,4.84672333083709,0.430713566451185
0.4156,5.35251578498771,4.92040343944659,0.432112345541126
0.4158,5.43045549156729,4.99382907182077,0.436626419746519
0.416,5.51125664220358,5.06717477883529,0.444081863368291
0.4162,5.59402365989299,5.14057521645533,0.453448443437655
0.4164,5.67813684336859,5.21417811564112,0.463958727727463
0.4166,5.76327587159902,5.28808139337671,0.475194478222309
0.4168,5.84880028739254,5.36232347994946,0.486476807443079
0.417,5.93335444719959,5.43738276773193,0.495971679467659
0.4172,6.01529358505777,5.51554194674292,0.499751638314848
0.4174,6.09362915122962,5.59974070267795,0.493888448551674
0.4176,6.16859284131823,5.69122501557538,0.477367825742844
0.4178,6.2419438127277,5.78845978154768,0.453484031180025
0.418,0.0326384043265495,5.88855648628906,0.427267225217078
0.4182,0.107865891177598,5.99022154843081,0.400829649926376
0.4184,0.18500400904657,6.09383585495096,0.374353461275194
0.4186,0.263685258683697,6.19875767717827,0.348112888685015
0.4188,0.343112451508238,0.019291257866305,0.323821193641933
0.419,0.422860744728851,0.119759663660438,0.303101081068413
0.4192,0.502686605967176,0.217007873491774,0.285678732475403
0.4194,0.582291428496079,0.312039402512311,0.270252025983768
0.4196,0.661303636432092,0.404841261905735,0.256462374526357
0.4198,0.739328896481033,0.494021046970809,0.245307849510224
0.42,0.815968297896078,0.578437725971383,0.237530571924694
0.4202,0.890861879186466,0.658805166265291,0.232056712921174
0.4204,0.964208000524436,0.737089450169742,0.227118550354693
0.4206,1.03751049605608,0.815009151807846,0.222501344248235
0.4208,1.11225209105348,0.893158436822593,0.219093654230882
0.421,1.18850826786134,0.971365186030495,0.217143081830849
0.4212,1.26620184657515,1.04944293673379,0.216758909841366
0.4214,1.34539844495246,1.12730546371094,0.218092981241515
0.4216,1.42596944880881,1.20460946779113,0.221359981017679
0.4218,1.50739602357134,1.2808897775657,0.226506246005642
0.422,1.58879873530012,1.35608316896023,0.232715566339893
0.4222,1.66909666338535,1.43070721242438,0.238389450960976
0.4224,1.74730666112045,1.50544426979554,0.241862391324917
0.4226,1.82294719370325,1.58065311479165,0.242294078911593
0.4228,1.8967665035785,1.65640187010272,0.240364633475784
0.423,1.97036893357369,1.73276546283563,0.237603470738066
0.4232,2.04527819325119,1.80990322610145,0.23537496714974
0.4234,2.12235470602611,1.88788724155188,0.234467464474232
0.4236,2.20128877449215,1.96675887270408,0.234529901788073
0.4238,2.28161031331671,2.04667079372935,0.234939519587358
0.424,2.36295022869942,2.1278827737119,0.235067454987522
0.4242,2.44481395928868,2.21049018496478,0.234323774323903
0.4244,2.52645332778623,2.29421452980481,0.232238797981422
0.4246,2.6070175903319,2.37863451942731,0.228383070904595
0.4248,2.68585633724298,2.46365128264961,0.222205054593369
0.425,2.76274257619885,2.54948771032442,0.213254865874431
0.4252,2.83803147527565,2.63614524795241,0.201886227323236
0.4254,2.91291957915076,2.72336492822085,0.189554650929908
0.4256,2.98900201544888,2.81044580395777,0.17855621149111
0.4258,3.06672963967913,2.89696084741828,0.169768792260844
0.426,3.145903546167,2.9831569053986,0.162746640768403
0.4262,3.22626281334573,3.06929910201031,0.156963711335422
0.4264,3.30758910130458,3.15528062614888,0.152308475155707
0.4266,3.38964560274651,3.24075306751594,0.148892535230565
0.4268,3.47205862449446,3.32549034998498,0.146568274509485
0.427,3.55419284568725,3.40949726036977,0.144695585317479
0.4272,3.63520352318671,3.49280178403407,0.142401739152639
0.4274,3.71437958910414,3.57507465187362,0.139304937230512
0.4276,3.79160597816851,3.65571732594484,0.135888652223667
0.4278,3.86771079255971,3.73456571348176,0.133145079077948
0.428,3.94385129833621,3.81203014042491,0.1318211579113
0.4282,4.02093025004107,3.88866490752126,0.132265342519807
0.4284,4.09916841473922,3.96462707808158,0.134541336657633
0.4286,4.17869790181425,4.03977195191252,0.138925949901734
0.4288,4.25970768860354,4.11401840714505,0.14568928145849
0.429,4.34208938146167,4.18752538885259,0.154563992609079
0.4292,4.42516306803304,4.26061494316745,0.164548124865592
0.4294,4.50782612505741,4.33365077869523,0.174175346362178
0.4296,4.58902555132673,4.40699909427398,0.182026457052751
0.4298,4.66818916596253,4.4808460284678,0.187343137494727
0.43,4.74527408851147,4.5551326808138,0.190141407697665
0.4302,4.82091698325939,4.62979240319955,0.191124580059837
0.4304,4.89642585374995,4.70487800918497,0.191547844564981
0.4306,4.97288757657982,4.78054072207567,0.192346854504149
0.4308,5.05082444313883,4.85697592452953,0.193848518609291
0.431,5.13040277134828,4.93440483220672,0.195997939141561
0.4312,5.21149657350331,5.01302688787778,0.198469685625532
0.4314,5.29368125371399,5.09299470533747,0.200686548376513
0.4316,5.37628873953673,5.1744059181695,0.201882821367231
0.4318,5.45850213187589,5.25713344369103,0.201368688184868
0.432,5.5395142344881,5.34066974842145,0.198844486066649
0.4322,5.61859320586503,5.42435325020682,0.194239955658206
0.4324,5.69559133025971,5.5078268741652,0.187764456094513
0.4326,5.77140720470613,5.59129592753122,0.180111277174914
0.4328,5.84720537177891,5.67507633245182,0.172129039327089
0.433,5.92394800206511,5.75917545998567,0.164772542079439
0.4332,6.00202937096954,5.84346995011376,0.15855942085578
0.4334,6.08148686941074,5.92795194866526,0.153534920745487
0.4336,6.162261051668,6.01277446140395,0.149486590264054
0.4338,6.24410732966565,6.09808143303062,0.146025896635033
0.434,0.043258559920349,6.1837684408177,0.142675426282239
0.4342,0.125272745763213,6.26934780520117,0.139110247741629
0.4344,0.205901935515613,0.0705272682287806,0.135374667286832
0.4346,0.284288103457731,0.152714322373156,0.131573781084575
0.4348,0.360368733116727,0.232426831497325,0.127941901619402
0.435,0.435071383410028,0.309824094950707,0.125247288459321
0.4352,0.509643728151279,0.385430910382548,0.124212817768732
0.4354,0.585050751829882,0.459718402959574,0.125332348870307
0.4356,0.661962138558958,0.53299370089305,0.128968437665908
0.4358,0.740751851723326,0.605425218619499,0.135326633103827
0.436,0.820971806858069,0.676933886191249,0.14403792066682
0.4362,0.901059466332438,0.74730009832796,0.153759368004478
0.4364,0.979630462445335,0.816483284852302,0.163147177593034
0.4366,1.05576986239453,0.884457083618036,0.171312778776497
0.4368,1.12891305299456,0.951343037756335,0.177570015238225
0.437,1.19943531213771,1.01761260509225,0.18182270704546
0.4372,1.26793552604941,1.08381529652645,0.184120229522963
0.4374,1.33433016196752,1.1502647206143,0.184065441353223
0.4376,1.39821290024909,1.21713555885582,0.181077341393268
0.4378,1.45936084431452,1.28472766118335,0.174633183131165
0.438,1.51756941445097,1.35343739250869,0.164132021942279
0.4382,1.57196818255561,1.42368585431186,0.148282328243755
0.4384,1.62168293769826,1.4958179959668,0.125864941731467
0.4386,1.66564223572422,1.57008178797149,0.0955604477527281
0.4388,1.7028276495112,1.64666168112077,0.0561659683904292
0.439,1.73250095359535,1.72568969224015,0.00681126135520715
0.4392,1.75429598986631,1.80712410897973,-0.0528281191134194
0.4394,1.76845612436237,1.89043688812404,-0.121980763761675
0.4396,1.77575589518178,1.97460740297709,-0.198851507795306
0.4398,1.77753542689342,2.05827752436334,-0.280742097469923
0.44,1.7760527106836,2.14002143403558,-0.363968723351972
0.4402,1.77348420265075,2.21863369200716,-0.445149489356405
0.4404,1.77157232138671,2.29313326393412,-0.521560942547417
0.4406,1.77156254516471,2.36281403573311,-0.591251490568398
0.4408,1.77531072577695,2.42732815383155,-0.652017428054598
0.441,1.78469455162046,2.48689870663807,-0.702204155017604
0.4412,1.80085780731906,2.54233829045605,-0.741480483136989
0.4414,1.82431958947002,2.59468864921407,-0.77036905974405
0.4416,1.85602370740279,2.64483411475879,-0.788810407355993
0.4418,1.89605178469519,2.69304435437033,-0.796992569675143
0.442,1.94449907654815,2.73921317565313,-0.794714099104986
0.4422,2.00098202040658,2.78332701694049,-0.782344996533911
0.4424,2.06463514986396,2.82606556153179,-0.761430411667833
0.4426,2.13422055212156,2.86832331832931,-0.734102766207747
0.4428,2.20869279201317,2.91085972813103,-0.702166936117863
0.443,2.28736743304191,2.95427520564082,-0.666907772598903
0.4432,2.36996159353555,2.99921466775522,-0.629253074219673
0.4434,2.45663233163053,3.04633385088063,-0.589701519250094
0.4436,2.54753862037904,3.09620477788047,-0.548666157501437
0.4438,2.64224518067174,3.14885589750074,-0.506610716829008
0.444,2.73962311644155,3.20422120279607,-0.464598086354513
0.4442,2.83881358988693,3.26253829380941,-0.423724703922481
0.4444,2.93919498902035,3.32406818345718,-0.384873194436826
0.4446,3.04034922753784,3.38902186630429,-0.348672638766446
0.4448,3.14241025900188,3.45722899432585,-0.314818735323972
0.445,3.24539834014715,3.52817010066103,-0.282771760513886
0.4452,3.34921259491958,3.60133090054532,-0.252118305625733
0.4454,3.45335785416574,3.67629463294691,-0.22293677878118
0.4456,3.55750532695455,3.75282376006469,-0.195318433110143
0.4458,3.66160597118664,3.83076869303138,-0.16916272184474
0.446,3.76559621106675,3.90992107567982,-0.144324864613071
0.4462,3.86904611867371,3.98984879606561,-0.120802677391897
0.4464,3.97134384261295,4.06994520967154,-0.0986013670585848
0.4466,4.0721645605992,4.15014795977393,-0.0779833991747312
0.4468,4.1713444329588,4.23069522816082,-0.0593507952020182
0.447,4.2694302253607,4.31140949977453,-0.0419792744138219
0.4472,4.36739537895786,4.39173904747519,-0.0243436685173339
0.4474,4.46572414747421,4.47129171050234,-0.00556756302812644
0.4476,4.56434928966286,4.54985351520225,0.0144957744606078
0.4478,4.6632244612352,4.62728914490705,0.0359353163281462
0.448,4.76220186201569,4.70348791658844,0.0587139454272556
0.4482,4.86071134712517,4.77835142031245,0.0823599268127158
0.4484,4.95770920960794,4.85182923615816,0.105879973449789
0.4486,5.05214510821229,4.92401977298971,0.128125335222576
0.4488,5.14365544278852,4.99516357487655,0.148491867911972
0.449,5.23289419185275,5.06550371949524,0.167390472357504
0.4492,5.3210349757667,5.13521210977853,0.185822865988165
0.4494,5.40926794386208,5.20431972055845,0.20494822330363
0.4496,5.49809222244793,5.27283362690128,0.22525859554665
0.4498,5.58781939978555,5.34087372179311,0.24694567799244
0.45,5.67855300311388,5.40854639219457,0.27000661091931
0.4502,5.76993751232555,5.4758986023475,0.294038909978052
0.4504,5.86112740967708,5.54296456870491,0.318162840972171
0.4506,5.95098985608385,5.60986465570903,0.341125200374823
0.4508,6.03859911943958,5.67687712505853,0.361721994381051
0.451,6.12385141500239,5.74445426076039,0.379397154242002
0.4512,6.20725222041214,5.81311090110405,0.394141319308095
0.4514,0.00658992139639469,5.88335489277905,0.406420335796926
0.4516,0.089580607948315,5.9554633838387,0.417302531289206
0.4518,0.173821052512086,6.0293124321714,0.42769392752027
0.452,0.259271255414258,6.10473370028065,0.437722862313191
0.4522,0.345773630642725,6.18161203170909,0.447346906113222
0.4524,0.433061839063016,6.25984894278589,0.456398203456716
0.4526,0.520532748875606,0.0562918651574706,0.464240883718135
0.4528,0.607198297532984,0.137496477863999,0.469701819668985
0.453,0.692018056805487,0.220085270391704,0.471932786413784
0.4532,0.774514461392965,0.303734853582738,0.470779607810227
0.4534,0.855241956617581,0.38831426212444,0.466927694493141
0.4536,0.935245383470336,0.473744937324801,0.461500446145535
0.4538,1.0156780319461,0.559954155114876,0.455723876831222
0.454,1.09730213608237,0.646881330648892,0.450420805433482
0.4542,1.18059502757432,0.734327559991781,0.446267467582539
0.4544,1.26568086063985,0.821926459510967,0.443754401128888
0.4546,1.35218091535139,0.909252787700503,0.442928127650891
0.4548,1.43919877644405,0.995713147376519,0.443485629067536
0.455,1.52531864275729,1.08070776908255,0.444610873674747
0.4552,1.60949437633281,1.16393781225445,0.445556564078357
0.4554,1.6913935479663,1.24536257004163,0.446030977924674
0.4556,1.77141980820954,1.3250524621407,0.446367346068837
0.4558,1.85056590548786,1.40315317570472,0.447412729783137
0.456,1.93001688061513,1.47992693954901,0.450089941066112
0.4562,2.01063947339722,1.55575400340042,0.4548854699968
0.4564,2.09276375748856,1.63105353976814,0.461710217720419
0.4566,2.1764333170467,1.70626344991892,0.470169867127777
0.4568,2.2613280974618,1.78184806836251,0.479480029099296
0.457,2.34652482119832,1.85829724311187,0.488227578086442
0.4572,2.43083147762217,1.93609013400452,0.494741343617643
0.4574,2.51339969695416,2.01573578524913,0.497663911705027
0.4576,2.59381418206898,2.09769462296272,0.496119559106259
0.4578,2.67239405840521,2.18229544513739,0.490098613267818
0.458,2.74989435787588,2.26974700303759,0.480147354838293
0.4582,2.82742068354518,2.36012397584002,0.467296707705159
0.4584,2.90604953956738,2.45338025992513,0.452669279642244
0.4586,2.98634083847994,2.54921784384155,0.437122994638394
0.4588,3.06771338814238,2.64712122870158,0.420592159440797
0.459,3.14949226784664,2.74642915766173,0.403063110184907
0.4592,3.23081873883946,2.84620351616676,0.384615222672701
0.4594,3.31098513284854,2.94545610745523,0.365529025393316
0.4596,3.38957164843028,3.04321926929611,0.346352379134172
0.4598,3.4658380464622,3.1383702394432,0.327467807019005
0.46,3.53886775282542,3.22995376770472,0.308913985120704
0.4602,3.608063055438,3.31732352281212,0.290739532625887
0.4604,3.67281427761255,3.40044331041409,0.272370967198464
0.4606,3.73311719483432,3.47968922156108,0.253427973273238
0.4608,3.78884905962045,3.55540246726142,0.233446592359032
0.461,3.83941630329686,3.62787881223889,0.211537491057973
0.4612,3.88454649036861,3.69746548479444,0.187081005574171
0.4614,3.92389743067628,3.76453528920063,0.159362141475646
0.4616,3.95718511013807,3.82969663559425,0.127488474543813
0.4618,3.98462010451345,3.89363252464525,0.0909875798682056
0.462,4.00671093020362,3.95696823630325,0.0497426939003716
0.4622,4.02435887839188,4.02025082001249,0.00410805837939243
0.4624,4.03890439791944,4.08387722288692,-0.0449728249674841
0.4626,4.05181128370709,4.14819643846071,-0.0963851547536203
0.4628,4.06486632203323,4.21357274202847,-0.148706419995234
0.463,4.07939105155424,4.28040658881147,-0.201015537257228
0.4632,4.09662117655157,4.34896275093151,-0.25234157437994
0.4634,4.11806021766345,4.41929828681516,-0.301238069151712
0.4636,4.14479520877495,4.49132984043042,-0.346534631655464
0.4638,4.17713910049455,4.56482012491956,-0.387681024425006
0.464,4.21553416245616,4.63939514896326,-0.423860986507101
0.4642,4.26059849913761,4.71462082748211,-0.454022328344501
0.4644,4.31236004515204,4.79007792895182,-0.477717883799786
0.4646,4.37080606711909,4.86540971457599,-0.494603647456893
0.4648,4.43530713261679,4.9403838442984,-0.505076711681613
0.465,4.50514461840124,5.01494181680789,-0.509797198406648
0.4652,4.57995080424787,5.08908231459034,-0.509131510342474
0.4654,4.65925687034601,5.16271285379374,-0.503455983447728
0.4656,4.74256805013038,5.23568759913546,-0.493119549005072
0.4658,4.82926032213754,5.30787615654009,-0.47861583440255
0.466,4.91859685167006,5.37926660935965,-0.46066975768959
0.4662,5.01009356132543,5.45007981558991,-0.439986254264488
0.4664,5.10347629804573,5.52053689930068,-0.417060601254946
0.4666,5.19857961813151,5.59088807284678,-0.392308454715267
0.4668,5.29533093017367,5.66139483755672,-0.366063907383044
0.467,5.39358675505502,5.73227386415311,-0.338687109098088
0.4672,5.4929266160064,5.80365546200201,-0.310728845995602
0.4674,5.59283189012931,5.87555756901437,-0.282725678885052
0.4676,5.6928892740202,5.94790236750547,-0.255013093485269
0.4678,5.7927759552201,6.02060673970333,-0.227830784483234
0.468,5.89218401275702,6.09340905784228,-0.201225045085257
0.4682,5.99074277476639,6.16597958201307,-0.175236807246677
0.4684,6.08819633383904,6.23819952026381,-0.150003186424771
0.4686,6.18444751111427,0.0269274559225718,-0.125665251987883
0.4688,6.2796577148353,0.0986193794397027,-0.102146971783991
0.469,0.0910906438662931,0.170266831979254,-0.0791761881129609
0.4692,0.185645379184133,0.242041466928452,-0.056396087744319
0.4694,0.280175721846902,0.314109777174639,-0.0339340553277372
0.4696,0.374333292440688,0.386814684874527,-0.0124813924338384
0.4698,0.467769807790751,0.460572015447837,0.00719779234291384
0.47,0.560151772131177,0.535545278254004,0.0246064938771728
0.4702,0.651294386125807,0.611596890803421,0.0396974953223862
0.4704,0.741171151927398,0.688366805013434,0.0528043469139643
0.4706,0.829881207690515,0.765409996499856,0.0644712111906596
0.4708,0.917621284276069,0.842413550286413,0.0752077339896561
0.471,1.00477117452151,0.919193147409565,0.0855780271119453
0.4712,1.09186317783317,0.995699490177235,0.096163687655939
0.4714,1.17935069086712,1.07198796072869,0.107362730138426
0.4716,1.26768096792447,1.14829365498828,0.119387312936182
0.4718,1.35668966636389,1.2247038454631,0.131985820900788
0.472,1.44564312034666,1.30112980747191,0.144513312874756
0.4722,1.53400456135827,1.37747700080595,0.156527560552322
0.4724,1.6214690874162,1.45364538309263,0.167823704323571
0.4726,1.70791863254861,1.52950070332944,0.178417929219168
0.4728,1.79342278949171,1.60491644483537,0.188506344656343
0.473,1.87819483813189,1.67983400750719,0.198360830624705
0.4732,1.96257769071302,1.75427466922945,0.208303021483571
0.4734,2.04705133305307,1.82832257400682,0.218728759046243
0.4736,2.13195988881263,1.90209165552599,0.229868233286647
0.4738,2.21723898654396,1.97567995057292,0.241559035971045
0.474,2.30255149232228,2.04913375983388,0.253417732488397
0.4742,2.38756400323012,2.12245546842116,0.265108534808961
0.4744,2.47194511500962,2.19566595009508,0.27627916491454
0.4746,2.55557348097309,2.26872654270778,0.286846938265309
0.4748,2.63843611355864,2.34155376484321,0.296882348715435
0.475,2.72053526645877,2.41404529296542,0.306489973493344
0.4752,2.8018122870095,2.48615780183038,0.315654485179118
0.4754,2.88208602445599,2.55801684604792,0.324069178408067
0.4756,2.96153754721943,2.62979146963886,0.331746077580571
0.4758,3.04019312878217,2.70167292615673,0.338520202625441
0.476,3.1180120709843,2.77377863890241,0.344233432081887
0.4762,3.19457894759201,2.84613232790464,0.348446619687369
0.4764,3.26923649339945,2.91890596027838,0.350330533121071
0.4766,3.34146586926964,2.99239685265126,0.349069016618376
0.4768,3.41120403465254,3.0668522385091,0.344351796143444
0.477,3.47815944027033,3.14233549100883,0.335823949261499
0.4772,3.54221408774924,3.21878435526654,0.323429732482697
0.4774,3.60327120703978,3.29618443267693,0.307086774362846
0.4776,3.66148417092718,3.37455131483355,0.286932856093635
0.4778,3.71679483387123,3.45373154548861,0.263063288382617
0.478,3.76927010023686,3.53363525073093,0.235634849505925
0.4782,3.81915828380266,3.61407137884666,0.205086904955992
0.4784,3.86652453396052,3.6946783035125,0.171846230448017
0.4786,3.91144650764753,3.77524610949639,0.13620039815114
0.4788,3.95436218852833,3.85553723913018,0.098824949398157
0.479,3.9957649047652,3.93541459203908,0.060350312726126
0.4792,4.03637832133924,4.01474455738173,0.0216337639575004
0.4794,4.07668301372309,4.09343142986125,-0.0167484161381601
0.4796,4.11722218789462,4.17142081466465,-0.0541986267700274
0.4798,4.15867048765882,4.24869435206131,-0.0900238644024949
0.48,4.2016583818103,4.32532653860721,-0.123668156796913
0.4802,4.2470645331219,4.40142940742416,-0.154364874302269
0.4804,4.29533451672267,4.47712184257296,-0.181787325850292
0.4806,4.34678921292559,4.55252977131099,-0.205740558385403
0.4808,4.4017131579089,4.62781282890206,-0.226099670993163
0.481,4.45977551281472,4.70312785635408,-0.243352343539359
0.4812,4.52112175052268,4.77861077422483,-0.257489023702149
0.4814,4.5859333229538,4.8543712022462,-0.268437879292399
0.4816,4.65422045083284,4.93048849050526,-0.276268039672421
0.4818,4.72555325665826,5.00697835734326,-0.281425100684999
0.482,4.79974304690583,5.08380802989572,-0.284064982989893
0.4822,4.87685897972561,5.16087515662159,-0.284016176895975
0.4824,4.95671080775499,5.23809587166683,-0.281385063911846
0.4826,5.03903059824508,5.31535197252015,-0.27632137427507
0.4828,5.12342723477707,5.39249822047654,-0.269070985699474
0.483,5.209436363729,5.46948044350871,-0.260044079779713
0.4832,5.29675959932978,5.54627268458396,-0.24951308525418
0.4834,5.38508413482959,5.62278951145217,-0.237705376622579
0.4836,5.47413181243004,5.69904490657855,-0.224913094148508
0.4838,5.56399095309928,5.77520379648297,-0.211212843383692
0.484,5.65461253083235,5.85134855272065,-0.196736021888301
0.4842,5.74580398128492,5.92744058467096,-0.181636603386039
0.4844,5.83730185430022,6.00342746897267,-0.166125614672452
0.4846,5.92895332338885,6.07933764238925,-0.1503843190004
0.4848,6.02067739408378,6.15516388120104,-0.134486487117259
0.485,6.11227609949265,6.23088857574848,-0.118612476255832
0.4852,6.20360040257467,0.023367370224092,-0.102952274829006
0.4854,0.0113974370180712,0.0989260484396258,-0.0875286114215546
0.4856,0.101878953573088,0.174256168778861,-0.0723772152057732
0.4858,0.191715854047289,0.249225487267169,-0.0575096332198794
0.486,0.280857445427082,0.323860123969644,-0.0430026785425615
0.4862,0.369414747922039,0.398204294499075,-0.028789546577036
0.4864,0.457534548285297,0.472290664658424,-0.0147561163731269
0.4866,0.545278820598596,0.546192840995619,-0.000914020397022819
0.4868,0.63260976895038,0.619952166469056,0.0126576024813244
0.487,0.719590503367827,0.693668223868427,0.0259222794994004
0.4872,0.806271954405423,0.767470904107935,0.0388010502974875
0.4874,0.892494338573927,0.841397827931593,0.0510965106423336
0.4876,0.978011627811185,0.915451020091502,0.062560607719683
0.4878,1.06273295296401,0.989608003550242,0.0731249494137699
0.488,1.14672332681444,1.06380087681925,0.0829224499951853
0.4882,1.22998656711397,1.138003790773,0.0919827763409697
0.4884,1.31255305385193,1.21225028266172,0.100302771190202
0.4886,1.39461841153828,1.28664562115512,0.107972790383163
0.4888,1.47611959760198,1.36127375323808,0.114845844363899
0.489,1.55693283048023,1.43616015399253,0.120772676487699
0.4892,1.63685481676378,1.51129415145784,0.125560665305943
0.4894,1.71580876315675,1.58664074362151,0.129168019535247
0.4896,1.79348488637657,1.66214054689397,0.131344339482607
0.4898,1.86971027779629,1.73770480513764,0.132005472658659
0.49,1.94438601607017,1.81322072857543,0.131165287494745
0.4902,2.01750966251655,1.8885482127564,0.128961449760149
0.4904,2.0891594915555,1.96355393938677,0.125605552168721
0.4906,2.15958643721397,2.03811560097505,0.12147083623892
0.4908,2.22850769720267,2.1121094484705,0.11639824873217
0.491,2.29610816665602,2.18545317400418,0.11065499265184
0.4912,2.36272407284273,2.2580819874139,0.10464208542883
0.4914,2.42863762966296,2.32993703438435,0.0987005952786051
0.4916,2.49405533239899,2.40101302003689,0.093042312362102
0.4918,2.55895757185249,2.47132334194605,0.0876342299064365
0.492,2.62315138762989,2.54089199079448,0.0822593968354104
0.4922,2.68642907534443,2.6097695054947,0.0766595698497325
0.4924,2.74888381549021,2.67810201967174,0.0707817958184704
0.4926,2.81066653573622,2.746090464992,0.0645760707442209
0.4928,2.87212319338661,2.81414815941672,0.0579750339698895
0.493,2.93365825470147,2.88261836324761,0.0510398914538652
0.4932,2.9952418174334,2.95176219972453,0.043479617708873
0.4934,3.05714643276587,3.02183687294375,0.0353095598221191
0.4936,3.11964462970246,3.09305868437449,0.0265859453279695
0.4938,3.18271746532588,3.16554763322625,0.0171698320996336
0.494,3.24650015628572,3.23942985417836,0.00707030210736237
0.4942,3.31108948898591,3.3146724689023,-0.00358297991638334
0.4944,3.37643183187095,3.39122556061303,-0.0147937287420827
0.4946,3.44247513362546,3.46895035195105,-0.0264752183255927
0.4948,3.50931341194391,3.54774504639449,-0.0384316344505766
0.495,3.57727556962917,3.627473637725,-0.050198068095832
0.4952,3.64650688996517,3.70788295298629,-0.0613760630211182
0.4954,3.71674742801712,3.7886423967214,-0.0718949687042838
0.4956,3.78809174531633,3.86946713841554,-0.0813753930992132
0.4958,3.86037680189276,3.95007114498981,-0.0896943430970447
0.496,3.93379162403516,4.03024209648782,-0.0964504724526569
0.4962,4.00827652051956,4.10977548627275,-0.10149896575319
0.4964,4.08363681111126,4.18860287725084,-0.104966066139583
0.4966,4.15973683948587,4.26671998665983,-0.106983147173968
0.4968,4.23665584620467,4.34409845841877,-0.107442612214101
0.497,4.31424326851792,4.42079942032342,-0.106556151805499
0.4972,4.39240114575083,4.49694205915019,-0.104540913399366
0.4974,4.47102884135905,4.57266969162732,-0.101640850268274
0.4976,4.55032598602301,4.64814573597373,-0.0978197499507223
0.4978,4.63017504598044,4.72353851781702,-0.0933634718365797
0.498,4.71054228625604,4.79901402518199,-0.0884717389259579
0.4982,4.79143793130054,4.87470256905406,-0.0832646377535227
0.4984,4.87295039417577,4.95070630274357,-0.0777559085677932
0.4986,4.95482135748046,5.02710179888107,-0.0722804414006077
0.4988,5.03717419239344,5.10392350042899,-0.0667493080355488
0.499,5.1197418382934,5.18114421968448,-0.0614023813910762
0.4992,5.202518445636,5.25869442479405,-0.0561759791580529
0.4994,5.28523051156665,5.33653533566465,-0.0513048240980085
0.4996,5.36777008904654,5.41458480816555,-0.0468147191190154
0.4998,5.45035501388589,5.49263385917627,-0.0422788452903875
0.5,5.53277111358771,5.5705389270292,-0.0377678134414872
0.5002,5.61492020501755,5.64817342734839,-0.0332532223308428
0.5004,5.6965250221319,5.72533746024919,-0.0288124381172903
0.5006,5.77781985588204,5.80194796979683,-0.0241281139147933
0.5008,5.85858470218529,5.8779947780378,-0.0194100758525177
0.501,5.93894572716174,5.95355498778377,-0.0146092606220343
0.5012,6.01885866213006,6.02853881749558,-0.0096801553655137
0.5014,6.09808798123367,6.10295020539087,-0.00486222415719606
0.5016,6.17650799550259,6.17679339737702,-0.000285401874434044
0.5018,6.25401440281294,6.25011483785694,0.00389956495599453
0.502,0.0475867932535916,0.0397770416416768,0.00780975161191477
0.5022,0.123594049620896,0.112176293255838,0.0114177563650579
0.5024,0.198911989296477,0.184270351151439,0.0146416381450375
0.5026,0.273693498715151,0.256124056957733,0.0175694417574178
0.5028,0.347952423042798,0.327825815573603,0.020126607469195
0.503,0.421860457522743,0.399479811225043,0.0223806462977005
0.5032,0.495556804227594,0.471137068618166,0.0244197356094285
0.5034,0.568871089020677,0.542867191609383,0.0260038974112938
0.5036,0.641784151105547,0.614768805353466,0.027015345752081
0.5038,0.714536569647263,0.686934583735845,0.0276019859114179
0.504,0.787421203413139,0.759416526517333,0.0280046768958062
0.5042,0.860071791150268,0.832271570477309,0.027800220672959
0.5044,0.932524110197426,0.905580405236854,0.0269437049605727
0.5046,1.00479659963073,0.9793678672441,0.0254287323866331
0.5048,1.07693469817966,1.05367186774521,0.023262830434452
0.505,1.14911503031208,1.12842611164518,0.0206889186668981
0.5052,1.22124730881605,1.20354978068359,0.0176975281324658
0.5054,1.29328059104504,1.27894293604313,0.0143376550019019
0.5056,1.36529959418993,1.35448195865364,0.0108176355362886
0.5058,1.43727149799466,1.4300846727051,0.00718682528955794
0.506,1.50933511828451,1.5056588269816,0.00367629130291336
0.5062,1.58128355797655,1.58111617183329,0.000167386143260284
0.5064,1.65281593498129,1.65637859597384,-0.00356266099254965
0.5066,1.724310569427,1.73138897035915,-0.00707840093215251
0.5068,1.79578794009575,1.8061095009348,-0.0103215608390508
0.507,1.86748769618949,1.88051584766365,-0.0130281514741561
0.5072,1.93941323361891,1.95459799283581,-0.0151847592168974
0.5074,2.01138175033317,2.02843359531671,-0.0170518449835431
0.5076,2.08365783220023,2.10207158952728,-0.0184137573270529
0.5078,2.15616770362542,2.17557475316646,-0.0194070495410377
0.508,2.22888556519129,2.24900988311189,-0.0201243179206001
0.5082,2.30181001850416,2.32242353398816,-0.020613515483995
0.5084,2.37485671396233,2.39591489639203,-0.0210581824297087
0.5086,2.4480391705339,2.46960563452517,-0.0215664639912716
0.5088,2.52130197421002,2.54363700881593,-0.0223350346059052
0.509,2.59485705858466,2.61814516990548,-0.0232881113208223
0.5092,2.6687441021689,2.69315893438767,-0.0244148322187665
0.5094,2.74296028018748,2.76862089647764,-0.025660616290164
0.5096,2.81759943811397,2.84448052443542,-0.0268810863214481
0.5098,2.89250487761075,2.92083146586946,-0.0283265882587038
0.51,2.96796020754788,2.9975700068776,-0.029609799329716
0.5102,3.04389381739539,3.07456446193029,-0.0306706445349012
0.5104,3.12023507796048,3.1518666366404,-0.0316315586799267
0.5106,3.19728663444605,3.22935155241043,-0.0320649179643762
0.5108,3.2746636277853,3.30688077485714,-0.0322171470718358
0.511,3.35236815472607,3.38439974080234,-0.0320315860762714
0.5112,3.43016639025823,3.46185199945548,-0.0316856091972482
0.5114,3.50808071418042,3.53913588530282,-0.0310551711224001
0.5116,3.58600631965935,3.61616030488918,-0.0301539852298269
0.5118,3.66382917439989,3.69279399763772,-0.028964823237831
0.512,3.74120573434002,3.76906510007518,-0.0278593657351514
0.5122,3.81843094446496,3.84501491410476,-0.0265839696398005
0.5124,3.89544911498025,3.92072052268407,-0.0252714077038232
0.5126,3.9723876986771,3.99616548483866,-0.0237777861615607
0.5128,4.04910344250867,4.07142151656758,-0.0223180740589077
0.513,4.12554405592154,4.14652839593044,-0.020984340008904
0.5132,4.20162594705958,4.22151300967379,-0.0198870626142149
0.5134,4.27744785577117,4.29639759968576,-0.0189497439145914
0.5136,4.35299487480792,4.3712408758575,-0.018246001049584
0.5138,4.42826300592172,4.44614250867264,-0.0178795027509162
0.514,4.50325383288165,4.52114703723724,-0.0178932043555919
0.5142,4.57800878266714,4.59627562784826,-0.0182668451811194
0.5144,4.6526346047328,4.6715444737034,-0.0189098689705984
0.5146,4.7273381323926,4.74693758587416,-0.0195994534815558
0.5148,4.80224427036504,4.82243533616846,-0.0201910658034272
0.515,4.87751086994956,4.89801395848164,-0.0205030885320836
0.5152,4.95293610231102,4.97362842835279,-0.020692326041778
0.5154,5.02863242706232,5.0492133317389,-0.0205809046765797
0.5156,5.10454251435255,5.12470244442544,-0.0201599300728859
0.5158,5.18027756309685,5.20005549905328,-0.019777935956423
0.516,5.25588949024408,5.27525540648976,-0.019365916245679
0.5162,5.33134307272197,5.35024533621029,-0.0189022634883136
0.5164,5.40657101191051,5.42498315615176,-0.0184121442412533
0.5166,5.48157187830622,5.49947782295393,-0.0179059446477083
0.5168,5.55631315408805,5.57369657344895,-0.0173834193608977
0.517,5.63089567792217,5.64770239088328,-0.0168067129611105
0.5172,5.70521849585835,5.72149520047076,-0.0162767046124159
0.5174,5.77953501697273,5.79512021224561,-0.0155851952728847
0.5176,5.85378903057661,5.86856038260629,-0.0147713520296815
0.5178,5.92821392088363,5.94188477613931,-0.0136708552556781
0.518,6.00256131148301,6.01511801947079,-0.0125567079877733
0.5182,6.07660911799866,6.08834105156213,-0.0117319335634658
0.5184,6.15029509379402,6.16161130611494,-0.0113162123209198
0.5186,6.22397005410817,6.23503462591415,-0.0110645718059823
0.5188,0.0145483240195823,0.0254626618697305,-0.0109143378501482
0.519,0.0882381450043562,0.0992276466262544,-0.0109895016218982
0.5192,0.16172343621342,0.173137313167999,-0.0114138769545788
0.5194,0.235102910835034,0.247253144162167,-0.0121502333271331
0.5196,0.308453475891474,0.3215263692445,-0.0130728933530264
0.5198,0.381764795346463,0.395990117002922,-0.0142253216564598
0.52,0.455287024535213,0.470730447392466,-0.015443422857253
0.5202,0.529096191173109,0.545744768868381,-0.0166485776952719
0.5204,0.603200107126096,0.620976310501778,-0.0177762033756816
0.5206,0.677718845608029,0.696329474510801,-0.0186106289027724
0.5208,0.752241795989754,0.771784692536554,-0.0195428965468004
0.521,0.826929086001166,0.847353353537093,-0.0204242675359271
0.5212,0.902115907254731,0.922978928656118,-0.0208630214013873
0.5214,0.97741040245496,0.998639517987118,-0.021229115532158
0.5216,1.05281284203629,1.07428173032904,-0.021468888292753
0.5218,1.12807685290241,1.1499150027792,-0.0218381498767906
0.522,1.20329366898904,1.22550560247244,-0.022211933483401
0.5222,1.27866981103503,1.30107849250705,-0.0224086814720175
0.5224,1.35431851651494,1.37662038830574,-0.0223018717907997
0.5226,1.4301692695547,1.4521252369514,-0.0219559673966976
0.5228,1.50586714834964,1.52757884611525,-0.0217116977656107
0.523,1.5813233100288,1.60298117974776,-0.0216578697189624
0.5232,1.65657420123301,1.67833741672186,-0.0217632154888474
0.5234,1.73196077955886,1.75364659220768,-0.02168581264882
0.5236,1.80731388479609,1.82892412210092,-0.0216102373048277
0.5238,1.88239279609127,1.90418791807983,-0.0217951219885624
0.524,1.95758487366401,1.9794506010504,-0.0218657273863834
0.5242,2.03279139153278,2.05470678047037,-0.0219153889375829
0.5244,2.10781835775157,2.12996109341598,-0.0221427356644077
0.5246,2.18277780266228,2.2052185127698,-0.0224407101075146
0.5248,2.2575681519043,2.28046744571908,-0.022899293814779
0.525,2.33209513261561,2.35570678916239,-0.0236116565467768
0.5252,2.40652085268739,2.43097687733977,-0.0244560246523733
0.5254,2.48090174427871,2.50621995637518,-0.0253182120964737
0.5256,2.55527406612477,2.58140973854232,-0.0261356724175474
0.5258,2.62973516759399,2.65653621639939,-0.0268010488053951
0.526,2.70438580983485,2.73163925259731,-0.02725344276246
0.5262,2.77940635935187,2.80672069635358,-0.0273143370017093
0.5264,2.85490698150352,2.88178123322898,-0.0268742517254545
0.5266,2.93075841128965,2.95675384301437,-0.0259954317247191
0.5268,3.00688456408374,3.03164009377841,-0.0247555296946662
0.527,3.08297226173254,3.1063728307634,-0.0234005690308581
0.5272,3.15902052158421,3.18090115769896,-0.0218806361147577
0.5274,3.23513263773786,3.25538452399846,-0.0202518862606031
0.5276,3.31142943275886,3.32981863061243,-0.0183891978535753
0.5278,3.38774594668483,3.40422973344641,-0.0164837867615817
0.528,3.46394164695999,3.47862726627418,-0.0146856193141969
0.5282,3.5399349754793,3.55292586680662,-0.0129908913273242
0.5284,3.61544769150549,3.62722775981258,-0.0117800683070888
0.5286,3.69081059976798,3.70167466544617,-0.0108640656781867
0.5288,3.76597699700867,3.77622522577555,-0.0102482287668844
0.529,3.84102812269122,3.85079352937643,-0.00976540668520887
0.5292,3.91573528125446,3.92540849279611,-0.00967321154164802
0.5294,3.99012553006128,4.00012734002555,-0.0100018099642782
0.5296,4.06450217085087,4.07493265648708,-0.0104304856362054
0.5298,4.13880218677768,4.14984488739226,-0.0110427006145777
0.53,4.21295694747604,4.22485613731957,-0.0118991898435352
0.5302,4.28705837674373,4.30000087401385,-0.0129424972701209
0.5304,4.36113553092054,4.37523780598397,-0.0141022750634265
0.5306,4.43506221204307,4.45054952511189,-0.0154873130688218
0.5308,4.50896307089219,4.52591841504956,-0.0169553441573633
0.531,4.5828661454729,4.601328263973,-0.0184621185000982
0.5312,4.65678980754533,4.67674212848562,-0.0199523209402903
0.5314,4.73082937879716,4.75213844155618,-0.021309062759026
0.5316,4.8050770809056,4.82750279290059,-0.0224257119949938
0.5318,4.87968835957214,4.90280732878544,-0.0231189692133036
0.532,4.95426965334367,4.97804137092738,-0.023771717583716
0.5322,5.02900455691948,5.05321625046888,-0.0242116935493959
0.5324,5.10421023315504,5.12833585545302,-0.0241256222979844
0.5326,5.17942853808501,5.203379054656,-0.0239505165709906
0.5328,5.25459424848451,5.27833730513585,-0.0237430566513428
0.533,5.32964140844173,5.35323507629692,-0.0235936678551933
0.5332,5.40452186366097,5.42803783829525,-0.0235159746342797
0.5334,5.47945538449054,5.50282248940174,-0.0233671049111974
0.5336,5.55465418391724,5.57756569869755,-0.0229115147803052
0.5338,5.62993811658694,5.65227000948287,-0.0223318928959317
0.534,5.70490723388657,5.72690896832654,-0.0220017344399634
0.5342,5.77984570059646,5.80149156636419,-0.0216458657677272
0.5344,5.8547109071772,5.87602263309786,-0.0213117259206559
0.5346,5.9297631583054,5.95059998873058,-0.0208368304251811
0.5348,6.00478579685829,6.02517583431101,-0.0203900374527217
0.535,6.07952539864444,6.09980866545752,-0.0202832668130846
0.5352,6.15440499983948,6.17448688974085,-0.0200818899013644
0.5354,6.22935816696874,6.24913466956017,-0.01977650259143
0.5356,0.02099455564018,0.0406303357736096,-0.0196357801334296
0.5358,0.0957571037715621,0.115379202766709,-0.0196220989951467
0.536,0.170330231916226,0.190114050626865,-0.0197838187106388
0.5362,0.244620312755546,0.264871458939447,-0.0202511461839016
0.5364,0.318810370118181,0.339656401344736,-0.0208460312265551
0.5366,0.392973111564137,0.414439387898668,-0.0214662763345318
0.5368,0.46714529697879,0.489225821360357,-0.022080524381567
0.537,0.541416978202912,0.563990291934728,-0.0225733137318155
0.5372,0.615874850161378,0.638814655876395,-0.0229398057150166
0.5374,0.690680922561403,0.713723338376177,-0.023042415814774
0.5376,0.765479991452207,0.788659726899653,-0.0231797354474464
0.5378,0.840414503547877,0.863666129926122,-0.0232516263782448
0.538,0.91578487413686,0.938768967728762,-0.0229840935919019
0.5382,0.991162428432036,1.0139370338792,-0.0227746054471599
0.5384,1.06653238400803,1.0891593034342,-0.0226269194261719
0.5386,1.14185257901385,1.16442470604243,-0.0225721270285784
0.5388,1.21724032001043,1.23975821993405,-0.0225178999236182
0.539,1.29287888668239,1.31511372355066,-0.0222348368682654
0.5392,1.36861728174107,1.39049706229653,-0.0218797805554602
0.5394,1.44450066406104,1.46588607559412,-0.0213854115330818
0.5396,1.52021958498258,1.5412839526976,-0.02106436771502
0.5398,1.59575803298559,1.61668150732321,-0.0209234743376201
0.54,1.67107605852083,1.69206989786866,-0.0209938393478344
0.5402,1.74645839550866,1.76743584807007,-0.0209774525614093
0.5404,1.82168232664834,1.84276094321918,-0.0210786165708408
0.5406,1.89649866865887,1.91803040768391,-0.0215317390250387
0.5408,1.97122439602047,1.99326463820858,-0.0220402421881047
0.541,2.04582659921633,2.06844004015323,-0.0226134409368939
0.5412,2.12023504600489,2.14354269169158,-0.0233076456866916
0.5414,2.19453562345516,2.2185819710223,-0.0240463475671371
0.5416,2.26878536658214,2.29357418373456,-0.0247888171524244
0.5418,2.34295664355494,2.36848451301842,-0.0255278694634784
0.542,2.41745260637778,2.44336644737283,-0.0259138409950532
0.5422,2.49192397322631,2.51815033649094,-0.0262263632646236
0.5424,2.56634893774034,2.59285721411006,-0.0265082763697206
0.5426,2.64088458719417,2.66747793525759,-0.0265933480634182
0.5428,2.71562569016261,2.74202668827761,-0.0264009981150002
0.543,2.79069663645371,2.81647045064184,-0.0257738141881276
0.5432,2.8657326845811,2.89077478757794,-0.0250421029968351
0.5434,2.94084262668624,2.96504306707156,-0.0242004403853255
0.5436,3.01628785270604,3.03931638021664,-0.0230285275106081
0.5438,3.09164609839789,3.11355711349294,-0.0219110150950463
0.544,3.16693257244108,3.1877529387686,-0.0208203663275159
0.5442,3.24232867457874,3.26198016141215,-0.0196514868334039
0.5444,3.31798106274981,3.3362793248231,-0.0182982620732974
0.5446,3.39373837674829,3.41064459991949,-0.0169062231711989
0.5448,3.46946941814635,3.4851423697863,-0.0156729516399468
0.545,3.54509271233891,3.55973304506187,-0.0146403327229536
0.5452,3.62031365558787,3.63435214801968,-0.0140384924318129
0.5454,3.69544630430776,3.70905271183744,-0.0136064075296809
0.5456,3.77043827646777,3.78387049496272,-0.0134322184949514
0.5458,3.84552741598981,3.85883873519134,-0.0133113192015291
0.546,3.92047905567987,3.93386943043798,-0.0133903747581168
0.5462,3.99505870567224,4.00897387451314,-0.0139151688408941
0.5464,4.06960629936203,4.08413038276959,-0.0145240834075668
0.5466,4.1441629827709,4.1593443482209,-0.0151813654500019
0.5468,4.21867661502179,4.23461500123913,-0.0159383862173303
0.547,4.29302481763684,4.30994329094545,-0.0169184733086105
0.5472,4.36719767745451,4.3853056391465,-0.0181079616919968
0.5474,4.4411176407816,4.46070101132607,-0.0195833705444626
0.5476,4.51498707335781,4.53609845426935,-0.02111138091154
0.5478,4.58890328019138,4.61150450989135,-0.0226012296999683
0.548,4.66291273579448,4.68691130748092,-0.0239985716864322
0.5482,4.73709198036347,4.762305856267,-0.025213875903531
0.5484,4.8114921971564,4.83767817011039,-0.0261859729539919
0.5486,4.88623963488637,4.91302990415346,-0.0267902692670932
0.5488,4.96117746060184,4.98836346483132,-0.0271860042294749
0.549,5.03647559408006,5.06365254617426,-0.0271769520941954
0.5492,5.11208603556911,5.13888904549469,-0.0268030099255805
0.5494,5.18758331291657,5.21405486821888,-0.0264715553023116
0.5496,5.26299315408864,5.28914608510823,-0.0261529310195883
0.5498,5.33829236566839,5.36419250827973,-0.0259001426113379
0.55,5.41362012490491,5.4391564580859,-0.0255363331809937
0.5502,5.48917522313617,5.51404672382304,-0.0248715006868743
0.5504,5.56477410043721,5.58883642673365,-0.0240623262964439
0.5506,5.64041993817627,5.66358432126307,-0.0231643830868036
0.5508,5.7158117782161,5.73824360965413,-0.0224318314380278
0.551,5.79100694363976,5.81282177249372,-0.0218148288539632
0.5512,5.86604473852169,5.88730290930001,-0.0212581707783217
0.5514,5.94107503687595,5.96175411805032,-0.0206790811743609
0.5516,6.01584132446432,6.03615955785673,-0.0203182333924161
0.5518,6.09032492632159,6.1104712029786,-0.0201462766570071
0.552,6.16480992579117,6.18476965057663,-0.0199597247854664
0.5522,6.23921622461505,6.25906046707053,-0.0198442424554752
0.5524,0.0303480565927154,0.050170108750255,-0.0198220521575395
0.5526,0.104608575720468,0.124519817380967,-0.0199112416604987
0.5528,0.178772780568735,0.198922974717882,-0.0201501941491464
0.553,0.252843588207419,0.273360013042228,-0.0205164248348092
0.5532,0.326844344859128,0.347845592528312,-0.021001247669184
0.5534,0.40087215241857,0.422390960721029,-0.0215188083024586
0.5536,0.474988987688756,0.497029920794006,-0.0220409331052501
0.5538,0.549275237823487,0.571716821281485,-0.0224415834579976
0.554,0.623791147310144,0.646503939213393,-0.0227127919032499
0.5542,0.69866091766529,0.721444400956922,-0.022783483291632
0.5544,0.773997085736276,0.796474199840549,-0.0224771141042727
0.5546,0.849601603177216,0.871548990832498,-0.0219473876552825
0.5548,0.92538330536816,0.946695259434573,-0.0213119540664132
0.555,1.00109179423108,1.0219019386171,-0.020810144386024
0.5552,1.07677523715435,1.09719136342102,-0.0204161262666764
0.5554,1.15254481709495,1.17252352404821,-0.0199787069532613
0.5556,1.22850544427741,1.24790104750729,-0.0193956032298805
0.5558,1.30449797972229,1.3232906464535,-0.0187926667312048
0.556,1.38039087816488,1.39870270784348,-0.0183118296786038
0.5562,1.45611336698393,1.47411177852096,-0.0179984115370277
0.5564,1.53170715631608,1.54951465132384,-0.0178074950077585
0.5566,1.60719942530033,1.62490983785075,-0.0177104125504282
0.5568,1.68246455377724,1.70028538458629,-0.0178208308090502
0.557,1.75761521556885,1.77565169462026,-0.0180364790514054
0.5572,1.83247704090395,1.85100855413092,-0.0185315132269648
0.5574,1.90738968766857,1.92631479044434,-0.0189251027757675
0.5576,1.98223914749769,2.00157745998249,-0.0193383124847997
0.5578,2.05689835326218,2.07677027795743,-0.0198719246952517
0.558,2.13134296767665,2.15188310966202,-0.0205401419853732
0.5582,2.205648431301,2.22692748491961,-0.0212790536186094
0.5584,2.27993287836381,2.30192932125327,-0.0219964428894635
0.5586,2.35415015995337,2.37679605070263,-0.0226458907492595
0.5588,2.42824462776018,2.4515855046058,-0.0233408768456251
0.559,2.50224259417711,2.52625517141577,-0.024012577238663
0.5592,2.57618519318738,2.60082847327135,-0.0246432800839766
0.5594,2.65021399500913,2.67531005173939,-0.0250960567302685
0.5596,2.72447461741611,2.74972864373202,-0.0252540263159129
0.5598,2.79911917498491,2.82412544133698,-0.0250062663520687
0.56,2.87374042028985,2.8984320026959,-0.0246915824060578
0.5602,2.94839748424388,2.97269560944492,-0.0242981252010379
0.5604,3.02337881875696,3.04700126828928,-0.0236224495323158
0.5606,3.0983223894493,3.12130406092571,-0.0229816714764062
0.5608,3.17324955488161,3.19556599448135,-0.0223164395997331
0.561,3.24829172840562,3.26984116318291,-0.0215494347772922
0.5612,3.32356391058155,3.34416390328042,-0.0205999926988651
0.5614,3.39895907804204,3.41853804753688,-0.0195789694948361
0.5616,3.47441258096081,3.49304138283536,-0.0186288018745504
0.5618,3.54986429141564,3.56766344439524,-0.0177991529795989
0.562,3.62529862318815,3.64234449526614,-0.0170458720779854
0.5622,3.70068072901203,3.7171007112814,-0.0164199822693663
0.5624,3.7758667239568,3.79191414327694,-0.0160474193201332
0.5626,3.85113543500633,3.86683041484518,-0.0156949798388473
0.5628,3.92628047010842,3.94183550060224,-0.0155550304938172
0.563,4.00137416373696,4.01693567751134,-0.0155615137743794
0.5632,4.07635591944875,4.09208902059531,-0.015733101146556
0.5634,4.15122359319985,4.16729577815761,-0.0160721849577614
0.5636,4.22601015616482,4.24254794126102,-0.0165377850962054
0.5638,4.30061083475828,4.31785300652479,-0.0172421717665081
0.564,4.37511194162869,4.39318123183589,-0.0180692902071993
0.5642,4.44949221572478,4.46855213702749,-0.0190599213027172
0.5644,4.52373716137625,4.5439380584057,-0.0202008970294481
0.5646,4.5979073951674,4.61933842369478,-0.0214310285273829
0.5648,4.67204165446774,4.69474189052567,-0.0227002360579291
0.565,4.74624286554979,4.7701355835491,-0.0238927179993134
0.5652,4.82062376059574,4.84550542944916,-0.0248816688534141
0.5654,4.89534484078824,4.92083076590866,-0.0254859251204236
0.5656,4.97021637927194,4.99611967268129,-0.0259032934093497
0.5658,5.04534255682735,5.07135987828213,-0.0260173214547743
0.566,5.12067153528119,5.14656541925335,-0.0258938839721559
0.5662,5.19599870391139,5.22172521684709,-0.0257265129357016
0.5664,5.27129037166021,5.29680034829525,-0.0255099766350408
0.5666,5.3464779270502,5.37179688475541,-0.0253189577052098
0.5668,5.4214866140737,5.44666643756659,-0.0251798234928948
0.567,5.49649292054622,5.52147662093723,-0.0249837003910089
0.5672,5.57165460095837,5.59618751047193,-0.0245329095135629
0.5674,5.64696055783061,5.67089246410932,-0.0239319062787144
0.5676,5.72235209482956,5.74556440826294,-0.023212313433377
0.5678,5.79752630799877,5.82012901414956,-0.0226027061507823
0.568,5.87243050194712,5.89460326815545,-0.0221727662083282
0.5682,5.94730287159392,5.96906892671635,-0.021766055122435
0.5684,6.02196874910006,6.04349383461451,-0.0215250855144413
0.5686,6.09643065826665,6.11786639767662,-0.02143573940997
0.5688,6.17093791922282,6.19225074069181,-0.0213128214689871
0.569,6.2453526653868,6.26661570950059,-0.0212630441137929
0.5692,0.0364365798222659,0.0577939953810639,-0.021357415558798
0.5694,0.110593849224612,0.132180781055105,-0.0215869318304933
0.5696,0.184630034447378,0.20664938149086,-0.0220193470434821
0.5698,0.258956114497385,0.281259703756225,-0.0223035892588402
0.57,0.333558990746001,0.35593362326532,-0.0223746325193186
0.5702,0.407997628823993,0.430563103046058,-0.0225654742220656
0.5704,0.482334722295446,0.505245270383698,-0.0229105480882522
0.5706,0.556810671794686,0.579975640000266,-0.0231649682055806
0.5708,0.6315211147249,0.654795932168943,-0.0232748174440432
0.571,0.706584976186098,0.729656428625912,-0.0230714524398135
0.5712,0.781790728122125,0.804559438589721,-0.022768710467596
0.5714,0.857225328916026,0.879539080894951,-0.0223137519789248
0.5716,0.932818479593624,0.954594751857115,-0.0217762722634913
0.5718,1.00836714901026,1.02969543695473,-0.0213282879444712
0.572,1.08386219544154,1.10486470527334,-0.0210025098318036
0.5722,1.15945035208557,1.18008703333907,-0.0206366812535077
0.5724,1.23526266863384,1.25538365848634,-0.020120989852499
0.5726,1.31113757427427,1.33071210727379,-0.0195745329995247
0.5728,1.38719978433301,1.40608854700405,-0.0188887626710346
0.573,1.46309482458709,1.48149027143688,-0.0183954468497884
0.5732,1.53877364898879,1.55688926118557,-0.018115612196786
0.5734,1.61428439722279,1.63228689185165,-0.0180024946288579
0.5736,1.68957944315441,1.70766732038962,-0.0180878772352071
0.5738,1.76478142272793,1.78301145824195,-0.0182300355140195
0.574,1.83963976925943,1.85830439819771,-0.0186646289382841
0.5742,1.9141255682283,1.93352556195601,-0.0193999937277076
0.5744,1.9884980496677,2.00869690519336,-0.0201988555256629
0.5746,2.0627479800372,2.08381975109341,-0.0210717710562158
0.5748,2.1368514068604,2.15884572575221,-0.0219943188918075
0.575,2.21074706534194,2.23373530587172,-0.0229882405297825
0.5752,2.28448591419864,2.30849924316414,-0.0240133289654998
0.5754,2.35803219984974,2.38316768194838,-0.0251354820986451
0.5756,2.43159358894788,2.45781682570722,-0.0262232367593374
0.5758,2.50523040426949,2.53239308552586,-0.0271626812563763
0.576,2.57893660875982,2.60689523546887,-0.0279586267090455
0.5762,2.65276692764031,2.68130067832467,-0.0285337506843604
0.5764,2.72678978252669,2.75563504115452,-0.0288452586278312
0.5766,2.80116403311309,2.82998302692393,-0.028818993810837
0.5768,2.87590036048954,2.90438682597128,-0.0284864654817425
0.577,2.95100118513223,2.9787789207408,-0.0277777356085682
0.5772,3.0263696160278,3.05319139503427,-0.0268217790064695
0.5774,3.10167065867614,3.12759376245339,-0.0259231037772447
0.5776,3.17690715382432,3.20194820095158,-0.0250410471272575
0.5778,3.25222388034526,3.27632913015889,-0.0241052498136294
0.578,3.32779892207037,3.35077187975722,-0.0229729576868518
0.5782,3.40352740076575,3.42525338256711,-0.0217259818013646
0.5784,3.47926712432159,3.4998207193962,-0.0205535950746176
0.5786,3.55507949077314,3.57450734111544,-0.0194278503423004
0.5788,3.63097104122661,3.64923260945522,-0.0182615682286067
0.579,3.70664945188924,3.72401018045259,-0.0173607285633537
0.5792,3.78203582252133,3.79884137160218,-0.0168055490808472
0.5794,3.857462589104,3.87376812213147,-0.0163055330274662
0.5796,3.93276059754492,3.94872981096691,-0.01596921342199
0.5798,4.00800031250229,4.02379713968277,-0.0157968271804823
0.58,4.08308899940463,4.09893734445407,-0.0158483450494371
0.5802,4.15799442222911,4.17413330186386,-0.0161388796347488
0.5804,4.23272628913343,4.24936554194072,-0.0166392528072823
0.5806,4.30719699218069,4.32465696060123,-0.0174599684205399
0.5808,4.38154568733027,4.39997829110414,-0.0184326037738645
0.581,4.455785604295,4.47534260811868,-0.0195570038236825
0.5812,4.52988875667147,4.55072340537904,-0.0208346487075639
0.5814,4.60400101642112,4.6261059247261,-0.0221049083049802
0.5816,4.67822728528477,4.70150132929125,-0.0232740440064862
0.5818,4.75248256982399,4.7768965364532,-0.0244139666292051
0.582,4.82690072155546,4.85227358819835,-0.0253728666428952
0.5822,4.90167930237299,4.92761261953612,-0.0259333171631342
0.5824,4.97663504483774,5.00292444582301,-0.0262894009852719
0.5826,5.05187527820856,5.07818932273272,-0.0263140445241605
0.5828,5.12734537802835,5.15338929277128,-0.026043914742937
0.583,5.20279370510087,5.22853275035825,-0.0257390452573789
0.5832,5.27810579604749,5.30358326777797,-0.0254774717304791
0.5834,5.3533771183084,5.37859111919512,-0.0252140008867219
0.5836,5.42879868428599,5.45351289389395,-0.0247142096079598
0.5838,5.50432091514697,5.52836720593659,-0.0240462907896246
0.584,5.57983532151802,5.60309275628565,-0.0232574347676264
0.5842,5.6552068743109,5.67766122217254,-0.0224543478616459
0.5844,5.73008605566605,5.7521707982039,-0.0220847425378468
0.5846,5.80478629116692,5.8266506867221,-0.0218643955551823
0.5848,5.87935012607838,5.90105891565408,-0.021708789575702
0.585,5.95402853741851,5.97549380709943,-0.0214652696809203
0.5852,6.02859234937806,6.049909564448,-0.0213172150699359
0.5854,6.10313457194529,6.12429285855316,-0.0211582866078723
0.5856,6.17762450794306,6.19867554802705,-0.0210510400839929
0.5858,6.25207892514562,6.2731040978304,-0.0210251726847881
0.586,0.0433469442335017,0.0643511005828045,-0.0210041563493027
0.5862,0.117678201881823,0.138798757492844,-0.0211205556110214
0.5864,0.191946002026287,0.213173866366117,-0.02122786433983
0.5866,0.266106132983548,0.287490254775769,-0.0213841217922208
0.5868,0.340138199355278,0.361886224890133,-0.0217480255348545
0.587,0.414109315057621,0.436348306655077,-0.0222389915974556
0.5872,0.488058206408022,0.510858700027485,-0.0228004936194628
0.5874,0.562077173030274,0.585382629662101,-0.0233054566318265
0.5876,0.636269219773075,0.660003627743556,-0.023734407970481
0.5878,0.710802766851199,0.73475720475639,-0.0239544379051908
0.588,0.785511741269977,0.809591364699536,-0.024079623429559
0.5882,0.860511124044191,0.884545968190146,-0.0240348441459554
0.5884,0.935737399932887,0.959625894327995,-0.0238884943951074
0.5886,1.01096271595634,1.03476582934269,-0.0238031133863466
0.5888,1.08633318340969,1.10998688921136,-0.0236537058016664
0.589,1.16200990515158,1.185244461727,-0.0232345565754211
0.5892,1.23782904142086,1.26056129488506,-0.0227322534641994
0.5894,1.31371610382971,1.33591190259961,-0.0221957987699017
0.5896,1.38987693618336,1.41130066310267,-0.0214237269193109
0.5898,1.4659373184514,1.48670976261714,-0.0207724441657404
0.59,1.54178527265116,1.56211766017469,-0.0203323875235344
0.5902,1.6174224563651,1.63750557221061,-0.020083115845515
0.5904,1.69272424329344,1.71285326925832,-0.0201290259648748
0.5906,1.767982169297,1.78815643224853,-0.0201742629515287
0.5908,1.84303612461213,1.86340860421362,-0.0203724796014901
0.591,1.91763792095018,1.93858306056874,-0.0209451396185576
0.5912,1.99212712584191,2.01368752673452,-0.0215604008926165
0.5914,2.06654369483378,2.08874429174757,-0.0222005969137875
0.5916,2.14082520485398,2.16374406812843,-0.0229188632744539
0.5918,2.21486183001505,2.23869394584077,-0.0238321158257162
0.592,2.28879502329213,2.31364293802413,-0.0248479147320002
0.5922,2.36301781379936,2.38852710931067,-0.0255092955113132
0.5924,2.43748333533594,2.46337263259796,-0.0258892972620282
0.5926,2.51190223640048,2.53821638802721,-0.0263141516267313
0.5928,2.58640766625176,2.61300020700657,-0.0265925407548133
0.593,2.6609852498374,2.68769261557684,-0.0267073657394459
0.5932,2.73573248890906,2.76235333728375,-0.026620848374689
0.5934,2.81081660360273,2.83691322363403,-0.0260966200313031
0.5936,2.88600518359241,2.91141070510469,-0.0254055215122806
0.5938,2.96139250501835,2.98587186520068,-0.0244793601823385
0.594,3.03692439628093,3.06033722914221,-0.0234128328612768
0.5942,3.11236835347144,3.1347833038507,-0.0224149503792614
0.5944,3.18766101863935,3.20914714704015,-0.0214861284007979
0.5946,3.26275643380708,3.28340845860283,-0.0206520247957496
0.5948,3.33782249514253,3.35769623257822,-0.0198737374356943
0.595,3.41308765065656,3.43203382044125,-0.0189461697846842
0.5952,3.48854565651581,3.50639565952841,-0.0178500030125961
0.5954,3.56386994038516,3.58075590625116,-0.0168859658660003
0.5956,3.6389869588747,3.65517230226946,-0.0161853433947599
0.5958,3.71395634447779,3.72967498813956,-0.015718643661772
0.596,3.7887204874652,3.80424860196085,-0.0155281144956549
0.5962,3.86344835529321,3.87891422870535,-0.0154658734121429
0.5964,3.93791426167737,3.95365396728314,-0.0157397056057702
0.5966,4.01209395911545,4.02851598383794,-0.0164220247224893
0.5968,4.08622801708312,4.10348875463363,-0.0172607375505143
0.597,4.16026678502341,4.17856290520873,-0.0182961201853189
0.5972,4.2341531083069,4.25372170688978,-0.0195685985828824
0.5974,4.30782753656946,4.32897818086832,-0.0211506442988618
0.5976,4.38147444356878,4.40428569537721,-0.02281125180843
0.5978,4.45512069525717,4.47965022826985,-0.024529533012676
0.598,4.52913389830738,4.55506048976615,-0.025926591458763
0.5982,4.60318333032146,4.63048508693384,-0.0273017566123857
0.5984,4.67725110428734,4.70589525352295,-0.0286441492356113
0.5986,4.75147572727656,4.78128209048153,-0.0298063632049681
0.5988,4.82590753167993,4.85663274741484,-0.0307252157349192
0.599,4.90061742677204,4.93192121395174,-0.0313037871797039
0.5992,4.97570007000722,5.00715152533446,-0.0314514553272351
0.5994,5.05097953869453,5.08231423203787,-0.0313346933433465
0.5996,5.12639550646953,5.15740542753292,-0.0310099210633901
0.5998,5.20180063261287,5.23245287239839,-0.0306522397855149
0.6,5.27717044883336,5.30741262572296,-0.0302421768896064
