t_s,theta_pll_rad,theta_ref_rad,theta_err_rad
0,0,0,0
0.0002,0.0753982236904548,0.075398223686155,4.29981050764638e-12
0.0004,0.150252531569056,0.15079644737231,-0.000543915803254497
0.0006,0.225286659533477,0.226194671058465,-0.000908011524987706
0.0008,0.301428463413579,0.30159289474462,-0.000164431331041437
0.001,0.37830508694427,0.376991118430775,0.0013139685134948
0.0012,0.453813087594535,0.45238934211693,0.00142374547760443
0.0014,0.525736188933698,0.527787565803085,-0.00205137686938772
0.0016,0.593478348929579,0.60318578948924,-0.00970744055966122
0.0018,0.658025056269015,0.678584013175395,-0.0205589569063809
0.002,0.720351611303743,0.75398223686155,-0.0336306255578073
0.0022,0.780302533710966,0.829380460547705,-0.0490779268367392
0.0024,0.836802563144274,0.904778684233861,-0.0679761210895866
0.0026,0.889626107132073,0.980176907920016,-0.0905508007879426
0.0028,0.94028884109217,1.05557513160617,-0.115286290514
0.003,0.990888020475282,1.13097335529233,-0.140085334817043
0.0032,1.04239641634134,1.20637157897848,-0.163975162637139
0.0034,1.09459909464259,1.28176980266464,-0.18717070802205
0.0036,1.14740635663048,1.35716802635079,-0.209761669720314
0.0038,1.20162729150135,1.43256625003695,-0.230938958535594
0.004,1.25841357855166,1.5079644737231,-0.249550895171436
0.0042,1.31778720396532,1.58336269740926,-0.265575493443936
0.0044,1.3787625925467,1.65876092109541,-0.279998328548707
0.0046,1.44019062501066,1.73415914478157,-0.293968519770906
0.0048,1.50172603819246,1.80955736846772,-0.307831330275261
0.005,1.56389141193732,1.88495559215388,-0.321064180216556
0.0052,1.62722327303258,1.96035381584003,-0.333130542807446
0.0054,1.69157102220176,2.03575203952619,-0.344181017324425
0.0056,1.75645980089687,2.11115026321234,-0.354690462315472
0.0058,1.82161334262016,2.1865484868985,-0.36493514427834
0.006,1.88737070739334,2.26194671058465,-0.374576003191307
0.0062,1.95418639633357,2.33734493427081,-0.383158537937239
0.0064,2.0220638366934,2.41274315795696,-0.390679321263565
0.0066,2.09058751987309,2.48814138164312,-0.397553861770031
0.0068,2.1593243860419,2.56353960532927,-0.404215219287376
0.007,2.22818825918309,2.63893782901543,-0.410749569832332
0.0072,2.29732788379506,2.71433605270158,-0.417008168906522
0.0074,2.36692571422966,2.78973427638774,-0.422808562158077
0.0076,2.43697227770976,2.86513250007389,-0.428160222364132
0.0078,2.50746032826338,2.94053072376005,-0.433070395496663
0.008,2.57847293935413,3.0159289474462,-0.43745600809207
0.0082,2.6500824789298,3.09132717113236,-0.441244692202555
0.0084,2.72222761776576,3.16672539481851,-0.444497777052749
0.0086,2.79486073346979,3.24212361850467,-0.447262885034874
0.0088,2.86790198683459,3.31752184219082,-0.44961985535623
0.009,2.94115239168291,3.39292006587698,-0.451767674194064
0.0092,3.01435479417996,3.46831828956313,-0.453963495383173
0.0094,3.08744258130461,3.54371651324929,-0.456273931944681
0.0096,3.16069261584108,3.61911473693544,-0.458422121094359
0.0098,3.23456667802013,3.6945129606216,-0.459946282601462
0.01,3.30938310773343,3.76991118430775,-0.460528076574318
0.0102,3.38513346862543,3.84530940799391,-0.460175939368477
0.0104,3.46154702176926,3.92070763168006,-0.4591606099108
0.0106,3.53849195184903,3.99610585536622,-0.457613903517186
0.0108,3.61593032134857,4.07150407905237,-0.455573757703803
0.011,3.69377582676462,4.14690230273853,-0.453126475973912
0.0112,3.77181340913396,4.22230052642468,-0.450487117290718
0.0114,3.84979590019494,4.29769875011084,-0.447902849915898
0.0116,3.9276536331755,4.37309697379699,-0.445443340621491
0.0118,4.00572002638139,4.44849519748315,-0.442775171101752
0.012,4.08448105695178,4.5238934211693,-0.439412364217524
0.0122,4.16418216916378,4.59929164485546,-0.435109475691677
0.0124,4.24463284562722,4.67468986854161,-0.430057022914391
0.0126,4.32559063358063,4.75008809222777,-0.424497458647141
0.0128,4.40695914091273,4.82548631591392,-0.418527175001188
0.013,4.48873588647198,4.90088453960008,-0.412148653128099
0.0132,4.57089063874743,4.97628276328623,-0.405392124538798
0.0134,4.6532781129435,5.05168098697239,-0.39840287402889
0.0136,4.73572757327331,5.12707921065854,-0.39135163738523
0.0138,4.81824088865596,5.2024774343447,-0.38423654568874
0.014,4.90099471033736,5.27787565803085,-0.376880947693497
0.0142,4.98421353383952,5.35327388171701,-0.369060347877486
0.0144,5.06806780515897,5.42867210540316,-0.360604300244196
0.0146,5.15258758263019,5.50407032908932,-0.351482746459127
0.0148,5.23767125505139,5.57946855277547,-0.341797297724081
0.015,5.32318419549249,5.65486677646163,-0.331682580969142
0.0152,5.40904329532228,5.73026500014778,-0.3212217048255
0.0154,5.49520594954889,5.80566322383394,-0.31045727428505
0.0156,5.58158661470517,5.88106144752009,-0.299474832814918
0.0158,5.66800570114352,5.95645967120625,-0.28845397006273
0.016,5.75420538081267,6.0318578948924,-0.277652514079733
0.0162,5.84006678083365,6.10725611857856,-0.267189337744907
0.0164,5.92565962869724,6.18265434226471,-0.256994713567471
0.0166,6.01118401899136,6.25805256595087,-0.246868546959508
0.0168,6.09684466629776,6.06033390199832,0.0365107642994422
0.017,6.18277671493295,6.13948235752676,0.0432943574061913
0.0172,6.26904945690682,6.22042476057154,0.0486246963352768
0.0174,0.0724601497507944,0.0191707912772384,0.053289358473556
0.0176,0.159270405001149,0.102389104729035,0.0568813002721141
0.0178,0.246125764849431,0.187980719710378,0.0581450451390522
0.018,0.332856129394781,0.276294830514615,0.0565612988801667
0.0182,0.419352935513352,0.366215649768469,0.0531372857448832
0.0184,0.50561379540084,0.455911933807083,0.0497018615937576
0.0186,0.591782151216169,0.544458848204062,0.0473233030121063
0.0188,0.67812224135749,0.632034997886675,0.0460872434708146
0.019,0.764810108498419,0.719047722873219,0.0457623856251994
0.0192,0.851859088296156,0.805164428385279,0.0466946599108774
0.0194,0.939206406438853,0.889549032724991,0.0496573737138624
0.0196,1.02677265155931,0.971764331036797,0.0550083205225131
0.0198,1.1144760392651,1.05215507191204,0.0623209673530587
0.02,1.20221843454927,1.13129275422656,0.070925680322717
0.0202,1.28986270828076,1.20933656753633,0.0805261407444327
0.0204,1.37716903340532,1.28611758854939,0.0910514448559279
0.0206,1.46397332798626,1.36172301092088,0.102250317065382
0.0208,1.55037306321972,1.436618978654,0.113754084565718
0.021,1.63660248509972,1.51138458951756,0.125217895582163
0.0212,1.72294988480405,1.58658953856248,0.136360346241571
0.0214,1.80958920776327,1.6626738505763,0.146915357186967
0.0216,1.8965374813109,1.73994648908677,0.15659099222412
0.0218,1.98373193187705,1.81853365071527,0.165198281161777
0.022,2.0710947877918,1.89828478336782,0.17281000442398
0.0222,2.15853846613215,1.97888145496147,0.179657011170682
0.0224,2.24589626199926,2.06023592272146,0.1856603392778
0.0226,2.33293077977117,2.14263408714906,0.190296692622106
0.0228,2.41947298825086,2.22646429182187,0.193008696428993
0.023,2.50550097565289,2.31186797005212,0.193633005600779
0.0232,2.59117514883419,2.39877958083892,0.192395567995269
0.0234,2.67673661559037,2.48716851132008,0.189568104270291
0.0236,2.76238430844019,2.57695486165263,0.185429446787567
0.0238,2.84822652552863,2.66784259125558,0.180383934273052
0.024,2.93429191146193,2.75921571914373,0.175076192318196
0.0242,3.02054545619244,2.85037572234164,0.170169733850807
0.0244,3.10682890323281,2.94068488097137,0.166144022261441
0.0246,3.19286680978316,3.02971975925789,0.163147050525267
0.0248,3.2784944151932,3.11741611763092,0.161078297562286
0.025,3.3636717716233,3.20372547371702,0.159946297906286
0.0252,3.44845974515553,3.28835697474645,0.160102770409083
0.0254,3.53296648321241,3.37117441537,0.16179206784241
0.0256,3.61734954710151,3.45250073358153,0.164848813519982
0.0258,3.70175875278037,3.53282254754199,0.168936205238377
0.026,3.78619786332033,3.6120398970132,0.174157966307132
0.0262,3.87050710245607,3.68957725407683,0.180929848379232
0.0264,3.9545518023689,3.7649620112231,0.189589791145804
0.0266,4.03821118901279,3.83810224020846,0.200108948804336
0.0268,4.12138068165047,3.90925214083167,0.212128540818793
0.027,4.20383292850171,3.97874321374581,0.225089714755899
0.0272,4.28536184405158,4.04684175013189,0.238520093919691
0.0274,4.36576931779086,4.11394325435916,0.251826063431696
0.0276,4.44500019317933,4.18061617415876,0.264384019020572
0.0278,4.52304491275368,4.24741889394577,0.275626018807912
0.028,4.59989024621887,4.31479948431282,0.285090761906051
0.0282,4.67546083874907,4.38306520034704,0.292395638402023
0.0284,4.74975383109577,4.45252373082723,0.297230100268536
0.0286,4.82267452989465,4.52339912847119,0.299275401423468
0.0288,4.89419596014121,4.59581915110638,0.29837680903483
0.029,4.96433402317997,4.66975900448943,0.294575018690549
0.0292,5.03321547612674,4.74507203841602,0.288143437710714
0.0294,5.10097658629569,4.82153685917467,0.279439727121021
0.0296,5.16782791522485,4.89889478929078,0.268933125934061
0.0298,5.23387191560555,4.97684846509623,0.257023450509318
0.03,5.29924233280524,5.05491116819724,0.244331164607994
0.0302,5.36413957948285,5.13233917963696,0.231800399845893
0.0304,5.42861276100134,5.20842741193257,0.220185349068761
0.0306,5.4927465391321,5.28287744244668,0.209869096685425
0.0308,5.55664348147835,5.35548676215289,0.201156719325453
0.031,5.62037913573457,5.42614084896471,0.194238286769865
0.0312,5.68408338256139,5.49503083815361,0.189052544407786
0.0314,5.74790872112934,5.56263848457175,0.185270236557582
0.0316,5.81199724361321,5.62958919631698,0.18240804729623
0.0318,5.87637539921531,5.69643663011972,0.179938769095584
0.032,5.94112303371304,5.76360445042153,0.177518583291508
0.0322,6.00627190297196,5.83138190170266,0.174890001269303
0.0324,6.07182859009748,5.90007310155769,0.171755488539796
0.0326,6.13782148425167,5.96982577425712,0.167995709994547
0.0328,6.20430681462136,6.04070790907931,0.163598905542055
0.033,6.27132474583222,6.11259618695793,0.158728558874292
0.0332,0.0556397214998547,6.18508243947068,0.153742589208765
0.0334,0.123542132908507,6.25794198784102,0.148785452247068
0.0336,0.191781728578362,0.0477863475081058,0.143995381070256
0.0338,0.260315954117192,0.120885289341895,0.139430664775297
0.034,0.329133712502475,0.193963421368727,0.135170291133748
0.0342,0.398221406101965,0.267087967766613,0.131133438335352
0.0344,0.467601590783494,0.340327993988245,0.12727359679525
0.0346,0.537270903642048,0.413726801595395,0.123544102046653
0.0348,0.607230760017003,0.487224285819152,0.120006474197851
0.035,0.677447259300131,0.560797732022893,0.116649527277238
0.0352,0.747869774629407,0.634402554536615,0.113467220092791
0.0354,0.818403319027012,0.707951201832851,0.110452117194161
0.0356,0.888984295730623,0.781312626529453,0.10767166920117
0.0358,0.95954909063799,0.85448895864862,0.105060131989369
0.036,1.03001297027109,0.927623069383462,0.102389900887629
0.0362,1.10028712296763,1.00085489832657,0.0994322246410588
0.0364,1.17041768599231,1.07426561505728,0.0961520709350332
0.0366,1.24037541646348,1.1478756245333,0.0924997919301767
0.0368,1.31012554809859,1.22175493669239,0.0883706114061937
0.037,1.3796729448891,1.29607497471882,0.0835979701702838
0.0372,1.44900569922699,1.37091642450187,0.0780892747251163
0.0374,1.51809168668975,1.44615305168335,0.0719386350064004
0.0376,1.58697122175651,1.52160571120985,0.0653655105466617
0.0378,1.65567600450752,1.59702152745337,0.0586544770541515
0.038,1.72418499560225,1.67215733822964,0.0520276573726106
0.0382,1.7925159783811,1.74685870643353,0.0456572719475683
0.0384,1.86070451322224,1.82104779398181,0.03965671924043
0.0386,1.92878867862927,1.89469258188525,0.0340960967440231
0.0388,1.99680114338726,1.96776800561325,0.0290331377740125
0.039,2.06484865905419,2.04021867921052,0.0246299798436622
0.0392,2.13294405132061,2.11197284994489,0.0209712013757146
0.0394,2.20109467253142,2.18293838076936,0.018156291762057
0.0396,2.26939808356679,2.25298809462322,0.0164099889435656
0.0398,2.33785617270244,2.32208113430302,0.0157750383994153
0.04,2.40646005984836,2.39030306088974,0.0161569989586292
0.0402,2.47521605383604,2.45779007389912,0.0174259799369203
0.0404,2.54420813910133,2.52473820521096,0.0194699338903721
0.0406,2.61343755923089,2.59124865885444,0.0221889003764479
0.0408,2.68288099547364,2.65753262006375,0.0253483754098931
0.041,2.75251280853767,2.7239342443424,0.0285785641952603
0.0412,2.82234806075627,2.7908478773181,0.0315001834381743
0.0414,2.89239205964415,2.85864632390358,0.0337457357405699
0.0416,2.96267217203289,2.92753351819943,0.0351386538334602
0.0418,3.03317311554391,2.99768604823739,0.0354870673065197
0.042,3.10395977415507,3.06912263269897,0.0348371414561002
0.0422,3.17496951561156,3.14171090528822,0.0332586103233328
0.0424,3.24620412366619,3.21529996979929,0.0309041538668944
0.0426,3.31765890319694,3.28990615684006,0.0277527463568776
0.0428,3.38935766666332,3.36579516189518,0.0235625047681398
0.043,3.46130651112728,3.44312704491643,0.0181794662108574
0.0432,3.53348406993622,3.52194299671416,0.0115410732220647
0.0434,3.60582746542257,3.60227891554567,0.00354854987690212
0.0436,3.67837525870433,3.68417896568169,-0.00580370697736265
0.0438,3.75110500988535,3.76747594185447,-0.016370931969115
0.044,3.82402427869619,3.85177367267822,-0.0277493939820341
0.0442,3.89709138236908,3.93650943411433,-0.0394180517452449
0.0444,3.97026341031686,4.02116558863575,-0.0509021783188897
0.0446,4.04357387589793,4.10532011257537,-0.0617462366774442
0.0448,4.11702021136179,4.18856522748662,-0.0715450161248326
0.045,4.190580308036,4.27064952182626,-0.080069213790261
0.0452,4.26423668515784,4.35144048463232,-0.0872037994744819
0.0454,4.33794607111214,4.43088862725444,-0.0929425561423072
0.0456,4.41173360312031,4.50905102498826,-0.0973174218679533
0.0458,4.4856217189825,4.5860962134692,-0.100474494486694
0.046,4.55961372774613,4.66223012363875,-0.102616395892613
0.0462,4.63367500724608,4.73771523725132,-0.104040230005245
0.0464,4.70783293412304,4.81282865729186,-0.104995723168815
0.0466,4.78213160362742,4.88783490101974,-0.105703297392313
0.0468,4.85658517748253,4.96299145810491,-0.106406280622379
0.047,4.93122141414422,5.03853602206521,-0.107314607920991
0.0472,5.00601145849407,5.11466063807472,-0.108649179580648
0.0474,5.08099685294121,5.19151329568943,-0.110516442748217
0.0476,5.15613971825102,5.26921744542658,-0.113077727175559
0.0478,5.23145759718048,5.34772926452509,-0.116271667344606
0.048,5.30689923727292,5.42690395845518,-0.120004721182261
0.0482,5.38247881776907,5.50653228995356,-0.124053472184494
0.0484,5.45814858672164,5.58639413722272,-0.128245550501076
0.0486,5.53392835416561,5.66623360024393,-0.132305246078324
0.0488,5.60983753428968,5.74581453942772,-0.135977005138048
0.049,5.68584354189358,5.82489740417222,-0.139053862278633
0.0492,5.76198572667394,5.90326318476645,-0.141277458092516
0.0494,5.83824454873817,5.98072291402034,-0.14247836528217
0.0496,5.91455979268197,6.05716292111181,-0.142603128429842
0.0498,5.99094606677364,6.13269599641877,-0.141749929645128
0.05,6.06738284552062,6.20738927937933,-0.140006433858717
0.0502,6.14382483901056,6.2814371117753,-0.137612272764744
0.0504,6.22034244792505,0.07184361387982,-0.134686473134362
0.0506,0.0137533187036256,0.145150062500835,-0.131396743797209
0.0508,0.0904140314215408,0.21826570343752,-0.12785167201598
0.051,0.167108891366536,0.291315662705851,-0.124206771339315
0.0512,0.243877170606632,0.364500027809312,-0.12062285720268
0.0514,0.320764392394374,0.437936368811289,-0.117171976416915
0.0516,0.397763172690986,0.511694930850822,-0.113931758159836
0.0518,0.474867375815248,0.58589079580069,-0.111023419985442
0.052,0.552104922317861,0.660588736875074,-0.108483814557213
0.0522,0.629424685530045,0.735712651127528,-0.106287965597483
0.0524,0.706861102212696,0.81128330595522,-0.104422203742524
0.0526,0.784442687124838,0.887265965020408,-0.10282327789557
0.0528,0.862149591061255,0.963519195985541,-0.101369604924286
0.053,0.939978962837862,1.03989817574284,-0.0999192129049773
0.0532,1.01786702195276,1.1163099729022,-0.0984429509494402
0.0534,1.09582182610224,1.19265616800836,-0.0968343419061186
0.0536,1.17383295458337,1.26888366203418,-0.0950507074508176
0.0538,1.25189961944394,1.34496128619486,-0.0930616667509188
0.054,1.33001792478002,1.42083997327255,-0.0908220484925379
0.0542,1.40817183466328,1.49652040304783,-0.088348568384558
0.0544,1.48634235063063,1.57200778524638,-0.0856654346157446
0.0546,1.56455349722321,1.64732134750804,-0.0827678502848328
0.0548,1.64278984756061,1.72249748345294,-0.0797076358923317
0.055,1.7210009821458,1.79757874153191,-0.0765777593861148
0.0552,1.79920676293503,1.87259857777245,-0.0733918148374144
0.0554,1.87738562648645,1.94761130353918,-0.0702256770527359
0.0556,1.95548991413919,2.02268332224325,-0.0671934081040517
0.0558,2.03359138469122,2.09788794645099,-0.0642965617597717
0.056,2.11169865103416,2.17324380191126,-0.0615451508771048
0.0562,2.18980245429439,2.24876424481268,-0.058961790518294
0.0564,2.26787228585847,2.32450868518929,-0.056636399330813
0.0566,2.34594393217993,2.40047587870031,-0.0545319465203846
0.0568,2.42403309688559,2.47660674318528,-0.0525736462996909
0.057,2.50212044263453,2.55285716104766,-0.0507367184131273
0.0572,2.58025048652212,2.62922023062368,-0.0489697441015564
0.0574,2.65837504836178,2.70563311898635,-0.0472580706245624
0.0576,2.73650311554756,2.78211191221819,-0.0456087966706349
0.0578,2.81468896098871,2.85861393867908,-0.0439249776903616
0.058,2.89291815995418,2.93503906275793,-0.0421209028037501
0.0582,2.97116042185663,3.01139730305268,-0.0402368811960563
0.0584,3.04947509200872,3.08762292956221,-0.0381478375534932
0.0586,3.12779556412487,3.16360908560065,-0.0358135214757733
0.0588,3.20612202039757,3.2394089905714,-0.0332869701738367
0.059,3.28440420918845,3.31498840589748,-0.0305841967090266
0.0592,3.36263140523616,3.39038703816916,-0.0277556329330078
0.0594,3.44081913841759,3.46560469638049,-0.0247855579628982
0.0596,3.51894630682387,3.54065898632011,-0.0217126794962379
0.0598,3.59705178699751,3.61562746572261,-0.0185756787250919
0.06,3.67507322973816,3.69046959496556,-0.0153963652274052
0.0602,3.75293959539148,3.76516489419266,-0.0122252988011788
0.0604,3.83072349286087,3.83980176291834,-0.00907827005746942
0.0606,3.90839549901216,3.91441543494147,-0.00601993592930894
0.0608,3.98598332251641,3.98907587052853,-0.003092548012126
0.061,4.06350156001306,4.06380092716161,-0.000299367148547169
0.0612,4.14092288607807,4.138556706401,0.00236617967707087
0.0614,4.21821215718512,4.21339259024879,0.0048195669363329
0.0616,4.29546483697019,4.28831156104337,0.00715327592681625
0.0618,4.37270462947241,4.36331462900254,0.00939000046987015
0.062,4.44992325882358,4.43841487243351,0.0115083863900756
0.0622,4.52709690423864,4.51359639765501,0.0135005065836324
0.0624,4.60424069004621,4.58886125495694,0.0153794350892715
0.0626,4.68136160050657,4.66419519445723,0.0171664060493395
0.0628,4.75843516437832,4.7395853389351,0.0188498254432226
0.063,4.83548316266981,4.81502359660864,0.0204595660611737
0.0632,4.91249768285801,4.89050508624689,0.0219925966111196
0.0634,4.98951401686397,4.96602595463046,0.0234880622335174
0.0636,5.06647303777934,5.04158096955203,0.0248920682273059
0.0638,5.14337072408054,5.11716090723087,0.0262098168496649
0.064,5.22022963038007,5.19278512537294,0.027444505007125
0.0642,5.29708943747617,5.26841487933079,0.0286745581453873
0.0644,5.37391209738187,5.34405491671329,0.0298571806685812
0.0646,5.45071208431281,5.41972056305926,0.0309915212535472
0.0648,5.52744683809844,5.49541151614507,0.0320353219533676
0.065,5.60415184289172,5.57115075307253,0.0330010898191926
0.0652,5.68080649248499,5.64693597229401,0.0338705201909812
0.0654,5.75744135573989,5.72273429649811,0.0347070592417831
0.0656,5.83400311297224,5.79849772934336,0.0355053836288786
0.0658,5.91048566266296,5.87422308026096,0.036262582402002
0.066,5.98688564685949,5.94989847307144,0.0369871737880532
0.0662,6.0631640838765,6.02551617906229,0.0376479048142073
0.0664,6.13934733968718,6.10104976495353,0.03829757473365
0.0666,6.21541770796831,6.17648778620031,0.038929921767993
0.0668,0.00817676415279323,6.25185079685791,0.0395112744744646
0.067,0.0839904481796415,0.043873820622529,0.0401166275571125
0.0672,0.159733227046979,0.119000787679056,0.040732439367923
0.0674,0.235435742870748,0.194080526508366,0.0413552163623818
0.0676,0.311091241679047,0.269137594026509,0.0419536476525388
0.0678,0.386699272473368,0.344145275471513,0.0425539970018552
0.068,0.462300404017127,0.419055890322353,0.0432445136947741
0.0682,0.537842178651942,0.493872705431461,0.0439694732204808
0.0684,0.613326396311597,0.568648765433146,0.0446776308784513
0.0686,0.688790658905171,0.643381314312836,0.0454093445923356
0.0688,0.764220826969689,0.718098168684836,0.0461226582848531
0.069,0.839585836945435,0.792796552086897,0.0467892848585372
0.0692,0.914944781175394,0.867486286565814,0.0474584946095802
0.0694,0.99028274790633,0.942224859846556,0.0480578880597742
0.0696,1.06559075482508,1.01704372235357,0.048547032471518
0.0698,1.14089580529405,1.09196830537646,0.0489274999175966
0.07,1.21616569205992,1.16697092634435,0.0491947657155627
0.0702,1.29142221754627,1.24206397196896,0.0493582455773118
0.0704,1.36662681060531,1.31720191876474,0.0494248918405691
0.0706,1.44179674075305,1.39240403819974,0.0493927025533063
0.0708,1.51688837181268,1.46768150653394,0.0492068652787356
0.071,1.59188782893685,1.54302008740939,0.0488677415274557
0.0712,1.66679298497871,1.61842790975143,0.0483650752272762
0.0714,1.74158805806498,1.69389825570399,0.047689802360996
0.0716,1.81630418840312,1.76943142466171,0.046872763741403
0.0718,1.89091516672383,1.84502493740798,0.0458902293158492
0.072,1.9654833279085,1.92064763898374,0.0448356889247594
0.0722,2.03997906386331,1.99629156203106,0.0436875018322467
0.0724,2.11438552960477,2.07191845687841,0.0424670727263554
0.0726,2.18870377013154,2.14749651832942,0.0412072518021227
0.0728,2.26299608915147,2.22305340636716,0.0399426827843135
0.073,2.33728933616941,2.29860028260656,0.0386890535628464
0.0732,2.41157157285287,2.37406040229547,0.0375111705574005
0.0734,2.48584127831108,2.44947049439688,0.0363707839141969
0.0736,2.56011752646025,2.52476549589772,0.0353520305625268
0.0738,2.63433514158104,2.59992986260188,0.0344052789791527
0.074,2.70853872747553,2.67507822144951,0.0334605060260156
0.0742,2.78275731309363,2.75014861843915,0.0326086946544781
0.0744,2.85699625543804,2.82510586127334,0.0318903941647024
0.0746,2.93122861683435,2.89999503232924,0.0312335845051086
0.0748,3.0054563767331,2.97479311276047,0.0306632639726359
0.075,3.07967467676693,3.04943584543346,0.0302388313334765
0.0752,3.15385303574099,3.12399575349469,0.029857282246299
0.0754,3.22802044217636,3.1985689975661,0.0294514446102587
0.0756,3.30221099458325,3.27323505348951,0.0289759410937358
0.0758,3.37644076701085,3.34798016842416,0.0284605985866846
0.076,3.45065838942748,3.42277223404434,0.0278861553831464
0.0762,3.52489764655104,3.49764145314641,0.0272561934046243
0.0764,3.59913872038033,3.57253448880777,0.0266042315725583
0.0766,3.67337552891435,3.64746006694073,0.0259154619736206
0.0768,3.74754607639407,3.72248005988617,0.0250660165078918
0.077,3.82169885061113,3.79757503134572,0.0241238192654043
0.0772,3.89582579305756,3.87271976232282,0.0231060307347448
0.0774,3.969886498486,3.94787232779595,0.0220141706900501
0.0776,4.04391508433467,4.02307072030977,0.020844364024903
0.0778,4.1178986337515,4.09829712357078,0.019601510180725
0.078,4.19182070989109,4.17354776536331,0.0182729445277792
0.0782,4.26566785649641,4.24880598902731,0.016861867469105
0.0784,4.33941199162959,4.32409108994004,0.0153209016895515
0.0786,4.41315659873656,4.39939061644663,0.0137659822899314
0.0788,4.48691657461622,4.47473423505992,0.0121823395562997
0.079,4.56069428032863,4.55010019456863,0.0105940857599913
0.0792,4.63454595633618,4.6254826931535,0.00906326318268924
0.0794,4.70842373793,4.70087983179459,0.00754390613540235
0.0796,4.78231845052196,4.7762768656324,0.00604158488955786
0.0798,4.85625617476359,4.85167248875429,0.00458368600929848
0.08,4.93021410145775,4.92705237510543,0.0031617263523227
0.0802,5.00421639600624,5.00241523547173,0.00180116053451318
0.0804,5.07824030636795,5.07774752224319,0.00049278412475573
0.0806,5.15227511533404,5.153021914497,-0.000746799162964606
0.0808,5.22632421106137,5.22825423408132,-0.00193002301994394
0.081,5.30041913280076,5.30340712324455,-0.00298799044379017
0.0812,5.37453256754207,5.37849425080743,-0.00396168326535484
0.0814,5.44869571975325,5.45353571025394,-0.00483999050069173
0.0816,5.52287558396829,5.52852516718836,-0.00564958322007314
0.0818,5.59710625151321,5.60347067046392,-0.0063644189507146
0.082,5.67136022507219,5.67834033489172,-0.00698010981953612
0.0822,5.74562486781181,5.75315679182986,-0.00753192401804803
0.0824,5.8198375093919,5.82789562239939,-0.00805811300749681
0.0826,5.89404259316662,5.9026155512071,-0.00857295804048608
0.0828,5.96823920540849,5.97735791068829,-0.00911870527980163
0.083,6.04239465446071,6.0521033434008,-0.00970868894009325
0.0832,6.1165508984174,6.12691308339564,-0.0103621849782423
0.0834,6.19072227433071,6.20179163639282,-0.0110693620621118
0.0836,6.26488687687704,6.27676084568411,-0.0118739688070644
0.0838,0.0559008197806374,0.0685851571337998,-0.0126843373531623
0.084,0.130113173519427,0.143590221695108,-0.0134770481756807
0.0842,0.20432706851769,0.218603615822507,-0.0142765473048169
0.0844,0.278554913649301,0.293637990547293,-0.0150830768979912
0.0846,0.352808047767812,0.368712809354346,-0.0159047615865332
0.0848,0.427125003362104,0.443863183498043,-0.0167381801359383
0.085,0.50145180761907,0.519023470118125,-0.017571662499055
0.0852,0.57579028526682,0.594211730831437,-0.0184214455646168
0.0854,0.65017126180366,0.669436447070708,-0.0192651852670481
0.0856,0.724610523728448,0.744773868980801,-0.020163345252353
0.0858,0.799142638584206,0.820174512073974,-0.0210318734897685
0.086,0.873692474434651,0.895587776829863,-0.0218953023952116
0.0862,0.948265232728622,0.971019003048907,-0.022753770320285
0.0864,1.02287907620139,1.04644688020273,-0.0235678040013452
0.0866,1.09756002228706,1.12190169139787,-0.0243416691108091
0.0868,1.17226393772731,1.19734891277709,-0.0250849750497799
0.087,1.24701253669864,1.27279712081994,-0.0257845841213011
0.0872,1.32177312053691,1.34825504245514,-0.0264819219182324
0.0874,1.39658353750375,1.42370753742896,-0.0271239999252073
0.0876,1.47141886913124,1.49914820585054,-0.0277293367192972
0.0878,1.54630442019038,1.5745627384905,-0.0282583183001153
0.088,1.62118613850682,1.6499397445081,-0.0287536060012823
0.0882,1.69605201096934,1.72526996409344,-0.0292179531240981
0.0884,1.77089764501055,1.80054935262792,-0.0296517076173708
0.0886,1.84575880957957,1.87580065517388,-0.0300418455943088
0.0888,1.9205967410099,1.95100670589279,-0.0304099648828851
0.089,1.99540095187756,2.02615377663547,-0.0307528247579114
0.0892,2.07016681282035,2.10126181978449,-0.0310950069641396
0.0894,2.14487878299881,2.17631722938547,-0.0314384463866615
0.0896,2.21959861487468,2.25131162717729,-0.0317130123026104
0.0898,2.29436041839226,2.32630340539441,-0.0319429870021488
0.09,2.36918485294366,2.40130693172881,-0.0321220787851524
0.0902,2.44408129810476,2.4763131617331,-0.032231863628339
0.0904,2.5190434958407,2.55135606339225,-0.0323125675515521
0.0906,2.59408297068472,2.6263418621367,-0.0322588914519768
0.0908,2.6691270891178,2.70128660372722,-0.0321595146094271
0.091,2.74419744618485,2.77619531716261,-0.0319978709777637
0.0912,2.8193189416401,2.85113160761161,-0.0318126659715032
0.0914,2.89452453365511,2.92609724302712,-0.0315727093720115
0.0916,2.96975367216353,3.0010835090957,-0.0313298369321688
0.0918,3.04503552883159,3.07618062101703,-0.0311450921854424
0.092,3.12039311903624,3.15132117993505,-0.0309280608988116
0.0922,3.19579474949071,3.22642248171805,-0.0306277322273369
0.0924,3.27119869645705,3.3014794613936,-0.0302807649365429
0.0926,3.34662725167283,3.37654191424535,-0.0299146625725215
0.0928,3.42204076592514,3.4515543000485,-0.0295135341233581
0.093,3.49745671789819,3.52656171992397,-0.0291050020257768
0.0932,3.57287875816031,3.60164672206215,-0.0287679639018386
0.0934,3.64830393659156,3.67677931403939,-0.0284753774478235
0.0936,3.72367250497716,3.7519083945572,-0.0282358895800376
0.0938,3.79903821067495,3.82708764478676,-0.0280494341118027
0.094,3.8743944195313,3.90236052987941,-0.0279661103481108
0.0942,3.94980300881212,3.97769736966582,-0.0278943608537037
0.0944,4.02522895747936,4.05307219666329,-0.0278432391839329
0.0946,4.1006241013029,4.12850512668868,-0.0278810253857831
0.0948,4.17598820535656,4.20397250820848,-0.0279843028519267
0.095,4.25137636746844,4.27944557580612,-0.0280692083376755
0.0952,4.32677369963211,4.35493551631404,-0.0281618166819273
0.0954,4.40215299729198,4.43040902031168,-0.0282560230196953
0.0956,4.4775422316753,4.50586267927778,-0.0283204476024794
0.0958,4.55296711593051,4.58129753228839,-0.028330416357881
0.096,4.62842841137824,4.65671104029032,-0.0282826289120752
0.0962,4.70387988687255,4.73211172272556,-0.0282318358530143
0.0964,4.77933264264261,4.80749305806488,-0.0281604154222705
0.0966,4.85481390580048,4.88285003449638,-0.0280361286958994
0.0968,4.93032745351527,4.95818123287736,-0.0278537793620917
0.097,5.00584055002949,5.03350035113667,-0.027659801107176
0.0972,5.08135880642264,5.10880211955832,-0.0274433131356844
0.0974,5.15692665024141,5.18407519279338,-0.02714854255197
0.0976,5.23256101007092,5.25936525662223,-0.0268042465513094
0.0978,5.30826665473206,5.3346446652812,-0.0263780105491414
0.098,5.38398040177384,5.40988389873595,-0.0259034969621101
0.0982,5.45972469581908,5.48508953201102,-0.0253648361919385
0.0984,5.53546923425025,5.56026380489136,-0.0247945706411095
0.0986,5.61122595102986,5.63544624140907,-0.0242202903792084
0.0988,5.68703662628606,5.71061906829925,-0.0235824420131845
0.099,5.76285818365682,5.78584478205698,-0.0229865984001645
0.0992,5.83868113844985,5.86104644993789,-0.0223653114880431
0.0994,5.91445294845442,5.93617106545976,-0.021718117005344
0.0996,5.99016671189734,6.01129196547139,-0.0211252535740485
0.0998,6.06587540918546,6.08639929899855,-0.0205238898130906
0.1,6.14155318750578,6.16147749543778,-0.0199243079320022
0.1002,6.21717853662646,6.23648006859476,-0.0193015319682992
0.1004,0.0095393618707087,0.0282460303188201,-0.0187066684481114
0.1006,0.0850962924237265,0.103227206723717,-0.0181309142999908
0.1008,0.16065324747174,0.178222876334475,-0.017569628862735
0.101,0.236183867894542,0.253217043971001,-0.0170331760764589
0.1012,0.311719802733112,0.328249117433131,-0.016529314700019
0.1014,0.387284931845814,0.403307248851816,-0.0160223170060025
0.1016,0.462872002626996,0.478418693146471,-0.0155466905194754
0.1018,0.538455761546794,0.553538140110617,-0.015082378563823
0.102,0.614060371043559,0.628697644910024,-0.0146372738664652
0.1022,0.68966965303979,0.703859328475536,-0.0141896754357457
0.1024,0.765311868234101,0.779012493619034,-0.0137006253849328
0.1026,0.84096033889283,0.854169275636454,-0.0132089367436246
0.1028,0.916603717891842,0.929338104792918,-0.0127343869010765
0.103,0.99229916237613,1.0045555952797,-0.0122564329035669
0.1032,1.06804024407515,1.07978996844751,-0.0117497243723623
0.1034,1.14382812531618,1.15506864931011,-0.0112405239939279
0.1036,1.21965124568237,1.23036763371386,-0.0107163880314896
0.1038,1.29546327154864,1.30569124998905,-0.0102279784404053
0.104,1.37129723722029,1.38103578307401,-0.00973854585372047
0.1042,1.44712414146194,1.45639813272436,-0.00927399126242823
0.1044,1.52296973335843,1.53178279909546,-0.00881306573702645
0.1046,1.59877701050048,1.60718144344504,-0.00840443294455961
0.1048,1.67447358627319,1.68259537583584,-0.00812178956264287
0.105,1.75013555657174,1.75801808255952,-0.00788252598777683
0.1052,1.82573551094385,1.83343302693506,-0.00769751599120605
0.1054,1.90129696018225,1.90884864708598,-0.00755168690373398
0.1056,1.97682298741469,1.98426401926781,-0.00744103185312284
0.1058,2.05227808722169,2.05964342433936,-0.0073653371176694
0.106,2.12762656272827,2.13498181272945,-0.00735525000117665
0.1062,2.2028881047897,2.21029713658422,-0.00740903179451458
0.1064,2.27814298983494,2.28552996230768,-0.00738697247274267
0.1066,2.35338793470744,2.36066939296116,-0.00728145825372017
0.1068,2.42863208411167,2.43578939098792,-0.00715730687625271
0.107,2.50392334986338,2.51092737207769,-0.0070040222143084
0.1072,2.5792846055005,2.58606297500526,-0.00677836950475363
0.1074,2.65464472933443,2.66121636666129,-0.00657163732685717
0.1076,2.73002475955204,2.73632560364224,-0.00630084409020437
0.1078,2.80540528971,2.81135984750913,-0.0059545577991309
0.108,2.88080934558134,2.8863411344068,-0.00553178882546446
0.1082,2.95621023143967,2.96128243101073,-0.00507219957105587
0.1084,3.03160380207591,3.03615437067822,-0.00455056860231107
0.1086,3.1070059779872,3.11100942800084,-0.00400345001364455
0.1088,3.18245781434059,3.1858868237867,-0.00342900944611202
0.109,3.25792696501055,3.26081253289244,-0.00288556788189265
0.1092,3.33343566131229,3.33576512125489,-0.00232945994260136
0.1094,3.40894336424295,3.41077006632951,-0.00182670208656521
0.1096,3.48447811101303,3.48582493876104,-0.00134682774801487
0.1098,3.56000692395559,3.56090034148766,-0.000893417532064955
0.11,3.63555983124798,3.63605667186221,-0.000496840614235605
0.1102,3.71107474032097,3.71123712664139,-0.000162386320420538
0.1104,3.78648154126993,3.78638224987448,9.92913954518393e-05
0.1106,3.86185084110307,3.86154121496895,0.000309626134123775
0.1108,3.93714347684111,3.93665623960456,0.000487237236543869
0.111,4.01237935563063,4.01176221255626,0.000617143074373772
0.1112,4.08756771489677,4.08688424471433,0.000683470182444523
0.1114,4.16269951362799,4.16200869182168,0.000690821806307973
0.1116,4.23775945401955,4.23720212496854,0.000557329051009248
0.1118,4.31281789955322,4.31244514502786,0.000372754525357344
0.112,4.38788008749233,4.38771057070829,0.00016951678403565
0.1122,4.46293806764204,4.46302484063628,-8.67729942459761e-05
0.1124,4.53799030155172,4.53836828267819,-0.000377981126465698
0.1126,4.61308159446411,4.61373811999724,-0.000656525533125674
0.1128,4.68816088348851,4.68912425395307,-0.000963370464560853
0.113,4.76322935664813,4.76452558344579,-0.0012962267976615
0.1132,4.83832507965093,4.83993997696639,-0.00161489731546283
0.1134,4.91342407894604,4.91535975106658,-0.00193567212053214
0.1136,4.98855438700713,4.99077127377848,-0.00221688677134324
0.1138,5.06369630702997,5.06616008902683,-0.0024637819968687
0.114,5.13884578474685,5.14153966772527,-0.00269388297841733
0.1142,5.21401180436571,5.21690183388894,-0.00289002952322459
0.1144,5.28924016649416,5.29224006534458,-0.00299989885041896
0.1146,5.36447755775167,5.36756857616654,-0.00309101841487269
0.1148,5.43973092592389,5.44287500690342,-0.00314408097953578
0.115,5.51496171630452,5.5181540669951,-0.00319235069058177
0.1152,5.59020664298234,5.59336674615118,-0.00316010316883819
0.1154,5.66544229653369,5.66852408264351,-0.00308178610981713
0.1156,5.74069719163682,5.74365522172902,-0.00295803009220386
0.1158,5.81592238891026,5.81870326279138,-0.00278087388111725
0.116,5.89111459532944,5.89376870111895,-0.00265410578951641
0.1162,5.96627739780322,5.96883408700895,-0.00255668920573271
0.1164,6.04137381342787,6.04381887573791,-0.0024450623100476
0.1166,6.11642997305288,6.11876215876976,-0.00233218571687743
0.1168,6.19145290646827,6.19371986503521,-0.00226695856693659
0.117,6.2664297027125,6.26866942210206,-0.00223971938955714
0.1172,0.0581536348154348,0.0603685164439277,-0.00221488162849295
0.1174,0.133060802419057,0.135269783618636,-0.0022089811995788
0.1176,0.207970815824921,0.21020174977992,-0.0022309339549989
0.1178,0.282876763829829,0.285119730662416,-0.00224296683258679
0.118,0.357775914884115,0.360026033785001,-0.00225011890088522
0.1182,0.43270278647759,0.434922919640077,-0.00222013316248687
0.1184,0.507604935735675,0.509832278759078,-0.00222734302340255
0.1186,0.582490372696944,0.584764923918121,-0.00227455122117648
0.1188,0.657400797209551,0.659726858086707,-0.00232606087715637
0.119,0.732324922725792,0.734705864444667,-0.00238094171887482
0.1192,0.807230006032643,0.809733430488745,-0.00250342445610252
0.1194,0.882163178547797,0.884837823600558,-0.00267464505276116
0.1196,0.957124951226411,0.959978085644094,-0.00285313441768242
0.1198,1.03210847220944,1.0351593805624,-0.00305090835295885
0.12,1.10714087654253,1.11038470184778,-0.00324382530524692
0.1202,1.18218510594175,1.18565711347806,-0.00347200753630772
0.1204,1.257260114597,1.26097650858937,-0.00371639399237234
0.1206,1.33232700735696,1.33632620385601,-0.00399919649904468
0.1208,1.40742176078452,1.41170618229133,-0.0042844215068043
0.121,1.48252007582747,1.48709980628303,-0.0045797304555566
0.1212,1.55764622020326,1.56249821002703,-0.00485198982377111
0.1214,1.63274386958522,1.6378940873776,-0.00515021779237967
0.1216,1.70780504880983,1.71327839791813,-0.00547334910830122
0.1218,1.78283192522367,1.78864118819325,-0.00580926296957651
0.122,1.85777149258592,1.86396913992488,-0.00619764733896111
0.1222,1.93265786171764,1.93926486393384,-0.0066070022161957
0.1224,2.00748030454329,2.01454647307688,-0.00706616853359066
0.1226,2.08222783467923,2.08982371106968,-0.00759587639044756
0.1228,2.1569031335189,2.16506502397882,-0.00816189045991811
0.123,2.23157465862274,2.24028582495373,-0.008711166330992
0.1232,2.30627550047188,2.31552535406519,-0.00924985359331743
0.1234,2.38099609446888,2.39069349566813,-0.00969740119924634
0.1236,2.45573423760208,2.46578247024012,-0.0100482326380411
0.1238,2.53053587226111,2.54084086816247,-0.0103049959013619
0.124,2.60541678918731,2.61584126316199,-0.0104244739746773
0.1242,2.68029689779745,2.69081526948257,-0.0105183716851203
0.1244,2.75519487553738,2.76580324977726,-0.0106083742398737
0.1246,2.8301391861103,2.84081110992167,-0.0106719238113731
0.1248,2.90516790828367,2.91586230649404,-0.0106943982103664
0.125,2.98021898307154,2.99092005918071,-0.010701076109175
0.1252,3.05531033120388,3.0659927608209,-0.0106824296170127
0.1254,3.13045607351003,3.14106395093299,-0.0106078774229621
0.1256,3.20566319366136,3.21612989291507,-0.0104666992537097
0.1258,3.28087104649721,3.29115339580706,-0.0102823493098581
0.126,3.35610093938193,3.36618336834478,-0.0100824289628574
0.1262,3.43131732970952,3.44118006017032,-0.00986273046079678
0.1264,3.50653724124372,3.51618749081142,-0.00965024956770266
0.1266,3.58173889061702,3.5911606507384,-0.00942176012138418
0.1268,3.65691144393833,3.66610484659802,-0.00919340265968538
0.127,3.73200240552992,3.74109493616155,-0.00909253063162385
0.1272,3.8070755657758,3.81613949585812,-0.00906393008231987
0.1274,3.8821316102348,3.89123903174068,-0.00910742150587751
0.1276,3.95713196596964,3.96636250825341,-0.00923054228376952
0.1278,4.03211010425406,4.0415404905039,-0.00943038624983927
0.128,4.1070496823223,4.11676031888549,-0.0097106365631916
0.1282,4.18192742613939,4.19199784035042,-0.0100704142110351
0.1284,4.25674341262435,4.26721765152183,-0.0104742388974799
0.1286,4.33156275346743,4.34249562775186,-0.0109328742844284
0.1288,4.40638368116273,4.41780271470469,-0.0114190335419568
0.129,4.48120618646215,4.49314657475345,-0.0119403882913005
0.1292,4.55604114606667,4.56851892383772,-0.0124777777710534
0.1294,4.63093600095798,4.64391577602302,-0.0129797750650402
0.1296,4.70590323432348,4.71931751101078,-0.013414276687298
0.1298,4.78086338419532,4.79470676773048,-0.0138433835351623
0.13,4.85583775694326,4.87008291371737,-0.0142451567741047
0.1302,4.93085438546176,4.94544086915566,-0.0145864836939058
0.1304,5.00589030050265,5.02079176607548,-0.0149014655728248
0.1306,5.08094334736788,5.09612334365635,-0.0151799962884791
0.1308,5.1560058626002,5.17139407428035,-0.0153882116801523
0.131,5.23107798553091,5.24663385664098,-0.0155558711100667
0.1312,5.30622527709082,5.32183963930871,-0.0156143622178853
0.1314,5.38138222800887,5.39699465603514,-0.0156124280262668
0.1316,5.45656556077501,5.47210796363308,-0.0155424028580731
0.1318,5.53174966357677,5.5471794428286,-0.0154297792518285
0.132,5.6069618590008,5.62220915552472,-0.0152472965239188
0.1322,5.68217903825171,5.69716340814071,-0.0149843698889986
0.1324,5.75741647860988,5.7721365175669,-0.0147200389570274
0.1326,5.83261658335284,5.84706318274734,-0.0144465993944998
0.1328,5.90778349922475,5.92195067564275,-0.0141671764180016
0.133,5.98292268932277,5.99687959205041,-0.0139569027276369
0.1332,6.05807918342018,6.07184475413876,-0.0137655707185864
0.1334,6.13322508870782,6.14682764943289,-0.0136025607250669
0.1336,6.20833844868285,6.22177667381268,-0.0134382251298346
0.1338,0.000201241367374649,0.0135640738623861,-0.0133628324950114
0.134,0.0752629423181339,0.0885285448609807,-0.0132656025428468
0.1342,0.150318901659256,0.163455089818201,-0.0131361881589454
0.1344,0.225342472201861,0.238355917924563,-0.0130134457227018
0.1346,0.300346291147786,0.313263569832897,-0.0129172786851112
0.1348,0.375352163801204,0.388176976562756,-0.0128248127615518
0.135,0.450331226039609,0.463133822610401,-0.012802596570792
0.1352,0.525301961714782,0.538141815108946,-0.0128398533941643
0.1354,0.60028038140495,0.613212082098019,-0.0129317006930695
0.1356,0.675292256600918,0.688339203382242,-0.0130469467813243
0.1358,0.750352156667094,0.763583332597348,-0.013231175930254
0.136,0.825490991260761,0.838866679833198,-0.0133756885724368
0.1362,0.900645467718861,0.91415334507768,-0.0135078773588195
0.1364,0.975834848860817,0.989499575545543,-0.013664726684726
0.1366,1.05107761491376,1.06485078115617,-0.013773166242407
0.1368,1.12638045363925,1.14023041317279,-0.0138499595335349
0.137,1.20167743518728,1.21562415528694,-0.0139467200996559
0.1372,1.27698697150259,1.29102937344603,-0.01404240194344
0.1374,1.35227872474375,1.36642505365503,-0.0141463289112853
0.1376,1.42757090256961,1.4418174800772,-0.0142465775075822
0.1378,1.50291482425638,1.51721805595142,-0.0143032316950422
0.138,1.57824211061369,1.59261687389525,-0.0143747632815621
0.1382,1.65351310073863,1.66801736817979,-0.0145042674411637
0.1384,1.72877834288213,1.74341825357078,-0.0146399106886488
0.1386,1.80403370526973,1.81882111178323,-0.0147874065135021
0.1388,1.87930960456237,1.89422894523318,-0.0149193406708104
0.139,1.95456682647221,1.96963469084343,-0.0150678643712177
0.1392,2.02977355587568,2.0450087396097,-0.0152351837340277
0.1394,2.10489543150727,2.12036458600154,-0.0154691544942742
0.1396,2.18002466169924,2.19573013182231,-0.0157054701230699
0.1398,2.255162170638,2.2710359079612,-0.0158737373232021
0.14,2.3302924165917,2.3463151694047,-0.0160227528130017
0.1402,2.40544778863342,2.42158357882251,-0.0161357901890935
0.1404,2.48064413881519,2.4967541803543,-0.0161100415391138
0.1406,2.55579148511914,2.57184522708846,-0.016053741969313
0.1408,2.6308984430206,2.64685942975759,-0.0159609867369861
0.141,2.70598834926966,2.72179693723662,-0.0158085879669647
0.1412,2.78108757649107,2.79663018620145,-0.0155426097103883
0.1414,2.8562114217927,2.87138157994551,-0.0151701581528094
0.1416,2.93134462946927,2.9461078365923,-0.0147632071230359
0.1418,3.0064935701566,3.02078883721977,-0.0142952670631753
0.142,3.08168730310025,3.0954620613733,-0.013774758273053
0.1422,3.15693157396668,3.17014415190529,-0.0132125779386096
0.1424,3.23222994120869,3.24487007262703,-0.0126401314183426
0.1426,3.30752429536359,3.31957885283596,-0.0120545574723718
0.1428,3.38281367449818,3.3943412287986,-0.0115275543004287
0.143,3.45815457369012,3.4691651350101,-0.0110105613199782
0.1432,3.53351754173822,3.5440590303086,-0.0105414885703752
0.1434,3.6089303025088,3.61909036245032,-0.0101600599415197
0.1436,3.6843264105393,3.6941821459992,-0.00985573545989915
0.1438,3.75963188325464,3.76927302004793,-0.00964113679329026
0.144,3.83491079612035,3.84441783365146,-0.00950703753111837
0.1442,3.9101627551991,3.91966211816491,-0.00949936296580844
0.1444,3.98541750906276,3.99492708062552,-0.00950957156276377
0.1446,4.06063535609576,4.07022222724029,-0.00958687114452506
0.1448,4.13578932128576,4.14555254233396,-0.00976322104820238
0.145,4.21085360441198,4.22094204705401,-0.0100884426420276
0.1452,4.28592741009607,4.29633631088038,-0.0104089007843111
0.1454,4.36103336492356,4.37173595598631,-0.0107025910627421
0.1456,4.43616254994131,4.44713348681873,-0.0109709368774196
0.1458,4.51129381906735,4.52251762040455,-0.0112238013372004
0.146,4.58644805596932,4.59790402878368,-0.0114559728143542
0.1462,4.66156344153404,4.67328951104989,-0.0117260695158512
0.1464,4.73665122249338,4.74868659426443,-0.0120353717710486
0.1466,4.81172962113333,4.82409073860609,-0.0123611174727563
0.1468,4.88685347528272,4.89950318039716,-0.0126497051144439
0.147,4.96205520659914,4.97491315833872,-0.0128579517395799
0.1472,5.0372550102496,5.05030850354891,-0.0130534932993065
0.1474,5.11246247244391,5.12570845393402,-0.0132459814901109
0.1476,5.18775364246467,5.20109095961847,-0.0133373171538
0.1478,5.2631165428892,5.27642509573145,-0.013308552842247
0.148,5.33853677273714,5.35171433726358,-0.0131775645264423
0.1482,5.41394664329159,5.42696275915887,-0.0130161158672797
0.1484,5.48933370007057,5.50220676954968,-0.0128730694791104
0.1486,5.56474113947015,5.57742135594097,-0.0126802164708204
0.1488,5.64013474687448,5.65263270612676,-0.0124979592522809
0.149,5.71554111865916,5.72780502267589,-0.0122639040167352
0.1492,5.790921800984,5.80289007255141,-0.011968271567409
0.1494,5.86620888621373,5.87791537809818,-0.0117064918844543
0.1496,5.94146831045853,5.95289769659066,-0.0114293861321277
0.1498,6.01666191704685,6.02771159520374,-0.0110496781568914
0.15,6.09173895836278,6.10241293005679,-0.0106739716940112
0.1502,6.16678775823738,6.17713735672843,-0.0103495984910547
0.1504,6.2418019753221,6.25183668947829,-0.0100347141561947
0.1506,0.0335523873814534,0.04330752563207,-0.00975513825061661
0.1508,0.108499793067195,0.118028558081537,-0.00952876501434159
0.151,0.183482982677999,0.192861216869227,-0.00937823419122732
0.1512,0.258495787465679,0.267742302475353,-0.00924651500967427
0.1514,0.333517584875549,0.342656491118314,-0.00913890624276481
0.1516,0.408567571271794,0.417680071428725,-0.0091125001569311
0.1518,0.483654178133194,0.492761718671553,-0.00910754053835833
0.152,0.558714994223603,0.567802085136612,-0.00908709091300919
0.1522,0.633753785890908,0.642873870927514,-0.00912008503660577
0.1524,0.708799266630755,0.717951769013214,-0.00915250238245857
0.1526,0.783874920162277,0.793032773654101,-0.00915785349182441
0.1528,0.858951675481078,0.868160878159068,-0.00920920267799041
0.153,0.934067853500709,0.943302445398304,-0.00923459189759535
0.1532,1.00925256281455,1.01847509976793,-0.00922253695337183
0.1534,1.08448710674121,1.09368973614214,-0.00920262940093441
0.1536,1.15974300723895,1.16893875445848,-0.00919574721952698
0.1538,1.23504953695194,1.24421863114207,-0.00916909419012457
0.154,1.31036359407807,1.31953446883294,-0.00917087475487066
0.1542,1.38571124048101,1.39489021486419,-0.00917897438317672
0.1544,1.46106290276765,1.47026647579593,-0.00920357302827735
0.1546,1.53645289320415,1.54565937130682,-0.00920647810266906
0.1548,1.61181861111697,1.6210575717118,-0.00923896059482532
0.155,1.68708511971212,1.69645068227208,-0.0093655625599538
0.1552,1.76231921526597,1.77183462413076,-0.00951540886478952
0.1554,1.83748253911717,1.84719423172381,-0.00971169260663873
0.1556,1.91259753414678,1.92252052087971,-0.00992298673292979
0.1558,1.98767527433431,1.99781445730295,-0.0101391829686406
0.156,2.06270570701942,2.07309185158114,-0.0103861445617262
0.1562,2.13767113853372,2.14828416858166,-0.010613030047943
0.1564,2.21263996609719,2.22343107994224,-0.0107911138450523
0.1566,2.28763089072488,2.29855081860022,-0.0109199278753476
0.1568,2.36263460644637,2.37359548386948,-0.0109608774231158
0.157,2.43762821830923,2.44862490580104,-0.0109966874918102
0.1572,2.5126607990342,2.52367235404095,-0.0110115550067489
0.1574,2.587684919926,2.59869458175587,-0.0110096618298692
0.1576,2.66270257759494,2.67374453086753,-0.0110419532725832
0.1578,2.73775444984547,2.74882132916134,-0.0110668793158673
0.158,2.81286116939513,2.82391897617031,-0.0110578067751783
0.1582,2.88799668616578,2.89899247148528,-0.0109957853195004
0.1584,2.96314343773673,2.9740328537804,-0.0108894160436752
0.1586,3.03831377683652,3.04902103391282,-0.010707257076306
0.1588,3.11351532166879,3.12399621922095,-0.0104808975521595
0.159,3.18877106363587,3.19894118083771,-0.010170117201842
0.1592,3.26403558277574,3.27388732585887,-0.00985174308312509
0.1594,3.33930038287459,3.34883086806815,-0.00953048519356381
0.1596,3.41455004476873,3.42373630389251,-0.00918625912377413
0.1598,3.48982176641591,3.49864762586001,-0.00882585944410863
0.16,3.56508874087106,3.57352373535168,-0.00843499448061591
0.1602,3.64038162866456,3.64847807657093,-0.00809644790637254
0.1604,3.71565587370077,3.72351154453191,-0.0078556708311317
0.1606,3.79090653097915,3.79855010313789,-0.00764357215874156
0.1608,3.86612993533083,3.87359738410406,-0.00746744877322758
0.161,3.941267283362,3.94864881633286,-0.00738153297085864
0.1612,4.01635176136708,4.02375189681356,-0.00740013544648654
0.1614,4.09139970087996,4.09892495784907,-0.00752525696910311
0.1616,4.16639780051687,4.17412161562501,-0.00772381510814135
0.1618,4.24132302975826,4.24936421224217,-0.00804118248391283
0.162,4.31616461072678,4.32464727991066,-0.00848266918387797
0.1622,4.39101086399696,4.39995256080527,-0.00894169680830359
0.1624,4.46588050437766,4.47530953301412,-0.00942902863646289
0.1626,4.54076873381251,4.55068991698585,-0.00992118317334878
0.1628,4.61571139218254,4.62607689595521,-0.0103655037726709
0.163,4.69065750066342,4.70147307230856,-0.0108155716451375
0.1632,4.76560957930814,4.77687108700241,-0.011261507694277
0.1634,4.8405975153999,4.85226009783722,-0.0116625824373209
0.1636,4.91563265791699,4.92763019993232,-0.011997542015334
0.1638,4.99075474175661,5.00297994870291,-0.0122252069463062
0.164,5.06588188483765,5.07829560756264,-0.0124137227249932
0.1642,5.14100746883212,5.15357161771677,-0.0125641488846515
0.1644,5.21614718398207,5.22884719653724,-0.0127000125551708
0.1646,5.29137165441634,5.30412032297029,-0.0127486685539573
0.1648,5.36661474419258,5.37937814495772,-0.0127634007651354
0.165,5.44188713658343,5.45457930478644,-0.0126921682030092
0.1652,5.51715373678392,5.52971299875781,-0.012559261973899
0.1654,5.59244537266164,5.60479730004493,-0.0123519273832917
0.1656,5.66772802617681,5.67980862651842,-0.0120806003416076
0.1658,5.7430228232056,5.75481969826408,-0.0117968750584794
0.166,5.81827873458546,5.82981046836623,-0.011531733780763
0.1662,5.89349321074381,5.90475961132649,-0.011266400582679
0.1664,5.96867090762194,5.9797404340026,-0.0110695263806564
0.1666,6.04377750650359,6.05476295024562,-0.0109854437420296
0.1668,6.11884395401368,6.12974993882338,-0.0109059848096944
0.167,6.19385726180919,6.20470261977025,-0.0108453579610623
0.1672,6.26880577722802,6.27964796069367,-0.0108421834656447
0.1674,0.0605005052600971,0.071312843412215,-0.0108123381521179
0.1676,0.135373940561911,0.146135878638876,-0.0107619380769649
0.1678,0.210273000543091,0.220962832625533,-0.0106898320824427
0.168,0.285189053875964,0.295812167417191,-0.0106231135412262
0.1682,0.360115270127721,0.370681115856408,-0.0105658457286871
0.1684,0.435088217779416,0.445617732641719,-0.0105295148623024
0.1686,0.510118339767566,0.520646116391496,-0.0105277766239305
0.1688,0.585129441474528,0.595686114543268,-0.0105566730687401
0.169,0.660149644905152,0.670733475243769,-0.0105838303386168
0.1692,0.73521488121599,0.745823712326895,-0.0106088311109053
0.1694,0.810307902453951,0.820940900766618,-0.0106329983126668
0.1696,0.885429537310905,0.896091226510968,-0.0106616892000633
0.1698,0.960572562128596,0.971291977753151,-0.0107194156245541
0.17,1.0357338481662,1.04652300060702,-0.0107891524408128
0.1702,1.11093537122662,1.12181265843457,-0.0108772872079552
0.1704,1.18613417953955,1.19713044479823,-0.0109962652586819
0.1706,1.26134987519411,1.27248052794024,-0.0111306527461261
0.1708,1.33654790084618,1.34785522211091,-0.0113073212647359
0.171,1.41176676755512,1.42325221164204,-0.0114854440869203
0.1712,1.48698264893127,1.49865258790235,-0.0116699389710755
0.1714,1.56222254583601,1.57405212547313,-0.0118295796371239
0.1716,1.63743494832799,1.64944870633377,-0.0120137580057866
0.1718,1.71262346717413,1.72483621991597,-0.012212752741843
0.172,1.7877893736347,1.80022261735863,-0.0124332437239276
0.1722,1.86297044525814,1.87561144329906,-0.0126409980409239
0.1724,1.93812217532009,1.95098350415688,-0.0128613288367878
0.1726,2.01320997822676,2.02632745439111,-0.0131174761643518
0.1728,2.08822877603307,2.10165780817894,-0.0134290321458743
0.173,2.1631890424429,2.1769806511261,-0.0137916086832006
0.1732,2.23815010219965,2.25224092370003,-0.014090821500385
0.1734,2.3131000715707,2.32746595538236,-0.0143658838116596
0.1736,2.38806281366749,2.40266275711617,-0.0145999434486761
0.1738,2.46306893448775,2.47779224469626,-0.0147233102085171
0.174,2.53812534783379,2.5529233617962,-0.0147980139624084
0.1742,2.61318385178092,2.62797270732632,-0.0147888555453997
0.1744,2.68824916435222,2.70296392072212,-0.0147147563698988
0.1746,2.7633472463326,2.77788394732756,-0.0145367009949515
0.1748,2.83844912395812,2.85272053577927,-0.0142714118211469
0.175,2.91357080224376,2.92757104678687,-0.0140002445431029
0.1752,2.98870939990031,3.00240259671529,-0.0136931968149812
0.1754,3.06384506310132,3.07714814953349,-0.0133030864321682
0.1756,3.13897949231204,3.15189387546589,-0.0129143831538485
0.1758,3.21418357554167,3.22668969202526,-0.0125061164835834
0.176,3.28939371214219,3.30150435581846,-0.012110643676277
0.1762,3.364623598224,3.37635884213308,-0.0117352439090785
0.1764,3.43984370707341,3.45120339236629,-0.0113596852928821
0.1766,3.51507234108753,3.52608070904756,-0.0110083679600312
0.1768,3.59029804480286,3.60098673946245,-0.0106886946595854
0.177,3.66550521458491,3.67587389255248,-0.0103686779675716
0.1772,3.74063245519777,3.7507794749467,-0.0101470197489304
0.1774,3.81574091798615,3.82575418921726,-0.010013271231109
0.1776,3.89083338143528,3.90079678931138,-0.00996340787610528
0.1778,3.96587218490443,3.97586045476356,-0.00998826985913093
0.178,4.04088884154069,4.05097366939791,-0.010084827857221
0.1782,4.11586627317914,4.12613633836081,-0.0102700651816736
0.1784,4.19078521692779,4.2013580483885,-0.0105728314607045
0.1786,4.26574916183969,4.27665545898092,-0.0109062971412284
0.1788,4.34074769367318,4.35201068550537,-0.0112629918321883
0.179,4.41573035799948,4.42737378589185,-0.0116434278923654
0.1792,4.49073240569829,4.50274773547107,-0.0120153297727779
0.1794,4.56577807181858,4.57814589354556,-0.0123678217269845
0.1796,4.64085719004638,4.65354863153217,-0.0126914414857939
0.1798,4.71591182031366,4.72894806355438,-0.0130362432407249
0.18,4.7909473931599,4.80433864696028,-0.0133912538003784
0.1802,4.86599679960498,4.87971552079599,-0.0137187211910108
0.1804,4.94107719131211,4.95507051414498,-0.013993322832869
0.1806,5.01616859731,5.03041704057736,-0.0142484432673653
0.1808,5.09127745776223,5.10574460845939,-0.0144671506971639
0.181,5.16644954223632,5.18103068011797,-0.0145811378816498
0.1812,5.24168424782684,5.25626924398523,-0.0145849961583862
0.1814,5.31697639482468,5.33147500439192,-0.0144986095672417
0.1816,5.39226831332291,5.40663917140337,-0.0143708580804613
0.1818,5.46758624939217,5.48176339843502,-0.0141771490428502
0.182,5.54289589719926,5.5568457564524,-0.0139498592531417
0.1822,5.61820510959232,5.63193358679901,-0.0137284772066861
0.1824,5.69355905640283,5.70699251108327,-0.0134334546804418
0.1826,5.76889034532102,5.78206675474114,-0.0131764094201161
0.1828,5.84419625168104,5.85716024602145,-0.0129639943404101
0.183,5.91948820074972,5.93223079525464,-0.0127425945049202
0.1832,5.99474922444627,6.00731019218947,-0.0125609677431955
0.1834,6.07001276857161,6.08238506446119,-0.0123722958895769
0.1836,6.14524613084732,6.15746651628787,-0.0122203854405472
0.1838,6.22042338946606,6.23249261668078,-0.0120692272147132
0.184,0.0123278776205584,0.0243054350017474,-0.011977557381189
0.1842,0.0873431541603584,0.099226125159854,-0.0118829709994956
0.1844,0.162320277961241,0.174101349537542,-0.0117810715763006
0.1846,0.237295090482895,0.248983989116464,-0.0116888986335685
0.1848,0.312297419498362,0.323914976003203,-0.0116175565048413
0.185,0.387336430937541,0.398785784961795,-0.0114493540242545
0.1852,0.4623288888608,0.473574767237245,-0.0112458783764452
0.1854,0.537296089220485,0.548403058561952,-0.0111069693414669
0.1856,0.612263512449316,0.62331568346893,-0.011052171019614
0.1858,0.687258055899821,0.698261060779321,-0.0110030048795005
0.186,0.762302941680421,0.773278508050256,-0.0109755663698347
0.1862,0.837368125796534,0.848341888594523,-0.010973762797989
0.1864,0.912445755299134,0.923446300474312,-0.0110005451751778
0.1866,0.98756349722911,0.998632165677813,-0.0110686684487029
0.1868,1.06273176087292,1.07384380442885,-0.0111120435559242
0.187,1.13795908003884,1.14911393970105,-0.0111548596622062
0.1872,1.21318972045417,1.22443207805018,-0.0112423575960166
0.1874,1.28844866553232,1.2997897419955,-0.0113410764631854
0.1876,1.3637026246219,1.37515791672006,-0.0114552920981543
0.1878,1.43896218198604,1.45053653306054,-0.0115743510745037
0.188,1.51427173238639,1.52593297510338,-0.0116612427169902
0.1882,1.58955988482581,1.60133183380177,-0.011771948975962
0.1884,1.66475146368394,1.67672606195323,-0.0119745982692843
0.1886,1.73991994961559,1.75211141583442,-0.0121914662188287
0.1888,1.81503413930847,1.82747478017719,-0.0124406408687132
0.189,1.89011799917719,1.90282818798427,-0.0127101888070738
0.1892,1.9651854041446,1.97816719856534,-0.0129817944207367
0.1894,2.04021281865405,2.05346094324169,-0.0132481245876432
0.1896,2.11516637783328,2.12869558060504,-0.0135292027717577
0.1898,2.19013523565784,2.2039138654232,-0.0137786297653664
0.19,2.26511870449985,2.2791065544204,-0.0139878499205479
0.1902,2.34011450426478,2.35424275956393,-0.0141282552991475
0.1904,2.41513212184359,2.42934924397374,-0.014217122130157
0.1906,2.49019108793437,2.50438477693003,-0.0141936889956553
0.1908,2.56529534733551,2.57941072115017,-0.0141153738146658
0.191,2.64038148651526,2.65438238098063,-0.014000894465366
0.1912,2.71545190042535,2.72928655758765,-0.0138346571622985
0.1914,2.79053365308137,2.80417974029474,-0.0136460872133717
0.1916,2.86564685289184,2.87906164073578,-0.0134147878439435
0.1918,2.94075873337709,2.95389009042199,-0.0131313570449065
0.192,3.01586542513297,3.02873959787593,-0.0128741727429569
0.1922,3.09103165868166,3.10364611094139,-0.0126144522597245
0.1924,3.16624981772607,3.17853110688348,-0.0122812891574182
0.1926,3.24151570544245,3.25343476021321,-0.0119190547707526
0.1928,3.31677184904771,3.32830620122904,-0.0115343521813265
0.193,3.39201641339851,3.40321035741375,-0.0111939440152402
0.1932,3.46730300265167,3.47816330254689,-0.010860299895219
0.1934,3.54260273860476,3.55312886754146,-0.0105261289366982
0.1936,3.61793902352737,3.62817310561786,-0.0102340820904923
0.1938,3.69326572093004,3.70326677885962,-0.0100010579295819
0.194,3.76850922279818,3.77833524472126,-0.00982602192307347
0.1942,3.84373419719603,3.85342342560805,-0.00968922841201358
0.1944,3.91890182248375,3.92854720143644,-0.00964537895269801
0.1946,3.99403214568052,4.00369120264536,-0.0096590569648396
0.1948,4.06913373909389,4.07887783368808,-0.00974409459419334
0.195,4.14417940905041,4.15409927617228,-0.00991986712187298
0.1952,4.21913786408462,4.22932308433753,-0.01018522025291
0.1954,4.2940276973718,4.30454895483478,-0.0105212574629734
0.1956,4.36892545168083,4.37984319625452,-0.0109177445736819
0.1958,4.44382386545421,4.45517873232972,-0.0113548668755117
0.196,4.51872822807853,4.53052443835333,-0.011796210274797
0.1962,4.59365520820194,4.60590078416647,-0.0122455759645339
0.1964,4.66861682877485,4.68129278494961,-0.0126759561747578
0.1966,4.74359437258756,4.75669109577559,-0.0130967231880375
0.1968,4.81861058910278,4.8320913174219,-0.0134807283191192
0.197,4.89364007915851,4.90748335916905,-0.0138432800105397
0.1972,4.96870304058162,4.98285758441971,-0.0141545438380879
0.1974,5.04377081239661,5.05820823876486,-0.014437426368251
0.1976,5.11883794958352,5.13354044367703,-0.0147024940935099
0.1978,5.19392227124393,5.20885086771663,-0.0149285964726964
0.198,5.26907062327723,5.28412127379624,-0.0150506505190151
0.1982,5.34425424906196,5.35935240775039,-0.0150981586884242
0.1984,5.41944910184574,5.43452699466133,-0.0150778928155919
0.1986,5.49465103274599,5.50969053777093,-0.0150395050249452
0.1988,5.56990014482002,5.58480578622946,-0.0149056414094382
0.199,5.64515969667811,5.65984890767557,-0.0146892109974583
0.1992,5.72045966167126,5.73485825515781,-0.0143985934865443
0.1994,5.79573902398931,5.80978318474945,-0.0140441607601378
0.1996,5.8709947573901,5.88467122481974,-0.0136764674296428
0.1998,5.94622980028369,5.95952696661512,-0.0132971663314301
0.2,6.02142023430613,6.03432799158865,-0.0129077572825214
0.2002,6.09660059313691,6.10911327184836,-0.0125126787114533
0.2004,6.1717379240359,6.18392123881441,-0.0121833147785049
0.2006,6.24680537791894,6.25871107636654,-0.0119056984476069
0.2008,0.0385887308342268,0.0502989684207694,-0.0117102375865426
0.201,0.113477643865157,0.125075861792952,-0.0115982179277948
0.2012,0.188370652063829,0.199878313122856,-0.0115076610590266
0.2014,0.263274389601701,0.27466577237273,-0.011391382771029
0.2016,0.338178376526331,0.349473830538251,-0.0112954540119194
0.2018,0.413128195800131,0.42440912690784,-0.0112809311077091
0.202,0.488080815100062,0.499385105489317,-0.0113042903892557
0.2022,0.563042229314027,0.574391445024232,-0.0113492157102055
0.2024,0.638049640563764,0.649451405944934,-0.01140176538117
0.2026,0.713076451586586,0.724553481475788,-0.0114770298892022
0.2028,0.788146711951816,0.799717922658467,-0.0115712107066507
0.203,0.863237152832485,0.874919033276493,-0.011681880444008
0.2032,0.938340988382885,0.950095561461505,-0.0117545730786199
0.2034,1.01346703390765,1.02529683722566,-0.0118298033180126
0.2036,1.08865017492803,1.10053353416442,-0.0118833592363929
0.2038,1.16385397441841,1.17578796509772,-0.0119339906793077
0.204,1.23909719695422,1.25105817150104,-0.0119609745468183
0.2042,1.31433834225916,1.32635851585763,-0.0120201735984706
0.2044,1.38960944615818,1.40170137788254,-0.0120919317243544
0.2046,1.4648839261446,1.47706588947875,-0.012181963334148
0.2048,1.54018548364487,1.55245195927328,-0.0122664756284148
0.205,1.61545961504164,1.62785268377646,-0.0123930687348246
0.2052,1.69069721581325,1.70325561473564,-0.0125583989223899
0.2054,1.76590124786082,1.77864774734727,-0.0127464994864581
0.2056,1.84102464030519,1.85401493318243,-0.012990292877243
0.2058,1.9161084864472,1.92935766467029,-0.0132491782230892
0.206,1.99117232398488,2.00467109137843,-0.0134987673935498
0.2062,2.066189181396,2.07993292195893,-0.0137437405629308
0.2064,2.14112373410527,2.15508780814669,-0.0139640740414197
0.2066,2.21599017531637,2.23017519584609,-0.0141850205297218
0.2068,2.29086686681276,2.30524833569235,-0.0143814688795874
0.207,2.36575603103695,2.38024040744832,-0.0144843764113713
0.2072,2.44064602628543,2.45518115750501,-0.0145351312195743
0.2074,2.51558154486177,2.53010453463446,-0.0145229897726935
0.2076,2.59058645723632,2.60500819028327,-0.0144217330469463
0.2078,2.6655880291879,2.6799235690094,-0.0143355398214995
0.208,2.74060950805271,2.75484872857686,-0.0142392205241517
0.2082,2.81568237163929,2.8297705808381,-0.0140882091988135
0.2084,2.89078613071425,2.90469459248564,-0.0139084617713845
0.2086,2.96590800769119,2.97961668951766,-0.0137086818264684
0.2088,3.04105191743662,3.05445120144048,-0.0133992840038624
0.209,3.11622198439797,3.12927407504546,-0.0130520906474838
0.2092,3.19145050071498,3.20408759634401,-0.0126370956290325
0.2094,3.26670059637813,3.27894081128419,-0.0122402149060545
0.2096,3.34198862350909,3.35382423345966,-0.0118356099505723
0.2098,3.41726968895751,3.42868790110037,-0.011418212142861
0.21,3.49257510468449,3.50358733986201,-0.0110122351775184
0.2102,3.56788147687472,3.57849958501954,-0.0106181081448189
0.2104,3.64318114747158,3.65341501800667,-0.0102338705350919
0.2106,3.71841404385138,3.72837984555926,-0.00996580170787498
0.2108,3.7935499668267,3.80336084261626,-0.00981087578955764
0.211,3.8686433624321,3.87839964576616,-0.00975628333405965
0.2112,3.9436524871496,3.95346108129453,-0.0098085941449324
0.2114,4.01861521206104,4.02855708469974,-0.0099418726386995
0.2116,4.09355763890895,4.10372198618633,-0.0101643472773754
0.2118,4.16847393588576,4.17892202225553,-0.0104480863697685
0.212,4.24333919787889,4.25420231066185,-0.0108631127829613
0.2122,4.31821118698459,4.32951668101236,-0.0113054940277699
0.2124,4.39308942518935,4.40483426404665,-0.0117448388572905
0.2126,4.46796847219536,4.48019947387516,-0.0122310016798028
0.2128,4.54285385906494,4.55558335697978,-0.0127294979148411
0.213,4.61779066278514,4.63096880943495,-0.0131781466498095
0.2132,4.69280498939201,4.70636670325642,-0.0135617138644104
0.2134,4.76783170739317,4.78176309879726,-0.0139313914040837
0.2136,4.84289042971119,4.85715915321162,-0.0142687235004333
0.2138,4.91800533763896,4.93254712538374,-0.0145417877447747
0.214,4.99320524373265,5.00792038372944,-0.0147151399967891
0.2142,5.06840859907337,5.08327140552044,-0.0148628064470655
0.2144,5.14360608313941,5.15856595367519,-0.014959870535777
0.2146,5.21881175761189,5.23382444063346,-0.0150126830215722
0.2148,5.29406190231671,5.3090250282312,-0.0149631259144867
0.215,5.36932225598213,5.38421803146201,-0.0148957754798831
0.2152,5.44461451768678,5.45936771885667,-0.0147532011698841
0.2154,5.51989832217361,5.53444766904979,-0.0145493468761817
0.2156,5.59520239724054,5.60947739395533,-0.0142749967147893
0.2158,5.67049578193407,5.68446138736579,-0.0139656054317232
0.216,5.74576730123742,5.75941841254685,-0.013651111309434
0.2162,5.82095994327624,5.83429832378551,-0.0133383805092722
0.2164,5.89612989119661,5.90912887285764,-0.0129989816610303
0.2166,5.97127021386926,5.98397934445783,-0.0127091305885765
0.2168,6.04641211246369,6.05881101728433,-0.0123989048206425
0.217,6.12151917115881,6.13360303731806,-0.0120838661592488
0.2172,6.19656767776129,6.20839034447148,-0.0118226667101959
0.2174,6.27155865522084,3.10071438354154e-05,-0.0116576591025854
0.2176,0.0633035325736655,0.0748604852285516,-0.0115569526548861
0.2178,0.138224195227486,0.149692849979376,-0.0114686547518901
0.218,0.213158495843188,0.224532696818398,-0.0113742009752107
0.2182,0.288098365398308,0.299389087581819,-0.0112907221835112
0.2184,0.363045571547754,0.374260947258666,-0.0112153757109123
0.2186,0.438046573891127,0.449275404204793,-0.0112288303136661
0.2188,0.5131159791248,0.524366960477123,-0.0112509813523227
0.219,0.588174213920409,0.59944490556211,-0.0112706916417002
0.2192,0.663241287749052,0.674527850542301,-0.0112865627932492
0.2194,0.738344417486453,0.749638385907479,-0.0112939684210254
0.2196,0.813459867397177,0.824751340396906,-0.0112914729997287
0.2198,0.88858504792771,0.899901951823058,-0.0113169038953483
0.22,0.963713224047151,0.975112659777182,-0.0113994357300308
0.2202,1.03884703413726,1.05034132819068,-0.0114942940534155
0.2204,1.1140557434089,1.12561991036644,-0.0115641669575368
0.2206,1.18927595831452,1.20093490700854,-0.0116589486940175
0.2208,1.26452335422831,1.2762845469559,-0.011761192727588
0.221,1.33977000266817,1.35164465734611,-0.01187465467794
0.2212,1.41503494501055,1.42701987953539,-0.01198493452484
0.2214,1.49030810402337,1.50241506822905,-0.0121069642056768
0.2216,1.56557375770847,1.57781184650403,-0.0122380887955638
0.2218,1.64076719495008,1.65321161919897,-0.0124444242488921
0.222,1.7159418776942,1.72860542376355,-0.0126635460693452
0.2222,1.79109186573575,1.80399161429592,-0.0128997485601714
0.2224,1.86617660318714,1.87936526461448,-0.0131886614273362
0.2226,1.94123293851828,1.95471582243067,-0.0134828839123915
0.2228,2.01625073587888,2.03006065943732,-0.0138099235584401
0.223,2.09121005000178,2.1054199896329,-0.0142099396311153
0.2232,2.16617147908113,2.18077789700965,-0.0146064179285141
0.2234,2.24112020741382,2.25604428380401,-0.0149240763901894
0.2236,2.31604498106379,2.33125561003973,-0.0152106289759431
0.2238,2.39095808923231,2.40638623326091,-0.0154281440286002
0.224,2.46587890136788,2.48143418629914,-0.0155552849312524
0.2242,2.54085314830151,2.55645261727357,-0.0155994689720584
0.2244,2.6158275263804,2.63138228491537,-0.0155547585349725
0.2246,2.69080182634605,2.70625132828293,-0.0154495019368754
0.2248,2.76580732974023,2.78105398924593,-0.0152466595056984
0.225,2.84085839317569,2.85583622766056,-0.0149778344848763
0.2252,2.91592635012434,2.93060172263191,-0.0146753725075648
0.2254,2.99100916637312,3.00535172391078,-0.0143425575376592
0.2256,3.06609990680525,3.08003545876133,-0.0139355519560818
0.2258,3.14120060709249,3.1547042971945,-0.0135036901020098
0.226,3.21634117146919,3.22938606667164,-0.0130448952024573
0.2262,3.29148914272292,3.30407452136623,-0.0125853786433114
0.2264,3.36667079403005,3.37881382359849,-0.0121430295684424
0.2266,3.44185138657745,3.45354817137316,-0.0116967847957117
0.2268,3.51704466772258,3.52831310321266,-0.0112684354900883
0.227,3.59223741879241,3.60317154884053,-0.0109341300481174
0.2272,3.66744892717059,3.67813692102555,-0.0106879938549618
0.2274,3.74262211334112,3.75315435141772,-0.0105322380765971
0.2276,3.81776319845489,3.82823038687488,-0.0104671884199901
0.2278,3.89287825414277,3.90339628815879,-0.0105180340160218
0.228,3.96800756522024,3.97860273460982,-0.0105951693895769
0.2282,4.04311480501865,4.05381189576175,-0.0106970907430988
0.2284,4.11817407376252,4.12903798337701,-0.0108639096144962
0.2286,4.19315964875304,4.20429200376653,-0.0111323550134808
0.2288,4.26816584991048,4.27954256976122,-0.011376719850734
0.229,4.34318607972645,4.35484382745049,-0.011657747724044
0.2292,4.41819494405366,4.43016848269345,-0.0119735386397899
0.2294,4.49322213668254,4.50551783225055,-0.0122956955680067
0.2296,4.56829141803839,4.58090162756483,-0.0126102095264358
0.2298,4.64339796763465,4.65629454947835,-0.0128965818436937
0.23,4.71848798917192,4.73169195487454,-0.0132039657026199
0.2302,4.79356715120175,4.80708273078479,-0.0135155795830437
0.2304,4.86866484207475,4.882457606955,-0.0137927648802521
0.2306,4.94379020111161,4.95781423631769,-0.0140240352060816
0.2308,5.01891305825636,5.03315529367018,-0.0142422354138141
0.231,5.09403371858256,5.10849936348756,-0.0144656449049974
0.2312,5.16916803589506,5.18384197138736,-0.014673935492298
0.2314,5.24436173026425,5.25917759305445,-0.0148158627901944
0.2316,5.31962287299518,5.33447314674626,-0.0148502737510752
0.2318,5.39488864356527,5.40970529460879,-0.0148166510435184
0.232,5.47017862408604,5.48487915646875,-0.0147005323827125
0.2322,5.54545506897003,5.5599932614812,-0.0145381925111758
0.2324,5.62072651110626,5.63504891776075,-0.0143224066544816
0.2326,5.69594232734526,5.70997926560931,-0.014036938264046
0.2328,5.77108827952939,5.7848490032503,-0.0137607237209121
0.233,5.84616697159893,5.85968504419197,-0.0135180725930404
0.2332,5.92124367876744,5.93451436481127,-0.0132706860438283
0.2334,5.99631225467579,6.00931311204583,-0.013000857370038
0.2336,6.07140352042694,6.08414003332813,-0.0127365129011929
0.2338,6.14648225348145,6.15900611396142,-0.0125238604799662
0.234,6.22151761261143,6.23382787169701,-0.0123102590855773
0.2342,0.0132891444100389,0.0254946893972742,-0.0122055449872353
0.2344,0.0882594141436743,0.100374314396601,-0.0121149002529265
0.2346,0.163241576889127,0.175247937363201,-0.0120063604740741
0.2348,0.2382126523692,0.250121074352558,-0.0119084219833585
0.235,0.313197084130253,0.325031466315165,-0.0118343821849127
0.2352,0.388211512085215,0.399869312613285,-0.0116578005280697
0.2354,0.463179582811814,0.474615710673032,-0.0114361278612177
0.2356,0.538130637699136,0.549417889017076,-0.0112872513179397
0.2358,0.613093822643657,0.624317275157679,-0.0112234525140228
0.236,0.688091519407434,0.699258937593121,-0.0111674181856871
0.2362,0.763140787168149,0.774289828902777,-0.0111490417346281
0.2364,0.838206761219535,0.849387788064412,-0.011181026844877
0.2366,0.913281133209854,0.92454290855878,-0.011261775348926
0.2368,0.988391013538164,0.999787719724958,-0.011396706186794
0.237,1.06354278845563,1.07506604244141,-0.011523253985783
0.2372,1.13874098484297,1.15037844967956,-0.0116374648365947
0.2374,1.21393188461913,1.22569686383741,-0.0117649792182875
0.2376,1.28912090515201,1.30103234468493,-0.011911439532925
0.2378,1.36431293851487,1.37640269126812,-0.0120897527532413
0.238,1.43952329586274,1.4517754465975,-0.0122521507347655
0.2382,1.51478041161611,1.52716335235821,-0.0123829407420961
0.2384,1.5900267440356,1.60256164520466,-0.0125349011690632
0.2386,1.66518800358936,1.67796140344922,-0.0127733998598698
0.2388,1.7403354725882,1.7533576750707,-0.0130222024825013
0.239,1.81546515914905,1.82873144356941,-0.0132662844203564
0.2392,1.89060025297526,1.90408820384838,-0.01348795087312
0.2394,1.96570701699084,1.97942327813687,-0.0137162611460262
0.2396,2.04076711017661,2.0547050360025,-0.0139379258258878
0.2398,2.11575193264974,2.12991407528025,-0.0141621426305134
0.24,2.19066767011233,2.20509566274658,-0.0144279926342445
0.2402,2.2655804906239,2.28022619888125,-0.0146457082573543
0.2404,2.34048671399003,2.35533387886602,-0.0148471648759894
0.2406,2.41541342178081,2.43042882264603,-0.0150154008652179
0.2408,2.49038223259052,2.50541435162559,-0.0150321190350677
0.241,2.5653135398899,2.58035527050717,-0.0150417306172703
0.2412,2.6402207110953,2.65524331583462,-0.0150226047393183
0.2414,2.71512552786194,2.73006429119981,-0.0149387633378733
0.2416,2.79005001442042,2.80481985714062,-0.0147698427201943
0.2418,2.86501589020377,2.87956882819018,-0.0145529379864082
0.242,2.93999490969582,2.95428898185995,-0.0142940721641236
0.2422,3.01498434935953,3.02903829611147,-0.0140539467519472
0.2424,3.0900485304996,3.10385776315407,-0.0138092326544776
0.2426,3.16518246600869,3.17870616958992,-0.0135237035812303
0.2428,3.24038644964811,3.2535877155838,-0.0132012659356904
0.243,3.31560374069583,3.32844940118635,-0.0128456604905143
0.2432,3.39083927547086,3.4033602953028,-0.0125210198319379
0.2434,3.46612353376565,3.4783088590636,-0.01218532529795
0.2436,3.54141516324327,3.55328168886952,-0.0118665256262487
0.2438,3.61674216645644,3.62829920405047,-0.0115570375940228
0.244,3.69204110572659,3.70332820198813,-0.0112870962615443
0.2442,3.76724041509445,3.77834738244527,-0.0111069673508211
0.2444,3.84241273700668,3.853386566159,-0.0109738291523214
0.2446,3.91752700809238,3.92842941380129,-0.0109024057089044
0.2448,3.99260804518933,4.00351980924755,-0.0109117640582239
0.245,4.0676646642488,4.07867941627265,-0.0110147520238435
0.2452,4.14266643922847,4.15387750199335,-0.0112110627648843
0.2454,4.21757913117939,4.22912549524409,-0.0115463640647038
0.2456,4.29249971155994,4.30440491533403,-0.0119052037740914
0.2458,4.36745102373222,4.37972091931339,-0.0122698955811753
0.246,4.44242435369487,4.45506750989874,-0.0126431562038762
0.2462,4.51740069361219,4.530421460503,-0.0130207668908113
0.2464,4.5924058977447,4.60579818147514,-0.0133922837304397
0.2466,4.66738432589456,4.6811868658216,-0.0138025399270356
0.2468,4.74235081398982,4.75658498339191,-0.0142341694020853
0.247,4.81732111651545,4.83198504768263,-0.0146639311671786
0.2472,4.8923427043207,4.90738340350054,-0.0150406991798331
0.2474,4.96744010838908,4.98276481759374,-0.0153247092046609
0.2476,5.04252810182117,5.05810831826514,-0.0155802164439738
0.2478,5.11761493715709,5.13339648831688,-0.0157815511597885
0.248,5.19273048211304,5.20865626883363,-0.0159257867205982
0.2482,5.26791358435719,5.28386457025452,-0.015950985897339
0.2484,5.34315795416018,5.35901486845315,-0.0158569142929785
0.2486,5.41839104184538,5.43411192592041,-0.0157208840750274
0.2488,5.4936043407094,5.50920355297205,-0.01559921226265
0.249,5.5688500288545,5.58426433072293,-0.015414301868435
0.2492,5.64410104512702,5.65937190803653,-0.0152708629095155
0.2494,5.71938603236595,5.73451724583304,-0.0151312134670869
0.2496,5.79466295192253,5.8095984023999,-0.014935450477366
0.2498,5.8698574654216,5.8845773239719,-0.0147198585503068
0.25,5.94502888686225,5.95950290215459,-0.0144740152923362
0.2502,6.02013383180554,6.03430681539967,-0.0141729835941282
0.2504,6.09519441621542,6.1090585587881,-0.0138641425726798
0.2506,6.17022425449549,6.18382348572191,-0.0135992312264204
0.2508,6.24519964246327,6.25855388288005,-0.0133542404167848
0.251,0.0369045709938822,0.0500426569051943,-0.013138085911312
0.2512,0.111808070480424,0.124753711542013,-0.0129456410615887
0.2514,0.186748603778494,0.199546192686595,-0.0127975889081001
0.2516,0.261715603833681,0.274340712104329,-0.0126251082706476
0.2518,0.336683177209397,0.349154048125329,-0.0124708709159323
0.252,0.411695467426417,0.424084411071461,-0.0123889436450439
0.2522,0.486701486876517,0.499025852728003,-0.012324365851486
0.2524,0.561704006190328,0.57396165503927,-0.0122576488489422
0.2526,0.636746297533096,0.648917963829087,-0.0121716662959918
0.2528,0.711811597022836,0.723884530620283,-0.0120729335974467
0.253,0.786855219830337,0.798881098078907,-0.0120258782485695
0.2532,0.86190933826386,0.873927661331893,-0.0120183230680333
0.2534,0.936980988563829,0.94896099418534,-0.0119800056215111
0.2536,1.01207650724152,1.02403968122175,-0.0119631739802211
0.2538,1.08723176420268,1.09918942375063,-0.0119576595479547
0.254,1.16241242363914,1.1744118346658,-0.0119994110266568
0.2542,1.23759318550148,1.24971283213654,-0.0121196466350544
0.2544,1.31277477331862,1.32504205900435,-0.0122672856857324
0.2546,1.38800350390658,1.4004067041013,-0.0124032001947263
0.2548,1.46324519401885,1.4758007966384,-0.0125556026195506
0.255,1.53852660107934,1.55120253435324,-0.0126759332739046
0.2552,1.61378084252394,1.62659857011892,-0.0128177275949819
0.2554,1.68893127381625,1.70198014087947,-0.013048867063217
0.2556,1.7640446307331,1.777343409803,-0.0132987790699099
0.2558,1.83908464387657,1.85267506444342,-0.0135904205668531
0.256,1.91407758533302,1.92796872448825,-0.0138911391552281
0.2562,1.98903689268671,2.00322687135789,-0.014189978671173
0.2564,2.06395235537992,2.07847117837763,-0.0145188229977089
0.2566,2.13880557149237,2.15365292650358,-0.0148473550112076
0.2568,2.21366725649013,2.2287964358607,-0.0151291793705663
0.257,2.28854767454042,2.30394112806776,-0.0153934535273397
0.2572,2.36344570447954,2.37901652109672,-0.0155708166171888
0.2574,2.43836353236577,2.45406429067337,-0.0157007583076059
0.2576,2.51331566740591,2.52905574122134,-0.0157400738154232
0.2578,2.58823615098551,2.60400874452109,-0.0157725935355737
0.258,2.66317189297894,2.67899879268176,-0.0158268997028195
0.2582,2.73815623054307,2.75400387641293,-0.0158476458698615
0.2584,2.81319709409494,2.82901003212325,-0.0158129380283047
0.2586,2.88832376847772,2.90404079649739,-0.0157170280196723
0.2588,2.96347637900556,2.97905099434488,-0.0155746153393208
0.259,3.03864188448653,3.05394481037233,-0.0153029258857957
0.2592,3.11383047658019,3.12880049305031,-0.0149700164701203
0.2594,3.18907521152741,3.20361359812698,-0.0145383865995639
0.2596,3.26433389738015,3.27840097747139,-0.0140670800912459
0.2598,3.33957169072404,3.353134465843,-0.0135627751189578
0.26,3.41478263529291,3.42783592214828,-0.0130532868553641
0.2602,3.49001292398327,3.50256917309934,-0.0125562491160736
0.2604,3.56523781194875,3.57728547062593,-0.0120476586771829
0.2606,3.64045448400101,3.65202293135602,-0.0115684473550024
0.2608,3.71561370312391,3.72686299213657,-0.0112492890126581
0.261,3.79076272866682,3.80177250849265,-0.0110097798258266
0.2612,3.86589091367621,3.87675817542001,-0.0108672617438001
0.2614,3.94093590111198,3.95178579685165,-0.0108498957396743
0.2616,4.01593865292703,4.02686896832491,-0.0109303153978804
0.2618,4.09092105135959,4.10203529773259,-0.0111142463730047
0.262,4.16586768097873,4.17723608849088,-0.0113684075121441
0.2622,4.24075056827755,4.25249376528291,-0.0117431970053596
0.2624,4.31563467236769,4.32779600507234,-0.0121613327046513
0.2626,4.39052938551569,4.40310718632175,-0.01257780080606
0.2628,4.46543354844508,4.47846211923294,-0.0130285707878661
0.263,4.54034967117019,4.5538392973423,-0.0134896261721122
0.2632,4.61531662520043,4.62922520288863,-0.0139085776882002
0.2634,4.69028436583469,4.70462179248159,-0.0143374266468994
0.2636,4.76525833496124,4.78001924611609,-0.0147609111548439
0.2638,4.84027214292759,4.85541240262912,-0.015140259701532
0.264,4.91530607371859,4.93078412458373,-0.0154780508651466
0.2642,4.99038032645494,5.00613565891286,-0.0157553324579185
0.2644,5.06546841631031,5.08145482479574,-0.0159864084854258
0.2646,5.14056051971417,5.15671714830811,-0.0161566285939365
0.2648,5.21566179476854,5.23194805713518,-0.0162862623666475
0.265,5.29080433729552,5.30714170516957,-0.016337367874053
0.2652,5.36595728538275,5.38232655586609,-0.0163692704833478
0.2654,5.44114929949455,5.45746306559985,-0.0163137661052994
0.2656,5.51634599174905,5.53252924583275,-0.0161832540836908
0.2658,5.59157839135437,5.60753630449269,-0.0159579131383172
0.266,5.66681358030793,5.68245706321813,-0.0156434829101944
0.2662,5.74203474679224,5.75734645799881,-0.0153117112065724
0.2664,5.81717977454553,5.83221028123762,-0.0150305066920895
0.2666,5.89229994394506,5.9070232947236,-0.014723350778544
0.2668,5.9673926243571,5.98183955296685,-0.0144469286097451
0.267,6.04241837070647,6.05661272772457,-0.0141943570181065
0.2672,6.11741200425066,6.13136644227875,-0.0139544380280929
0.2674,6.19238765528352,6.20615945148387,-0.0137717962003583
0.2676,6.26733281222951,6.2809652242593,-0.0136324120297884
0.2678,0.0590382043521132,0.0725267980754151,-0.013488593723302
0.268,0.133938721064117,0.147252391827383,-0.0133136707632662
0.2682,0.208855344176981,0.221985330873057,-0.0131299866960763
0.2684,0.283783913518926,0.296756933217503,-0.0129730196985774
0.2686,0.358723862362463,0.371551409903841,-0.0128275475413779
0.2688,0.43370885829244,0.446452957802647,-0.0127440995102065
0.269,0.508752387629652,0.521424746271638,-0.0126723586419858
0.2692,0.583781730616753,0.596409808169726,-0.0126280775529731
0.2694,0.658817970024603,0.671428445315832,-0.0126104752912284
0.2696,0.733894242993932,0.746540597111768,-0.0126463541178361
0.2698,0.808991970363844,0.821666173257088,-0.0126742028932437
0.27,0.884109581929669,0.89683613536031,-0.0127265534306413
0.2702,0.959238893895972,0.972070466602432,-0.0128315727064595
0.2704,1.03438063334412,1.0473292523551,-0.0129486190109795
0.2706,1.10956550695477,1.12263606648772,-0.0130705595329503
0.2708,1.18475907392017,1.19795085634161,-0.0131917824214396
0.271,1.25998493810617,1.2732977131254,-0.0133127750192323
0.2712,1.33520751122637,1.3486576373385,-0.0134501261121267
0.2714,1.4104435624289,1.42402996679987,-0.0135864043709719
0.2716,1.48568798330966,1.49941522677388,-0.0137272434642257
0.2718,1.56092878277497,1.57480900973521,-0.013880226960246
0.272,1.63610095003233,1.65021272588131,-0.0141117758489819
0.2722,1.7112556361338,1.72561729132282,-0.0143616551890255
0.2724,1.78638276151331,1.80102217922855,-0.0146394177152405
0.2726,1.86143508926907,1.87642352099507,-0.0149884317260014
0.2728,1.93644362247538,1.95180529590642,-0.0153616734310371
0.273,2.01142409727265,2.02713660620029,-0.015712508927638
0.2732,2.08636930077674,2.10243719305491,-0.0160678922781767
0.2734,2.16125766327978,2.17766137293268,-0.0164037096529013
0.2736,2.23614932632403,2.252790732385,-0.0166414060609692
0.2738,2.31104408097687,2.32788102479205,-0.0168369438151741
0.274,2.3859600155822,2.40294125948739,-0.0169812439051902
0.2742,2.46091340832627,2.47796706364925,-0.0170536553229823
0.2744,2.53590567315292,2.55300785206076,-0.0171021789078356
0.2746,2.61089213097989,2.62793723670141,-0.0170451057215226
0.2748,2.68588240583988,2.70279203136181,-0.0169096255219281
0.275,2.76090515680013,2.77757209677569,-0.0166669399755555
0.2752,2.83596971455835,2.85228154013518,-0.0163118255768286
0.2754,2.91104537828471,2.92695183590378,-0.0159064576190771
0.2756,2.98613011865985,3.00160956989538,-0.0154794512355303
0.2758,3.0612185988275,3.07620286839683,-0.0149842695693376
0.276,3.13631751184017,3.15081462586114,-0.0144971140209713
0.2762,3.21150365176079,3.22550139422001,-0.0139977424592259
0.2764,3.28671853881714,3.30025832085767,-0.0135397820405228
0.2766,3.3619734019216,3.37508159531024,-0.0131081933886441
0.2768,3.43722895377119,3.44990021032261,-0.0126712565514211
0.277,3.51249526213109,3.52474567145429,-0.0122504093232019
0.2772,3.58776085489565,3.59967051569332,-0.0119096607976727
0.2774,3.6630140879184,3.67460495657004,-0.0115908686516457
0.2776,3.73819241918518,3.74953384571719,-0.0113414265320073
0.2778,3.81334597999021,3.82451357428624,-0.0111675942960265
0.278,3.88846226354488,3.89954486504394,-0.0110826014990573
0.2782,3.96349500332161,3.97457742278473,-0.0110824194631163
0.2784,4.03847938173978,4.04964372163809,-0.0111643398983059
0.2786,4.11340996366973,4.12475470771043,-0.0113447440407013
0.2788,4.18827857550349,4.19990972436768,-0.0116311488641969
0.279,4.26309699370481,4.27508184127755,-0.011984847572748
0.2792,4.33793443341955,4.35034041449837,-0.0124059810788202
0.2794,4.41278632281019,4.42564427116818,-0.0128579483579889
0.2796,4.4876724208198,4.5009809237966,-0.0133085029768019
0.2798,4.56261000026294,4.57635579801144,-0.0137457977485065
0.28,4.63759392859174,4.65174591335113,-0.0141519847593914
0.2802,4.71257154319137,4.72714259115016,-0.0145710479587917
0.2804,4.78754941554045,4.80253644042503,-0.0149870248845794
0.2806,4.86255800755347,4.87792020094425,-0.0153621933907857
0.2808,4.93760895249129,4.95328830712533,-0.015679354634031
0.281,5.01267408432869,5.02864661652187,-0.0159725321931861
0.2812,5.08775341201513,5.10397780163386,-0.0162243896187348
0.2814,5.16284031418052,5.17924248911486,-0.0164021749343393
0.2816,5.23793514893883,5.25446862739446,-0.0165334784556279
0.2818,5.31306579206836,5.32962173291327,-0.0165559408449107
0.282,5.38819947083118,5.40470861467883,-0.0165091438476441
0.2822,5.46336240039925,5.47973965881038,-0.0163772584111266
0.2824,5.53851874518037,5.5547186064469,-0.0161998612665331
0.2826,5.61368085778272,5.6296553582488,-0.0159745004660792
0.2828,5.68883537557885,5.70451882009729,-0.0156834445184435
0.283,5.76396863612602,5.77935663700618,-0.0153880008801606
0.2832,5.83902224186927,5.85414081276086,-0.0151185708915884
0.2834,5.91405858757384,5.92890196430902,-0.0148433767351763
0.2836,5.9890785664221,6.00371116545774,-0.0146325990356386
0.2838,6.06411585476362,6.07854358236236,-0.0144277275987479
0.284,6.13913785662572,6.15337009635497,-0.0142322397292487
0.2842,6.21412420424604,6.22814652160077,-0.0140223173547342
0.2844,0.00586513511770903,0.0197657390628777,-0.0139006039451686
0.2846,0.080822588982981,0.0945837203577696,-0.0137611313747885
0.2848,0.155799466356584,0.16938663640755,-0.0135871700509663
0.285,0.230765523406567,0.2441765974136,-0.0134110740070326
0.2852,0.305748136474174,0.319006962475896,-0.0132588260017213
0.2854,0.380771956684932,0.393861199751067,-0.0130892430661346
0.2856,0.455834975467754,0.468720146629497,-0.012885171161743
0.2858,0.530885047884605,0.543620687001733,-0.0127356391171275
0.286,0.605926505239632,0.618596593386581,-0.0126700881469489
0.2862,0.680985939483293,0.693612140585613,-0.0126262011023208
0.2864,0.756070950130026,0.768704789347117,-0.0126338392170907
0.2866,0.831152094745093,0.843821403123617,-0.0126693083785241
0.2868,0.906230636022374,0.918963044667908,-0.0127324086455344
0.287,0.981302849033218,0.994157426955603,-0.0128545779223848
0.2872,1.05637414300117,1.06937409700106,-0.0129999539998888
0.2874,1.13151547460893,1.14464787301497,-0.0131323984060383
0.2876,1.2066648926135,1.21994582228379,-0.0132809296702838
0.2878,1.28180951372401,1.29526205448617,-0.0134525407621595
0.288,1.3570030832144,1.37061183262114,-0.0136087494067416
0.2882,1.43221682526887,1.44597860629362,-0.0137617810247497
0.2884,1.50748102417891,1.52136910982425,-0.013888085645346
0.2886,1.58273475244779,1.59676765478249,-0.0140329023347001
0.2888,1.65790936043978,1.67216608079737,-0.0142567203575881
0.289,1.73307616440941,1.74756016063579,-0.014483996226381
0.2892,1.80819960517859,1.82294310728574,-0.0147435021071474
0.2894,1.88329977146313,1.89832014214514,-0.015020370682008
0.2896,1.95838850697573,1.97369684624587,-0.0153083392701403
0.2898,2.03344139911981,2.04904014017945,-0.0155987410596423
0.29,2.10842530686369,2.12435488327306,-0.0159295764093623
0.2902,2.18335036389185,2.19965987371273,-0.0163095098208772
0.2904,2.25828345522123,2.27488782890964,-0.0166043736884096
0.2906,2.33321272146561,2.35002611441866,-0.0168133929530407
0.2908,2.40815426485141,2.42510532793512,-0.0169510630837109
0.291,2.4831272913125,2.50009363384185,-0.0169663425293503
0.2912,2.55813235995334,2.57505687011326,-0.0169245101599182
0.2914,2.63312012059268,2.64992298167133,-0.0168028610786441
0.2916,2.70809389358575,2.72471064373953,-0.0166167501537799
0.2918,2.78307880665466,2.79941360301563,-0.0163347963609688
0.292,2.85808358587997,2.87407847387037,-0.0159948879904044
0.2922,2.9330847440862,2.94871731236387,-0.0156325682776619
0.2924,3.00809154210224,3.0233656955447,-0.0152741534424603
0.2926,3.08308692257843,3.09796280990872,-0.0148758873302977
0.2928,3.15810657179005,3.17253246532194,-0.0144258935318957
0.293,3.23319688483624,3.24712574006029,-0.013928855224052
0.2932,3.30830329478385,3.32171816827984,-0.0134148734959907
0.2934,3.38343942546963,3.39635775505457,-0.0129183295849344
0.2936,3.45856949722079,3.4710275722819,-0.0124580750611112
0.2938,3.53371029268071,3.54575762478441,-0.012047332103692
0.294,3.60891333534428,3.62062234269161,-0.0117090073473287
0.2942,3.68411189491576,3.69555823726532,-0.0114463423495574
0.2944,3.75923214975887,3.77049940742503,-0.0112672576661565
0.2946,3.83434602780052,3.84550421894741,-0.011158191146893
0.2948,3.9094483012601,3.92063607237405,-0.0111877711139505
0.295,3.98455920398339,3.99579762834597,-0.0112384243625776
0.2952,4.05964004190551,4.0709875007584,-0.0113474588528923
0.2954,4.13466809115347,4.14621692720429,-0.0115488360508156
0.2956,4.20961593550758,4.22152039785709,-0.011904462349511
0.2958,4.28457506884867,4.29684828572784,-0.0122732168791693
0.296,4.35954403241287,4.37220452310289,-0.0126604906900187
0.2962,4.43451521114726,4.44757874294692,-0.0130635317996539
0.2964,4.50948103197402,4.52295193505204,-0.0134709030780229
0.2966,4.58446067506188,4.59834275194565,-0.0138820768837791
0.2968,4.65939355586835,4.67373846834474,-0.0143449124763873
0.297,4.7343025407007,4.74913577831325,-0.0148332376125522
0.2972,4.80922217510261,4.82453059445772,-0.0153084193551116
0.2974,4.88418127111387,4.89991760624584,-0.0157363351319653
0.2976,4.95919877508488,4.97528885070046,-0.0160900756155735
0.2978,5.03423995501697,5.05063703987339,-0.0163970848564219
0.298,5.10929566562821,5.12598304977344,-0.0166873841452313
0.2982,5.1844222758404,5.20131474859753,-0.0168924727571298
0.2984,5.25960407746218,5.27663454025314,-0.0170304627909612
0.2986,5.33483230762433,5.35190662751678,-0.0170743198924503
0.2988,5.4100493149005,5.42712382855885,-0.0170745136583488
0.299,5.48525522464289,5.50229605442617,-0.0170408297832765
0.2992,5.56045002625814,5.57737952221974,-0.0169294959615991
0.2994,5.63565072198632,5.65246839469077,-0.016817672704458
0.2996,5.71085398438352,5.72752103156799,-0.0166670471844652
0.2998,5.78599799871425,5.802494659844,-0.0164966611297537
0.3,5.86106276406108,5.87739003810445,-0.0163272740433706
0.3002,5.93611042887733,5.95221852276413,-0.0161080938867952
0.3004,6.01113028027866,6.02697037249802,-0.0158400922193591
0.3006,6.08615204291343,6.10168286187069,-0.0155308189572612
0.3008,6.16114364227458,6.17639748356003,-0.0152538412854497
0.301,6.23608585866725,6.25106399905134,-0.0149781403840841
0.3012,0.0277696422918385,0.0424325152135926,-0.0146628729217541
0.3014,0.102581981408152,0.116958149290782,-0.0143761678826291
0.3016,0.177409901113259,0.191543158786826,-0.0141332576735668
0.3018,0.252245772785867,0.266138783295765,-0.0138930105098977
0.302,0.327096741790628,0.340739460903997,-0.013642719113369
0.3022,0.401978726593237,0.41538789362945,-0.0134091670362138
0.3024,0.476897669691508,0.490121293960786,-0.013223624269278
0.3026,0.551827293484149,0.564891850257918,-0.0130645567737692
0.3028,0.626789430090329,0.639738415963664,-0.0129489858733348
0.303,0.701766403576725,0.714643821653325,-0.0128774180766004
0.3032,0.776787152772944,0.789654091489054,-0.01286693871611
0.3034,0.851823950348782,0.864728576703496,-0.0129046263547138
0.3036,0.926862749849511,0.93980606090635,-0.0129433110568391
0.3038,1.00191118486562,1.01492683066132,-0.013015645795702
0.304,1.07701460013986,1.09011730142089,-0.0131027012810285
0.3042,1.15218921724547,1.16538463249424,-0.0131954152487677
0.3044,1.227380581796,1.2407124467676,-0.0133318649716014
0.3046,1.30258282854015,1.31606894692769,-0.0134861183875401
0.3048,1.37783704425321,1.39145138124397,-0.0136143369907578
0.305,1.45309887197822,1.4668413466558,-0.0137424746775787
0.3052,1.52838089829038,1.54223872626546,-0.0138578279750763
0.3054,1.60363292811629,1.61763650100561,-0.0140035728893204
0.3056,1.67885274979629,1.69302533016073,-0.0141725803644397
0.3058,1.75404712815083,1.76839645407721,-0.0143493259263814
0.306,1.82917039912893,1.8437348876562,-0.01456448852727
0.3062,1.90422441576209,1.91903782676016,-0.0148134109980682
0.3064,1.97925770948346,1.99430676586782,-0.015049056384359
0.3066,2.05424545154117,2.06952764095253,-0.0152821894113577
0.3068,2.12914198230718,2.14466743370904,-0.0155254514018623
0.307,2.2039617248186,2.2197553418345,-0.0157936170158974
0.3072,2.2787907890078,2.29479920392063,-0.016008414912831
0.3074,2.35364322987033,2.36976994095361,-0.0161267110832832
0.3076,2.42850026135388,2.44470565192948,-0.0162053905756041
0.3078,2.50337724428208,2.51953521297887,-0.0161579686967888
0.308,2.57821709299978,2.59433333611845,-0.0161162431186699
0.3082,2.65307413081239,2.6691782147572,-0.0161040839448141
0.3084,2.72798384825501,2.74400931267703,-0.016025464422019
0.3086,2.80294758737332,2.81887681163197,-0.0159292242586497
0.3088,2.87799708739823,2.89375780405144,-0.0157607166532108
0.309,2.95305051100804,2.96858730886657,-0.0155367978585268
0.3092,3.02810477458566,3.0433997910253,-0.0152950164396435
0.3094,3.10317929195096,3.1182202313695,-0.0150409394185407
0.3096,3.17831381487823,3.19301092120274,-0.0146971063245167
0.3098,3.25347594235717,3.2678186281645,-0.0143426858073283
0.31,3.32868958709532,3.34263111970506,-0.0139415326097372
0.3102,3.40391506984598,3.41747773585212,-0.0135626660061403
0.3104,3.47918183184379,3.49236098568832,-0.0131791538445296
0.3106,3.55445972850202,3.56722280508822,-0.0127630765862028
0.3108,3.62977547693004,3.64217595771071,-0.0124004807806708
0.311,3.70507026092492,3.71717897737119,-0.012108716446269
0.3112,3.78026450640779,3.79217324826291,-0.0119087418551187
0.3114,3.85542294044554,3.86717147716415,-0.0117485367186108
0.3116,3.93050946634708,3.94217426316669,-0.0116647968196038
0.3118,4.00555005246999,4.0172352846036,-0.0116852321336127
0.312,4.08055693091515,4.09236962223943,-0.0118126913242742
0.3122,4.15551764103067,4.16752300360874,-0.0120053625780718
0.3124,4.23041194193859,4.24271590941642,-0.0123039674778331
0.3126,4.30523115987605,4.31792949313889,-0.0126983332628425
0.3128,4.37998409072532,4.39315972143249,-0.0131756307071713
0.313,4.45476274525585,4.46846029788426,-0.0136975526284138
0.3132,4.52957288724865,4.54380285207298,-0.0142299648243318
0.3134,4.60444094708734,4.61917975830776,-0.0147388112204254
0.3136,4.67938207040073,4.69457525113569,-0.0151931807349559
0.3138,4.75432608515401,4.76997315878676,-0.0156470736327492
0.314,4.82929827119249,4.84536374918938,-0.016065477996893
0.3142,4.9042865767946,4.92073226290353,-0.0164456861089262
0.3144,4.97926373989757,4.99608030953272,-0.016816569635151
0.3146,5.05426843395094,5.07139131788961,-0.0171228839386641
0.3148,5.12930157196896,5.14665880712192,-0.0173572351529589
0.315,5.20435899374883,5.22189775788851,-0.0175387641396778
0.3152,5.27946882463529,5.29709495876338,-0.0176261341280899
0.3154,5.35459565838519,5.37224129634232,-0.0176456379571315
0.3156,5.42971559128124,5.44729226315496,-0.0175766718737123
0.3158,5.50482908627623,5.5223203210505,-0.0174912347742744
0.316,5.57998040945281,5.59729155008356,-0.0173111406307473
0.3162,5.65513548208836,5.67220488640687,-0.0170694043185016
0.3164,5.7303166105929,5.74714400377693,-0.0168273931840366
0.3166,5.8054755097258,5.82206572666861,-0.0165902169428112
0.3168,5.88060892122343,5.89695745998777,-0.0163485387643414
0.317,5.95572043544275,5.97180151080586,-0.0160810753631182
0.3172,6.03076076675803,6.04654963841325,-0.0157888716552206
0.3174,6.10576945781311,6.1212886822715,-0.0155192244583882
0.3176,6.18076505523456,6.19606444103984,-0.0152993858052834
0.3178,6.25571849431672,6.27081765081935,-0.0150991565026279
0.318,0.0474052548636683,0.0623448958253878,-0.0149396409617195
0.3182,0.122206171080347,0.137001339796744,-0.0147951687163971
0.3184,0.197011999088849,0.211672485530925,-0.0146604864420755
0.3186,0.271824179459305,0.28636076275489,-0.0145365832955844
0.3188,0.346631844480455,0.361068779933203,-0.0144369354527483
0.319,0.421483761409766,0.435858028601103,-0.0143742671913369
0.3192,0.496411829366324,0.51073124068824,-0.0143194113219156
0.3194,0.5713517553847,0.585616764136996,-0.0142650087522959
0.3196,0.646329306766395,0.660526690817668,-0.0141973840512734
0.3198,0.721369213045654,0.735484266878335,-0.0141150538326803
0.32,0.796438218970322,0.8104680193494,-0.0140298003790782
0.3202,0.871523940739744,0.885510184833852,-0.0139862440941079
0.3204,0.946617762798488,0.960624470206373,-0.0140067074078857
0.3206,1.02172855992459,1.03576796544154,-0.0140394055169506
0.3208,1.09690014841457,1.11094579106298,-0.014045642648403
0.321,1.1721023913376,1.18616811790936,-0.0140657265717536
0.3212,1.24735094567684,1.26145945449214,-0.0141085088152921
0.3214,1.32259623195102,1.33679748561613,-0.0142012536651066
0.3216,1.39786475380563,1.4121716340403,-0.0143068802346757
0.3218,1.47313009954664,1.48756540095862,-0.0144353014119731
0.322,1.54838429343468,1.56296189155083,-0.0145775981161507
0.3222,1.62356988943769,1.63835708603127,-0.0147871965935766
0.3224,1.69866018934019,1.71373688823253,-0.0150766988923341
0.3226,1.77371078130942,1.78909412938541,-0.0153833480759953
0.3228,1.84867762197557,1.86442081255255,-0.0157431905769805
0.323,1.92359505686399,1.93971409172984,-0.0161190348658553
0.3232,1.99847872566918,2.01498373710694,-0.0165050114377572
0.3234,2.07331850012188,2.09024642271631,-0.0169279225944274
0.3236,2.14809447983793,2.16546609975558,-0.0173716199176477
0.3238,2.22286380189327,2.24063161355517,-0.0177678116618947
0.324,2.2976518542919,2.31577177370623,-0.0181199194143264
0.3242,2.37244798673341,2.39082295349371,-0.0183749667603013
0.3244,2.44725531399878,2.46583400388618,-0.0185786898874056
0.3246,2.52209820918746,2.54078227913585,-0.0186840699483946
0.3248,2.59691783895161,2.61561257476031,-0.0186947358087024
0.325,2.67176231582991,2.69041238748088,-0.0186500716509772
0.3252,2.74666243435549,2.76516202264167,-0.0184995882861791
0.3254,2.82162279700693,2.8398750372274,-0.0182522402204714
0.3256,2.89666944537394,2.91460672949197,-0.0179372841180334
0.3258,2.97171838734735,2.98931029598778,-0.0175919086404321
0.326,3.04676683348002,3.06395191778147,-0.0171850843014516
0.3262,3.12183272958645,3.13858216198249,-0.0167494323960495
0.3264,3.19694963571438,3.213220575363,-0.0162709396486194
0.3266,3.27208138509839,3.28785053414465,-0.0157691490462613
0.3268,3.34724852895932,3.36250619391991,-0.0152576649605853
0.327,3.42240921880238,3.43715197499364,-0.0147427561912674
0.3272,3.49759338401749,3.51183521907348,-0.014241835055989
0.3274,3.5727751248401,3.58652059268231,-0.0137454678422055
0.3276,3.64798296924717,3.66130018855131,-0.0133172193041422
0.3278,3.72316421697371,3.7361856475797,-0.0130214306059866
0.328,3.7983085850806,3.81113284759854,-0.0128242625179409
0.3282,3.87341744720451,3.88614617626045,-0.0127287290559392
0.3284,3.9484626060625,3.96119282696759,-0.0127302209050946
0.3286,4.02348429619535,4.03629803272671,-0.0128137365313679
0.3288,4.0984711424607,4.1114506657924,-0.0129795233316985
0.329,4.17340127200174,4.18665606567744,-0.0132547936757046
0.3292,4.24835683886091,4.26194314001331,-0.0135863011524053
0.3294,4.32332799746276,4.33729999071944,-0.0139719932566802
0.3296,4.39827848769368,4.41266169586889,-0.0143832081752064
0.3298,4.47322403595393,4.48804581034454,-0.0148217743906072
0.33,4.5481823391367,4.56344008632287,-0.0152577471861752
0.3302,4.62311700594963,4.63882901356478,-0.0157120076151553
0.3304,4.69804319411322,4.7142264046746,-0.0161832105613788
0.3306,4.77297467154813,4.78962249243763,-0.0166478208895056
0.3308,4.84793274567288,4.8650168434786,-0.0170840978057178
0.331,4.92293138290489,4.94039314334079,-0.0174617604359018
0.3312,4.9980085864189,5.01575876990407,-0.0177501834851714
0.3314,5.07311213559686,5.09110549414451,-0.0179933585476464
0.3316,5.1482312247424,5.16638895348944,-0.0181577287470462
0.3318,5.22337314225254,5.24165606851428,-0.0182829262617394
0.332,5.29859849273741,5.31689849034627,-0.0182999976088567
0.3322,5.37382942321957,5.3921293026574,-0.01829987943783
0.3324,5.44907211877157,5.46730631031463,-0.0182341915430602
0.3326,5.5242970965701,5.54241235299674,-0.0181152564266354
0.3328,5.59953437896226,5.61744674772488,-0.0179123687626221
0.333,5.67473176373635,5.69234164696965,-0.0176098832333018
0.3332,5.74987175292758,5.76719240565071,-0.0173206527231313
0.3334,5.82495532514405,5.84198501874623,-0.0170296936021819
0.3336,5.90003758507202,5.9167439799603,-0.0167063948882848
0.3338,5.97510494183164,5.99150418006749,-0.016399238235846
0.334,6.05010231935338,6.06617080528327,-0.0160684859298881
0.3342,6.12505823072745,6.14077575715125,-0.0157175264237948
0.3344,6.19998594960348,6.21539059341998,-0.0154046438165016
0.3346,6.27487143865884,0.00683484164052434,-0.0151487101612702
0.3348,0.0664872763650246,0.0814040561385103,-0.0149167797734857
0.335,0.14119408815065,0.155931497349748,-0.0147374091990977
0.3352,0.215924568132106,0.230512132064553,-0.0145875639324468
0.3354,0.290690440042816,0.305145556892031,-0.0144551168492146
0.3356,0.365477540256891,0.379788644214104,-0.0143111039572126
0.3358,0.440315962567065,0.454469495127853,-0.0141535325607882
0.336,0.515219801449019,0.529244438083307,-0.0140246366342878
0.3362,0.590115203040526,0.60407307928253,-0.0139578762420038
0.3364,0.665023387481638,0.678939074361481,-0.0139156868798435
0.3366,0.739981898976976,0.753917762432188,-0.0139358634552119
0.3368,0.814977129558512,0.82897123766226,-0.0139941081037482
0.337,0.890005131107344,0.904090596381736,-0.0140854652743915
0.3372,0.965048278778848,0.979280853436136,-0.0142325746572882
0.3374,1.04009988822996,1.05450379204715,-0.0144039038171833
0.3376,1.11519013727328,1.1297876788376,-0.014597541564326
0.3378,1.19029136072972,1.20510159314759,-0.0148102324178705
0.338,1.26543467621077,1.28044671264267,-0.0150120364319042
0.3382,1.34058779656023,1.35581343226363,-0.0152256357034022
0.3384,1.41578218364116,1.43120370041092,-0.0154215167697593
0.3386,1.49098033346664,1.5066097076692,-0.0156293742025548
0.3388,1.5661931282056,1.58201120267397,-0.0158180744683762
0.339,1.64135578486488,1.65740441999925,-0.0160486351343725
0.3392,1.71646704087873,1.732782154678,-0.0163151137992703
0.3394,1.79153355214797,1.80814980688499,-0.0166162547370181
0.3396,1.86660492931087,1.88351307975753,-0.0169081504466571
0.3398,1.94165728425152,1.95887180672797,-0.0172145224764495
0.34,2.01667310556351,2.03419522362515,-0.0175221180616361
0.3402,2.09162830229958,2.10947981702273,-0.0178515147231506
0.3404,2.16653365589455,2.18474638062239,-0.0182127247278348
0.3406,2.24145146652431,2.25994106082866,-0.0184895943043419
0.3408,2.31636581009283,2.33509008446351,-0.0187242743706761
0.341,2.39129311372038,2.4102060106899,-0.0189128969695211
0.3412,2.46625947058703,2.48529054419667,-0.0190310736096335
0.3414,2.5412721313115,2.56039338631464,-0.0191212550031343
0.3416,2.61628471425817,2.63538269747584,-0.0190979832176725
0.3418,2.69130215622566,2.71028982149615,-0.0189876652704819
0.342,2.76635000337024,2.78510361981351,-0.0187536164432749
0.3422,2.84139910744718,2.85976151324007,-0.0183624057928977
0.3424,2.91640714257219,2.934402508334,-0.0179953657618106
0.3426,2.99142952835549,3.00904137361113,-0.0176118452556349
0.3428,3.06645460093267,3.08359965466809,-0.0171450537354132
0.343,3.1414765930976,3.1581485281155,-0.016671935017897
0.3432,3.21656779243745,3.23272623367251,-0.0161584412350586
0.3434,3.29166948952494,3.30729289958858,-0.015623410063641
0.3436,3.36679559972115,3.38189609209695,-0.0151004923757956
0.3438,3.44191273984992,3.45649096615557,-0.0145782263056482
0.344,3.51703724757769,3.53111616974568,-0.0140789221679869
0.3442,3.59212357555751,3.60570349692994,-0.0135799213724246
0.3444,3.66715640644262,3.68029452266631,-0.0131381162236992
0.3446,3.74213476924132,3.75495530683231,-0.0128205375909971
0.3448,3.8171137015572,3.82972938800467,-0.0126156864474711
0.345,3.89208405439281,3.9046390820446,-0.0125550276517852
0.3452,3.96707976302649,3.9795978207644,-0.0125180577379016
0.3454,4.0420697166344,4.05461915653295,-0.0125494398985495
0.3456,4.11703023382095,4.12971186564674,-0.012681631825787
0.3458,4.1919309249667,4.2048494214998,-0.0129184965330982
0.346,4.26685906910546,4.28003307375965,-0.0131740046541893
0.3462,4.3418033846727,4.35530474554228,-0.0135013608695838
0.3464,4.41673686061243,4.43061831147879,-0.0138814508663634
0.3466,4.4916630281643,4.50597126121586,-0.0143082330515565
0.3468,4.56659325997363,4.5813630727505,-0.0147698127768692
0.347,4.64156691669832,4.6567616187918,-0.0151947020934795
0.3472,4.71652724712102,4.73215984610922,-0.0156325989882049
0.3474,4.79147305885066,4.80754714659882,-0.0160740877481604
0.3476,4.8664368824331,4.88291131334151,-0.0164744309084117
0.3478,4.94143509550865,4.95824333950378,-0.0168082439951318
0.348,5.01644088635889,5.03353746870009,-0.017096582341205
0.3482,5.09145237843564,5.10879108765047,-0.0173387092148269
0.3484,5.16646198338922,5.18395965151366,-0.0174976681244434
0.3486,5.24147331654053,5.25906631948531,-0.0175930029447731
0.3488,5.31655760876082,5.33413400272025,-0.0175763939594269
0.349,5.39165355627035,5.40916728468561,-0.0175137284152571
0.3492,5.46674923777757,5.48417345033223,-0.0174242125546602
0.3494,5.54184704499579,5.55912366094404,-0.0172766159482549
0.3496,5.61696595235514,5.63406169587505,-0.0170957435199108
0.3498,5.69204911926406,5.70890810691708,-0.0168589876530199
0.35,5.7670742412865,5.78368342135376,-0.0166091800672614
0.3502,5.8420394577005,5.85837930026048,-0.0163398425599759
0.3504,5.91700187640259,5.9330366726525,-0.0160347962499143
0.3506,5.99195436172051,6.00775712321364,-0.0158027614931289
0.3508,6.06693160965126,6.08251423761786,-0.0155826279666069
0.351,6.14190155089986,6.15727769949751,-0.0153761485976487
0.3512,6.21683856701152,6.23199825630254,-0.0151596892910195
0.3514,0.0085244076971307,0.0236067136240075,-0.0150823059268768
0.3516,0.0834151406816606,0.0985044945716782,-0.0150893538900176
0.3518,0.158314117557498,0.173359593951149,-0.0150454763936517
0.352,0.233196676875249,0.248174968869549,-0.0149782919942996
0.3522,0.30809659985313,0.323027142275818,-0.0149305424226888
0.3524,0.383041159170844,0.397898335313427,-0.0148571761425828
0.3526,0.458025752417241,0.472758180913542,-0.0147324284963011
0.3528,0.53299274710763,0.547639043692835,-0.0146462965852048
0.353,0.607943141602326,0.622577347057137,-0.0146342054548118
0.3532,0.682906483910225,0.697542538161085,-0.0146360542508602
0.3534,0.757898161998656,0.772579899047921,-0.0146817370492651
0.3536,0.832895995599651,0.847648478519194,-0.014752482919543
0.3538,0.907903245955978,0.922729742159817,-0.0148264962038387
0.354,0.982865058882288,0.997849710060561,-0.0149846511782736
0.3542,1.05783491118465,1.07301518622775,-0.0151802750430996
0.3544,1.13289025813987,1.14824547197437,-0.0153552138345063
0.3546,1.20796138671613,1.22349837121466,-0.0155369844985283
0.3548,1.28303201558075,1.2987746615042,-0.0157426459234427
0.355,1.35810082802481,1.37408222374134,-0.0159813957165313
0.3552,1.43318495008954,1.44942137774406,-0.0162364276545255
0.3554,1.50832777292293,1.52479684145154,-0.0164690685286109
0.3556,1.58346127365956,1.60019377357177,-0.0167324999122032
0.3558,1.65851445366191,1.67560362277893,-0.0170891691170287
0.356,1.73356219205447,1.75101593498377,-0.0174537429292978
0.3562,1.80860342883783,1.82640184112024,-0.0177984122824091
0.3564,1.88366287076901,1.90175595292066,-0.0180930821516494
0.3566,1.95870547181762,1.97707382338655,-0.0183683515689241
0.3568,2.03370799299218,2.05233495686842,-0.0186269638762409
0.357,2.10863742589658,2.12750331530667,-0.0188658894100939
0.3572,2.18349905865069,2.20260976752564,-0.0191107088749529
0.3574,2.25835983289007,2.2776432866928,-0.0192834538027218
0.3576,2.33321410410949,2.35259359256967,-0.0193794884601823
0.3578,2.40808342000381,2.42748148783744,-0.0193980678336296
0.358,2.48298656348213,2.50225255458965,-0.0192659911075235
0.3582,2.55784759838226,2.576969614477,-0.0191220160947356
0.3584,2.63269042981686,2.65159808722446,-0.0189076574075946
0.3586,2.70753822887121,2.72616359191886,-0.0186253630476534
0.3588,2.78241252850893,2.80074677721441,-0.0183342487054832
0.359,2.85733430275298,2.87538075099325,-0.0180464482402711
0.3592,2.93227476436387,2.94998597298422,-0.0177112086203515
0.3594,3.00723304525781,3.02460897539466,-0.0173759301368523
0.3596,3.08224379946635,3.09928186105794,-0.0170380615915882
0.3598,3.15731708239917,3.17395272904996,-0.0166356466507902
0.36,3.23245351399099,3.2486521761285,-0.016198662137513
0.3602,3.30758899573454,3.32332364214181,-0.0157346464072652
0.3604,3.3827184161295,3.39801239840896,-0.0152939822794602
0.3606,3.45784209965577,3.47273148715652,-0.0148893875007472
0.3608,3.53297694364492,3.54753149477115,-0.0145545511262277
0.361,3.60811899375898,3.62237566607436,-0.0142566723153825
0.3612,3.68320928697495,3.69725208491659,-0.0140427979416358
0.3614,3.7582321820742,3.77214106719542,-0.0139088851212219
0.3616,3.83324753953767,3.84708598384563,-0.01383844430796
0.3618,3.90824388822166,3.92210196687064,-0.0138580786489735
0.362,3.98324808214221,3.99716945023496,-0.0139213680927504
0.3622,4.05822720992949,4.0722997619146,-0.0140725519851088
0.3624,4.13316415309233,4.14747425897331,-0.0143101058809822
0.3626,4.20803433454953,4.22270425540224,-0.0146699208527119
0.3628,4.28292501571357,4.29796563254807,-0.0150406168344972
0.363,4.35782213597353,4.37327499759882,-0.0154528616252874
0.3632,4.4326996696315,4.4486052108128,-0.0159055411813007
0.3634,4.50758322314754,4.52394170174786,-0.0163584786003215
0.3636,4.58250282370985,4.59931176520131,-0.0168089414914601
0.3638,4.65739306438175,4.67469930589607,-0.0173062415143193
0.364,4.7322619482148,4.75009650421239,-0.0178345559975908
0.3642,4.80712904596937,4.82549455899561,-0.0183655130262439
0.3644,4.88201732639205,4.90088396094541,-0.0188666345533637
0.3646,4.95694841690939,4.97625513728885,-0.0193067203794595
0.3648,5.03189198922685,5.05160207719486,-0.0197100879680043
0.365,5.10684241005275,5.12692810792959,-0.0200856978768371
0.3652,5.18183404304324,5.20220142677412,-0.0203673837308838
0.3654,5.25688786508768,5.27741793923642,-0.0205300741487351
0.3656,5.33201973744817,5.3525747825773,-0.0205550451291305
0.3658,5.40717258688613,5.42765074907065,-0.020478162184526
0.366,5.48233361912517,5.5026766109824,-0.0203429918572295
0.3662,5.55748600071044,5.57761289498386,-0.0201268942734121
0.3664,5.63263423891405,5.6525791006188,-0.0199448617047526
0.3666,5.70780910982492,5.72755949254521,-0.019750382720285
0.3668,5.78296047462358,5.80245822211568,-0.0194977474921041
0.367,5.85801961980076,5.87727785008413,-0.0192582302833637
0.3672,5.93306015129881,5.95204757736421,-0.0189874260654053
0.3674,6.00804925187797,6.02669586003688,-0.0186466081589085
0.3676,6.08300974988824,6.10129279981678,-0.0182830499285433
0.3678,6.15795503835242,6.17590081049807,-0.0179457721456471
0.368,6.2328627348811,6.25047244082357,-0.0176097059424754
0.3682,0.0245153880077131,0.0417562858661987,-0.0172408978584856
0.3684,0.0992952490780028,0.116202544993721,-0.0169072959157185
0.3686,0.174088594945118,0.19070953386781,-0.0166209389226914
0.3688,0.248891878070221,0.265235179141743,-0.016343301071522
0.369,0.32372828156672,0.339815791095695,-0.0160875095289745
0.3692,0.398613905940928,0.414457789553208,-0.0158438836122799
0.3694,0.473536902434394,0.48917566640548,-0.0156387639710869
0.3696,0.548433980249723,0.563883683184941,-0.0154497029352172
0.3698,0.623310798973184,0.638653234405614,-0.0153424354324302
0.37,0.698199445448144,0.713475171011235,-0.0152757255630913
0.3702,0.77312487956882,0.788391197103683,-0.0152663175348624
0.3704,0.848055595618912,0.863375317363189,-0.0153197217442772
0.3706,0.922986734757776,0.93841389322463,-0.0154271584668536
0.3708,0.997936662994983,1.01349676996137,-0.0155601069663854
0.371,1.07295370129074,1.08865333523988,-0.0156996339491462
0.3712,1.1480481828825,1.16390377857581,-0.01585559569331
0.3714,1.22315743677934,1.23922713255689,-0.0160696957775428
0.3716,1.29827256797332,1.31457354114258,-0.0163009731692541
0.3718,1.37343975767584,1.38994844340726,-0.0165086857314232
0.372,1.44862388911341,1.46533281412905,-0.0167089250156467
0.3722,1.52384533899693,1.54072688535145,-0.0168815463545187
0.3724,1.59905788974654,1.61612520929246,-0.0170673195459246
0.3726,1.67425828382537,1.69151818124948,-0.0172598974241109
0.3728,1.74944869700261,1.76690017885983,-0.0174514818572231
0.373,1.82460616225701,1.84224864735449,-0.0176424850974775
0.3732,1.89976315259323,1.91756300790777,-0.0177998553145469
0.3734,1.97488208720521,1.99284310559398,-0.0179610183887675
0.3736,2.04993026306296,2.06807280153322,-0.0181425384702578
0.3738,2.12487432000356,2.14321675058692,-0.0183424305833606
0.374,2.19973215248144,2.21829059148594,-0.0185584390045022
0.3742,2.27448945884294,2.29327989046401,-0.0187904316210674
0.3744,2.34914356976039,2.36817016322796,-0.0190265934675677
0.3746,2.42381887996873,2.44303837326071,-0.0192194932919718
0.3748,2.49853676196964,2.51785635596012,-0.019319593990478
0.375,2.57329651061288,2.59266280945703,-0.0193662988441456
0.3752,2.64808289481124,2.66749235809561,-0.0194094632843735
0.3754,2.72292482657166,2.74226815787354,-0.019343331301886
0.3756,2.7977977916472,2.81694129331152,-0.0191435016643151
0.3758,2.87272125204664,2.89160137442204,-0.0188801223754038
0.376,2.94766640832066,2.96622529578065,-0.0185588874599913
0.3762,3.02262409538576,3.04077070262054,-0.0181466072347756
0.3764,3.09760360378482,3.11528599449468,-0.017682390709862
0.3766,3.17264515440686,3.18980487769559,-0.0171597232887222
0.3768,3.24775807910018,3.2643816927255,-0.0166236136253195
0.377,3.3228847589789,3.33899105401849,-0.0161062950395867
0.3772,3.39802037388137,3.41365746903383,-0.0156370951524596
0.3774,3.47320836507089,3.48838775371245,-0.0151793886415668
0.3776,3.54840625478556,3.56322039112578,-0.0148141363402163
0.3778,3.62363617499889,3.63819091224291,-0.0145547372440191
0.378,3.69883179995658,3.71317865786994,-0.0143468579133659
0.3782,3.77391824172067,3.78812950985787,-0.0142112681371946
0.3784,3.84896472804045,3.86310338152317,-0.014138653482719
0.3786,3.92394202964901,3.93807310701849,-0.0141310773694792
0.3788,3.99880950121924,4.01306865591078,-0.0142591546915418
0.379,4.07366037238368,4.0881348828722,-0.0144745104885162
0.3792,4.14848754516246,4.16324763635122,-0.0147600911887631
0.3794,4.22324547135199,4.23842450523504,-0.0151790338830455
0.3796,4.29802418240848,4.31364810054297,-0.0156239181344899
0.3798,4.37283005345119,4.38889785665681,-0.0160678032056252
0.38,4.44764948049479,4.46421761456771,-0.0165681340729202
0.3802,4.52247392095419,4.5395747489768,-0.0171008280226106
0.3804,4.5973456885411,4.61495876303598,-0.0176130744948759
0.3806,4.67229353844398,4.69035549894665,-0.018061960502668
0.3808,4.74725668995347,4.76575388447137,-0.0184971945179031
0.381,4.82226270486782,4.84114914052098,-0.0188864356531599
0.3812,4.89728953203571,4.91652702232451,-0.0192374902888028
0.3814,4.97229147105098,4.99188623504924,-0.0195947639982634
0.3816,5.04729706766954,5.06721447135069,-0.0199174036811547
0.3818,5.12231207042698,5.14252862464213,-0.0202165542151489
0.382,5.19734540575392,5.21781448131399,-0.0204690755600776
0.3822,5.27243581181641,5.29304674742842,-0.020610935612007
0.3824,5.34754862802965,5.36821625781906,-0.020667629789406
0.3826,5.4226569670766,5.44327665256084,-0.0206196854842391
0.3828,5.49775984130087,5.51828601069105,-0.020526169390175
0.383,5.57287743702482,5.5932003420466,-0.0203229050217848
0.3832,5.64799651450664,5.66802581972328,-0.0200293052166405
0.3834,5.72315169126019,5.74285299439468,-0.0197013031344913
0.3836,5.79828484057168,5.81763489334688,-0.0193500527752066
0.3838,5.87332200176031,5.89231964925592,-0.0189976474956053
0.384,5.94833415791928,5.9669904779234,-0.0186563200041157
0.3842,6.02328659721776,6.04158189796443,-0.0182953007466669
0.3844,6.09820322962456,6.11613227401693,-0.0179290443923774
0.3846,6.17309643960983,6.19069963573069,-0.017603196120862
0.3848,6.24795683469906,6.26528415938733,-0.0173273246882788
0.385,0.0395805548575145,0.0566644802476358,-0.0170839253901213
0.3852,0.114326465170238,0.131187885761906,-0.0168614205916684
0.3854,0.189089554379054,0.205740924348386,-0.016651369969332
0.3856,0.263878420209925,0.280285466303505,-0.0164070460935802
0.3858,0.338679512952084,0.354822486774445,-0.0161429738223608
0.386,0.413502416196385,0.429361937094105,-0.0158595208977196
0.3862,0.488287318553572,0.503969619812059,-0.0156823012584866
0.3864,0.563057446272307,0.578623841171983,-0.0155663948996763
0.3866,0.637842158382156,0.65337050607164,-0.0155283476894836
0.3868,0.712701031729752,0.72824069661657,-0.0155396648868176
0.387,0.787661569018141,0.803216712547455,-0.0155551435293133
0.3872,0.862628274645382,0.878273568898666,-0.0156452942532836
0.3874,0.937633230714593,0.953424384094693,-0.0157911533801006
0.3876,1.01270777719848,1.0286007161066,-0.0158929389081184
0.3878,1.08783147161017,1.10379829867979,-0.0159668270696132
0.388,1.16297341602059,1.17903411657395,-0.016060700553362
0.3882,1.23813338528417,1.25433174300376,-0.0161983577195883
0.3884,1.31328640443378,1.32966691988336,-0.0163805154495797
0.3886,1.38845947921187,1.40503574297935,-0.0165762637674789
0.3888,1.46362429518467,1.48042624392342,-0.0168019487387532
0.389,1.5387781346048,1.55582175272481,-0.0170436181200135
0.3892,1.61387331919514,1.63121738373781,-0.017344064542675
0.3894,1.68889067718609,1.70659644372105,-0.0177057665349634
0.3896,1.76388992721317,1.78195519375337,-0.0180652665401968
0.3898,1.83882874343986,1.85728102656233,-0.0184522831224732
0.39,1.91373668435598,1.93256804124295,-0.0188313568869654
0.3902,1.98862941995047,2.0078162842575,-0.0191868643070283
0.3904,2.06348167294466,2.08303467252219,-0.0195529995775288
0.3906,2.13827431274165,2.15818602176868,-0.019911709027034
0.3908,2.21300309588963,2.23330118146708,-0.0202980855774477
0.391,2.28774666226364,2.30844288589888,-0.0206962236352437
0.3912,2.36251022645599,2.38349999681513,-0.0209897703591406
0.3914,2.43727985171242,2.45850131661248,-0.0212214649000582
0.3916,2.51209703710766,2.53345648926503,-0.0213594521573763
0.3918,2.58691546163521,2.60828071582951,-0.0213652541942988
0.392,2.66174014344644,2.6830376324385,-0.0212974889920567
0.3922,2.73660951813667,2.75773867559541,-0.0211291574587356
0.3924,2.81149834098468,2.83234211036083,-0.020843769376147
0.3926,2.88643057176836,2.90693931809672,-0.0205087463283631
0.3928,2.96138052350156,2.98151484595197,-0.0201343224504122
0.393,3.03633938117586,3.05603480588353,-0.0196954247076735
0.3932,3.11131721757149,3.13053924937321,-0.0192220318017222
0.3934,3.18635247076706,3.20502336042378,-0.01867088965672
0.3936,3.26141282515819,3.27954072448642,-0.0181278993282286
0.3938,3.33651883752803,3.35408492622435,-0.0175660886963191
0.394,3.41162843445542,3.42861216915427,-0.0169837346988544
0.3942,3.48677272535611,3.50317903248169,-0.0164063071255756
0.3944,3.56192544816726,3.57774982761015,-0.0158243794428903
0.3946,3.63711090520987,3.65243061869295,-0.0153197134830796
0.3948,3.71227299369541,3.72721975481564,-0.0149467611202292
0.395,3.78739967869202,3.80206195107334,-0.0146622723813188
0.3952,3.86249198509107,3.87698843056495,-0.0144964454738781
0.3954,3.93750360857875,3.95199632216752,-0.0144927135887691
0.3956,4.01247790816584,4.02705659431088,-0.0145786861450485
0.3958,4.08740992412004,4.10214280762298,-0.0147328835029423
0.396,4.16228429390964,4.17726307064755,-0.0149787767379115
0.3962,4.23709368215797,4.25240966107347,-0.0153159789155071
0.3964,4.3118188163274,4.32763104332841,-0.0158122270010121
0.3966,4.38656473842301,4.40289759862431,-0.0163328602012962
0.3968,4.46133569975387,4.47821311105624,-0.0168774113023709
0.397,4.53611617260756,4.55356473044633,-0.0174485578387769
0.3972,4.61091825497845,4.62894930712181,-0.0180310521433631
0.3974,4.68575337861987,4.70434877408226,-0.018595395462393
0.3976,4.76056564717783,4.77974223489516,-0.0191765877173298
0.3978,4.83536197905636,4.85511685980495,-0.0197548807485877
0.398,4.91017530247032,4.93045516909106,-0.0202798666207364
0.3982,4.98497690414517,5.00577997320659,-0.0208030690614205
0.3984,5.05982065284743,5.08108275981482,-0.0212621069673951
0.3986,5.13473495128665,5.15633506192253,-0.0216001106358821
0.3988,5.20972247834935,5.23154526477882,-0.021822786429472
0.399,5.2847568474244,5.30668710079933,-0.0219302533749328
0.3992,5.35981272125612,5.3818110595398,-0.0219983382836828
0.3994,5.43491989785026,5.4568812398132,-0.0219613419629416
0.3996,5.51003170422362,5.5318928511605,-0.0218611469368808
0.3998,5.58516996548973,5.60682389517293,-0.0216539296832057
0.4,5.66030248441413,5.68165452478304,-0.0213520403689182
0.4002,5.73545892980838,5.75645104258252,-0.0209921127741453
0.4004,5.81058767780235,5.83118012682616,-0.0205924490238152
0.4006,5.8856211288223,5.90582027338063,-0.020199144558334
0.4008,5.96063532935601,5.98047344545633,-0.0198381161003152
0.401,6.03559758660573,6.0550747325168,-0.0194771459110701
0.4012,6.11053123270561,6.12965529926653,-0.0191240665609236
0.4014,6.18543431268822,6.20421510983569,-0.0187807971474756
0.4016,6.26028554120668,6.27876964999746,-0.018484108790787
0.4018,0.051876351491682,0.0701245589183347,-0.0182482074266527
0.402,0.126633338671631,0.144652125106564,-0.0180187864349332
0.4022,0.20139394489498,0.219165745110908,-0.0177718002159286
0.4024,0.276145556104537,0.29367717215279,-0.0175316160482528
0.4026,0.350893572959044,0.36823136194726,-0.0173377889882155
0.4028,0.425698424591963,0.442918018843902,-0.0172195942519384
0.403,0.500520422449769,0.517676077781403,-0.017155655331634
0.4032,0.575362094131772,0.592479690438367,-0.0171175963065949
0.4034,0.650256693900242,0.667294219894731,-0.0170375259944887
0.4036,0.725214126847846,0.742185597981284,-0.0169714711334382
0.4038,0.80025842715145,0.817160688363055,-0.0169022612116051
0.404,0.875324854823593,0.892170300493498,-0.0168454456699053
0.4042,0.950399006964846,0.967241939789543,-0.0168429328246966
0.4044,1.02549261109701,1.04236939995121,-0.0168767888541939
0.4046,1.10063946580953,1.11757963669913,-0.0169401708896062
0.4048,1.17579888853175,1.19283336637244,-0.0170344778406955
0.405,1.25098456523198,1.26813887643996,-0.0171543112079779
0.4052,1.32615080290063,1.34348148063249,-0.0173306777318591
0.4054,1.40132683236348,1.41885647236035,-0.017529639996871
0.4056,1.47648703888259,1.49425293404615,-0.0177658951635609
0.4058,1.55162684565529,1.569651101264,-0.0180242556087118
0.406,1.6266968509284,1.6450466670433,-0.0183498161149054
0.4062,1.70168122230968,1.72042802856591,-0.0187468062562268
0.4064,1.77661271340309,1.79580362493274,-0.0191909115296542
0.4066,1.85146092285184,1.87116409521956,-0.0197031723677266
0.4068,1.92629419061921,1.94649262328771,-0.0201984326685083
0.407,2.00109296130495,2.02179549991093,-0.0207025386059705
0.4072,2.07584171648495,2.09707310762743,-0.0212313911424737
0.4074,2.15055582983135,2.1722801536412,-0.0217243238098517
0.4076,2.22529092362892,2.2473802567195,-0.0220893330905758
0.4078,2.30004148167456,2.32242505601348,-0.0223835743389191
0.408,2.37480157977259,2.39737458830602,-0.0225730085334299
0.4082,2.4495754492328,2.47222545660765,-0.0226500073748501
0.4084,2.52440869830613,2.54705193676277,-0.0226432384566486
0.4086,2.59924523209614,2.62178632962354,-0.0225410975273919
0.4088,2.67408769953859,2.69648401693792,-0.0223963173993278
0.409,2.74897107880447,2.77118323420523,-0.0222121554007613
0.4092,2.82391001120857,2.84587256247777,-0.0219625512691932
0.4094,2.89893139726247,2.92054448185772,-0.0216130845952529
0.4096,2.97395037155277,2.99516260736841,-0.0212122358156464
0.4098,3.04896695078425,3.06970357095594,-0.0207366201716921
0.41,3.12396206603754,3.14413967449492,-0.0201776084573786
0.4102,3.19895676546784,3.21856763897904,-0.0196108735111973
0.4104,3.27396964958873,3.29299632702374,-0.0190266774350123
0.4106,3.34901311163247,3.36745350890423,-0.0184403972717559
0.4108,3.42404129694197,3.44190935626827,-0.0178680593262994
0.411,3.49909465683717,3.51642557640866,-0.0173309195714895
0.4112,3.57415807726827,3.59098622574478,-0.01682814847651
0.4114,3.64922869552704,3.6655628725438,-0.0163341770167533
0.4116,3.72424867810824,3.74020187308476,-0.0159531949765146
0.4118,3.79926844066341,3.81494505919416,-0.0156766185307489
0.412,3.87427432814112,3.88977588701808,-0.0155015588769571
0.4122,3.94921624455434,3.96463683240169,-0.0154205878473461
0.4124,4.02412331398494,4.03960235524393,-0.0154790412589927
0.4126,4.09900918032901,4.11470100408679,-0.0156918237577734
0.4128,4.17386324830531,4.18988048859178,-0.0160172402864793
0.413,4.2486615707814,4.2651538374695,-0.0164922666880969
0.4132,4.32346541242364,4.34048992446767,-0.0170245120440287
0.4134,4.39827852797902,4.41584144184754,-0.0175629138685149
0.4136,4.47309817749812,4.49122330749694,-0.0181251299988228
0.4138,4.54792844388528,4.56661606862358,-0.0186876247382957
0.414,4.62280660611035,4.64200621826843,-0.0191996121580802
0.4142,4.69767386216639,4.71740359124621,-0.0197297290798248
0.4144,4.77252578391785,4.79280006854401,-0.0202742846261668
0.4146,4.84739481424371,4.86819403842511,-0.0207992241814052
0.4148,4.92230561887816,4.94356940880311,-0.0212637899249479
0.415,4.9972414843064,5.01892210948427,-0.0216806251778721
0.4152,5.0722072545284,5.09424061118544,-0.0220333566570368
0.4154,5.14719630206605,5.16948607646759,-0.0222897744015347
0.4156,5.22220574161826,5.24468865315279,-0.0224829115345297
0.4158,5.29726258273353,5.31981278049215,-0.0225501977586182
0.416,5.37233066030754,5.39486723419197,-0.0225365738844339
0.4162,5.44743344228196,5.46986614402687,-0.0224327017449086
0.4164,5.52253642171599,5.54481751889862,-0.022281097182633
0.4166,5.59765812066624,5.61973599184628,-0.0220778711800413
0.4168,5.67279457987444,5.69458390049182,-0.0217893206173754
0.417,5.74793222196913,5.76940159312603,-0.0214693711569067
0.4172,5.82300256817622,5.84418410712822,-0.0211815389520007
0.4174,5.89804998314979,5.91889073128273,-0.0208407481329376
0.4176,5.97306464573555,5.99355788978034,-0.0204932440447827
0.4178,6.04800075679803,6.06812931790642,-0.0201285611083923
0.418,6.1228902772471,6.14264327522381,-0.0197529979767062
0.4182,6.1977253207417,6.21710297007914,-0.0193776493374376
0.4184,6.27249899341863,0.00838419195638108,-0.0190705057173339
0.4186,0.0640243395131206,0.0827529620665695,-0.0187286225534489
0.4188,0.138652385063326,0.157096042288603,-0.0184436572252774
0.419,0.213301390458076,0.231512826571052,-0.0182114361129758
0.4192,0.28797723024306,0.30598853706739,-0.0180113068243304
0.4194,0.362669211743196,0.380498211787883,-0.0178290000446874
0.4196,0.437424360804897,0.455126489414413,-0.0177021286095156
0.4198,0.512194935845329,0.529807004392361,-0.0176120685470317
0.42,0.586976941831711,0.604544517087171,-0.0175675752554599
0.4202,0.661798764622032,0.679311752593429,-0.0175129879713966
0.4204,0.736669896411618,0.754153708776834,-0.017483812365216
0.4206,0.811618006280703,0.82909982472712,-0.0174818184464172
0.4208,0.886581692735562,0.90409940775398,-0.0175177150184175
0.421,0.961545741801715,0.979167062654891,-0.017621320853176
0.4212,1.03650421646129,1.05427404686635,-0.0177698304050649
0.4214,1.11148605754484,1.12946944256279,-0.0179833850179478
0.4216,1.18649065129472,1.20472442626845,-0.0182337749737325
0.4218,1.26153720019656,1.28003317761543,-0.018495977418872
0.422,1.33658025625437,1.35537899452819,-0.0187987382738208
0.4222,1.41165015167979,1.43075806549599,-0.019107913816196
0.4224,1.48671936896433,1.50615850282355,-0.0194391338592215
0.4226,1.56177757899487,1.58155771249585,-0.0197801335009864
0.4228,1.63676633395145,1.65695518301452,-0.0201888490630651
0.423,1.71174171065056,1.73233393832263,-0.0205922276720691
0.4232,1.78670011636751,1.80767875246863,-0.0209786361011211
0.4234,1.86160149372638,1.88300525707775,-0.0214037633513751
0.4236,1.93647957589737,1.95829630223153,-0.0218167263341553
0.4238,2.01132086727557,2.03353346355947,-0.022212596283901
0.424,2.08610733293271,2.10874769247786,-0.0226403595451559
0.4242,2.1609217947402,2.18395301091546,-0.0230312161752546
0.4244,2.23575091481544,2.25905993595963,-0.0233090211441911
0.4246,2.31057055862808,2.33410231649286,-0.0235317578647822
0.4248,2.38538836050744,2.40905522601515,-0.0236668655077135
0.425,2.46022108411096,2.48391609996722,-0.023695015856263
0.4252,2.53511186380569,2.5587598985672,-0.0236480347615196
0.4254,2.61000411779143,2.63349983679595,-0.0234957190045266
0.4256,2.68489239492122,2.70815221667176,-0.0232598217505466
0.4258,2.75980234724228,2.78270239749477,-0.0229000502524874
0.426,2.83471182769509,2.85710221764427,-0.0223903899491833
0.4262,2.90958845066393,2.93150431066559,-0.0219158600016653
0.4264,2.98449725641571,3.00592635788666,-0.0214291014709471
0.4266,3.05942981437982,3.08034983424747,-0.0209200198676505
0.4268,3.13437240546058,3.15478970875733,-0.0204173032967478
0.427,3.20934728790935,3.2292154864264,-0.0198681985170488
0.4272,3.2843220476894,3.30363805984604,-0.0193160121566369
0.4274,3.35932937746311,3.37812075298582,-0.0187913755227069
0.4276,3.43434343795689,3.45261317842831,-0.0182697404714287
0.4278,3.50938357216169,3.52714787443954,-0.0177643022778509
0.428,3.58443728245946,3.60178206863898,-0.0173447861795131
0.4282,3.65948345099843,3.67646676827596,-0.0169833172775244
0.4284,3.73445549931326,3.75115451876062,-0.0166990194473624
0.4286,3.80941389812601,3.8259239212308,-0.0165100231047841
0.4288,3.88436226766131,3.900822427907,-0.01646016024569
0.429,3.95926033919152,3.97577346955838,-0.0165131303668566
0.4292,4.03413415208293,4.05079080247431,-0.0166566503913748
0.4294,4.10898760375795,4.12591207417367,-0.0169244704157121
0.4296,4.18380412036775,4.20107835378674,-0.0172742334189957
0.4298,4.25855923042551,4.27629990239857,-0.0177406719730646
0.43,4.33331457954843,4.3515965749348,-0.0182819953863715
0.4302,4.40807243241249,4.42691861317361,-0.0188461807611233
0.4304,4.48285222516926,4.50226403572998,-0.0194118105607268
0.4306,4.55767073932288,4.57764331142705,-0.0199725721041686
0.4308,4.63252952176994,4.65303560983244,-0.0205060880625023
0.431,4.70738294455612,4.72843281289614,-0.0210498683400253
0.4312,4.78223846506779,4.80382467061,-0.0215862055422082
0.4314,4.85712320705669,4.87919942023626,-0.0220762131795729
0.4316,4.93205179881654,4.95454552774927,-0.0224937289327345
0.4318,5.00699612252663,5.02985583282274,-0.022859710296105
0.432,5.08195258568761,5.10513024881871,-0.0231776631311016
0.4322,5.15695542818001,5.18035082453105,-0.0233953963510336
0.4324,5.23201986149974,5.25555485444897,-0.0235349929492301
0.4326,5.30715887746728,5.33071515350269,-0.0235562760354107
0.4328,5.38231739478959,5.40580500433302,-0.0234876095434258
0.433,5.45751533742373,5.48082297689211,-0.0233076394683813
0.4332,5.5327114830347,5.55574586835274,-0.0230343853180415
0.4334,5.60791112363874,5.6306066557601,-0.0226955321213573
0.4336,5.68306430010067,5.70534757139864,-0.022283271297975
0.4338,5.75815532391636,5.78004253593804,-0.0218872120216762
0.434,5.83318030256692,5.85466559165791,-0.0214852890909913
0.4342,5.90818525801942,5.92923469347544,-0.0210494354560264
0.4344,5.98315133911775,6.00382029261043,-0.0206689534926818
0.4346,6.05811074264226,6.07840939445349,-0.0202986518112374
0.4348,6.13304079132906,6.15301609474216,-0.0199753034131085
0.435,6.20793006939769,6.22758527156868,-0.0196552021709877
0.4352,6.28275739824411,0.0189804503330748,-0.019408359268553
0.4354,0.074350444557683,0.0935635150159659,-0.0192130704582829
0.4356,0.149069221260428,0.168085798215735,-0.0190165769553073
0.4358,0.223796519490658,0.242617820877863,-0.0188213013872054
0.436,0.298540697036744,0.317168238545458,-0.0186275415087142
0.4362,0.373297371941521,0.391673265840208,-0.0183758938986876
0.4364,0.448032100745794,0.466178616523665,-0.0181465157778709
0.4366,0.522768993152633,0.540739406654037,-0.0179704135014034
0.4368,0.597524960551138,0.615389631496109,-0.0178646709449711
0.437,0.672320317095714,0.690100238405019,-0.0177799213093055
0.4372,0.747164721587599,0.76487667042897,-0.0177119488413708
0.4374,0.822029057032307,0.839736462155442,-0.017707405123135
0.4376,0.896908422767979,0.914676677914822,-0.0177682551468437
0.4378,0.971793291158604,0.989710765323375,-0.0179174741647707
0.438,1.04668873759077,1.06480510506787,-0.0181163674770963
0.4382,1.12163141770385,1.13998350144208,-0.0183520837382334
0.4384,1.19659215714133,1.21521464240366,-0.0186224852623273
0.4386,1.27159390898843,1.2904972291985,-0.0189033202100648
0.4388,1.34659640722588,1.36580940952884,-0.0192130023029582
0.439,1.42161135141689,1.44115558213605,-0.0195442307191607
0.4392,1.4966277099324,1.51654162621927,-0.0199139162868724
0.4394,1.57163193852492,1.59193977188436,-0.02030783335944
0.4396,1.64656341112599,1.66733546393833,-0.0207720528123421
0.4398,1.72148331956239,1.74271406797917,-0.0212307484167826
0.44,1.79639323617994,1.81805589537308,-0.0216626591931381
0.4402,1.87125146965836,1.89336152644032,-0.0221100567819599
0.4404,1.94608396959105,1.96861072216362,-0.0225267525725716
0.4406,2.02087054378033,2.04379134610478,-0.0229208023244545
0.4408,2.09559366542999,2.11888350173185,-0.0232898363018554
0.441,2.17034222276497,2.19394036669221,-0.0235981439272419
0.4412,2.24510906340214,2.26892349296562,-0.0238144295634766
0.4414,2.31987226435899,2.34385817355046,-0.0239859091914734
0.4416,2.39466363645408,2.41875895675352,-0.0240953202994332
0.4418,2.46950886640513,2.49353770450778,-0.0240288381026463
0.442,2.54433196321737,2.56826578343223,-0.0239338202148534
0.4422,2.61915191847224,2.64291392022761,-0.0237620017553724
0.4424,2.69398330071383,2.71749869523565,-0.0235153945218181
0.4426,2.76883820215937,2.79206274046352,-0.0232245383041558
0.4428,2.84372225261977,2.86662174942776,-0.0228994968079994
0.443,2.91861476138664,2.94112174226361,-0.0225069808769787
0.4432,2.99352467366624,3.01560381521102,-0.0220791415447796
0.4434,3.06844814331666,3.09003728869069,-0.0215891453740262
0.4436,3.14338346411146,3.16449878333175,-0.0211153192202898
0.4438,3.21839485345135,3.23901098689941,-0.0206161334480575
0.444,3.29341816782649,3.31351435600006,-0.0200961881735635
0.4442,3.36847032389731,3.38804966571494,-0.0195793418176327
0.4444,3.44352192107767,3.46259603282899,-0.0190741117513165
0.4446,3.51858673442888,3.53715588938265,-0.0185691549537639
0.4448,3.59361077091207,3.61173322918133,-0.0181224582692621
0.445,3.66857195704187,3.68637822117154,-0.017806264129665
0.4452,3.74346812484487,3.76105812022484,-0.0175899953799634
0.4454,3.81835597828065,3.83581200112496,-0.0174560228443075
0.4456,3.89322719630569,3.91068238307905,-0.017455186773359
0.4458,3.96811582235349,3.98560404027243,-0.0174882179189328
0.446,4.04298237007462,4.06057970016292,-0.0175973300882992
0.4462,4.11779559963601,4.13561764665439,-0.0178220470183756
0.4464,4.19255019639278,4.21070912757753,-0.0181589311847521
0.4466,4.26725704036552,4.28581969116644,-0.0185626508009236
0.4468,4.34197979223141,4.36101731290695,-0.0190375206755302
0.447,4.41671091664385,4.43627675446772,-0.0195658378238681
0.4472,4.49147249645493,4.51158458039644,-0.020112083941509
0.4474,4.56628468212205,4.58694075014797,-0.0206560680259198
0.4476,4.64114205118814,4.66232378199186,-0.0211817308037139
0.4478,4.71598881655648,4.73771986642624,-0.0217310498697669
0.448,4.79082873104364,4.81311212285559,-0.0222833918119534
0.4482,4.86569264119399,4.8884781995237,-0.0227855583297059
0.4484,4.94059438460723,4.9638028230667,-0.0232084384594726
0.4486,5.01550746572168,5.03909283272644,-0.0235853670047614
0.4488,5.09043195141375,5.11433602636879,-0.0239040749550448
0.449,5.16536104001751,5.18948049925956,-0.0241194592420477
0.4492,5.24029655650388,5.26455047930757,-0.0242539228036867
0.4494,5.31530728282645,5.33955943667767,-0.0242521538512266
0.4496,5.39033105742579,5.41450825896394,-0.0241772015381576
0.4498,5.46535671726937,5.48940795870137,-0.0240512414319971
0.45,5.54038776530396,5.56422044204638,-0.0238326767424182
0.4502,5.61544273058322,5.63900788922716,-0.0235651586439376
0.4504,5.69049887356925,5.71372834991081,-0.0232294763415561
0.4506,5.76553432033108,5.78837207676992,-0.0228377564388467
0.4508,5.84048540594501,5.86292727948207,-0.0224418735370611
0.451,5.91541187647801,5.93743015340221,-0.0220182769241912
0.4512,5.9903163174888,6.01189904740639,-0.021582729917589
0.4514,6.06523845656031,6.08636922919823,-0.021130772637914
0.4516,6.14015174956055,6.16086942064579,-0.0207176710852455
0.4518,6.2150367005227,6.23535498485568,-0.0203182843329754
0.452,0.00667746607139108,0.0266947726412189,-0.0200173065698278
0.4522,0.0815268913304173,0.101312692119731,-0.019785800789314
0.4524,0.156382436623701,0.175916284676362,-0.0195338480526611
0.4526,0.231215585578179,0.25050346992263,-0.0192878843444516
0.4528,0.306060221567178,0.325158550065546,-0.0190983284983682
0.453,0.380946488285736,0.39989241973869,-0.0189459314529543
0.4532,0.455799721164264,0.474627439941723,-0.0188277187774586
0.4534,0.530635205153317,0.549334712353522,-0.0186995072002056
0.4536,0.605473310294768,0.624084626587023,-0.0186113162922542
0.4538,0.680333097057613,0.698877469712065,-0.0185443726544521
0.454,0.755223867545957,0.773767235304504,-0.0185433677585471
0.4542,0.830128042742267,0.848711869727117,-0.0185838269848505
0.4544,0.905053904278345,0.923685637762605,-0.0186317334842599
0.4546,0.979947358522691,0.998708776462016,-0.0187614179393246
0.4548,1.05485917100584,1.07378998346819,-0.0189308124623544
0.455,1.12986146996097,1.14895534333327,-0.0190938733722927
0.4552,1.2048780690795,1.22418276677671,-0.0193046976972038
0.4554,1.27991634732057,1.29947074294446,-0.0195543956238862
0.4556,1.35494410953267,1.37480480741065,-0.0198606978779801
0.4558,1.42997876449934,1.45016148207145,-0.0201827175721168
0.456,1.5049716921828,1.52554527668589,-0.0205735845030821
0.4562,1.57990476395442,1.60094309862339,-0.0210383346689662
0.4564,1.65477581835665,1.676346660706,-0.0215708423493517
0.4566,1.72964632822994,1.75174840676311,-0.0221020785331782
0.4568,1.80450741942391,1.82712980358502,-0.0226223841611104
0.457,1.87938863349936,1.90249846698799,-0.0231098334886293
0.4572,1.95425753784634,1.97784495677969,-0.0235874189333536
0.4574,2.02908930197001,2.05312288053421,-0.0240335785642061
0.4576,2.10385348639515,2.1282769410896,-0.0244234546944533
0.4578,2.1785638146195,2.20336061126662,-0.0247967966471232
0.458,2.25329519050152,2.27836724019353,-0.0250720496920125
0.4582,2.32804366015447,2.35327696325672,-0.0252333031022527
0.4584,2.40280080861503,2.42805943277342,-0.0252586241583894
0.4586,2.47756871951579,2.50274086400691,-0.0251721444911235
0.4588,2.55231214969036,2.57737098413962,-0.0250588344492613
0.459,2.62704741164582,2.65190058241151,-0.0248531707656854
0.4592,2.70178509257016,2.72636110302198,-0.0245760104518205
0.4594,2.77654558206715,2.80075569655127,-0.0242101144841174
0.4596,2.85134410874852,2.87512951167679,-0.0237854029282696
0.4598,2.92616158938537,2.94948017505012,-0.0233185856647515
0.46,3.0010004230641,3.02383522414521,-0.0228348010811144
0.4602,3.07588734597693,3.0982128223568,-0.022325476379871
0.4604,3.15082575817323,3.17257068742522,-0.0217449292519842
0.4606,3.22581797017411,3.24695160194172,-0.021133631767607
0.4608,3.3008075896906,3.3213043888282,-0.0204967991376002
0.461,3.37579918717305,3.39568200902673,-0.0198828218536855
0.4612,3.45080288134519,3.4701121382845,-0.0193092569393074
0.4614,3.52583909602184,3.54465888645971,-0.0188197904378709
0.4616,3.6008470593911,3.6192863115924,-0.0184392522013019
0.4618,3.67579679885895,3.69397591780247,-0.0181791189435128
0.462,3.75067898551906,3.76868068721157,-0.0180017016925138
0.4622,3.82555468070763,3.84344227975612,-0.017887599048497
0.4624,3.90041963601359,3.9183045016877,-0.0178848656741106
0.4626,3.97530895946363,3.99321864128204,-0.0179096818184048
0.4628,4.05019277312552,4.06819391277952,-0.0180011396540012
0.463,4.12504535687101,4.14323385507321,-0.0181884982022034
0.4632,4.19983256959542,4.21837024766684,-0.0185376780714206
0.4634,4.27464040327409,4.2935581095669,-0.018917706292811
0.4636,4.34945852840313,4.36881378183877,-0.019355253435644
0.4638,4.42426121727105,4.44412024599472,-0.0198590287236753
0.464,4.4990805301742,4.51946520791381,-0.0203846777396111
0.4642,4.57394440482853,4.59484048136611,-0.0208960765375803
0.4644,4.6487778640544,4.67022842510404,-0.0214505610496438
0.4646,4.72359656308712,4.74562504973388,-0.022028486646767
0.4648,4.79841015445949,4.82101559242346,-0.0226054379639749
0.465,4.87323079167399,4.89638356896957,-0.023152777295576
0.4652,4.94806982204652,4.9717102391819,-0.023640417135379
0.4654,5.0229144772577,5.04699850417652,-0.0240840269188141
0.4656,5.09777696368175,5.1222599155373,-0.0244829518555525
0.4658,5.17260249289399,5.19744958956699,-0.0248470966730014
0.466,5.24743852855554,5.27256742483618,-0.0251288962806422
0.4662,5.32235789806147,5.34762141172556,-0.025263513664088
0.4664,5.39729197670325,5.42259074357249,-0.0252987668692368
0.4666,5.47222989663515,5.49750427264922,-0.0252743760140683
0.4668,5.54717553949038,5.57232567332404,-0.0251501338336615
0.467,5.62214809632407,5.64714759467232,-0.0249994983482473
0.4672,5.69718388236543,5.72195559255054,-0.0247717101851084
0.4674,5.77222068020492,5.79669633538328,-0.0244756551783603
0.4676,5.8471833256048,5.87134719684089,-0.0241638712360883
0.4678,5.92213600581199,5.94592971694131,-0.0237937111293283
0.468,5.99707453440093,6.02044220546946,-0.0233676710685309
0.4682,6.07202462611261,6.09490950767266,-0.0228848815600546
0.4684,6.14694970415498,6.16936535312686,-0.0224156489718759
0.4686,6.22182859706114,6.24376366014388,-0.0219350630827382
0.4688,0.0134488145215181,0.0348621378249188,-0.0214133233034006
0.469,0.0881909962682694,0.109094942521037,-0.0209039462527673
0.4692,0.162899507700696,0.18335267682028,-0.0204531691195839
0.4694,0.237605969311338,0.257624316278155,-0.0200183469668166
0.4696,0.312329604577522,0.331924224955427,-0.0195946203779046
0.4698,0.387083420414787,0.406315346171896,-0.0192319257571082
0.47,0.461800609952803,0.480771230111323,-0.0189706201585205
0.4702,0.536499432511416,0.555259868135952,-0.0187604356245366
0.4704,0.61121119007726,0.629835897604647,-0.0186247075273868
0.4706,0.685965570287295,0.704504968781054,-0.0185393984937591
0.4708,0.760772987533035,0.7793094956025,-0.0185365080694642
0.471,0.83560727514454,0.854195353357715,-0.0185880782131743
0.4712,0.9104653602484,0.929190775212204,-0.0187254149638042
0.4714,0.985335508538444,1.00426436547534,-0.0189288569369006
0.4716,1.06021934738662,1.07939842142758,-0.0191790740409554
0.4718,1.13518695399484,1.15461558971051,-0.0194286357156703
0.472,1.21017343693506,1.22989714250481,-0.0197237055697479
0.4722,1.28518697778086,1.30523567465843,-0.0200486968775699
0.4724,1.3601887142041,1.38060990840259,-0.0204211941984849
0.4726,1.43518990332048,1.45599920235943,-0.0208092990389472
0.4728,1.51017543490549,1.53140464476823,-0.0212292098627405
0.473,1.58513327837878,1.60680304858802,-0.0216697702092374
0.4732,1.66000695763539,1.68218266348301,-0.0221757058476155
0.4734,1.7348647969708,1.75753887992107,-0.0226740829502636
0.4736,1.80967543074594,1.8328616884907,-0.023186257744765
0.4738,1.88446684354462,1.90814898884575,-0.0236821453011253
0.474,1.95925635307682,1.98340294686463,-0.0241465937878138
0.4742,2.0340226523322,2.05861254731026,-0.0245898949780585
0.4744,2.10873569378001,2.1337527496293,-0.0250170558492888
0.4746,2.18348774248183,2.20884696588936,-0.025359223407535
0.4748,2.25827100936687,2.28384990129402,-0.025578891927148
0.475,2.3330583924357,2.35879509109942,-0.0257366986637195
0.4752,2.40787694975355,2.43371062828473,-0.0258336785311841
0.4754,2.48274514639489,2.50855458733301,-0.0258094409381262
0.4756,2.55765150542394,2.58337286335129,-0.0257213579273521
0.4758,2.6325330669505,2.65812461231538,-0.0255915453648794
0.476,2.7073950395955,2.73279832366072,-0.0254032840652232
0.4762,2.78226782853398,2.80739041454893,-0.0251225860149522
0.4764,2.85717648166627,2.88194869383979,-0.0247722121735148
0.4766,2.93209465257472,2.95644988266449,-0.0243552300897747
0.4768,3.00702140910132,3.030847894366,-0.0238264852646788
0.477,3.08191505046609,3.1051243338099,-0.0232092833438058
0.4772,3.1568185272127,3.17939646028172,-0.0225779330690239
0.4774,3.23179505234344,3.25372356706883,-0.0219285147253894
0.4776,3.30677349840476,3.32805284129527,-0.0212793428905047
0.4778,3.38174516562852,3.40238347231401,-0.0206383066854947
0.478,3.4567193201071,3.47673918763533,-0.0200198675282279
0.4782,3.53172198322384,3.5511949605817,-0.0194729773578595
0.4784,3.60670002517805,3.62572511175608,-0.0190250865780288
0.4786,3.68163164526861,3.70033030667946,-0.0186986614108511
0.4788,3.75650916040701,3.77499176314752,-0.0184826027405096
0.479,3.83138615463047,3.84971101005556,-0.0183248554250999
0.4792,3.90624571311315,3.92451957877541,-0.018273865662263
0.4794,3.98111483206887,3.99939943826708,-0.018284606198212
0.4796,4.05596303880101,4.07436571535614,-0.0184026765551275
0.4798,4.13076869337714,4.1494094162413,-0.0186407228641592
0.48,4.20550239678709,4.22453522378702,-0.0190328269999336
0.4802,4.28017604853404,4.29971405655235,-0.0195380080183156
0.4804,4.35486072244274,4.37497108902472,-0.0201103665819806
0.4806,4.42954957830238,4.45028075470226,-0.0207311763998836
0.4808,4.50426201200615,4.52563149490712,-0.0213694829009734
0.481,4.57901879285054,4.60101917878644,-0.0220003859359057
0.4812,4.65374854083768,4.67641408721062,-0.0226655463729424
0.4814,4.72847515057482,4.75181092516585,-0.0233357745910316
0.4816,4.80321516513957,4.82719900616322,-0.0239838410236537
0.4818,4.87798276564779,4.90257458382273,-0.0245918181749403
0.482,4.95279658572368,4.97792861697842,-0.0251320312547358
0.4822,5.02762939840417,5.05324914623992,-0.0256197478357576
0.4824,5.10248067819281,5.12853089137169,-0.0260502131788805
0.4826,5.17739488466738,5.20376753027455,-0.0263726456071653
0.4828,5.25237155425433,5.27893688995956,-0.0265653357052349
0.483,5.32740443988306,5.35402467784692,-0.0266202379638578
0.4832,5.40243562234111,5.42901058790801,-0.0265749655668959
0.4834,5.47746621259965,5.50393500882186,-0.0264687962222103
0.4836,5.55249717303385,5.57874806821206,-0.0262508951782063
0.4838,5.62754297363859,5.65348100785854,-0.0259380342199469
0.484,5.70259741469982,5.72816842230323,-0.0255710076034052
0.4842,5.77759939776528,5.80277755896904,-0.02517816120376
0.4844,5.85253072824645,5.87730697651072,-0.0247762482642697
0.4846,5.92745703929378,5.95178785232552,-0.0243308130317406
0.4848,6.00236830950992,6.02620287655592,-0.0238345670459985
0.485,6.07729160841808,6.100593430774,-0.0233018223559238
0.4852,6.15219694749448,6.17500185095539,-0.0228049034609095
0.4854,6.22706490400778,6.2493899996685,-0.0223250956607224
0.4856,0.0186787420478112,0.0405718407301987,-0.0218930986823875
0.4858,0.0934130651267073,0.114884207969471,-0.0214711428427635
0.486,0.168068027577537,0.189151816935942,-0.0210837893584049
0.4862,0.242714073369281,0.263453339081373,-0.0207392657120921
0.4864,0.317392866578234,0.337851596163647,-0.020458729585413
0.4866,0.392117357402496,0.41234987250297,-0.0202325151004737
0.4868,0.4668095597784,0.486911385261923,-0.0201018254835232
0.487,0.54148967200788,0.561504115973793,-0.020014443965913
0.4872,0.616181448059954,0.636170384876407,-0.019988936816453
0.4874,0.690903628735311,0.710888322903462,-0.0199846941681509
0.4876,0.765674257544467,0.785705954647698,-0.0200316971032308
0.4878,0.840463190319314,0.860596054074423,-0.0201328637551086
0.488,0.915265256163775,0.935548727939572,-0.0202834717757968
0.4882,0.99007383742342,1.01058316966613,-0.0205093322427076
0.4884,1.06489747405055,1.08568154491004,-0.0207840708594882
0.4886,1.1398119693652,1.1608591294044,-0.0210471600391957
0.4888,1.21475676154552,1.23609048029167,-0.0213337187461446
0.489,1.28972772500621,1.31137994247337,-0.0216522174671587
0.4892,1.36470342231064,1.38671961089584,-0.0220161885851964
0.4894,1.43969394571971,1.46207970810816,-0.022385762388452
0.4896,1.51474122778692,1.53746699131023,-0.0227257635233127
0.4898,1.58977226160752,1.61286526194175,-0.0230930003342253
0.49,1.66474304401843,1.68825898037929,-0.0235159363608657
0.4902,1.7396968746984,1.76363458106822,-0.0239377063698187
0.4904,1.81459280446672,1.83897793471324,-0.0243851302465177
0.4906,1.88946169884616,1.91428886383715,-0.024827164990983
0.4908,1.96432191901384,1.98956215704019,-0.0252402380263479
0.491,2.03914932423751,2.06477409385001,-0.0256247696124983
0.4912,2.11390739840556,2.13986692406184,-0.0259595256562877
0.4914,2.18860344678185,2.21488289885321,-0.0262794520713681
0.4916,2.26330558965078,2.2898048713938,-0.0264992817430199
0.4918,2.33800936484271,2.36462132086093,-0.0266119560182276
0.492,2.41273138921821,2.43939162590351,-0.026660236685299
0.4922,2.48749924256622,2.51404956622281,-0.0265503236565934
0.4924,2.56225224615906,2.58863473070633,-0.0263824845472693
0.4926,2.63699957891203,2.66315493428317,-0.0261553553711393
0.4928,2.71175360435453,2.73761409257721,-0.0258604882226745
0.493,2.78652761870248,2.81197556988357,-0.0254479511810919
0.4932,2.86133978170117,2.88631839613706,-0.0249786144358897
0.4934,2.93616480971868,2.96063326509027,-0.0244684553715895
0.4936,3.01100398523662,3.03496780979471,-0.0239638245580851
0.4938,3.08589166343681,3.10932934828968,-0.0234376848528619
0.494,3.16083922629087,3.18368536259238,-0.0228461363015087
0.4942,3.23584988616454,3.25809266574047,-0.0222427795759295
0.4944,3.31086063120842,3.33252196639518,-0.0216613351867578
0.4946,3.38586478152253,3.40696244966373,-0.0210976681412078
0.4948,3.46086061757488,3.48141786735388,-0.0205572497789941
0.495,3.53586691829651,3.55595605982242,-0.0200891415259168
0.4952,3.61083239107616,3.6305546007514,-0.0197222096752392
0.4954,3.68574228328574,3.70521750023318,-0.0194752169474315
0.4956,3.76059390068879,3.7799282404064,-0.0193343397176062
0.4958,3.83544102086519,3.85469301570631,-0.0192519948411243
0.496,3.91026354563617,3.92954796518994,-0.0192844195537667
0.4962,3.98508705205141,4.00447303121869,-0.019385979167275
0.4964,4.05988425621091,4.07947370950763,-0.0195894532967174
0.4966,4.13464157980931,4.15453768458142,-0.0198961047721067
0.4968,4.20933793427451,4.22969826842911,-0.0203603341546019
0.497,4.28406690770311,4.304907908817,-0.020841001113892
0.4972,4.3588402318819,4.38016474446966,-0.0213245125877677
0.4974,4.43364159688495,4.4554649715225,-0.0218233746375551
0.4976,4.50845184431262,4.53078843649724,-0.0223365921846117
0.4978,4.58330070532521,4.60615358981589,-0.0228528844906828
0.498,4.65813246165605,4.68153779663511,-0.0234053349790564
0.4982,4.7329545524576,4.7569363658658,-0.0239818134081977
0.4984,4.80777440954503,4.83233785302599,-0.0245634434809636
0.4986,4.88260209320661,4.90771825152892,-0.025116158322315
0.4988,4.9574575170425,4.98307027456653,-0.0256127575240344
0.499,5.03232110175276,5.05838712513878,-0.0260660233860168
0.4992,5.10719891597135,5.13365304842937,-0.0264541324580172
0.4994,5.18205199968309,5.20884938810727,-0.0267973884241721
0.4996,5.25692405824413,5.2839785165011,-0.0270544582569663
0.4998,5.33187898283327,5.35903872474871,-0.027159741915443
0.5,5.40684399946714,5.43399653464968,-0.0271525351825384
0.5002,5.48181686078085,5.50887388767562,-0.0270570268947656
0.5004,5.55678343386503,5.58362889160985,-0.0268454577448223
0.5006,5.63176043957641,5.65831168732754,-0.0265512477511329
0.5008,5.70678488229558,5.7330044076051,-0.0262195253095214
0.501,5.78180239911701,5.80761628434959,-0.0258138852325773
0.5012,5.85673601473237,5.88210589110546,-0.0253698763730821
0.5014,5.93165253013595,5.95653822409237,-0.0248856939564197
0.5016,6.00651601512763,6.03081266097374,-0.0242966458461131
0.5018,6.08127448168777,6.10498466152583,-0.0237101798380621
0.502,6.15601686679816,6.17918629044264,-0.0231694236444788
0.5022,6.23073929954718,6.25338403364194,-0.0226447340947606
0.5024,0.0222121235779316,0.0444052494706183,-0.0221931258926867
0.5026,0.0968121053067038,0.118681651794387,-0.0218695464876828
0.5028,0.171429327723223,0.193011886055552,-0.0215825583323291
0.503,0.246063938977146,0.267353043753091,-0.0212891047759454
0.5032,0.320737068993097,0.341773408692469,-0.0210363396993721
0.5034,0.395460532503458,0.416342077754776,-0.0208815452513179
0.5036,0.4702212084513,0.491010798325341,-0.0207895898740412
0.5038,0.544959557505278,0.565666495596457,-0.0207069380911794
0.504,0.619688472246406,0.640375080032292,-0.0206866077858862
0.5042,0.694446490594693,0.715160291829966,-0.0207138012352732
0.5044,0.769260526724762,0.790043985338381,-0.0207834586136189
0.5046,0.844096188363402,0.864990163797513,-0.020893975434111
0.5048,0.918941472540312,0.939948431210174,-0.0210069586698619
0.505,0.993805158802046,1.01495860700118,-0.0211534481991371
0.5052,1.06872764816254,1.0900450488165,-0.0213174006539614
0.5054,1.14371582873195,1.16521901341424,-0.0215031846822955
0.5056,1.21870996380144,1.24045592036473,-0.021745956563294
0.5058,1.29370857196352,1.31574183738692,-0.0220332654233932
0.506,1.36871123546154,1.39108396902322,-0.0223727335616721
0.5062,1.44373360661129,1.46645537877066,-0.02272177215937
0.5064,1.51871759235297,1.54184585648916,-0.0231282641361927
0.5066,1.59364058358998,1.61724426034261,-0.0236036767526331
0.5068,1.66849545840843,1.69263853949196,-0.0241430810835388
0.507,1.74333991052952,1.76801640187085,-0.0246764913413324
0.5072,1.8181461912506,1.84335557422822,-0.0252093829776203
0.5074,1.8929503881918,1.9186533120481,-0.0257029238562974
0.5076,1.96774125577347,1.99390225231982,-0.0261609965463503
0.5078,2.04248853337341,2.06908208370915,-0.0265935503357357
0.508,2.11715708029553,2.14417114129995,-0.0270140610044161
0.5082,2.1918412069735,2.2192114864129,-0.027370279439404
0.5084,2.26656121583013,2.29421372368378,-0.0276525078536509
0.5086,2.34130559955431,2.36909744111454,-0.0277918415602301
0.5088,2.41605281516607,2.44390955271836,-0.0278567375522831
0.509,2.4908295605955,2.5186320013579,-0.0278024407624033
0.5092,2.56558475954914,2.59327215667455,-0.0276873971254119
0.5094,2.64033828675631,2.66783619442901,-0.027497907672696
0.5096,2.71510929659951,2.74234325583636,-0.0272339592368409
0.5098,2.78991065097278,2.81676326636453,-0.0268526153917468
0.51,2.86475552188524,2.89117070273878,-0.0264151808535349
0.5102,2.93961413087133,2.96554184414926,-0.0259277132779396
0.5104,3.014485616072,3.03981124398453,-0.0253256279125251
0.5106,3.089315461616,3.11394314904269,-0.0246276874266913
0.5108,3.16415383189405,3.1880785328571,-0.0239247009630463
0.511,3.23907103437179,3.26228138289331,-0.0232103485215136
0.5112,3.31399296908397,3.33649976701103,-0.0225067979270523
0.5114,3.38890672166413,3.41075902961319,-0.021852307949056
0.5116,3.46387149183613,3.48508527846173,-0.0212137866255979
0.5118,3.53886272229468,3.55953641738508,-0.0206736950903994
0.512,3.61391047567125,3.6341543120641,-0.0202438363928419
0.5122,3.68894959704796,3.70882951094144,-0.019879913893476
0.5124,3.76390426714715,3.78353069578129,-0.0196264286341448
0.5126,3.83883882650195,3.85828207811246,-0.0194432516105105
0.5128,3.91371405962517,3.93305180700616,-0.0193377473809901
0.513,3.98847780672531,4.00788094567196,-0.0194031389466485
0.5132,4.06321985552995,4.08282188005822,-0.0196020245282655
0.5134,4.13793780910846,4.15784757861837,-0.0199097695099102
0.5136,4.21259092660752,4.23295208628037,-0.0203611596728486
0.5138,4.28718927314571,4.30812159185337,-0.0209323187076613
0.514,4.36180747309532,4.3833762970782,-0.0215688239828724
0.5142,4.43643920373723,4.45869731822485,-0.0222581144876175
0.5144,4.51108982309181,4.53404778183518,-0.0229579587433664
0.5146,4.58577603085374,4.60943467444925,-0.0236586435955086
0.5148,4.66050832863826,4.68483519897421,-0.0243268703359441
0.515,4.73522976871001,4.760231972931,-0.0250022042209919
0.5152,4.80994674513326,4.83561811042797,-0.0256713652947127
0.5154,4.88468789036316,4.9109786473761,-0.026290757012938
0.5156,4.95947696447547,4.98631028124605,-0.0268333167705821
0.5158,5.03428783222898,5.06160580451749,-0.027317972288504
0.516,5.10912090606612,5.13686578427903,-0.0277448782129106
0.5162,5.18399011930213,5.21209550001605,-0.0281053807139209
0.5164,5.25892986056761,5.28724829573073,-0.0283184351631176
0.5166,5.33393641956037,5.3623047073277,-0.0283682877673321
0.5168,5.40894244004373,5.43725558308449,-0.0283131430407622
0.517,5.48394313490223,5.51213049443029,-0.0281873595280606
0.5172,5.55893613296354,5.58688150972824,-0.0279453767647064
0.5174,5.63393674654445,5.66148086733731,-0.0275441207928582
0.5176,5.70889077916978,5.73597410716574,-0.027083327995963
0.5178,5.78378382400038,5.81042146655667,-0.0266376425562909
0.518,5.85861485367652,5.8847861552174,-0.0261713015408853
0.5182,5.93343989428599,5.95916119841649,-0.0257213041305064
0.5184,6.0082411908485,6.03358370331007,-0.0253425124615703
0.5186,6.08304631022889,6.10797005724958,-0.02492374702069
0.5188,6.15782628149287,6.18234511851893,-0.0245188370260543
0.519,6.23256201178558,6.25669068513736,-0.024128673351778
0.5192,0.0240424663956578,0.0478740658592628,-0.023831599463605
0.5194,0.0987324897684016,0.122264156390925,-0.0235316666225237
0.5196,0.173462041548508,0.196695398798126,-0.0232333572496177
0.5198,0.248214840767585,0.271095363818589,-0.0228805230510033
0.52,0.322966606738426,0.345476365610435,-0.0225097588720093
0.5202,0.397742564663161,0.419867405045683,-0.0221248403825214
0.5204,0.47249107726312,0.494338927573311,-0.0218478503101914
0.5206,0.547233096882057,0.568863158245182,-0.0216300613631252
0.5208,0.621990268833641,0.6434746228618,-0.0214843540281591
0.521,0.696777801756914,0.718168787155568,-0.0213909853986544
0.5212,0.771609730602375,0.792966117663865,-0.0213563870614897
0.5214,0.846455621481084,0.867861278189031,-0.0214056567079477
0.5216,0.921313794285492,0.942849684653953,-0.0215358903684603
0.5218,0.996198202963467,1.01788856284595,-0.0216903598824796
0.522,1.07114577548259,1.09297042536574,-0.0218246498831518
0.5222,1.14611911750437,1.16810139385281,-0.0219822763484423
0.5224,1.22109572046065,1.24330348253681,-0.0222077620761616
0.5226,1.29607945059197,1.31855112392208,-0.0224716733301078
0.5228,1.37106413751235,1.39385867491939,-0.0227945374070395
0.523,1.44606344021173,1.46920665186049,-0.0231432116487611
0.5232,1.52101467007442,1.54459068832685,-0.0235760182524292
0.5234,1.59590514225771,1.61998945984862,-0.0240843175909067
0.5236,1.67072737657125,1.69538394207943,-0.0246565655081756
0.5238,1.74553700497474,1.77076061228592,-0.0252236073111785
0.524,1.82032183652949,1.8460931459216,-0.0257713093921113
0.5242,1.89511582438648,1.92138232637212,-0.0262665019856314
0.5244,1.96989302234088,1.9966276923125,-0.026734669971622
0.5246,2.04463264942802,2.07180625226821,-0.0271736028401954
0.5248,2.11930359238052,2.14686037294535,-0.0275567805648298
0.525,2.19391615494572,2.22179984052935,-0.0278836855836322
0.5252,2.26854117769518,2.29662550860906,-0.0280843309138752
0.5254,2.34317218105847,2.37134472004283,-0.0281725389843639
0.5256,2.41781737955514,2.44601918668808,-0.0282018071329402
0.5258,2.49249488926985,2.52060702431731,-0.0281121350474507
0.526,2.56714211857887,2.59509778893344,-0.0279556703545651
0.5262,2.64177663810093,2.66949439429037,-0.0277177561894408
0.5264,2.71642443453253,2.74382629641906,-0.027401861886529
0.5266,2.79111079402592,2.81808179660761,-0.0269710025816878
0.5268,2.8658599402692,2.89235008128438,-0.0264901410151803
0.527,2.94064459633539,2.96661694808383,-0.02597235174844
0.5272,3.0154576160105,3.04095980103138,-0.025502185020879
0.5274,3.09035154948075,3.11535653411397,-0.0250049846332203
0.5276,3.16530735898612,3.1897250317946,-0.0244176728084802
0.5278,3.24031769591462,3.26413098313155,-0.023813287216929
0.528,3.31532817039245,3.33855122714986,-0.0232230567574057
0.5282,3.39033873967766,3.41294786385036,-0.0226091241726945
0.5284,3.46534493452246,3.48735547743744,-0.0220105429149831
0.5286,3.54035887798516,3.56175219231987,-0.0213933143347034
0.5288,3.61537554426727,3.63617565524791,-0.0208001109806393
0.529,3.69033391007579,3.71069082753608,-0.0203569174602856
0.5292,3.76521400388642,3.7852710260837,-0.0200570221972769
0.5294,3.8400800380858,3.85996786836757,-0.0198878302817742
0.5296,3.91489207666053,3.93476183548024,-0.0198697588197083
0.5298,3.98967716756778,4.00961612225738,-0.0199389546896072
0.53,4.06445251915038,4.08455427725551,-0.0201017581051248
0.5302,4.1391945670757,4.15956448157202,-0.0203699144963156
0.5304,4.21386905683519,4.2346666090805,-0.0207975522453117
0.5306,4.28848796977495,4.30981656929416,-0.0213285995192036
0.5308,4.36312370046109,4.38504495315814,-0.021921252697056
0.531,4.4377707260605,4.4603466726637,-0.0225759466031983
0.5312,4.51243861613303,4.53567985874792,-0.0232412426148905
0.5314,4.58714529088209,4.61104505196321,-0.0238997610811209
0.5316,4.66182465120723,4.68643414127506,-0.0246094900678333
0.5318,4.73648921343718,4.76183177892085,-0.0253425654836672
0.532,4.81116076422316,4.83722165600054,-0.0260608917773748
0.5322,4.88586054879866,4.91258122043932,-0.0267206716406605
0.5324,4.96060715874904,4.98790197379788,-0.0272948150488439
0.5326,5.03536813935204,5.06316696614627,-0.0277988267942311
0.5328,5.11013748840263,5.13832531049806,-0.0281878220954281
0.533,5.18490960028516,5.21337717021308,-0.0284675699279111
0.5332,5.259694197012,5.2883728491389,-0.0286786521268985
0.5334,5.33456545640579,5.36331466958531,-0.0287492131795188
0.5336,5.40946019102564,5.43817112306607,-0.0287109320404308
0.5338,5.48436110718514,5.51300533845108,-0.0286442312659476
0.534,5.55931597558732,5.58778995296538,-0.0284739773780585
0.5342,5.63429339248843,5.66258898177566,-0.0282955892872314
0.5344,5.70931411641512,5.73738418931965,-0.0280700729045318
0.5346,5.7843314493504,5.81207947367897,-0.0277480243285657
0.5348,5.85927211865444,5.88665607295462,-0.0273839543001779
0.535,5.93419928475767,5.96118145617768,-0.0269821714200074
0.5352,6.00907110229993,6.03559210354104,-0.0265210012411092
0.5354,6.08390658257361,6.10995122600899,-0.0260446434353794
0.5356,6.15871991078347,6.18431605888862,-0.0255961481051497
0.5358,6.23349290768373,6.25863551834512,-0.0251426106613906
0.536,0.0250136150566718,0.0496548165919828,-0.024641201535311
0.5362,0.0996674348267928,0.123791160759891,-0.0241237259330985
0.5364,0.174338549047925,0.197959218291413,-0.0236206692434885
0.5366,0.249016960693449,0.272180225360996,-0.0231632646675469
0.5368,0.323709935965304,0.346460668451902,-0.022750732486598
0.537,0.398435975191439,0.42083243179485,-0.0223964566034108
0.5372,0.473130700371713,0.495262108029388,-0.0221314076576743
0.5374,0.547806977691207,0.569709089945223,-0.0219021122540153
0.5376,0.62248448289946,0.644228828636758,-0.0217443457372977
0.5378,0.697181684063763,0.718830124669797,-0.0216484406060343
0.538,0.771917329668195,0.793532660219329,-0.0216153305511343
0.5382,0.846664003735779,0.868324895289377,-0.0216608915535982
0.5384,0.921423536722264,0.943206084849301,-0.0217825481270371
0.5386,0.996217235744637,1.01816418983407,-0.021946954089436
0.5388,1.07109167248677,1.09327099144297,-0.0221793189561981
0.539,1.14605246952803,1.16849137474617,-0.0224389052181373
0.5392,1.22103214732541,1.2437961739439,-0.0227640266184852
0.5394,1.29603087263022,1.3191452766154,-0.0231144039851758
0.5396,1.37102500004087,1.39452778819284,-0.0235027881519685
0.5398,1.44602369305367,1.46992649661762,-0.0239028035639555
0.54,1.52097440916303,1.54533124282222,-0.0243568336591897
0.5402,1.5958622750038,1.62072712107981,-0.0248648460760088
0.5404,1.6706842556837,1.69610334508178,-0.0254190893980795
0.5406,1.74549614185274,1.77145667344687,-0.0259605315941231
0.5408,1.82025185284184,1.84677762519217,-0.0265257723503232
0.541,1.89497815880764,1.92206152996858,-0.027083371160938
0.5412,1.96969197641194,1.99730463427273,-0.0276126578607871
0.5414,2.04436873020865,2.07249226332301,-0.0281235331143548
0.5416,2.11897736883416,2.14760194240449,-0.0286245735703212
0.5418,2.19361564014347,2.22266867357506,-0.0290530334315879
0.542,2.26830381506619,2.29769594647304,-0.0293921314068566
0.5422,2.34302780699824,2.3726028579833,-0.0295750509850601
0.5424,2.41776264249381,2.4474435263261,-0.0296808838322873
0.5426,2.4925305310488,2.52220628536561,-0.0296757543168082
0.5428,2.5672753110369,2.59689540734377,-0.0296200963068771
0.543,2.64201375927159,2.67150289027182,-0.0294891310002319
0.5432,2.71676605314105,2.74603047005083,-0.0292644169097804
0.5434,2.7915489793029,2.82043762562564,-0.0288886463227396
0.5436,2.86637844459104,2.89479993232339,-0.0284214877323485
0.5438,2.9412230840001,2.96909249693192,-0.0278694129318131
0.544,3.01607770764706,3.04328595964246,-0.027208251995404
0.5442,3.09100065130962,3.11748335013686,-0.0264826988272393
0.5444,3.16597730609622,3.19167894461381,-0.0257016385175866
0.5446,3.24100012936963,3.26590885541431,-0.0249087260446772
0.5448,3.31601235767625,3.34014657609582,-0.0241342184195688
0.545,3.39101446127182,3.41440332699678,-0.0233888657249608
0.5452,3.46600733140529,3.48869254624985,-0.0226852148445555
0.5454,3.54097353945913,3.56298200824842,-0.0220084687892865
0.5456,3.61584563945489,3.63731819301963,-0.0214725535647387
0.5458,3.69067811527217,3.7117678735595,-0.0210897582873368
0.546,3.76549357729967,3.7862986870713,-0.0208051097716324
0.5462,3.84030073999587,3.8609477127519,-0.0206469727560328
0.5464,3.91508053171457,3.93573744243239,-0.0206569107178236
0.5466,3.98987294543532,4.01061055379258,-0.0207376083572628
0.5468,4.06465217693504,4.08557988880446,-0.0209277118694224
0.547,4.13939529089834,4.16063380699515,-0.0212385160968118
0.5472,4.21407207965398,4.23578405661447,-0.0217119769604919
0.5474,4.28869533891206,4.31097517767205,-0.0222798387599976
0.5476,4.36333560893258,4.3862320915737,-0.0228964826411229
0.5478,4.4379838776424,4.46155152452588,-0.0235676468834782
0.548,4.51264796299669,4.53689772458545,-0.0242497615887611
0.5482,4.58734809588315,4.61228003084273,-0.024931934959584
0.5484,4.66209475253524,4.68767856808569,-0.0255838155504433
0.5486,4.73686077589334,4.76307572207184,-0.026214946178496
0.5488,4.81166189153912,4.83846281468186,-0.026800923142738
0.549,4.88647449338725,4.91382075464122,-0.0273462612539754
0.5492,4.96132646868473,4.98914566456297,-0.0278191958782408
0.5494,5.03619418749762,5.06443207932011,-0.0282378918224877
0.5496,5.11106727197243,5.1397051286957,-0.0286378567232788
0.5498,5.18591318496816,5.21492840830793,-0.0290152233397709
0.55,5.26076518196266,5.29008968830867,-0.0293245063460059
0.5502,5.3356621844189,5.36520548944814,-0.0295433050292466
0.5504,5.41058842613218,5.44022585618421,-0.0296374300520306
0.5506,5.48553991816321,5.51512959619832,-0.029589678035113
0.5508,5.56050451214212,5.58990783282434,-0.0294033206822197
0.551,5.6354901109787,5.6645617144529,-0.029071603474196
0.5512,5.71053113517703,5.73915731821321,-0.0286261830361836
0.5514,5.78554936292571,5.81365387323038,-0.0281045103046731
0.5516,5.86046544588817,5.88801844378794,-0.0275529978997664
0.5518,5.93535267401846,5.96236027814942,-0.027007604130965
0.552,6.01018384283238,6.0365868361652,-0.0264029933328178
0.5522,6.08491298095882,6.11072944246583,-0.0258164615070138
0.5524,6.15962717480042,6.18490694389638,-0.0252797690959525
0.5526,6.23431534411729,6.25906313227894,-0.0247477881616467
0.5528,0.0257425760170333,0.0499890074436438,-0.0242464314266104
0.553,0.100286263527506,0.124053812531552,-0.0237675490040467
0.5532,0.174861395201526,0.198198951781204,-0.0233375565796786
0.5534,0.249482417190288,0.27239961170872,-0.0229171945184323
0.5536,0.324122591428578,0.346661146859605,-0.0225385554310272
0.5538,0.398800410871301,0.421029946904986,-0.0222295360336854
0.554,0.473455575441652,0.495480022946925,-0.0220244475052725
0.5542,0.548101314832177,0.569971254803386,-0.0218699399712086
0.5544,0.622759370989963,0.644556571836412,-0.0217972008464489
0.5546,0.697454255220861,0.71924312412421,-0.021788868903349
0.5548,0.772210562393042,0.794049544415019,-0.0218389820219775
0.555,0.84700097784795,0.86895715897039,-0.0219561811224407
0.5552,0.921819300121334,0.943986721515151,-0.0221674213938171
0.5554,0.996704570173121,1.01908761948181,-0.0223830493086895
0.5556,1.0716542789757,1.09423200700027,-0.0225777280245687
0.5558,1.14665803381824,1.16944338290202,-0.0227853490837786
0.556,1.2216491962012,1.24470482339126,-0.0230556271900606
0.5562,1.29662104562772,1.32000407652026,-0.0233830308925418
0.5564,1.37157390895056,1.39535116552634,-0.0237772565757786
0.5566,1.44653168317028,1.47071903215793,-0.0241873489876476
0.5568,1.52143651421798,1.54610682042217,-0.0246703062041898
0.557,1.59628703839951,1.6215057851937,-0.0252187467941953
0.5572,1.6710766781312,1.69690234461899,-0.0258256664877889
0.5574,1.74585821095836,1.77228530945515,-0.0264270984967905
0.5576,1.82058678378215,1.84763839424054,-0.0270516104583891
0.5578,1.89529146721845,1.92295526565042,-0.0276637984319703
0.558,1.96999124629292,1.99822557071596,-0.0282343244230432
0.5582,2.04466315720052,2.07342507168747,-0.0287619144869504
0.5584,2.11927541278533,2.14851176913955,-0.0292363563542191
0.5586,2.19392190222731,2.22350709894551,-0.0295851967182008
0.5588,2.2686187725895,2.2984365026354,-0.0298177300459028
0.559,2.3433511381575,2.3732601212604,-0.0299089831029016
0.5592,2.4180964129483,2.44802641475035,-0.0299300018020547
0.5594,2.49287765324964,2.52270675676822,-0.029829103518582
0.5596,2.56763392361417,2.59729332728722,-0.029659403673056
0.5598,2.64237352091878,2.67177680165357,-0.0294032807347882
0.56,2.71711039389485,2.74617012801612,-0.0290597341212626
0.5602,2.79186110383981,2.82045023353782,-0.028589129698005
0.5604,2.86664598180857,2.8947047120282,-0.0280587302196262
0.5606,2.9414392130109,2.96890961629573,-0.0274704032848296
0.5608,3.01624106727196,3.04297626020555,-0.0267351929335957
0.561,3.09100012510849,3.1169188517123,-0.0259187266038063
0.5612,3.16577323809863,3.19089782972739,-0.0251245916287526
0.5614,3.24063660014998,3.26497696642542,-0.0243403662754345
0.5616,3.31551619144437,3.33909706558915,-0.0235808741447818
0.5618,3.39039391575386,3.4132485603904,-0.0228546446365452
0.562,3.46526938352209,3.48751740687604,-0.0222480233539497
0.5622,3.54016512065039,3.56197969938375,-0.0218145787333603
0.5624,3.61511713099695,3.63657563832299,-0.0214585073260394
0.5626,3.6900681611172,3.71121812989822,-0.0211499687810242
0.5628,3.76493818278526,3.78590209789135,-0.0209639151060914
0.563,3.83979238271229,3.86063710856198,-0.0208447258496904
0.5632,3.91459487344813,3.93539494998854,-0.0208000765404099
0.5634,3.98936979465087,4.01022068442309,-0.0208508897722233
0.5636,4.06413325407041,4.08514738667118,-0.0210141326007616
0.5638,4.1388644704845,4.1601601225505,-0.0212956520659997
0.564,4.21353102665687,4.23527392512712,-0.0217428984702543
0.5642,4.28814340486774,4.31043804230888,-0.0222946374411439
0.5644,4.36277172916237,4.38568010325853,-0.0229083740961658
0.5646,4.43741007454379,4.46099590825918,-0.0235858337153889
0.5648,4.51206800970029,4.53634271645248,-0.0242747067521831
0.565,4.58676156337305,4.61171710127702,-0.0249555379039688
0.5652,4.66142230236821,4.68711079279988,-0.0256884904316701
0.5654,4.73606346272575,4.76250812469833,-0.0264446619725778
0.5656,4.81071120677333,4.83789868806087,-0.0271874812875375
0.5658,4.88539168651201,4.91326642162603,-0.0278747351140174
0.566,4.96012600987719,4.98860707133736,-0.0284810614601705
0.5662,5.03488191744772,5.06390724137855,-0.0290253239308313
0.5664,5.10965239123536,5.13914777730225,-0.0294953860668814
0.5666,5.18449793383536,5.21433545084758,-0.029837517012222
0.5668,5.25940955615165,5.2894190563642,-0.0300095002125502
0.567,5.33438423148262,5.36439570919413,-0.0300114777115077
0.5672,5.40936472150293,5.43924934450894,-0.0298846230060059
0.5674,5.48434622301165,5.51402448552144,-0.0296782625097913
0.5676,5.55932288015531,5.58868617551435,-0.0293632953590359
0.5678,5.634308839085,5.66324863753643,-0.0289397984514315
0.568,5.70923912096273,5.73772949145918,-0.0284903704964465
0.5682,5.78411061199337,5.81215360425393,-0.0280429922605592
0.5684,5.85891875631129,5.88648876900166,-0.0275700126903766
0.5686,5.93371877277796,5.96082408834286,-0.0271053155648957
0.5688,6.00846610651168,6.03515045006775,-0.0266843435560666
0.569,6.08318739235091,6.10942490273397,-0.0262375103830603
0.5692,6.15789861041828,6.18369965665902,-0.0258010462407423
0.5694,6.23257559070051,6.25796347003643,-0.025387879335911
0.5696,0.0240026026692837,0.0490345303132009,-0.0250319276439173
0.5698,0.0985677406314784,0.123228456703199,-0.0246607160717205
0.57,0.173158795651854,0.197428598643641,-0.0242698029917872
0.5702,0.247765214665788,0.271656349724123,-0.0238911350583353
0.5704,0.322391760722386,0.345924135544924,-0.0235323748225383
0.5706,0.397057617007832,0.42032384962293,-0.0232662326150982
0.5708,0.471774716813957,0.494849337429611,-0.0230746206156535
0.571,0.5464849018283,0.569396710260113,-0.022911808431813
0.5712,0.621192526551173,0.644019355595975,-0.0228268290448017
0.5714,0.695924508654315,0.718724603182561,-0.0228000945282458
0.5716,0.770700838948677,0.793526548077867,-0.0228257091291902
0.5718,0.845487906525204,0.868393621712707,-0.0229057151875027
0.572,0.920279103427964,0.943306047514559,-0.0230269440865942
0.5722,0.99513628696475,1.0183067270589,-0.023170440094153
0.5724,1.07005310711119,1.0933847802728,-0.0233316731616049
0.5726,1.14503189932561,1.16854884465108,-0.0235169453254755
0.5728,1.22002154656533,1.24378739113141,-0.0237658445660778
0.573,1.29501919126961,1.31906933078791,-0.0240501395182975
0.5732,1.37001540511416,1.39440616059354,-0.0243907554793783
0.5734,1.44501951696939,1.46977758273353,-0.0247580657641426
0.5736,1.51999821086736,1.54516714526775,-0.0251689344003898
0.5738,1.59491833397179,1.62056523044364,-0.0256468964718501
0.574,1.66977176050697,1.69595441299372,-0.0261826524867568
0.5742,1.74461695977648,1.77132110431188,-0.026704144535407
0.5744,1.81940919882463,1.84665343494721,-0.0272442361225806
0.5746,1.89417468371251,1.92195360565885,-0.0277789219463371
0.5748,1.96893047273379,1.99721700028239,-0.0282865275485942
0.575,2.04365189780204,2.07241825007574,-0.0287663522737023
0.5752,2.11830436187087,2.14749569880014,-0.0291913369292667
0.5754,2.19290066425119,2.22245088346026,-0.0295502192090691
0.5756,2.26751854924472,2.29729948348051,-0.029780934235784
0.5758,2.34216827207965,2.37202454364262,-0.0298562715629713
0.576,2.41683314931947,2.44668118575203,-0.0298480364325537
0.5762,2.49153161602351,2.52125099015661,-0.0297193741331001
0.5764,2.56620554720984,2.59574533960805,-0.0295397923982121
0.5766,2.64087202864074,2.67017027901169,-0.0292982503709571
0.5768,2.71555247128015,2.74454033177366,-0.0289878604935088
0.577,2.7902647007271,2.81882170417745,-0.0285570034503522
0.5772,2.86502346738586,2.89308664658792,-0.0280631792020585
0.5774,2.93979426864396,2.96731628866661,-0.0275220200226589
0.5776,3.01457117589548,3.04157099982534,-0.0269998239298532
0.5778,3.08938909476255,3.11583774652933,-0.0264486517667826
0.578,3.16426743907296,3.19008355953537,-0.0258161204624092
0.5782,3.23921784201637,3.26437987374047,-0.0251620317240957
0.5784,3.31418004802123,3.33870796407219,-0.0245279160509582
0.5786,3.38914368303045,3.41305839710088,-0.0239147140704326
0.5788,3.4641004428328,3.48743080526675,-0.0233303624339478
0.579,3.53906508807792,3.56182530121863,-0.022760213140705
0.5792,3.61403719876431,3.63624705090591,-0.0222098521416023
0.5794,3.68895901876826,3.71075744769936,-0.0217984289310942
0.5796,3.7638109221487,3.78533346104818,-0.0215225388994824
0.5798,3.83865457058402,3.86001779758057,-0.0213632269965518
0.58,3.91344620531593,3.93476420851956,-0.0213180032036315
0.5802,3.98820988849,4.00957152422525,-0.0213616357352473
0.5804,4.0629631349999,4.08447082578258,-0.0215076907826841
0.5806,4.13768552564578,4.15944873864036,-0.0217632129945837
0.5808,4.21234557416687,4.23452536773398,-0.0221797935671066
0.581,4.28695492105283,4.30965671531421,-0.0227017942613807
0.5812,4.36158357558081,4.3848721129673,-0.0232885373864962
0.5814,4.43622460398641,4.4601646693345,-0.023940065348091
0.5816,4.51088814472202,4.53549293377907,-0.0246047890570544
0.5818,4.58559304181279,4.61086070260585,-0.0252676607930669
0.582,4.66027189782888,4.68625070024829,-0.025978802419413
0.5822,4.73493357538993,4.76164840048222,-0.0267148250922915
0.5824,4.80959645949237,4.83703890804668,-0.027442448554317
0.5826,4.88428095031802,4.91240002823456,-0.0281190779165357
0.5828,4.95900729391739,4.98772342193947,-0.0287161280220785
0.583,5.03374570746397,5.06299479132627,-0.0292490838622923
0.5832,5.10849231622194,5.1381960477908,-0.029703731568862
0.5834,5.18331155762985,5.2133375035164,-0.0300259458865488
0.5836,5.25820048163927,5.28841583800018,-0.0302153563609027
0.5838,5.3331627014233,5.36342474902921,-0.0302620476059152
0.584,5.40814384111839,5.43834022458743,-0.0301963834690335
0.5842,5.48313550889107,5.51319262241024,-0.0300571135191641
0.5844,5.55812483411884,5.58793543268883,-0.0298105985699939
0.5846,5.6331209204846,5.66262372243609,-0.0295028019514918
0.5848,5.70805863711931,5.7372259751777,-0.0291673380583894
0.585,5.7829372649638,5.81173654636217,-0.0287992813983742
0.5852,5.85775338161858,5.88613836736535,-0.0283849857467668
0.5854,5.9325612759743,5.96051962650698,-0.0279583505326793
0.5856,6.00731554663708,6.03481369581696,-0.0274981491798814
0.5858,6.08204310283589,6.10906165018682,-0.0270185473509263
0.586,6.15676053182071,6.18331895797881,-0.026558426158104
0.5862,6.23144306301101,6.25754711462043,-0.026104051609428
0.5864,0.0228735010707837,0.0485552346946754,-0.0256817336238917
0.5866,0.097439189681602,0.122704633696933,-0.0252654440153313
0.5868,0.172028831224572,0.19688652177827,-0.0248576905536971
0.587,0.246633560307836,0.271103868172335,-0.0244703078644991
0.5872,0.321258946256841,0.345353144245585,-0.0240941979887438
0.5874,0.395923911798362,0.419613440257102,-0.0236895284587396
0.5876,0.470567243089483,0.493947968490698,-0.0233807254012157
0.5878,0.545204028441129,0.568334527861304,-0.023130499420175
0.588,0.619853488095825,0.642815733171008,-0.0229622450751827
0.5882,0.694532529891159,0.71739334024197,-0.0228608103508106
0.5884,0.769258298627302,0.792088053966095,-0.0228297553387929
0.5886,0.844000489791261,0.866876644807227,-0.0228761550159653
0.5888,0.918754657041552,0.941753624896085,-0.022998967854533
0.589,0.993513456367551,1.01672177689612,-0.023208320528566
0.5892,1.06828272381417,1.09177253426509,-0.0234898104509229
0.5894,1.14313472372016,1.16692148023225,-0.0237867565120891
0.5896,1.21800753217482,1.24215194658993,-0.0241444144151093
0.5898,1.29288607480248,1.31742821196876,-0.0245421371662744
0.59,1.36776531809682,1.39276278466536,-0.0249974665685422
0.5902,1.44266217283359,1.46813549863512,-0.0254733258015289
0.5904,1.5175752292077,1.54352456014553,-0.0259493309378249
0.5906,1.59244643358661,1.61892280966014,-0.0264763760735318
0.5908,1.66725679505625,1.6943092957101,-0.0270525006538553
0.591,1.74205968622162,1.76966308539467,-0.0276033991730482
0.5912,1.81683881776056,1.84496713285342,-0.0281283150928588
0.5914,1.89162067181882,1.92022505156107,-0.0286043797422542
0.5916,1.9663748465168,1.9954308041913,-0.0290559576744989
0.5918,2.04108720320971,2.07056664836256,-0.0294794451528499
0.592,2.11573582119959,2.14560134890213,-0.0298655277025377
0.5922,2.19033270964761,2.22055143786624,-0.030218728218621
0.5924,2.26494544672993,2.29539461678781,-0.0304491700578833
0.5926,2.33956787400144,2.37012183716052,-0.0305539631590817
0.5928,2.41421302973782,2.44479957184706,-0.0305865421092424
0.593,2.48890106230685,2.51939298829111,-0.0304919259842542
0.5932,2.56356301797341,2.59389435441111,-0.0303313364376958
0.5934,2.6382187369781,2.66833898208522,-0.0301202451071259
0.5936,2.71290260485415,2.74272031284417,-0.029817707990027
0.5938,2.78760980487519,2.81700840186151,-0.0293985969863186
0.594,2.86236472721179,2.89129510776945,-0.0289303805576639
0.5942,2.93714068020121,2.96555571010131,-0.0284150299000996
0.5944,3.01192917274363,3.03976453435316,-0.0278353616095295
0.5946,3.08678994980498,3.11396867193475,-0.0271787221297646
0.5948,3.16172040714069,3.18816305472042,-0.0264426475797337
0.595,3.23672719871185,3.26240851406455,-0.0256813153526929
0.5952,3.31175687197206,3.33668589919605,-0.0249290272239846
0.5954,3.38679791426709,3.41099023465671,-0.0241923203896262
0.5956,3.46183259040718,3.48531860421149,-0.0234860138043116
0.5958,3.53686512450929,3.55970136530164,-0.0228362407923539
0.596,3.61182668273299,3.63410893547265,-0.0222822527396578
0.5962,3.68671501087539,3.70858392505954,-0.0218689141841475
0.5964,3.76152871226416,3.78311814451189,-0.0215894322477319
0.5966,3.83632803140184,3.85776762905381,-0.0214395976519688
0.5968,3.91107557479037,3.93249228573255,-0.0214167109421761
0.597,3.98580407960481,4.00729241989426,-0.0214883402894515
0.5972,4.060531375262,4.08219590038637,-0.021664525124371
0.5974,4.13522954778347,4.15718170310208,-0.0219521553186039
0.5976,4.20986219448183,4.23226279028206,-0.0224005958002342
0.5978,4.28444321265759,4.30739316046119,-0.0229499478036033
0.598,4.35904680554065,4.38260610099825,-0.0235592954575985
0.5982,4.43366636425528,4.45789918540888,-0.0242328211536087
0.5984,4.50830957486669,4.53323125611769,-0.0249216812510049
0.5986,4.58299607019108,4.60860332526851,-0.0256072550774311
0.5988,4.65766340969243,4.68399535993751,-0.0263319502450825
0.599,4.73232430854918,4.75939284610344,-0.0270685375542579
0.5992,4.80699623919056,4.83478340710581,-0.0277871679152524
0.5994,4.88169591116699,4.91014136855307,-0.0284454573860797
0.5996,4.95643400951017,4.98546027907796,-0.0290262695677876
0.5998,5.03118609830597,5.06073079863843,-0.0295447003324565
0.6,5.10594887890768,5.13591046305831,-0.0299615841506302
0.6002,5.18071375793281,5.21097643902573,-0.030262681092923
0.6004,5.25548705494908,5.28597002074132,-0.0304829657922374
0.6006,5.33034730322873,5.36090650811287,-0.0305592048841401
0.6008,5.4052701800987,5.43582071929493,-0.030550539196228
0.601,5.48037401398839,5.51095792320952,-0.0305839092211313
0.6012,5.55598896021442,5.5865966393832,-0.0306076791687726
0.6014,5.63244505009802,5.66310078463336,-0.0306557345353413
0.6016,5.70999322594317,5.74068734615643,-0.0306941202132629
0.6018,5.78866514284146,5.81924245803554,-0.0305773151940727
0.602,5.86808089629891,5.89825129728939,-0.0301704009904817
0.6022,5.94765113505033,5.97718601514368,-0.0295348800933475
0.6024,6.02685742291917,6.05554362878744,-0.0286862058682642
0.6026,6.10540127966974,6.13306628138575,-0.0276650017160112
0.6028,6.18314225081903,6.20966226340868,-0.0265200125896534
0.603,6.25997526793537,0.00200427612770165,-0.0252143153719206
0.6032,0.0526492805805123,0.0764156159813536,-0.0237663354008413
0.6034,0.127636453951628,0.149760491402682,-0.0221240374510537
0.6036,0.20189570105776,0.222202593454344,-0.020306892396584
0.6038,0.275592945569539,0.293839884855689,-0.0182469392861492
0.604,0.348798724187382,0.364673973670807,-0.0158752494834251
0.6042,0.421602485231411,0.434870742031205,-0.0132682567997936
0.6044,0.494174882345509,0.504606470498574,-0.0104315881530648
0.6046,0.566679000751736,0.574055736875988,-0.00737673612425271
0.6048,0.639247966258216,0.643316982007284,-0.00406901574906782
0.605,0.711933791051508,0.712498238057531,-0.000564447006023094
0.6052,0.7848080045241,0.781743588513874,0.00306441601022622
0.6054,0.857934884991439,0.851188426780801,0.00674645821063846
0.6056,0.931360268535741,0.920958633090273,0.0104016354454675
0.6058,1.00513711711553,0.99117234679002,0.0139647703255119
0.606,1.07922282051877,1.06188170751518,0.0173411130035905
0.6062,1.15359659722963,1.13319787645553,0.020398720774105
0.6064,1.22824796822309,1.20521727894068,0.0230306892824139
0.6066,1.30320236200511,1.27794877982604,0.0252535821790691
0.6068,1.37839581598515,1.35141206793027,0.0269837480548831
0.607,1.45376178506639,1.42557723454997,0.0281845505164136
0.6072,1.52925113974338,1.50033006710538,0.0289210726380027
0.6074,1.60479845018781,1.57555338140288,0.0292450687849328
0.6076,1.68040327347881,1.65115296315337,0.0292503103254387
0.6078,1.75605029041049,1.72703720110745,0.0290130893030389
0.608,1.8317858499836,1.80310853918341,0.0286773108001928
0.6082,1.90761510130881,1.87930170934189,0.0283133919669196
0.6084,1.98364194493539,1.95559905684375,0.0280428880916486
0.6086,2.05988322394636,2.03194130597148,0.0279419179748754
0.6088,2.13632857072788,2.10820427177046,0.0281242989574166
0.609,2.21285531412754,2.18431232082122,0.0285429933063219
0.6092,2.289414784336,2.26018413880097,0.0292306455350322
0.6094,2.36596043932233,2.33574510212831,0.0302153371940159
0.6096,2.44248348137339,2.41108139009974,0.0314020912736512
0.6098,2.51895873086522,2.48627943784762,0.0326792930175976
0.61,2.59531312520058,2.56124417874378,0.0340689464568014
0.6102,2.67147073759831,2.63597798753657,0.0354927500617381
0.6104,2.74743733326342,2.71053471929786,0.0369026139655668
0.6106,2.82313670641495,2.78479940691877,0.0383372994961797
0.6108,2.89853636053493,2.85883207525664,0.0397042852782858
0.611,2.97358561669682,2.93253278364405,0.0410528330527757
0.6112,3.04820614693416,3.0057078723148,0.0424982746193581
0.6114,3.12239829368958,3.07833292589401,0.0440653677955698
0.6116,3.1962304133274,3.1504453633803,0.0457850499470984
0.6118,3.2698198453756,3.22213420376427,0.0476856416113316
0.612,3.34322699834123,3.29334968693251,0.0498773114087192
0.6122,3.41645797235409,3.36402955731531,0.0524284150387788
0.6124,3.4895585937217,3.43409820720524,0.0554603865164616
0.6126,3.5625551555451,3.50369204621925,0.0588631093258547
0.6128,3.63558562324344,3.57290322997936,0.0626823932640828
0.613,3.70868486848224,3.64171354863026,0.0669713198519815
0.6132,3.78183760052242,3.71015811025005,0.0716794902723685
0.6134,3.85516251598649,3.77842625769799,0.0767362582884989
0.6136,3.92868295067367,3.84656532991916,0.0821176207545102
0.6138,4.00238925480164,3.91470907144897,0.0876801833526648
0.614,4.07628701188549,3.98296360623213,0.0933234056533556
0.6142,4.15030379397585,4.05147693478962,0.0988268591862322
0.6144,4.22443463615762,4.12038259541481,0.104052040742807
0.6146,4.29868356374068,4.18976045039449,0.108923113346191
0.6148,4.37297735400098,4.25969867717561,0.113278676825375
0.615,4.44730281143334,4.33037273363945,0.116930077793892
0.6152,4.52160422874057,4.40186826120756,0.119735967533008
0.6154,4.59588737943658,4.47425387526103,0.121633504175549
0.6156,4.67016450330069,4.54754950274369,0.122615000557007
0.6158,4.74441702421054,4.62169792535848,0.122719098852065
0.616,4.81867656078985,4.69661336678791,0.122063194001934
0.6162,4.89293824551719,4.77218873959015,0.120749505927036
0.6164,4.96725809116736,4.84827869574711,0.118979395420247
0.6166,5.0416896297956,4.92471550146581,0.116974128329791
0.6168,5.11621687671417,5.00133512726542,0.114881749448754
0.617,5.19089687270328,5.0779171618331,0.112979710870179
0.6172,5.26572702530472,5.15427265213332,0.111454373171407
0.6174,5.34073219505594,5.23022433929129,0.110507855764648
0.6176,5.41591227837385,5.30552023119669,0.110392047177164
0.6178,5.49125876745323,5.37979572792726,0.111463039525968
0.618,5.56671980317913,5.45265642653545,0.114063376643678
0.6182,5.64220251280908,5.52379955380401,0.118402959005073
0.6184,5.71764844639611,5.59324214933183,0.124406297064275
0.6186,5.79300570587661,5.66155336063203,0.131452345244588
0.6188,5.86830739372301,5.72957137551279,0.138736018210223
0.619,5.94353419391855,5.79801033852531,0.145523855393233
0.6192,6.01865881235917,5.86733241344231,0.151326398916861
0.6194,6.0936659291743,5.93780187013053,0.15586405904377
0.6196,6.16852623414009,6.00962713186703,0.158899102273059
0.6198,6.24322975179207,6.08291289363876,0.160316858153304
0.62,0.0345450444870403,6.15746956332414,0.160260788342482
0.6202,0.108816671267506,6.23310124832397,0.158900730123118
0.6204,0.182873352423657,0.0263444724488291,0.156528879974828
0.6206,0.256750137419613,0.103492169310219,0.153257968109395
0.6208,0.33050935714214,0.181233426010908,0.149275931131232
0.621,0.404264897692629,0.259271585861355,0.144993311831274
0.6212,0.478083913044775,0.337240484588701,0.140843428456074
0.6214,0.552021120009411,0.414853668914075,0.137167451095335
0.6216,0.626104158659407,0.492030202045342,0.134073956614065
0.6218,0.700431942045567,0.568731282895418,0.131700659150149
0.622,0.775006444010749,0.644891625643922,0.130114818366828
0.6222,0.849857906127707,0.720473888555448,0.129384017572259
0.6224,0.92497038949649,0.795467789167964,0.129502600328526
0.6226,1.00034043821552,0.870026994635773,0.130313443579747
0.6228,1.07599263317981,0.944299316602195,0.131693316577618
0.623,1.15192764459692,1.01834706238889,0.133580582208026
0.6232,1.22803645836479,1.0922398230899,0.13579663527489
0.6234,1.3041900958668,1.16607855594,0.138111539926796
0.6236,1.3802862925341,1.23992541988384,0.140360872650261
0.6238,1.45626950963636,1.31394104248329,0.142328467153073
0.624,1.53206900544053,1.38826160854133,0.143807396899207
0.6242,1.60761983302422,1.46297234926658,0.14464748375764
0.6244,1.68290362300175,1.53805817399448,0.144845449007272
0.6246,1.75790147071866,1.61347542509801,0.144426045620651
0.6248,1.83263655909353,1.68913676043835,0.14349979865518
0.625,1.90714765013384,1.76490731480338,0.14224033533046
0.6252,1.98154490992899,1.84065029080061,0.14089461912838
0.6254,2.05590132309993,1.9162385292885,0.139662793811437
0.6256,2.1302248722746,1.99155937843626,0.138665493838337
0.6258,2.204603446003,2.06658461020573,0.138018835797267
0.626,2.27909806522205,2.14128856687852,0.137809498343527
0.6262,2.35372340351091,2.21557579823872,0.138147605272184
0.6264,2.42849779014694,2.28938554807652,0.139112242070425
0.6266,2.50337631826083,2.36278148237434,0.140594835886496
0.6268,2.57827731602949,2.43582653250015,0.142450783529339
0.627,2.65313647094748,2.50856284683553,0.144573624111949
0.6272,2.72793991741729,2.58123729285761,0.146702624559675
0.6274,2.80269735632827,2.65396314198841,0.148734214339863
0.6276,2.87737449590757,2.7269130158143,0.150461480093266
0.6278,2.95195392559566,2.80036242151308,0.151591504082581
0.628,3.02642502212545,2.87444653705341,0.151978485072037
0.6282,3.1007812464534,2.94919070186558,0.151590544587822
0.6284,3.17503260184108,3.02448836970435,0.150544232136736
0.6286,3.24912416900993,3.10024775727837,0.148876411731564
0.6288,3.32306253780487,3.17649060515557,0.146571932649294
0.629,3.39691893084443,3.25324686274057,0.143672068103855
0.6292,3.47078479624947,3.33046593775628,0.140318858493195
0.6294,3.54472861394393,3.40787620313541,0.13685241080852
0.6296,3.61879296025883,3.4854274664222,0.133365493836624
0.6298,3.69307331671469,3.56301404538931,0.130059271325378
0.63,3.76756808336064,3.64037466616568,0.127193417194962
0.6302,3.84230236197111,3.71740629793392,0.124896064037187
0.6304,3.91728433883676,3.7939819935438,0.123302345292954
0.6306,3.99249537312782,3.8701169835199,0.122378389607922
0.6308,4.06794611444495,3.94587482819628,0.122071286248669
0.631,4.14365919500964,4.02131251953174,0.1223466754779
0.6312,4.21962975032377,4.09654128626968,0.123088464054088
0.6314,4.2957750853295,4.17162756844741,0.124147516882092
0.6316,4.37199677950391,4.24660924375909,0.125387535744826
0.6318,4.44825135009342,4.32152714726998,0.126724202823437
0.632,4.5244907964035,4.39644676710336,0.128044029300137
0.6322,4.60061183800687,4.47137317205902,0.129238665947854
0.6324,4.67652835270839,4.54636807155979,0.1301602811486
0.6326,4.75222646488993,4.62149997164927,0.130726493240656
0.6328,4.82771499189115,4.69679459182592,0.130920400065235
0.633,4.90293931122004,4.77222916114881,0.130710150071236
0.6332,4.9778873994429,4.84776501801964,0.130122381423267
0.6334,5.0526515711686,4.92335503495435,0.129296536214254
0.6336,5.12726298921792,4.99896440324143,0.128298585976489
0.6338,5.20177027367748,5.07451714776683,0.127253125910647
0.634,5.27618580048714,5.1499523035662,0.126233496920937
0.6342,5.3505541993659,5.22523601839078,0.125318180975118
0.6344,5.42498458889207,5.30029205414825,0.124692534743819
0.6346,5.49945633705228,5.37506422116711,0.124392115885169
0.6348,5.57397266889779,5.44955578411934,0.124416884778445
0.635,5.64854372525827,5.52379252472167,0.124751200536601
0.6352,5.7231353885583,5.59778784150767,0.125347547050624
0.6354,5.7977544908151,5.67151997197525,0.126234518839849
0.6356,5.87237404786333,5.74499171347767,0.12738233438566
0.6358,5.94696017765995,5.81831538642323,0.128644791236728
0.636,6.02157295537707,5.89161030383141,0.129962651545657
0.6362,6.0961752990686,5.96488235446855,0.131292944600054
0.6364,6.1706830408837,6.03814754725001,0.132535493633689
0.6366,6.24506804551554,6.11151337852745,0.133554666988084
0.6368,0.0361353262754074,6.18508253567114,0.134238097783857
0.637,0.110236564547976,6.25888725467687,0.134534617050691
0.6372,0.184174714659426,0.0498057398016038,0.134368974857822
0.6374,0.257984932983577,0.124185342938762,0.133799590044815
0.6376,0.331692263298163,0.198790911285073,0.13290135201309
0.6378,0.405403811907083,0.273722441188736,0.131681370718347
0.638,0.479235267104505,0.348912263027178,0.130323004077327
0.6382,0.55320466870994,0.424255196342239,0.128949472367702
0.6384,0.627337127913098,0.499629614109616,0.127707513803482
0.6386,0.701684743106233,0.575058420862068,0.126626322244165
0.6388,0.776337820889797,0.65046015821433,0.125877662675467
0.639,0.851319098651526,0.72581717427572,0.125501924375806
0.6392,0.926619226848489,0.801121015702091,0.125498211146398
0.6394,1.00230509123038,0.87633706450321,0.125968026727175
0.6396,1.07835316259826,0.951434193873503,0.12691896872476
0.6398,1.15473345035008,1.02648203804778,0.128251412302295
0.64,1.23140265688494,1.10149403726208,0.129908619622862
0.6402,1.30822355507052,1.17651859786486,0.131704957205665
0.6404,1.38510198024838,1.25155542063302,0.133546559615366
0.6406,1.46191952445073,1.32663222388216,0.135287300568574
0.6408,1.53852256166472,1.40176705740607,0.136755504258649
0.641,1.61485071654969,1.47698574417114,0.137864972378551
0.6412,1.69088373889218,1.55230627550438,0.138577463387807
0.6414,1.76656510119713,1.62773018320895,0.138834917988174
0.6416,1.84189458693273,1.70324625948336,0.138648327449366
0.6418,1.91686413855002,1.77883045856887,0.13803367998115
0.642,1.99150305385437,1.85445329378864,0.137049760065735
0.6422,2.06592394188649,1.93012709990891,0.135796841977577
0.6424,2.1402563602209,2.00580610834988,0.134450251871019
0.6426,2.21458455406176,2.08141306322108,0.133171490840682
0.6428,2.28890400855501,2.15688595822138,0.132018050333624
0.643,2.36324769321228,2.23212967966515,0.131118013547137
0.6432,2.43763275309616,2.30712530548197,0.13050744761419
0.6434,2.51208209599583,2.38189745728054,0.130184638715286
0.6436,2.58657009135058,2.45649001209656,0.130080079254022
0.6438,2.66107617393515,2.53085537124038,0.130220802694772
0.644,2.73555001029387,2.6049524751602,0.130597535133674
0.6442,2.80997887208737,2.67890980835754,0.13106906372983
0.6444,2.88438858614265,2.75275807638176,0.131630509760889
0.6446,2.9587614357737,2.82653285732745,0.132228578446245
0.6448,3.03306728506274,2.90024625914781,0.132821025914935
0.645,3.10727697330235,2.97392557126331,0.133351402039036
0.6452,3.18136532963315,3.04769093182465,0.133674397808499
0.6454,3.25531655799998,3.12160073926493,0.133715818735049
0.6456,3.32914469802905,3.19564282438964,0.133501873639412
0.6458,3.40286946504934,3.26979199854466,0.133077466504677
0.646,3.476561179291,3.34415006031804,0.132411118972961
0.6462,3.55031513408725,3.41872389035957,0.131591243727683
0.6464,3.62420922811814,3.49346981712651,0.130739410991624
0.6466,3.6983075197262,3.56841953523764,0.129887984488569
0.6468,3.77260099697156,3.64352507308765,0.129075923883913
0.647,3.84716216204721,3.71885214326066,0.128310018786554
0.6472,3.92205411200985,3.79431899074888,0.127735121260975
0.6474,3.99727558781171,3.86980530359607,0.127470284215633
0.6476,4.07281854083948,3.94525807256059,0.127560468278889
0.6478,4.14863563277196,4.02057625909122,0.128059373680741
0.648,4.22473970003456,4.09579246021821,0.12894723981635
0.6482,4.30104088635125,4.17093312630123,0.130107760050023
0.6484,4.3774271239442,4.24602921702064,0.131397906923558
0.6486,4.45379656965899,4.32108959455322,0.132706975105765
0.6488,4.53011281471652,4.39617049604291,0.133942318673605
0.649,4.60630901016822,4.47131154137101,0.134997468797206
0.6492,4.68230431337371,4.54651899504419,0.135785318329514
0.6494,4.75806988806899,4.62178700440484,0.136282883664153
0.6496,4.83362387856302,4.69712872882463,0.136495149738384
0.6498,4.90889986396127,4.77254762016176,0.136352243799516
0.65,4.98385720608291,4.8480281870261,0.135829019056811
0.6502,5.05851482061866,4.92355358971765,0.134961230901014
0.6504,5.13295659659795,4.99909676777986,0.133859828818088
0.6506,5.2071824727375,5.07463660326426,0.132545869473242
0.6508,5.28127727019617,5.15010393364042,0.131173336555744
0.651,5.35529372243372,5.22545649041426,0.129837232019453
0.6512,5.42930852293132,5.30068403546461,0.128624487466704
0.6514,5.5033646051341,5.37577125538146,0.127593349752645
0.6516,5.57750274883801,5.45070297272251,0.126799776115503
0.6518,5.65173512314196,5.52544952371518,0.126285599426782
0.652,5.72601913600967,5.5998932125346,0.126125923475064
0.6522,5.80028916122292,5.67408225106359,0.126206910159327
0.6524,5.87457703768147,5.74806757874275,0.126509458938721
0.6526,5.94886548880952,5.8217560281162,0.127109460693322
0.6528,6.02312842908946,5.89530567201831,0.127822757071148
0.653,6.09740866417973,5.96889692557084,0.128511738608887
0.6532,6.17163816999828,6.04249075370715,0.129147416291134
0.6534,6.24574632815015,6.11606247210323,0.129683856046914
0.6536,0.0365381178055841,6.18971651794596,0.130006907039212
0.6538,0.11038676669947,6.26349764411723,0.130074429761827
0.654,0.184097584389004,0.0542320916054939,0.12986549278351
0.6542,0.257679290457207,0.12830762937698,0.129371661080227
0.6544,0.331193122627194,0.202551695885563,0.128641426741631
0.6546,0.404754279366731,0.276980785636817,0.127773493729913
0.6548,0.47843488291486,0.351706026222912,0.126728856691947
0.655,0.552355824722902,0.426750240507553,0.12560558421535
0.6552,0.626562950611232,0.502022332175615,0.124540618435617
0.6554,0.701065695562496,0.577374495514756,0.12369120004774
0.6556,0.77587713431521,0.65276763612657,0.12310949818864
0.6558,0.851007143647596,0.728149002424782,0.122858141222815
0.656,0.926438457948606,0.803488703859826,0.122949754088781
0.6562,1.00222641309131,0.878810845909413,0.123415567181892
0.6564,1.07836760305875,0.954084204989872,0.124283398068873
0.6566,1.15482897264243,1.02930099929654,0.125527973345888
0.6568,1.23157127028754,1.10447900705531,0.127092263232234
0.657,1.30843140852544,1.17963060295128,0.128800805574159
0.6572,1.38527493160744,1.25475363671819,0.130521294889249
0.6574,1.46198340424699,1.32988017622926,0.132103228017731
0.6576,1.5384748340483,1.40505081375224,0.133424020296063
0.6578,1.6146897991352,1.48029071434713,0.134399084788073
0.658,1.69056753579139,1.55561857987589,0.134948955915498
0.6582,1.76611019976292,1.63104598379943,0.135064215963493
0.6584,1.84133940672537,1.70655614988767,0.134783256837701
0.6586,1.91623277218909,1.78213047198051,0.134102300208577
0.6588,1.99080586879589,1.85772623252416,0.133079636271734
0.659,2.06516526317679,1.93327697736314,0.131888285813646
0.6592,2.13932385023378,2.00873382135496,0.13059002887882
0.6594,2.21338842088156,2.08407678893272,0.129311631948847
0.6596,2.28740834536745,2.15931497548168,0.128093369885769
0.6598,2.36145547886086,2.23439081937298,0.127064659487885
0.66,2.43555979805167,2.30925966909143,0.126300128960247
0.6602,2.50973729882236,2.38390342033209,0.125833878490271
0.6604,2.58395764179905,2.45825915109004,0.125698490709019
0.6606,2.65815719258231,2.53238832098242,0.125768871599886
0.6608,2.73233607335496,2.60631436600099,0.126021707353976
0.661,2.80648177370318,2.68000692369524,0.126474850007942
0.6612,2.88060820526491,2.75358492297521,0.127023282289707
0.6614,2.95473557250903,2.82708204995991,0.127653522549121
0.6616,3.02879903972914,2.90053856975443,0.12826046997471
0.6618,3.1027826106076,2.97405396701523,0.128728643592376
0.662,3.17668343245368,3.04772250989389,0.128960922559793
0.6622,3.25051336548003,3.12158052347695,0.128932842003075
0.6624,3.32425710493192,3.19565632248291,0.128600782449011
0.6626,3.3979482855979,3.26990960499868,0.128038680599216
0.6628,3.47161687343341,3.34430160270876,0.127315270724645
0.663,3.54538378191743,3.41889031107101,0.126493470846416
0.6632,3.61930238362657,3.4936983592987,0.125604024327875
0.6634,3.69345422666279,3.5687857483889,0.12466847827389
0.6636,3.76788727156173,3.64406987261762,0.123817398944104
0.6638,3.84259541648572,3.71940348996242,0.123191926523303
0.664,3.91759441659996,3.79477827284286,0.122816143757103
0.6642,3.99290764393274,3.87017567893628,0.12273196499646
0.6644,4.06854237033884,3.94560918682464,0.122933183514192
0.6646,4.1444490730324,4.02099081630622,0.12345825672618
0.6648,4.2206183561677,4.09630695431561,0.124311401852095
0.665,4.29696966994449,4.17160528426693,0.125364385677561
0.6652,4.37350559988914,4.24686947045775,0.126636129431397
0.6654,4.45012761067145,4.32208054326549,0.128047067405959
0.6656,4.52669796627308,4.39726695377743,0.129431012495642
0.6658,4.60318072366861,4.47247162278206,0.130709100886551
0.666,4.67946785597191,4.54771051756636,0.131757338405552
0.6662,4.75549650715129,4.62299271662097,0.132503790530315
0.6664,4.83127473790788,4.69833354522335,0.132941192684529
0.6666,4.90674015132443,4.77375977079643,0.132980380527996
0.6668,4.9818675253787,4.84926018454943,0.132607340829265
0.667,5.05666651376711,4.92482126120444,0.131845252562673
0.6672,5.13121986621952,5.000417139083,0.130802727136524
0.6674,5.20554126041847,5.07602132704536,0.129519933373109
0.6676,5.27970284728585,5.15155573808289,0.128147109202953
0.6678,5.35373309827276,5.22700063779553,0.126732460477236
0.668,5.42764652279598,5.30228749412735,0.125359028668633
0.6682,5.50153828180142,5.37736927808489,0.124169003716528
0.6684,5.57550467285721,5.45226577560192,0.123238897255291
0.6686,5.64957680414019,5.52699310432794,0.122583699812246
0.6688,5.72372065594445,5.60152753113126,0.122193124813194
0.669,5.79788809174748,5.67580987684068,0.122078214906794
0.6692,5.87205044387947,5.74987071812897,0.122179725750503
0.6694,5.94624912998594,5.82378282692134,0.122466303064604
0.6696,6.02046420724283,5.89746641575997,0.122997791482863
0.6698,6.09466417040906,5.97105831783104,0.123605852578014
0.67,6.16882399342989,6.04466491948404,0.124159073945856
0.6702,6.24288704337523,6.11825807059489,0.124628972780335
0.6704,0.0336465776011039,6.19188734354754,0.124944541233147
0.6706,0.107469229321367,6.26562255689017,0.125031979610785
0.6708,0.181164884613733,0.05638984365547,0.124775040958264
0.671,0.254766585531111,0.130533750261622,0.124232835269489
0.6712,0.328302551933241,0.20480534732387,0.123497204609371
0.6714,0.40185904524263,0.279301328557971,0.122557716684659
0.6716,0.475575653534081,0.353990965212493,0.121584688321588
0.6718,0.549519997451699,0.428820950679041,0.120699046772658
0.672,0.62371383684189,0.503773731906519,0.119940104935371
0.6722,0.698176144744133,0.578845053599871,0.119331091144262
0.6724,0.772937544771752,0.65400242569731,0.118935119074442
0.6726,0.848027041181317,0.729153063090034,0.118873978091283
0.6728,0.923467415906423,0.804268688909812,0.11919872699661
0.673,0.999299120080407,0.879420931810358,0.119878188270049
0.6732,1.07550287675892,0.954625042180415,0.120877834578506
0.6734,1.15205831845962,1.02983139037491,0.122226928084709
0.6736,1.22889909650917,1.1050252116395,0.123873884869675
0.6738,1.30592522345886,1.18021701098841,0.125708212470454
0.674,1.38300952672945,1.25543137685139,0.127578149878056
0.6742,1.45999436569948,1.33066458984591,0.12932977585357
0.6744,1.53680364062548,1.40592218753979,0.130881453085682
0.6746,1.61330681593891,1.48122521961803,0.132081596320879
0.6748,1.68945100578764,1.55657986906252,0.132871136725113
0.675,1.76520246582203,1.63199886920295,0.133203596619081
0.6752,1.84055558624475,1.70746941835437,0.133086167890384
0.6754,1.91555515647495,1.78297614307842,0.132579013396525
0.6756,1.99021317915668,1.85849143222357,0.131721746933115
0.6758,2.06459111978837,1.93399951427176,0.130591605516613
0.676,2.13874307026263,2.00945748504761,0.12928558521502
0.6762,2.2128075988348,2.08485482858727,0.127952770247522
0.6764,2.28683650012063,2.16017054494624,0.12666595517439
0.6766,2.36089635371112,2.23535583002936,0.12554052368176
0.6768,2.43501645510498,2.31036958766123,0.124646867443749
0.677,2.50921847854717,2.38522980944859,0.123988669098581
0.6772,2.58347932319791,2.45989988171428,0.123579441483628
0.6774,2.65772978997214,2.53429385559,0.123435934382141
0.6776,2.73192559383789,2.60846018930544,0.123465404532442
0.6778,2.80608788815469,2.68240687389834,0.123681014256347
0.678,2.8802113666869,2.75612942918297,0.124081937503931
0.6782,2.95429653806557,2.82977733109997,0.124519206965597
0.6784,3.02833292412897,2.90334707756493,0.124985846564045
0.6786,3.10228528596579,2.97688339907111,0.125401886894672
0.6788,3.17615536649557,3.05045323773359,0.125702128761981
0.679,3.24995296163519,3.12412557286082,0.125827388774375
0.6792,3.32366293248814,3.1979178971875,0.12574503530064
0.6794,3.39732420752873,3.27187176316207,0.125452444366658
0.6796,3.47097414746819,3.34595632011274,0.125017827355456
0.6798,3.54473941172979,3.42019935839754,0.12454005333225
0.68,3.61867667445194,3.49459568649389,0.124080987958054
0.6802,3.69286811769605,3.56916642315355,0.123701694542494
0.6804,3.76735905080791,3.64396783033923,0.123391220468683
0.6806,3.84213398938485,3.71895848516049,0.123175504224362
0.6808,3.91719901333164,3.79406206264139,0.123136950690248
0.681,3.992575456164,3.86922979488184,0.123345661282154
0.6812,4.06827071978487,3.94449261345202,0.123778106332852
0.6814,4.14427820589738,4.0198152139495,0.124462991947885
0.6816,4.22057471167908,4.09518036075073,0.125394350928353
0.6818,4.29707330805076,4.17053034470455,0.126542963346204
0.682,4.37374489736002,4.24586637089439,0.127878526465628
0.6822,4.45046403459352,4.32119703758133,0.129266997012193
0.6824,4.52710981730004,4.3964939923476,0.130615824952437
0.6826,4.60359867085343,4.47177397543621,0.131824695417226
0.6828,4.67987755756901,4.54707436313867,0.132803194430333
0.683,4.75589453294834,4.62240449692926,0.133490036019089
0.6832,4.8316523013066,4.69777072862932,0.133881572677273
0.6834,4.90709326314986,4.77318772317237,0.13390553997749
0.6836,4.98223633748554,4.84865939629139,0.133576941194146
0.6838,5.05707508865572,4.92417724619613,0.132897842459593
0.684,5.13164481312168,4.99972478123988,0.131920031881801
0.6842,5.20598635273633,5.07529667370373,0.130689679032603
0.6844,5.28015659237067,5.15083178693591,0.12932480543476
0.6846,5.35418085531901,5.22630883916141,0.127872016157598
0.6848,5.42811224669886,5.30168594627409,0.126426300424774
0.685,5.50201939383521,5.37687993386444,0.12513945997077
0.6852,5.57597619162073,5.45190015332364,0.124076038297091
0.6854,5.65004428122433,5.52674940044133,0.123294880782995
0.6856,5.72419048110968,5.60137469081256,0.122815790297124
0.6858,5.79836735561384,5.67576864270671,0.122598712907131
0.686,5.87253700202313,5.74985320259275,0.122683799430379
0.6862,5.94666741495948,5.82369475279061,0.122972662168872
0.6864,6.02080176744897,5.89740010509742,0.12340166235155
0.6866,6.09492288615593,5.97100671675543,0.123916169400507
0.6868,6.16900041343111,6.04460029451772,0.124400118913393
0.687,6.24298299266269,6.11817594593126,0.12480704673143
0.6872,0.0336601227226412,6.19177739440366,0.125068035498564
0.6874,0.10741220976879,6.26547427796045,0.125123238987923
0.6876,0.181055327429535,0.0561025604824513,0.124952766947084
0.6878,0.254599744722067,0.130096675687907,0.12450306903416
0.688,0.328099229524116,0.204254466084137,0.12384476343998
0.6882,0.40164469998048,0.278569796447383,0.123074903533096
0.6884,0.47534369477891,0.353090455797647,0.122253238981263
0.6886,0.549271018049147,0.427825557215395,0.121445460833752
0.6888,0.623459293928548,0.502719222977001,0.120740070951548
0.689,0.697934390340397,0.577755740316497,0.1201786500239
0.6892,0.772722780875478,0.652909471732234,0.119813309143244
0.6894,0.84784475950278,0.728185506755415,0.119659252747365
0.6896,0.923345535381157,0.803500405835939,0.119845129545218
0.6898,0.999231450388257,0.878784627645174,0.120446822743083
0.69,1.07548242772745,0.954074887923692,0.12140753980376
0.6902,1.15209583390981,1.02940787142237,0.122687962487441
0.6904,1.22898474985758,1.10474040212528,0.124244347732299
0.6906,1.30603949705948,1.18002989475565,0.12600960230383
0.6908,1.38313494434009,1.25532095641234,0.12781398792775
0.691,1.46011697923159,1.33061659885398,0.129500380377612
0.6912,1.5369160768498,1.40592500977375,0.130991067076051
0.6914,1.61343621762216,1.48126171892364,0.132174498698525
0.6916,1.68961808436395,1.55662879820253,0.132989286161422
0.6918,1.76544343299542,1.63204563191661,0.133397801078805
0.692,1.84090935409048,1.7075127900214,0.133396564069081
0.6922,1.91602037432709,1.7830229704784,0.132997403848698
0.6924,1.99076758940071,1.85857252122488,0.132195068175837
0.6926,2.06527145519058,1.93414378114488,0.131127674045706
0.6928,2.13955167141866,2.0096942033673,0.129857468051366
0.693,2.21371851965567,2.08518690015387,0.128531619501794
0.6932,2.28784765333932,2.16059012679961,0.127257526539709
0.6934,2.36200294015919,2.23585592062718,0.126147019532012
0.6936,2.43621090517021,2.3109392372269,0.125271667943315
0.6938,2.51049325386592,2.38585106717686,0.12464218668906
0.694,2.58482637213395,2.46057869413616,0.12424767799779
0.6942,2.65913898615761,2.53508055938049,0.124058426777119
0.6944,2.73337281560867,2.60929117117215,0.124081644436516
0.6946,2.80753002566428,2.68331052732677,0.124219498337509
0.6948,2.88163981238389,2.75714500819306,0.124494804190828
0.695,2.95570756090538,2.83089148318682,0.124816077718553
0.6952,3.02972756102765,2.90460054489277,0.125127016134881
0.6954,3.10368787934812,2.97829900653464,0.125388872813484
0.6956,3.17757870003275,3.05203787085977,0.125540829172976
0.6958,3.25140678883117,3.1258780579548,0.125528730876376
0.696,3.32515558446984,3.19982574334258,0.125329841127253
0.6962,3.39886156259564,3.27391524407557,0.124946318520071
0.6964,3.47255880399203,3.34808095021235,0.124477853779679
0.6966,3.54631006356892,3.42234303221404,0.123967031354882
0.6968,3.62022150465819,3.49674821053935,0.123473294118838
0.697,3.69438962014707,3.57131768947018,0.12307193067689
0.6972,3.76885734871353,3.6460777224002,0.122779626313336
0.6974,3.84361793461095,3.72099518897633,0.122622745634623
0.6976,3.91868693695577,3.79603669377688,0.122650243178884
0.6978,3.99408205189056,3.87114437591856,0.122937675972
0.698,4.06980371850229,3.94632429896064,0.123479419541646
0.6982,4.14584067921213,4.02151051900615,0.124330160205978
0.6984,4.22216486573171,4.09669301877249,0.12547184695922
0.6986,4.29867532041494,4.17187932512725,0.126795995287693
0.6988,4.37528338398595,4.24704404501458,0.128239338971368
0.699,4.45188548572948,4.32219259889593,0.129692886833547
0.6992,4.52838682197493,4.39735458287408,0.13103223910085
0.6994,4.60475005250339,4.47254777866099,0.132202273842401
0.6996,4.68092059844377,4.54779457589914,0.133126022544632
0.6998,4.75684173851884,4.62309669677459,0.133745041744246
0.7,4.83251477620916,4.69845512304048,0.13405965316868
0.7002,4.90788071786652,4.77387070295247,0.134010014914048
0.7004,4.98292368229703,4.84933027070092,0.133593411596109
0.7006,5.05765482753577,4.92481107132106,0.132843756214703
0.7008,5.13209782312422,5.0002084106216,0.131889412502612
0.701,5.20595950146504,5.07513183549234,0.130827665972693
0.7012,5.27841057800402,5.14849377314035,0.129916804863664
0.7014,5.34775548105101,5.21844271534467,0.129312765706344
0.7016,5.41201688352219,5.28316378502257,0.128853098499623
0.7018,5.47011229856116,5.34216828008766,0.127944018473499
0.702,5.5228906452274,5.39725174388409,0.125638901343311
0.7022,5.57362838150632,5.45222774562495,0.121400635881366
0.7024,5.62670325984978,5.51093283147241,0.115770428377371
0.7026,5.68545951913499,5.57559408455014,0.109865434584846
0.7028,5.75115436333076,5.64722918179457,0.103925181536196
0.703,5.82345468687885,5.72440754545732,0.0990471414215266
0.7032,5.89947297864671,5.8035587495479,0.0959142290988169
0.7034,5.97564070350599,5.88098524393519,0.0946554595707969
0.7036,6.04945122746258,5.95453106589602,0.094920161566554
0.7038,6.12013703920853,6.02418001436853,0.0959570248399961
0.704,6.18856262716214,6.09178504974908,0.0967775774130653
0.7042,6.25654742558655,6.16003825817751,0.096509167409045
0.7044,0.0425487909691977,6.23086148145759,0.0948726166911982
0.7046,0.113542272081751,0.0214041030191914,0.0921381690625599
0.7048,0.185917973507361,0.0971659355071366,0.0887520380002243
0.705,0.258972833992439,0.174218333323555,0.0847545006688844
0.7052,0.332464047228973,0.252622250897674,0.0798417963312996
0.7054,0.406548218116382,0.332828425976667,0.0737197921397152
0.7056,0.481330326269823,0.414940187556962,0.0663901387128616
0.7058,0.556643571253931,0.498569081492115,0.0580744897618159
0.706,0.632169457118043,0.583207323469495,0.0489621336485474
0.7062,0.707677723362772,0.668474938126141,0.0392027852366319
0.7064,0.783072824834945,0.754173641111482,0.0288991837234636
0.7066,0.858285049643413,0.839810592543717,0.0184744570996959
0.7068,0.93323362455667,0.924702362731586,0.00853126182508457
0.707,1.00788989144519,1.00847272999955,-0.000582838554351151
0.7072,1.08237056290826,1.09114000986968,-0.00876944696142234
0.7074,1.15682096476832,1.17282586396091,-0.0160048991925863
0.7076,1.23128511344335,1.25353223835105,-0.0222471249077039
0.7078,1.30584240747876,1.33305835681375,-0.0272159493349933
0.708,1.38066515312619,1.41125944771953,-0.0305942945933368
0.7082,1.45599465479566,1.48822187172365,-0.032227216927998
0.7084,1.53195742851745,1.56414374123469,-0.0321863127172402
0.7086,1.60842699692448,1.63921538642258,-0.0307883894981051
0.7088,1.68518001066793,1.71362304115304,-0.0284430304851051
0.709,1.76211738844514,1.78759035170063,-0.0254729632554911
0.7092,1.83930586043913,1.86139396504986,-0.0220881046107266
0.7094,1.91682558859938,1.93527022405152,-0.0184446354521441
0.7096,1.99463449203171,2.00934348242115,-0.0147089903894424
0.7098,2.07267398570095,2.08377423947804,-0.0111002537770877
0.71,2.1510217982511,2.15870518459619,-0.00768338634509114
0.7102,2.22981779956474,2.23424014701907,-0.0044223474543319
0.7104,2.30908939760524,2.31030910808585,-0.0012197104806102
0.7106,2.38859313494766,2.38672648151617,0.0018666534314824
0.7108,2.46797233578002,2.46334957249217,0.00462276328784839
0.711,2.54711140475385,2.5402809395884,0.00683046516544605
0.7112,2.62624386247672,2.61772969718488,0.00851416529184235
0.7114,2.70567308037691,2.69580773831101,0.00986534206590273
0.7116,2.78544850988864,2.7743102584038,0.0111382514848439
0.7118,2.86536403814133,2.85287178072049,0.0124922574208379
0.712,2.94525404202417,2.93131085229099,0.0139431897331828
0.7122,3.02520331773639,3.00975655102851,0.0154467667078864
0.7124,3.10546605115524,3.0883997964049,0.0170662547503331
0.7126,3.18611283595736,3.16721644261385,0.0188963933435184
0.7128,3.26696205003909,3.24597728431558,0.0209847657235072
0.713,3.34776821415948,3.32457751483677,0.0231906993227113
0.7132,3.42847357905287,3.40315990739161,0.0253136716612556
0.7134,3.50919625335038,3.48194178200271,0.0272544713476712
0.7136,3.59005341384803,3.56101150194754,0.029041911900491
0.7138,3.671014618144,3.64026523260444,0.0307493855395613
0.714,3.75200104290522,3.71964004607022,0.032360996834996
0.7142,3.83300162121348,3.79914582420834,0.0338557970051458
0.7144,3.91408464191378,3.87884864990648,0.0352359920072933
0.7146,3.99523883065764,3.95863813567475,0.0366006949828903
0.7148,4.07636644345512,4.03831442813635,0.0380520153187653
0.715,4.15737268255863,4.11762018601691,0.039752496541726
0.7152,4.23819000993279,4.19643709392208,0.0417529160107133
0.7154,4.31883672120928,4.27476471262058,0.0440720085886923
0.7156,4.39925661840798,4.35259651795439,0.0466601004535816
0.7158,4.47937610010344,4.4299026940282,0.0494734060752418
0.716,4.55920944631722,4.50664291541509,0.0525665309021264
0.7162,4.63879406758622,4.58285420869651,0.0559398588897126
0.7164,4.71816127080889,4.65862758509367,0.059533685715226
0.7166,4.79732955849274,4.73408132712308,0.0632482313696556
0.7168,4.87628189751989,4.80932255325336,0.0669593442665297
0.717,4.95494953386727,4.88447505781061,0.0704744760566616
0.7172,5.03332709825871,4.95966269354497,0.0736644047137451
0.7174,5.11143432227962,5.03501131252943,0.076423009750183
0.7176,5.1892194111715,5.11074946903448,0.0784699421370183
0.7178,5.26655028079392,5.18749541419182,0.0790548666021031
0.718,5.34340839719301,5.26647883482778,0.076929562365236
0.7182,5.41985847402143,5.34936611821374,0.0704923558076835
0.7184,5.49599129138325,5.43739625466045,0.0585950367228021
0.7186,5.57187941909108,5.53030158750758,0.0415778315835063
0.7188,5.64746009822982,5.62546298909475,0.0219971091350732
0.719,5.72268294975856,5.71870826064249,0.00397468911607657
0.7192,5.7975577546609,5.8065424957447,-0.00898474108380398
0.7194,5.87213214712017,5.8870723900211,-0.0149402429009218
0.7196,5.94643196205851,5.96065740587295,-0.01422544381444
0.7198,6.02053767000049,6.03047376045757,-0.00993609045707711
0.72,6.0944355186971,6.10017666981935,-0.00574115112224671
0.7202,6.16808644441618,6.17237637310626,-0.00428992869007416
0.7204,6.24163717294598,6.24787537842998,-0.00623820548400289
0.7206,0.0319693575562949,0.0423969701674185,-0.0104276126111236
0.7208,0.10542507134396,0.12017947481758,-0.0147544034736201
0.721,0.178843587634057,0.196264261404229,-0.0174206737701725
0.7212,0.252202998665088,0.270222626031508,-0.0180196273664197
0.7214,0.325600876480494,0.342859083063162,-0.0172582065826687
0.7216,0.39905114834482,0.415055763976299,-0.0160046156314785
0.7218,0.472506926185849,0.48706979590287,-0.0145628697170205
0.722,0.545963919764375,0.558707807506772,-0.0127438877423968
0.7222,0.619435315191948,0.629820547124707,-0.0103852319327591
0.7224,0.692929540271523,0.700596150533658,-0.00766661026213511
0.7226,0.766471538606973,0.771408829665698,-0.00493729105872487
0.7228,0.840152843185048,0.842437690170183,-0.00228484698513576
0.723,0.913929772199291,0.913632340341086,0.000297431858205188
0.7232,0.987771969143306,0.985030536113106,0.00274143303019947
0.7234,1.06165137679822,1.05688063339084,0.00477074340738493
0.7236,1.13559844470221,1.12943801247993,0.00616043222228435
0.7238,1.209640224516,1.20264930280899,0.00699092170700588
0.724,1.28378280832578,1.27628601468753,0.00749679363825129
0.7242,1.35797096907775,1.35019142120077,0.00777954787697488
0.7244,1.43221938370019,1.42444897537467,0.0077704083255199
0.7246,1.50647755674711,1.49918568659866,0.00729187014844457
0.7248,1.58070484217907,1.57439751726408,0.0063073249149852
0.725,1.65486392832545,1.64999727225022,0.00486665607522152
0.7252,1.72897981832824,1.72592385891704,0.00305595941119785
0.7254,1.80300378410472,1.80214457411397,0.000859209990749621
0.7256,1.87691813369317,1.87855508130188,-0.00163694760871258
0.7258,1.95069011784787,1.95493970900656,-0.00424959115868861
0.726,2.02428144993979,2.03111683212467,-0.00683538218488522
0.7262,2.09778528472501,2.10707386432969,-0.00928857960468399
0.7264,2.17121728976347,2.18273965994373,-0.0115223701802605
0.7266,2.2445743522738,2.25803176718054,-0.0134574149067466
0.7268,2.31785533955717,2.33280030794051,-0.0149449683833405
0.727,2.39104830222475,2.40704501924801,-0.0159967170232567
0.7272,2.46416015265892,2.48091570796702,-0.016755555308106
0.7274,2.537221251463,2.55460584255591,-0.0173845910929136
0.7276,2.61023712351732,2.62798946458411,-0.0177523410667808
0.7278,2.6832229475794,2.70074274337049,-0.0175197957910815
0.728,2.75612939730454,2.7724931139586,-0.0163637166540553
0.7282,2.82896309166756,2.84336171952482,-0.0143986278572625
0.7284,2.90179704268173,2.91374361593666,-0.0119465732549298
0.7286,2.97464313019353,2.98389950296805,-0.00925637277452696
0.7288,3.04750325050051,3.0538817289823,-0.00637847848178907
0.729,3.12040677310993,3.12349881739613,-0.00309204428620546
0.7292,3.19333483507493,3.19275816321572,0.000576671859215949
0.7294,3.26620623453974,3.26196484157794,0.00424139296180304
0.7296,3.33904551448605,3.33150897618952,0.00753653829653755
0.7298,3.41183424015249,3.40149559531016,0.0103386448423319
0.73,3.48461002521853,3.47181918224642,0.0127908429721142
0.7302,3.55739617369396,3.54236153337875,0.0150346403152075
0.7304,3.63016668504395,3.61326586923943,0.0169008158045223
0.7306,3.70295415344675,3.68475727077769,0.0181968826690633
0.7308,3.77575405120491,3.75696055000158,0.0187935012033296
0.731,3.8486158124654,3.82978338516084,0.0188324273045657
0.7312,3.92153139237663,3.90313552621382,0.0183958661628041
0.7314,3.9944469817062,3.97704437053787,0.0174026111683219
0.7316,4.06738913551434,4.0516748995778,0.0157142359365361
0.7318,4.14036383321472,4.12704947306845,0.0133143601462713
0.732,4.21334819830974,4.20294411120594,0.0104040871037983
0.7322,4.28629043729319,4.27915138485084,0.00713905244235047
0.7324,4.35917169416218,4.35553870487946,0.00363298928272293
0.7326,4.43210435720224,4.43198131223286,0.000123044969382313
0.7328,4.50511002700781,4.50834773517557,-0.00323770816775504
0.733,4.57810912123322,4.5845307421586,-0.00642162092538534
0.7332,4.65110907779439,4.66040194759523,-0.00929286980084765
0.7334,4.72415359864126,4.73587396308975,-0.011720364448494
0.7336,4.79726972127017,4.81092086086038,-0.0136511395902108
0.7338,4.87048082837409,4.8855332888148,-0.0150524604407103
0.734,4.94379195970271,4.95974484378155,-0.0159528840788346
0.7342,5.0171726756641,5.03365285449051,-0.0164801788264111
0.7344,5.09062028458709,5.10736875584542,-0.0167484712583299
0.7346,5.16408202378973,5.18099374976048,-0.0169117259707496
0.7348,5.23758036296004,5.25461771249374,-0.0170373495337035
0.735,5.31114782336327,5.32829797365113,-0.017150150287863
0.7352,5.38480772637391,5.40207722625469,-0.0172694998807774
0.7354,5.45852420238128,5.47605164166344,-0.0175274392821585
0.7356,5.53226878585661,5.55033168204984,-0.0180628961932277
0.7358,5.60605850725202,5.62498006110095,-0.0189215538489291
0.736,5.6798495789098,5.69996552696342,-0.0201159480536131
0.7362,5.75362537912798,5.77531264956599,-0.0216872704380107
0.7364,5.8273791215688,5.85090418114627,-0.0235250595774694
0.7366,5.90108966178622,5.92678064110759,-0.0256909793213733
0.7368,5.9747805653328,6.00294403072898,-0.028163465396184
0.737,6.04842348762024,6.07913599013433,-0.0307125025140884
0.7372,6.12201070228816,6.15525097114375,-0.0332402688555913
0.7374,6.19559379082504,6.23130500508811,-0.0357112142630651
0.7376,6.26917710627907,0.0240770687477116,-0.0380852696482261
0.7378,0.0595698900515487,0.0998568589186237,-0.0402869688670751
0.738,0.133127092829731,0.175360563197914,-0.0422334703681831
0.7382,0.206693650197709,0.250647007706133,-0.0439533575084241
0.7384,0.280349347010356,0.325844670723157,-0.0454953237128004
0.7386,0.35408763813728,0.400985222092152,-0.0468975839548717
0.7388,0.427923236367554,0.476065709133659,-0.0481424727661058
0.739,0.501798932415228,0.551090479493998,-0.0492915470787708
0.7392,0.575722825135451,0.626081899671308,-0.0503590745358569
0.7394,0.649734465216897,0.701008473769475,-0.0512740085525776
0.7396,0.723821992323985,0.775893149356996,-0.0520711570330105
0.7398,0.797953546391679,0.850791104853783,-0.0528375584621033
0.74,0.872185411358738,0.92581239360713,-0.0536269822483927
0.7402,0.946498755325284,1.00090484928595,-0.0544060939606612
0.7404,1.02087292443415,1.0760901404215,-0.0552172159873485
0.7406,1.09533324698826,1.15138276944526,-0.0560495224569959
0.7408,1.1698484356368,1.22677896650663,-0.0569305308698296
0.741,1.2444453826714,1.30227185126223,-0.0578264685908323
0.7412,1.31908755961144,1.37778862802343,-0.0587010684119837
0.7414,1.3937868471043,1.45329620160809,-0.0595093545037937
0.7416,1.46849814551099,1.5287622410781,-0.0602640955671145
0.7418,1.54320004361121,1.60416416441829,-0.0609641208070788
0.742,1.61788346420031,1.6794833053572,-0.0615998411568897
0.7422,1.69259855697049,1.75470085559138,-0.0621022986208826
0.7424,1.76730339400816,1.82982696419963,-0.0625235701914679
0.7426,1.84195336003862,1.90486327452126,-0.0629099144826408
0.7428,1.91662780172542,1.97974925397367,-0.0631214522482499
0.743,1.99130520704715,2.05448696372765,-0.0631817566804997
0.7432,2.06596206614324,2.12907521094346,-0.0631131448002114
0.7434,2.14059346019583,2.20350777010461,-0.0629143099087797
0.7436,2.21518035548355,2.27780146094636,-0.062621105462811
0.7438,2.28974508212529,2.35203196706421,-0.0622868849389175
0.744,2.36436672490935,2.42619497733358,-0.0618282524242266
0.7442,2.43905004275712,2.50037305148615,-0.0613230087290324
0.7444,2.51382495015932,2.57461629859687,-0.0607913484375486
0.7446,2.58864370785401,2.64890706604395,-0.0602633581899408
0.7448,2.66351144633365,2.72326714241441,-0.0597556960807575
0.745,2.73845310640399,2.79762835482997,-0.0591752484259813
0.7452,2.81343988146645,2.87196037226418,-0.0585204907977315
0.7454,2.88842803102299,2.9462927022584,-0.0578646712354125
0.7456,2.96347204758355,3.02062448411794,-0.0571524365343974
0.7458,3.03856201390255,3.09496252534395,-0.0564005114414066
0.746,3.11369271331306,3.16945759818609,-0.055764884873029
0.7462,3.18890568095723,3.24409091013291,-0.0551852291756814
0.7464,3.26417896690325,3.31887725662654,-0.0546982897232882
0.7466,3.33953898757111,3.393769764474,-0.0542307769028922
0.7468,3.41494139279516,3.46873042765526,-0.0537890348601073
0.747,3.49038864079648,3.54376134780738,-0.0533727070108996
0.7472,3.56582880625628,3.6187674562968,-0.0529386500405176
0.7474,3.64123791516852,3.6937034703985,-0.0524655552299791
0.7476,3.71660754001216,3.76857355554132,-0.0519660155291621
0.7478,3.79195661013594,3.8434405677098,-0.0514839575738608
0.748,3.86730712166819,3.91834475527873,-0.0510376336105423
0.7482,3.94263045775979,3.99324155055567,-0.0506110927958772
0.7484,4.017953517434,4.068174672221,-0.0502211547870015
0.7486,4.09325583198938,4.14315902855874,-0.0499031965693657
0.7488,4.16851976342517,4.21823825950778,-0.0497184960826118
0.749,4.24373905757845,4.29339272910802,-0.049653671529569
0.7492,4.31889178860418,4.36862284884203,-0.0497310602378489
0.7494,4.39407745595703,4.44393288760095,-0.0498554316439197
0.7496,4.46932212943286,4.51930206001125,-0.0499799305783943
0.7498,4.54462494098655,4.5946963764346,-0.0500714354480518
0.75,4.61991112215071,4.67009674340976,-0.0501856212590415
0.7502,4.69521699630207,4.74549417687288,-0.0502771805708013
0.7504,4.77056988979694,4.82087151954038,-0.0503016297434424
0.7506,4.84598234879583,4.89621291743991,-0.0502305686440767
0.7508,4.92145327688651,4.97149553534217,-0.0500422584556564
0.751,4.99694973712201,5.04671095989097,-0.0497612227689599
0.7512,5.07246961655486,5.12183733547058,-0.0493677189157191
0.7514,5.14800670443852,5.19683984040699,-0.0488331359684651
0.7516,5.22352677086242,5.27170012819581,-0.0481733573333853
0.7518,5.29909870628732,5.34646285238137,-0.0473641460940417
0.752,5.37472762099507,5.42112045258739,-0.046392831592315
0.7522,5.45041914942824,5.49570884818318,-0.0452896987549449
0.7524,5.52612104527945,5.57021997139373,-0.0440989261142839
0.7526,5.60183796373607,5.64471648923709,-0.0428785255010142
0.7528,5.67751892204892,5.71912242123271,-0.041603499183787
0.753,5.75314428087463,5.79347997632058,-0.0403356954459424
0.7532,5.82871097730533,5.86785049144091,-0.0391395141355799
0.7534,5.9042748853144,5.94223017642031,-0.0379552911059093
0.7536,5.97979537031716,6.01657959630244,-0.0367842259852784
0.7538,6.05522479269422,6.09095801317037,-0.0357332204761516
0.754,6.13065349850947,6.16538694539216,-0.0347334468826972
0.7542,6.20607626941451,6.23978017398665,-0.0337039045721435
0.7544,6.28145074817103,0.0309895689408763,-0.0327241279494359
0.7546,0.0735983125741058,0.105390454241156,-0.0317921416670499
0.7548,0.148879754435874,0.179797225948591,-0.0309174715127178
0.755,0.224175507747683,0.254196736255269,-0.0300212285075859
0.7552,0.299515705131366,0.328639293506088,-0.0291235883747217
0.7554,0.37490730655717,0.403085327573806,-0.0281780210166357
0.7556,0.450271819552656,0.477567712096077,-0.0272958925434212
0.7558,0.52563217709585,0.552107034546067,-0.0264748574502172
0.756,0.601005080513895,0.626723584779505,-0.0257185042656107
0.7562,0.676405070060056,0.701396728738875,-0.0249916586788191
0.7564,0.751772980041853,0.776143646342576,-0.0243706663007232
0.7566,0.827109966149227,0.850958705229623,-0.023848739080396
0.7568,0.902479858359684,0.925820532225919,-0.0233406738662354
0.757,0.977812989622721,1.00074205864445,-0.0229290690217336
0.7572,1.0531492469373,1.07572268410693,-0.0225734371696267
0.7574,1.12855072614004,1.15078825897691,-0.0222375328368671
0.7576,1.20397258831174,1.22592258134608,-0.0219499930343385
0.7578,1.27940511738373,1.30112718704045,-0.0217220696567197
0.758,1.35484720284209,1.37641172077307,-0.021564517930978
0.7582,1.43028220262929,1.45174419176138,-0.0214619891320866
0.7584,1.50565140710262,1.52712246577423,-0.0214710586716125
0.7586,1.58098933023987,1.60252011687125,-0.0215307866313736
0.7588,1.65627997657947,1.67791768787661,-0.0216377112971393
0.759,1.73156302435368,1.75329146408647,-0.0217284397327959
0.7592,1.80682905365653,1.82862061278971,-0.0217915591331725
0.7594,1.88204104975151,1.90391477946588,-0.0218737297143705
0.7596,1.95723933880823,1.97917157092815,-0.0219322321199249
0.7598,2.03241326406599,2.05434817514485,-0.021934911078862
0.76,2.10751981356851,2.12944494899685,-0.0219251354283396
0.7602,2.18256594936653,2.20449822261593,-0.0219322732494001
0.7604,2.25754345651756,2.27943377557568,-0.0218903190581221
0.7606,2.33244063431004,2.35427609427803,-0.021835459967992
0.7608,2.40735408622536,2.42909692959912,-0.0217428433737523
0.761,2.48231041550602,2.50377328723879,-0.0214628717327696
0.7612,2.55724072461419,2.57835821864869,-0.0211174940344971
0.7614,2.63216818926446,2.65282756443108,-0.0206593751666229
0.7616,2.70711625335893,2.72721493605587,-0.0200986826969323
0.7618,2.7821054586189,2.8015827999629,-0.0194773413439986
0.762,2.85714477479629,2.87596143058107,-0.0188166557847733
0.7622,2.93221029498428,2.9502971798379,-0.0180868848536271
0.7624,3.00729902424197,3.02459474100042,-0.0172957167584578
0.7626,3.08234518752382,3.09878772984058,-0.0164425423167582
0.7628,3.15735672394498,3.17287210667938,-0.0155153827343906
0.763,3.23236810209165,3.24695128074621,-0.0145831786545636
0.7632,3.30742050372253,3.32101435067935,-0.0135938469568142
0.7634,3.38249923274069,3.39509729992781,-0.0125980671871257
0.7636,3.45757976950358,3.46921444036935,-0.0116346708657655
0.7638,3.53266966518523,3.54343565545883,-0.0107659902735997
0.764,3.60771368080966,3.61774190607487,-0.0100282252652044
0.7642,3.68269667801809,3.69213807287524,-0.00944139485715079
0.7644,3.75761880170291,3.76662358516921,-0.00900478346630251
0.7646,3.83253160452316,3.84122138709101,-0.00868978256784692
0.7648,3.90739153907994,3.9158825767021,-0.00849103762216208
0.765,3.98215563266217,3.99059252599572,-0.00843689333354991
0.7652,4.05691710798125,4.06541896344532,-0.00850185546407189
0.7654,4.13167208255284,4.14036270882158,-0.00869062626873607
0.7656,4.20637765729141,4.21541720101035,-0.00903954371894411
0.7658,4.2810392918475,4.29053442802014,-0.00949513617264053
0.766,4.35564485161018,4.36572328535498,-0.0100784337448001
0.7662,4.43017910480715,4.44096464376865,-0.0107855389614953
0.7664,4.50465930622154,4.51624461943923,-0.0115853132176884
0.7666,4.5791826900858,4.59159131793365,-0.0124086278478535
0.7668,4.65368905152602,4.66697035736423,-0.0132813058382037
0.767,4.72818759832841,4.742366283815,-0.014178685486586
0.7672,4.80270267227495,4.81776095952471,-0.0150582872497589
0.7674,4.87726678776493,4.89313717590569,-0.0158703881407583
0.7676,4.95189844842861,4.96847471049195,-0.016576262063337
0.7678,5.0265764301656,5.04377355855168,-0.0171971283860755
0.768,5.10129688761542,5.1190420014052,-0.0177451137897835
0.7682,5.17599149821137,5.19424550753856,-0.0182540093271912
0.7684,5.25070120578087,5.269375728352,-0.0186745225711329
0.7686,5.32549674885455,5.34442185585536,-0.018925107000805
0.7688,5.40030679140502,5.41937441752464,-0.019067626119619
0.769,5.47511546755347,5.49423431452391,-0.0191188469704322
0.7692,5.54992163140069,5.5689598861887,-0.0190382547880015
0.7694,5.62470645856934,5.64359849616225,-0.0188920375929067
0.7696,5.69941182353938,5.71812450403657,-0.0187126804971918
0.7698,5.77408045635941,5.79257402051912,-0.0184935641597086
0.77,5.84870407453698,5.86690201889116,-0.0181979443541822
0.7702,5.92332089534385,5.94117703779761,-0.0178561424537653
0.7704,5.99788383118337,6.01538534199519,-0.0175015108118188
0.7706,6.07235140580004,6.08947950351075,-0.017128097710704
0.7708,6.14681037630398,6.16357593158933,-0.0167655552853487
0.771,6.22126440914728,6.23767981878333,-0.0164154096360463
0.7712,0.0124978901702697,0.0286193120243119,-0.0161214218540422
0.7714,0.0868900906015074,0.102763777408055,-0.0158736868065472
0.7716,0.161242383655327,0.176839270026276,-0.015596886370949
0.7718,0.235535862841285,0.25080962841312,-0.0152737655718351
0.772,0.309782558726295,0.324723671608389,-0.0149411128820937
0.7722,0.384002382368886,0.398709206355218,-0.0147068239863323
0.7724,0.458212615497129,0.472779648391469,-0.0145670328943398
0.7726,0.532442558489805,0.546938027412252,-0.014495468922446
0.7728,0.606708775112104,0.621236607698508,-0.014527832586404
0.773,0.681037296372996,0.695718638032117,-0.0146813416591216
0.7732,0.755441990665384,0.770387407229685,-0.014945416564301
0.7734,0.829896223098363,0.845172489075528,-0.0152762659771655
0.7736,0.904394340718796,0.920113120580263,-0.0157187798614664
0.7738,0.978920751879379,0.995162941223487,-0.016242189344108
0.774,1.05343250437979,1.07028730435597,-0.0168547999761861
0.7742,1.12795084499587,1.14550253412417,-0.0175516891282994
0.7744,1.2025095431628,1.22080215032699,-0.018292607164184
0.7746,1.27712958235968,1.29615471676063,-0.01902513440095
0.7748,1.35175990338056,1.37155092139222,-0.0197910180116596
0.775,1.42640685355597,1.44696334808237,-0.0205564945263956
0.7752,1.50102024938546,1.52237945637441,-0.0213592069889454
0.7754,1.57558263120714,1.59778082126343,-0.0221981900562851
0.7756,1.65009215734541,1.6731569079841,-0.0230647506386912
0.7758,1.7246029067749,1.74849348136206,-0.02389057458716
0.776,1.79907287949139,1.82378369632792,-0.0247108168365238
0.7762,1.87345612342728,1.89901240715323,-0.0255562837259518
0.7764,1.94783381254354,1.9741640162382,-0.0263302036946591
0.7766,2.02219617684131,2.0492556507432,-0.0270594739018923
0.7768,2.09653515426041,2.12427504882243,-0.0277398945620169
0.777,2.17086834126527,2.19925505180752,-0.0283867105422497
0.7772,2.24518178999993,2.27416340381884,-0.0289816138189067
0.7774,2.3195308896145,2.34895456505329,-0.0294236754387893
0.7776,2.39392391964009,2.42368473460296,-0.0297608149628736
0.7778,2.46836257518342,2.49831433278184,-0.0299517575984209
0.778,2.542783550815,2.57285488675545,-0.0300713359404581
0.7782,2.61721254644649,2.64726871627127,-0.0300561698247752
0.7784,2.69167320904678,2.72159799367916,-0.0299247846323758
0.7786,2.7661853739228,2.79583396595281,-0.0296485920300102
0.7788,2.84071999074927,2.86993758271606,-0.0292175919667845
0.779,2.91523903525517,2.94399767183931,-0.0287586365841395
0.7792,2.98979809693652,3.0180793671502,-0.0282812702136788
0.7794,3.06433238552638,3.09212893604546,-0.0277965505190814
0.7796,3.13884650434661,3.16611653930046,-0.0272700349538493
0.7798,3.21337697550552,3.24010837241858,-0.0267313969130587
0.78,3.28795629160695,3.31417235902779,-0.026216067420842
0.7802,3.3626048890174,3.38832467828383,-0.0257197892664336
0.7804,3.43727464663796,3.46253732720464,-0.0252626805666893
0.7806,3.51197700766791,3.53687452862367,-0.0248975209557551
0.7808,3.58666599579411,3.61129636708533,-0.0246303712912193
0.781,3.66132039944882,3.68577752024095,-0.024457120792122
0.7812,3.73593007863063,3.76029412682792,-0.0243640481972882
0.7814,3.81054469530688,3.83495763426277,-0.0244129389558885
0.7816,3.885125127329,3.90971477658645,-0.0245896492574555
0.7818,3.95963047207666,3.98452605334774,-0.0248955812710809
0.782,4.03414140158227,4.05946860782144,-0.0253272062391696
0.7822,4.1086395954379,4.13450142063041,-0.0258618251925125
0.7824,4.1831077039074,4.20963813753406,-0.026530433626661
0.7826,4.2575436033067,4.28485571176872,-0.02731210846202
0.7828,4.33192506958553,4.3601555402684,-0.0282304706828658
0.783,4.40634455710086,4.43552882983309,-0.0291842727322269
0.7832,4.48082011615592,4.5109322663439,-0.030112150187982
0.7834,4.55534673825035,4.58635315505058,-0.0310064168002295
0.7836,4.62992395129544,4.66176708615796,-0.0318431348625285
0.7838,4.70451553939203,4.73716714145899,-0.0326516020669612
0.784,4.77913579711893,4.81254282378984,-0.0334070266709077
0.7842,4.85381208166488,4.88788238013541,-0.0340702984705308
0.7844,4.92851520943167,4.96316141324274,-0.0346462038110689
0.7846,5.00320271740081,5.03838453744488,-0.0351818200440697
0.7848,5.07792741325734,5.11355123317008,-0.0356238199127432
0.785,5.15262342999921,5.18862607356556,-0.0360026435663432
0.7852,5.22729504970914,5.26356710830204,-0.0362720585929051
0.7854,5.30198094137682,5.33839065720071,-0.0364097158238934
0.7856,5.37671692812962,5.41310941212235,-0.0363924839927279
0.7858,5.4515263748129,5.48774869437919,-0.0362223195662859
0.786,5.52636148993837,5.56231993164784,-0.0359584417094725
0.7862,5.60123218093653,5.63688553021355,-0.0356533492770241
0.7864,5.67609227846356,5.71135282085991,-0.0352605423963492
0.7866,5.75092062225531,5.78574788417257,-0.0348272619172567
0.7868,5.82570668421177,5.86006329373878,-0.0343566095270083
0.787,5.90049876070582,5.93436566746564,-0.0338669067598287
0.7872,5.97528687759266,6.00867019265144,-0.0333833150587832
0.7874,6.05003193080749,6.08289411295214,-0.0328621821446555
0.7876,6.12476665099175,6.15707603548814,-0.0323093844963873
0.7878,6.19947511008005,6.23121045378116,-0.0317353437011105
0.788,6.27414204841804,0.0221449427144738,-0.0311882014760236
0.7882,0.0655942445551938,0.0962850767830947,-0.0306908322279009
0.7884,0.140191742064762,0.170511699746883,-0.0303199576821215
0.7886,0.21481231868768,0.244884403112706,-0.0300720844250254
0.7888,0.289454527659894,0.319378367665432,-0.0299238400055389
0.789,0.364110322801274,0.393935863648628,-0.0298255408473537
0.7892,0.438751425692476,0.468516049732263,-0.0297646240397867
0.7894,0.513412427814592,0.543145498532733,-0.0297330707181409
0.7896,0.588114518480012,0.617851505288865,-0.0297369868088527
0.7898,0.662873175464316,0.692592407935985,-0.0297192324716683
0.79,0.737656559175226,0.767380911535547,-0.0297243523603206
0.7902,0.812425948422207,0.842209646975689,-0.0297836985534817
0.7904,0.887239895375217,0.917103401994472,-0.0298635066192551
0.7906,0.962086158639353,0.992111067272099,-0.0300249086327458
0.7908,1.03695419677519,1.06719959862524,-0.0302454018500513
0.791,1.11187524957148,1.14238301572631,-0.0305077661548347
0.7912,1.18682282921959,1.21762659789317,-0.0308037686735827
0.7914,1.26182759535076,1.2929300878597,-0.0311024925089336
0.7916,1.33685575480455,1.3682776528743,-0.0314218980697458
0.7918,1.41187993290443,1.4436424211783,-0.0317624882738721
0.792,1.48683824409671,1.51903277481525,-0.0321945307185447
0.7922,1.56175810322255,1.59443123509867,-0.0326731318761178
0.7924,1.63662287911772,1.66982636531073,-0.0332034861930042
0.7926,1.71148296386979,1.74520045828867,-0.0337174944188769
0.7928,1.78634284104341,1.8205346886876,-0.0341918476441958
0.793,1.8611732016323,1.89583371335071,-0.034660511718412
0.7932,1.93600526926738,1.97106692946388,-0.0350616601965008
0.7934,2.01081550124154,2.04620979950483,-0.035394298263292
0.7936,2.08558148782458,2.12123452225982,-0.0356530344352426
0.7938,2.16029704772035,2.19615335578195,-0.0358563080616014
0.794,2.23495639356763,2.27094517757303,-0.0359887840053976
0.7942,2.30963861727894,2.34560267139803,-0.0359640541190815
0.7944,2.38435512682851,2.42014888253847,-0.0357937557099599
0.7946,2.45911786595726,2.49463620198076,-0.0355183360235052
0.7948,2.53394416733191,2.56910512072329,-0.0351609533913733
0.795,2.60878655717235,2.6434675820938,-0.0346810249214489
0.7952,2.6836455873204,2.71774900688048,-0.0341034195600849
0.7954,2.75854310277987,2.79200538606447,-0.0334622832845941
0.7956,2.83345101916035,2.86618070880076,-0.0327296896404157
0.7958,2.90833030727881,2.94030409448369,-0.0319737872048784
0.796,2.98323822762197,3.01444727985969,-0.0312090522377289
0.7962,3.05811387754119,3.08856910474903,-0.0304552272078422
0.7964,3.13296596783045,3.16264080819793,-0.0296748403674814
0.7966,3.20783579337072,3.23671856540335,-0.0288827720326212
0.7968,3.28275961483136,3.31082965151406,-0.0280700366826951
0.797,3.35775978041826,3.38502131460225,-0.0272615341839892
0.7972,3.43278591999677,3.45925930383492,-0.0264733838381535
0.7974,3.5078426966746,3.5335977882485,-0.0257550915738989
0.7976,3.58287654954787,3.60800624173479,-0.0251296921869217
0.7978,3.65786102165249,3.68247679065146,-0.0246157689989674
0.798,3.73278682439602,3.75699435488807,-0.024207530492053
0.7982,3.80771024747786,3.83167112086628,-0.0239608733884169
0.7984,3.88263098279801,3.90650454747313,-0.0238735646751218
0.7986,3.95751494339812,3.98135921025884,-0.0238442668607255
0.7988,4.03239252435866,4.0563025584868,-0.0239100341281429
0.799,4.10724043881905,4.13132516278335,-0.0240847239642985
0.7992,4.18203590635284,4.20642753889492,-0.0243916325420859
0.7994,4.25676935965519,4.28159387920096,-0.0248245195457715
0.7996,4.33141900495892,4.35683222851496,-0.0254132235560451
0.7998,4.40608611823887,4.43212954544136,-0.0260434272024952
0.8,4.48077371597569,4.50748121484906,-0.0267074988733738
0.8002,4.55547155753158,4.58286544210183,-0.0273938845702446
0.8004,4.63015248810741,4.658258920934,-0.0281064328265925
0.8006,4.70485168891006,4.73365660476505,-0.0288049158549919
0.8008,4.77958862663524,4.80904304904603,-0.0294544224107893
0.801,4.85437769272029,4.88440941895444,-0.0300317262341467
0.8012,4.92922436221161,4.9597420859095,-0.0305177236978915
0.8014,5.00410164697083,5.03503431681376,-0.0309326698429322
0.8016,5.07900875607348,5.11027096765329,-0.0312622115798051
0.8018,5.153935433334,5.1854368229785,-0.0315013896445011
0.802,5.22888032309316,5.26055344213402,-0.0316731190408621
0.8022,5.30387627561228,5.33556737777338,-0.0316911021610942
0.8024,5.37889559263331,5.41048864129888,-0.0315930486655711
0.8026,5.4539661064283,5.48532285652419,-0.0313567500958918
0.8028,5.52904990430043,5.56004599281313,-0.0309960885127021
0.803,5.60415567374783,5.63471935308583,-0.0305636793379991
0.8032,5.67923033165516,5.70927250033205,-0.030042168676891
0.8034,5.75424863760971,5.78373267496989,-0.0294840373601835
0.8036,5.82920171407492,5.85809141093552,-0.0288896968606034
0.8038,5.90414285715452,5.9323799033311,-0.0282370461765815
0.804,5.97903553818525,6.00658990618536,-0.0275543680001027
0.8042,6.05384008816625,6.08073309748602,-0.0268930093197666
0.8044,6.12863713255371,6.15488034000779,-0.0262432074540868
0.8046,6.20340539781163,6.22899823878923,-0.0255928409775947
0.8048,6.27812165853389,0.0199191227242499,-0.0249827713699435
0.805,0.0696118686322773,0.094019552001446,-0.0244076833691687
0.8052,0.144239698510758,0.168043804951127,-0.0238041064403691
0.8054,0.218811971727399,0.242058838331084,-0.0232468666036854
0.8056,0.293412595597028,0.316167815910298,-0.0227552203132702
0.8058,0.368053428694797,0.390440939224171,-0.0223875105293742
0.806,0.44276392589947,0.464818218020376,-0.0220542921209059
0.8062,0.517489665438065,0.539235708103799,-0.0217460426657339
0.8064,0.592229303497799,0.613743748881347,-0.0215144453835473
0.8066,0.667006833633653,0.688364940405267,-0.0213581067716139
0.8068,0.741831224692183,0.763137049182875,-0.021305824490692
0.807,0.816674807798845,0.837979665472858,-0.021304857674013
0.8072,0.891539565581148,0.912891267221725,-0.0213517016405769
0.8074,0.966420449382971,0.987891943115766,-0.0214714937327944
0.8076,1.04127852292918,1.06293107425344,-0.0216525513242596
0.8078,1.11609531971195,1.13804895268887,-0.0219536329769261
0.808,1.19089411977304,1.21324322385406,-0.022349104081018
0.8082,1.26576118399601,1.2885169474771,-0.0227557634810873
0.8084,1.34064914301402,1.36385581142768,-0.023206668413666
0.8086,1.41556343449748,1.43922715816272,-0.0236637236652417
0.8088,1.49045781418909,1.51462097520755,-0.0241631610184607
0.809,1.5653117251503,1.59001997949843,-0.024708254348123
0.8092,1.64011672269714,1.66541170687188,-0.0252949841747354
0.8094,1.71492578284508,1.74077988288517,-0.0258541000400951
0.8096,1.78973274835066,1.81610888352443,-0.026376135173775
0.8098,1.86449808789535,1.89140701580639,-0.0269089279110426
0.81,1.93925083595912,1.96665565958696,-0.0274048236278375
0.8102,2.01397217278069,2.04183749323647,-0.0278653204557817
0.8104,2.08864614947655,2.11694121276001,-0.0282950632834638
0.8106,2.1632658452749,2.19193244308924,-0.0286665978143379
0.8108,2.23780583146142,2.2667825637105,-0.0289767322490815
0.811,2.31236195528019,2.341546738029,-0.0291847827488034
0.8112,2.38696105502031,2.41623644758128,-0.0292753925609683
0.8114,2.46160757479284,2.49079704841201,-0.0291894736191711
0.8116,2.53630615917833,2.56530453947796,-0.0289983802996359
0.8118,2.61101895986282,2.63970190786059,-0.0286829479977695
0.812,2.68575323317483,2.71402225640229,-0.0282690232274527
0.8122,2.7605285862127,2.7883236071258,-0.027795020913107
0.8124,2.83531242019331,2.86255334116343,-0.0272409209701285
0.8126,2.91006533125998,2.93674057066703,-0.0266752394070551
0.8128,2.98484718962852,3.01095007242887,-0.0261028828003438
0.813,3.05959904075623,3.08512980240633,-0.025530761650101
0.8132,3.1343292931439,3.15924195882142,-0.0249126656775256
0.8134,3.20907693413689,3.2333384714756,-0.0242615373387043
0.8136,3.28387456202346,3.30744626938949,-0.0235717073660275
0.8138,3.35873984340753,3.38161576720999,-0.0228759238024554
0.814,3.43361980476661,3.45582160960016,-0.0222018048335486
0.8142,3.50852242795561,3.53013110342946,-0.0216086754738525
0.8144,3.58340256150175,3.6045236217608,-0.0211210602590568
0.8146,3.65824117931971,3.67899038801717,-0.0207492086974672
0.8148,3.73302885984934,3.75350617047796,-0.0204773106286225
0.815,3.80781402544877,3.82812005477967,-0.0203060293309072
0.8152,3.88258735513659,3.90285219268928,-0.0202648375526882
0.8154,3.95731183582789,3.97762217032106,-0.0203103344931668
0.8156,4.0320226947157,4.05249796548754,-0.0204752707718452
0.8158,4.10670477218537,4.12746748156479,-0.0207627093794169
0.816,4.18134084801621,4.20253125626426,-0.0211904082480521
0.8162,4.25592204161605,4.27767092241829,-0.0217488808022379
0.8164,4.3304239307443,4.35288105819514,-0.0224571274508412
0.8166,4.40486645465135,4.42813599467145,-0.023269540020098
0.8168,4.47932723983103,4.50345367704282,-0.0241264372117937
0.817,4.55381147147258,4.57882401080919,-0.0250125393366067
0.8172,4.62828184987542,4.65420965661395,-0.0259278067385367
0.8174,4.70277269569876,4.72960580093908,-0.0268331052403177
0.8176,4.7773091801662,4.80499726225111,-0.0276880820849144
0.8178,4.85190800231177,4.88036071873803,-0.0284527164262585
0.818,4.9265303418348,4.95566879823337,-0.0291384563985675
0.8182,5.00113984151716,5.03091754079461,-0.0297776992774521
0.8184,5.07577292427162,5.10610145566099,-0.030328531389368
0.8186,5.15042891842152,5.18119858977227,-0.0307696713507477
0.8188,5.22510539790126,5.25623047053779,-0.0311250726365326
0.819,5.29983572811608,5.33115711513735,-0.0313213870212694
0.8192,5.3745970253225,5.4059866879228,-0.0313896626003007
0.8194,5.44942187415471,5.48072490124214,-0.0313030270874259
0.8196,5.52427363077467,5.55535685263845,-0.0310832218637875
0.8198,5.59915910509976,5.62995792572252,-0.0307988206227536
0.82,5.67406028958317,5.70449538401393,-0.0304350944307643
0.8202,5.74895495106036,5.77895606275427,-0.0300011116939105
0.8204,5.82377531578476,5.85331024729039,-0.0295349315056308
0.8206,5.89858059681297,5.92762746690406,-0.0290468700910926
0.8208,5.97337630000131,6.00193026527966,-0.0285539652783502
0.821,6.04812136968161,6.07615225489988,-0.0280308852182749
0.8212,6.12285007795721,6.15037704060409,-0.027526962646883
0.8214,6.19754914426702,6.22458330178281,-0.0270341575157937
0.8216,6.27219805296423,0.0155959623180099,-0.0265832165333713
0.8218,0.0636022432038086,0.0897669225928157,-0.0261646793890071
0.822,0.138113788443726,0.163989430407512,-0.0258756419637857
0.8222,0.212653306248273,0.238253676135426,-0.0256003698871529
0.8224,0.287224554728502,0.312536572032591,-0.0253120173040895
0.8226,0.361811543471187,0.386854639019106,-0.025043095547919
0.8228,0.436450901092179,0.461255907524861,-0.0248050064326811
0.823,0.511096116683786,0.535693080476889,-0.0245969637931034
0.8232,0.585749405745336,0.610204302600135,-0.024454896854799
0.8234,0.660437495359458,0.68478509000212,-0.0243475946426625
0.8236,0.735174357220469,0.759491537356639,-0.0243171801361706
0.8238,0.80993684869819,0.834273371093825,-0.0243365223956342
0.824,0.884728695444719,0.90909987762556,-0.024371182180841
0.8242,0.959494517323934,0.984010691808611,-0.0245161744846771
0.8244,1.03424725372109,1.05901507065914,-0.024767816938049
0.8246,1.10901924021798,1.13413673212998,-0.0251174919120025
0.8248,1.18383701782593,1.20932674249916,-0.0254897246732282
0.825,1.25872133070922,1.2845891335676,-0.0258678028583776
0.8252,1.33362481931581,1.35991289217658,-0.0262880728607704
0.8254,1.40855444524204,1.43527414225646,-0.0267196970144248
0.8256,1.48345914597954,1.51066554561199,-0.0272063996324523
0.8258,1.55831684515153,1.5860648098849,-0.0277479647333716
0.826,1.63312458466,1.66145119597193,-0.0283266113119363
0.8262,1.70786181398951,1.73680779584786,-0.0289459818583413
0.8264,1.78258847944762,1.81212279509044,-0.0295343156428169
0.8266,1.85727770128991,1.88739769051565,-0.0301199892257333
0.8268,1.93194776526333,1.96260715722381,-0.030659391960481
0.827,2.00657998887854,2.03773580968559,-0.0311558208070499
0.8272,2.08116451476853,2.11279409944682,-0.0316295846782895
0.8274,2.15569835330446,2.18776511794748,-0.0320667646430208
0.8276,2.23015858298287,2.26260629953892,-0.0324477165560468
0.8278,2.30464513180477,2.33733924423992,-0.0326941124351445
0.828,2.37916193736806,2.41193268830233,-0.0327707509342692
0.8282,2.45369820634484,2.48639557892234,-0.0326973725775006
0.8284,2.52830256253153,2.56078977525146,-0.0324872127199263
0.8286,2.60293126048197,2.63507980400166,-0.0321485435196873
0.8288,2.67758571540328,2.70931157922189,-0.031725863818608
0.829,2.75229764373221,2.78353836959306,-0.0312407258608434
0.8292,2.82703811147686,2.85769745226766,-0.0306593407907969
0.8294,2.90175954351619,2.93181090149253,-0.0300513579763471
0.8296,2.97651445906956,3.00597061256335,-0.0294561534937956
0.8298,3.05129427706292,3.08014671705196,-0.0288524399890395
0.83,3.1260968440999,3.1543487693734,-0.0282519252735018
0.8302,3.20095974337977,3.2285431617916,-0.0275834184118309
0.8304,3.27585402593092,3.30273123901141,-0.0268772130804904
0.8306,3.35080082031452,3.37697524263226,-0.02617442231774
0.8308,3.42575750943568,3.45127593606612,-0.0255184266304394
0.831,3.50075301731593,3.52569520135077,-0.0249421840348374
0.8312,3.57571868499005,3.60016700739668,-0.0244483224066276
0.8314,3.65063213960015,3.67468521547794,-0.0240530758777906
0.8316,3.72548711776119,3.74924143350892,-0.0237543157477318
0.8318,3.80033633001978,3.82390067721104,-0.0235643471912605
0.832,3.87517572412333,3.89869173814982,-0.023516014026491
0.8322,3.94997216172939,3.97352995383755,-0.0235577921081558
0.8324,4.02476117483272,4.04846797217744,-0.0237067973447118
0.8326,4.09952422098403,4.12347805710337,-0.0239538361193361
0.8328,4.17423827229953,4.19855580395508,-0.024317531655548
0.833,4.248888663885,4.27369389380895,-0.0248052299239516
0.8332,4.32344736653847,4.34891990364209,-0.0254725371036235
0.8334,4.39801415775114,4.4241939282417,-0.0261797704905558
0.8336,4.4725982722919,4.49952063587026,-0.0269223635783664
0.8338,4.54719936036771,4.57489493315089,-0.0276955727831734
0.834,4.6217950479553,4.65028216226687,-0.0284871143115666
0.8342,4.69641830804112,4.72567864674854,-0.029260338707422
0.8344,4.77108267529106,4.80107115034534,-0.0299884750542763
0.8346,4.84579807832578,4.87645040316637,-0.0306523248405872
0.8348,4.92053399112003,4.95179234450694,-0.0312583533869093
0.835,4.9952542655941,5.02710023183423,-0.031845966240132
0.8352,5.06999489544592,5.10235106748159,-0.0323561720356764
0.8354,5.14475456807035,5.17751606423746,-0.0327614961671134
0.8356,5.2195307293674,5.25261741433659,-0.0330866849691951
0.8358,5.29435877861341,5.32761689439313,-0.0332581157797218
0.836,5.36921632241237,5.40252377855254,-0.0333074561401681
0.8362,5.44413403379498,5.47734225926163,-0.0332082254666499
0.8364,5.51907279220359,5.5520336946343,-0.0329609024307116
0.8366,5.59405804698255,5.62663322208005,-0.0325751750974979
0.8368,5.66901645733352,5.7011128228814,-0.032096365547881
0.837,5.7439236167372,5.77552398011653,-0.0316003633793258
0.8372,5.81877273931425,5.84980021683945,-0.0310274775251953
0.8374,5.89354490388751,5.92395138729379,-0.0304064834062796
0.8376,5.96829951567058,5.998090055402,-0.0297905397314171
0.8378,6.04301249684656,6.07215684705641,-0.029144350209851
0.838,6.11771295991282,6.14621688108821,-0.028503921175381
0.8382,6.1923865276697,6.22025586737423,-0.0278693397045355
0.8384,6.26701493468634,0.0111408731817468,-0.0273112456749907
0.8386,0.0584035279243285,0.085191717903276,-0.0267881899789475
0.8388,0.132901962266005,0.159200355307936,-0.0262983930419315
0.839,0.207431571484361,0.233261247361917,-0.0258296758775556
0.8392,0.282002359438673,0.307385848062323,-0.02538348862365
0.8394,0.356605014341132,0.381592230887201,-0.0249872165460691
0.8396,0.431281625659634,0.455999707932855,-0.0247180822732212
0.8398,0.506045892140383,0.530525060451141,-0.0244791683107575
0.84,0.580812692582252,0.605115498055927,-0.024302805473675
0.8402,0.655596859948825,0.679770089045068,-0.0241732290962426
0.8404,0.730392012096156,0.754523374310897,-0.024131362214741
0.8406,0.805170082954696,0.829363406164724,-0.0241933232100286
0.8408,0.87998691708565,0.904330515250356,-0.0243435981647059
0.841,0.954824412092284,0.979393026321149,-0.0245686142288652
0.8412,1.02963036819267,1.05448696701098,-0.024856598818312
0.8414,1.10443279110267,1.12966375236008,-0.0252309612574069
0.8416,1.17927388220262,1.20490112208364,-0.0256272398810213
0.8418,1.25418034529729,1.28019861444512,-0.0260182691478377
0.842,1.32910391402967,1.35554164213053,-0.0264377281008616
0.8422,1.40405287601654,1.43091027018317,-0.0268573941666383
0.8424,1.47901885510483,1.5063055139689,-0.0272866588640726
0.8426,1.55398783799643,1.58170313192749,-0.027715293931067
0.8428,1.62889509162836,1.65710362411772,-0.0282085324893586
0.843,1.70379640501915,1.73249105030605,-0.0286946452869057
0.8432,1.77869014521685,1.80784438269792,-0.0291542374810758
0.8434,1.85353746182386,1.8831693079369,-0.0296318461130398
0.8436,1.92837291754213,1.95844994512557,-0.0300770275834346
0.8438,2.00318326901222,2.03367295371805,-0.0304896847058296
0.844,2.07794819438824,2.10883831013257,-0.0308901157443313
0.8442,2.15264908594033,2.1839102243961,-0.0312611384557631
0.8444,2.22725167802671,2.25881546654496,-0.0315637885182425
0.8446,2.3017749774538,2.33359683504026,-0.0318218575864595
0.8448,2.37622891229272,2.40824340435982,-0.032014492067105
0.845,2.45070607608621,2.48277995015386,-0.032073874067656
0.8452,2.52523848637896,2.55719350041575,-0.0319550140367859
0.8454,2.59975786335495,2.63146805468344,-0.0317101913284925
0.8456,2.67427759770729,2.70558400859447,-0.0313064108871708
0.8458,2.74881417929335,2.77963340251127,-0.0308192232179176
0.846,2.82341645733793,2.85372004063925,-0.0303035833013183
0.8462,2.89811193945239,2.92780160088747,-0.029689661435079
0.8464,2.97283261807783,3.00186496998906,-0.029032351911233
0.8466,3.0475636130857,3.07586979273682,-0.0283061796511226
0.8468,3.12232073549285,3.14987398366365,-0.0275532481708005
0.847,3.19714549925128,3.22390643419571,-0.0267609349444307
0.8472,3.27200778070222,3.29796122801933,-0.0259534473171152
0.8474,3.34692940058176,3.37208393914412,-0.0251545385623557
0.8476,3.42186627277173,3.44624403816392,-0.0243777653921891
0.8478,3.49684293080357,3.52055306400734,-0.0237101332037692
0.848,3.57182634153288,3.59502929215017,-0.0232029506172915
0.8482,3.6468050579984,3.66958539739912,-0.0227803394007182
0.8484,3.72172239471728,3.74418359695508,-0.0224612022378019
0.8486,3.79663495072187,3.81888381597295,-0.0222488652510777
0.8488,3.87153688239192,3.8936991668895,-0.0221622844975848
0.849,3.94638631082976,3.96853825351193,-0.0221519426821684
0.8492,4.02121887898314,4.04346854315533,-0.0222496641721879
0.8494,4.09602519019566,4.11848150321626,-0.0224563130206041
0.8496,4.17078931570561,4.19357562609683,-0.0227863103912149
0.8498,4.24549663014632,4.26872692731474,-0.0232302971684195
0.85,4.32011513719104,4.34393947008248,-0.0238243328914347
0.8502,4.3947401566733,4.41919463576742,-0.0244544790941257
0.8504,4.46937521585498,4.49450608639002,-0.0251308705350395
0.8506,4.544012261793,4.56987093851554,-0.0258586767225388
0.8508,4.61862301030735,4.64525327062903,-0.026630260321677
0.851,4.69324236419935,4.72064860538943,-0.0274062411900804
0.8512,4.76789272739943,4.79604174648071,-0.0281490190812743
0.8514,4.84259261674006,4.87141826091588,-0.0288256441758277
0.8516,4.91731517415891,4.94675676132861,-0.0294415871696962
0.8518,4.992024420191,5.02206336080528,-0.0300389406142854
0.852,5.06675801808769,5.09732005838305,-0.030562040295365
0.8522,5.14151715261843,5.17249998445186,-0.030982831833434
0.8524,5.21625864768859,5.24759996424305,-0.0313413165544674
0.8526,5.29100298390592,5.32258717706589,-0.0315841931599676
0.8528,5.36578237914817,5.39743801206382,-0.0316556329156512
0.853,5.440573758937,5.47215080852156,-0.0315770495845582
0.8532,5.51537476387161,5.54676810300484,-0.0313933391332313
0.8534,5.59023232904717,5.62133327041446,-0.0311009413672831
0.8536,5.6651109019772,5.69583290746754,-0.030722005490345
0.8538,5.73998947248329,5.77025973613813,-0.0302702636548347
0.854,5.81480702429468,5.84460067731447,-0.0297936530197909
0.8542,5.88954490021708,5.91883111130714,-0.0292862110900547
0.8544,5.96427012463135,5.99305297482513,-0.0287828501937755
0.8546,6.03895833136405,6.0672180964728,-0.0282597651087437
0.8548,6.11362958994368,6.14136667753051,-0.0277370875868241
0.855,6.18826619008377,6.21548341425241,-0.0272172241686341
0.8552,6.26285725313942,0.00644406363596262,-0.0267721176761242
0.8554,0.0542143744821946,0.0805739355499842,-0.0263595610677896
0.8556,0.128688610133495,0.154662488946964,-0.025973878813469
0.8558,0.203200774314037,0.228795816428555,-0.0255950421145184
0.856,0.277758954397028,0.302977173593695,-0.0252182191966662
0.8562,0.352349167881963,0.377174513306156,-0.0248253454241931
0.8564,0.427009125130178,0.451462887187661,-0.0244537620574828
0.8566,0.501754831889653,0.525881157156854,-0.0241263252672009
0.8568,0.576509245207707,0.600391936159349,-0.0238826909516421
0.857,0.651291044988898,0.675029092574967,-0.0237380475860689
0.8572,0.726082796682048,0.749777196187189,-0.0236943995051409
0.8574,0.800851671848823,0.824576605281866,-0.0237249334330425
0.8576,0.875649021690289,0.899437208883,-0.023788187192711
0.8578,0.950459794451157,0.974403935151796,-0.0239441407006393
0.858,1.02527889276178,1.0494467770578,-0.0241678842960236
0.8582,1.10014555633125,1.12458776122878,-0.0244422048975297
0.8584,1.17503221895285,1.19979772793742,-0.0247655089845769
0.8586,1.24996151320461,1.27507866201116,-0.0251171488065536
0.8588,1.32489320786704,1.35041400490704,-0.0255207970399964
0.859,1.39984102373954,1.42577414677529,-0.0259331230357522
0.8592,1.47476425730913,1.50116113626196,-0.0263968789528324
0.8594,1.54964690209982,1.57655992009309,-0.0269130179932711
0.8596,1.62448655751819,1.65194988716169,-0.0274633296434974
0.8598,1.69926063528329,1.72731342030378,-0.0280527850204899
0.86,1.77402925286814,1.80263649064416,-0.0286072377760254
0.8602,1.84876821623876,1.87791807648423,-0.0291498602454645
0.8604,1.92349777269599,1.95313640779992,-0.0296386351039311
0.8606,1.99819857604431,2.02828472122964,-0.030086145185328
0.8608,2.07285768645867,2.10338005634545,-0.0305223698867763
0.861,2.14746766069541,2.17840890772001,-0.0309412470246087
0.8612,2.22199867041755,2.25334576658081,-0.0313470961632634
0.8614,2.29654252701592,2.32824250715172,-0.0316999801357971
0.8616,2.37109819959395,2.40301777704158,-0.0319195774476304
0.8618,2.44565609236003,2.47770734294695,-0.0320512505869219
0.862,2.5202413679551,2.55229566244648,-0.0320542944913744
0.8622,2.59480633919338,2.62679349783736,-0.0319871586439779
0.8624,2.66937428406934,2.70120453037074,-0.0318302463013937
0.8626,2.74396310667691,2.7754827835417,-0.0315196768647881
0.8628,2.81858269233859,2.84958456724895,-0.0310018749103556
0.863,2.89318490503204,2.9236179014758,-0.0304329964437562
0.8632,2.96780403641192,2.99764246419397,-0.0298384277820487
0.8634,3.04244370580946,3.07160832391269,-0.0291646181032386
0.8636,3.1171126280964,3.14557103981079,-0.028458411714396
0.8638,3.19185819179142,3.21956960129588,-0.0277114095044659
0.864,3.26665538407914,3.29359444872912,-0.0269390646499765
0.8642,3.34152096750896,3.36767579154846,-0.0261548240395042
0.8644,3.41640222789048,3.44177432760323,-0.0253720997127491
0.8646,3.49132081465295,3.51594023502716,-0.0246194203742136
0.8648,3.56624638530064,3.59021859275676,-0.0239722074561168
0.865,3.6411697533715,3.66459954546209,-0.023429792090595
0.8652,3.71603732816388,3.73902384909427,-0.0229865209303863
0.8654,3.79083250607567,3.81352965503694,-0.0226971489612668
0.8656,3.86562308387886,3.88821049570114,-0.0225874118222835
0.8658,3.94037066505654,3.96298712465592,-0.022616459599377
0.866,4.01510255707286,4.03788631404177,-0.0227837569689013
0.8662,4.08982823734167,4.11292899631751,-0.023100758975839
0.8664,4.16452913649795,4.18806419702606,-0.0235350605281104
0.8666,4.2391754359909,4.26330824330488,-0.0241328073139835
0.8668,4.31382399937868,4.33863041111244,-0.0248064117337554
0.867,4.38847253283219,4.41397782121517,-0.0255052883829832
0.8672,4.46311372380093,4.48935915157133,-0.0262454277704078
0.8674,4.53775399702515,4.5647685880447,-0.0270145910195483
0.8676,4.61236804252013,4.64017148500597,-0.0278034424858475
0.8678,4.68698865414559,4.71557136813139,-0.0285827139858021
0.868,4.76163952573988,4.79096198110473,-0.0293224553648432
0.8682,4.83634325036541,4.86633500224934,-0.0299917518839266
0.8684,4.91111199040549,4.94167851514082,-0.0305665247353257
0.8686,4.98591935820344,5.01699364581054,-0.0310742876070949
0.8688,5.06075323103989,5.09226525297051,-0.0315120219306122
0.869,5.13561650754191,5.16747142392903,-0.0318549163871218
0.8692,5.21047100959968,5.24261632500229,-0.0321453154026061
0.8694,5.28533838695884,5.3176791904838,-0.0323408035249617
0.8696,5.36024461128099,5.39268155415187,-0.0324369428708762
0.8698,5.43515716335788,5.4675654298659,-0.032408266508023
0.87,5.51006389258405,5.54234583433878,-0.0322819417547295
0.8702,5.5850072412793,5.61703724619188,-0.032030004912575
0.8704,5.65995461602353,5.69164359881538,-0.0316889827918505
0.8706,5.73489316824121,5.76620779019301,-0.0313146219517977
0.8708,5.80976960978885,5.84067503693703,-0.0309054271481788
0.871,5.88456508567894,5.91500167545346,-0.0304365897745225
0.8712,5.95933857684376,5.98926881919078,-0.0299302423470262
0.8714,6.03405722715968,6.06344607886604,-0.0293888517063561
0.8716,6.10873957795212,6.13758419736427,-0.0288446194121548
0.8718,6.18337439877893,6.21167254126637,-0.0282981424874382
0.872,6.25796012287234,0.00259499181857389,-0.0278201761258217
0.8722,0.0493157646225875,0.0766840541620866,-0.0273682895394991
0.8724,0.123795766187971,0.15073145793016,-0.0269356917421894
0.8726,0.19832087696445,0.224823697945663,-0.026502820981213
0.8728,0.272897173986396,0.298966434957616,-0.0260692609712201
0.873,0.347507785379404,0.373126043792141,-0.0256182584127373
0.8732,0.422158405488126,0.447295479305537,-0.0251370738174114
0.8734,0.496781291661182,0.521537063312353,-0.0247557716511715
0.8736,0.571390200369669,0.59583709428387,-0.0244468939142015
0.8738,0.64600698778082,0.670274236481748,-0.0242672487009278
0.874,0.720652512783814,0.744900953242645,-0.0242484404588315
0.8742,0.795346341047341,0.819673510435381,-0.0243271693880397
0.8744,0.870054237138247,0.894534242768999,-0.024480005630752
0.8746,0.94476686473714,0.969479040550591,-0.0247121758134508
0.8748,1.01949673884895,1.04448708326159,-0.0249903444126385
0.875,1.09429944786192,1.11959465351231,-0.025295205650391
0.8752,1.1691322110083,1.19477913595932,-0.0256469249510209
0.8754,1.24400850380195,1.27003889415745,-0.0260303903555066
0.8756,1.31889099528759,1.34536819731413,-0.026477202026538
0.8758,1.39381488182554,1.4207410405032,-0.0269261586776566
0.876,1.46875463091352,1.49614011816774,-0.027385487254229
0.8762,1.54369988291928,1.57154013417448,-0.0278402512551952
0.8764,1.61859360186619,1.64693154065404,-0.0283379387878524
0.8766,1.69341399198441,1.72229498739425,-0.0288809954098423
0.8768,1.76822438908162,1.79761754703537,-0.0293931579537494
0.877,1.84300165572876,1.87290376092691,-0.0299021051981481
0.8772,1.91777036185539,1.94813065039975,-0.0303602885443628
0.8774,1.99251392484979,2.02328203052057,-0.0307681056707796
0.8776,2.06721451277492,2.09836615415173,-0.0311516413768045
0.8778,2.14187738529028,2.17334769009135,-0.0314703048010783
0.878,2.21647230780425,2.24820789249502,-0.0317355846907699
0.8782,2.29106976702635,2.32302265241021,-0.0319528853838618
0.8784,2.36568260327864,2.39774602034532,-0.0320634170666794
0.8786,2.44030519865046,2.4724061504816,-0.032100951831135
0.8788,2.51495133325176,2.54696650957262,-0.0320151763208609
0.879,2.58955949048879,2.62142057085832,-0.0318610803695343
0.8792,2.66414741304586,2.6957710306145,-0.0316236175686377
0.8794,2.73874034008756,2.77008429140092,-0.0313439513133571
0.8796,2.81336813461058,2.84432782866805,-0.0309596940574681
0.8798,2.88799018539696,2.91853873186463,-0.0305485464676702
0.88,2.96265862311307,2.9927516634073,-0.0300930402942314
0.8802,3.037367266777,3.06689885213962,-0.0295315853626166
0.8804,3.11211239714735,3.14101306411647,-0.0289006669691187
0.8806,3.18692919588658,3.2151429145101,-0.0282137186235198
0.8808,3.26181973643335,3.28926742320077,-0.027447686767418
0.881,3.33671263555432,3.3633935980317,-0.0266809624773821
0.8812,3.41159399991878,3.43753765036157,-0.0259436504427843
0.8814,3.48651126348753,3.51176126700255,-0.0252500035150183
0.8816,3.5614378761578,3.58609891451938,-0.0246610383615713
0.8818,3.63636824802838,3.66052148452436,-0.0241532364959753
0.882,3.71125225920218,3.73502664345306,-0.0237743842508773
0.8822,3.78606761041884,3.80959018793024,-0.0235225775114016
0.8824,3.86086918454106,3.88425898717689,-0.0233898026358288
0.8826,3.9356106822426,3.95899357608011,-0.0233828938375131
0.8828,4.01032160116217,4.03379793738645,-0.0234763362242836
0.883,4.08499425599172,4.10867605458541,-0.023681798593687
0.8832,4.15961454148166,4.18362587226266,-0.0240113307810006
0.8834,4.23417351906998,4.25862340741398,-0.0244498883440061
0.8836,4.30864969364717,4.3337244177708,-0.0250747241236304
0.8838,4.38315014712698,4.40890503990098,-0.0257548927740041
0.884,4.45768469084917,4.4841679998643,-0.0264833090151315
0.8842,4.53224357954511,4.55951042767874,-0.0272668481336327
0.8844,4.60684463291965,4.63489913458927,-0.0280545016696134
0.8846,4.68143381110423,4.7102975986562,-0.0288637875519706
0.8848,4.75603172948637,4.78568731518049,-0.0296555856941199
0.885,4.8306557153086,4.86104104887822,-0.0303853335696251
0.8852,4.9053505881599,4.93634093712406,-0.0309903489641696
0.8854,4.98013484932326,5.01158140667448,-0.0314465573512202
0.8856,5.05491150227462,5.08675475576256,-0.0318432534879376
0.8858,5.12967662066681,5.16185589359331,-0.0321792729265065
0.886,5.20445562477046,5.23690239513278,-0.0324467703623252
0.8862,5.27929252747886,5.31185035261778,-0.0325578251389276
0.8864,5.35415761794089,5.38672873986775,-0.0325711219268658
0.8866,5.42904957236086,5.46151032977737,-0.0324607574165139
0.8868,5.50394976988575,5.53619443382776,-0.0322446639420129
0.887,5.57888594276945,5.61079454693669,-0.0319086041672385
0.8872,5.65382223640919,5.6853144554002,-0.0314922189910014
0.8874,5.72874928771696,5.7597967998869,-0.0310475121699341
0.8876,5.80361984906123,5.83419613737103,-0.0305762883098035
0.8878,5.87841990570909,5.90848965680623,-0.0300697510971402
0.888,5.95321330136368,5.98277481913779,-0.0295615177741064
0.8882,6.02796797652174,6.05701693437277,-0.0290489578510238
0.8884,6.10270960789762,6.13127570172809,-0.028566093830463
0.8886,6.17742897862206,6.20551223328211,-0.0280832546600518
0.8888,6.25210935714263,6.27975778593635,-0.0276484287937127
0.889,0.0435495548663898,0.0707629362331825,-0.0272133813667927
0.8892,0.118090142864697,0.144865450524679,-0.0267753076599815
0.8894,0.192647627134095,0.218968829804473,-0.0263212026703787
0.8896,0.267231174837387,0.293087698218008,-0.0258565233806204
0.8898,0.341830945113682,0.367246958416659,-0.0254160133029765
0.89,0.416460688891561,0.441495934113055,-0.0250352452214935
0.8902,0.491059548466749,0.515816655997784,-0.0247571075310352
0.8904,0.565644561798158,0.590181085350018,-0.0245365235518602
0.8906,0.640237592182891,0.664650302370949,-0.0244127101880586
0.8908,0.714859066531643,0.739232690158584,-0.0243736236269405
0.891,0.789530705765699,0.813944066490099,-0.0244133607244
0.8912,0.864223872391532,0.888766544795333,-0.0245426724038019
0.8914,0.938933709923832,0.963686791106791,-0.0247530811829589
0.8916,1.01363279859032,1.03866663531793,-0.0250338367276117
0.8918,1.08834768836072,1.11375806998435,-0.0254103816236215
0.892,1.16310399671398,1.18894061517693,-0.0258366184629473
0.8922,1.23787034210418,1.26420455675756,-0.0263342146533818
0.8924,1.31263701985076,1.33951491874308,-0.0268778988923126
0.8926,1.38745053226498,1.41486828099989,-0.027417748734903
0.8928,1.46228233211626,1.49025490721214,-0.0279725750958835
0.893,1.53715759902926,1.56565249247009,-0.0284948934408271
0.8932,1.6120293819326,1.64104723457401,-0.0290178526414122
0.8934,1.68682543476038,1.71642092994806,-0.0295954951876853
0.8936,1.76161525287135,1.7917487143867,-0.0301334615153521
0.8938,1.8363659594047,1.86702559589316,-0.0306596364884621
0.894,1.91110455949681,1.94224512707455,-0.0311405675777319
0.8942,1.98584186665964,2.01737773166473,-0.0315358650050885
0.8944,2.060560356833,2.09245333371263,-0.0318929768796248
0.8946,2.13522959207176,2.16743228580234,-0.032202693730575
0.8948,2.20982807705408,2.24227295903005,-0.0324448819759651
0.895,2.28443310355269,2.31704931306293,-0.0326162095102402
0.8952,2.35905642391193,2.39172184454623,-0.0326654206343
0.8954,2.43368965077097,2.46632621909431,-0.0326365683233374
0.8956,2.50834509672091,2.54083741578344,-0.0324923190625324
0.8958,2.58296123134746,2.61526037356763,-0.0322991422201762
0.896,2.65755648343481,2.68957321303363,-0.0320167295988179
0.8962,2.73215739509027,2.76384155404659,-0.0316841589563186
0.8964,2.80679512906886,2.83803557912707,-0.0312404500582062
0.8966,2.88142919242957,2.91214815291822,-0.0307189604886551
0.8968,2.95609187282979,2.98623028957098,-0.0301384167411882
0.897,3.03079091112351,3.06026385546924,-0.029472944345732
0.8972,3.10553068954099,3.13428119758037,-0.0287505080393857
0.8974,3.18034460197851,3.20830630049365,-0.0279616985151359
0.8976,3.25523252070129,3.28241705053509,-0.0271845298338032
0.8978,3.33016958781052,3.35658268100661,-0.0264130931960986
0.898,3.40510358068719,3.43075662394931,-0.0256530432621198
0.8982,3.48007012162168,3.50499312361198,-0.0249230019903028
0.8984,3.55504801966807,3.57930282371926,-0.0242548040511918
0.8986,3.62996742538645,3.65365184072288,-0.0236844153364331
0.8988,3.70482888525183,3.72808056037204,-0.0232516751202088
0.899,3.77962010772503,3.80257592282555,-0.0229558151005262
0.8992,3.85438791699899,3.87718921242183,-0.022801295422842
0.8994,3.92908916076888,3.95188183062139,-0.0227926698525134
0.8996,4.00376343876126,4.02670402240777,-0.0229405836465046
0.8998,4.07843629759225,4.10168645255797,-0.0232501549657229
0.9,4.15308237569748,4.17679486411745,-0.0237124884199709
0.9002,4.22766115284064,4.25200578610154,-0.0243446332609079
0.9004,4.30218003437296,4.32728120225141,-0.0251011678784527
0.9006,4.37672883802835,4.40261736596834,-0.0258885279399879
0.9008,4.4513093428619,4.47799415218314,-0.0266848093212388
0.901,4.52589179277133,4.55338216894794,-0.0274903761766021
0.9012,4.60053219771624,4.6287810050362,-0.0282488073199607
0.9014,4.67519442682983,4.70418191098379,-0.0289874841539532
0.9016,4.74988149138262,4.77957802178266,-0.0296965304000461
0.9018,4.82462343794888,4.85496584382425,-0.0303424058753716
0.902,4.89939136472824,4.93032690435393,-0.0309355396256858
0.9022,4.97413750219513,5.00565950450146,-0.0315220023063292
0.9024,5.04889617334713,5.08094004696236,-0.032043873615228
0.9026,5.12367572249466,5.15614364478165,-0.032467922286985
0.9028,5.19848276018951,5.23129300297982,-0.0328102427903127
0.903,5.27335590085522,5.30635848167135,-0.0330025808161389
0.9032,5.34826467578479,5.38133119926174,-0.0330665234769549
0.9034,5.42318465817637,5.45618652559625,-0.0330018674198742
0.9036,5.49811225601963,5.53094441297207,-0.0328321569524466
0.9038,5.57306292674393,5.60560024435256,-0.0325373176086243
0.904,5.64802112412788,5.68017882671868,-0.0321577025907969
0.9042,5.72298061795466,5.75471386317242,-0.0317332452177634
0.9044,5.79788052407057,5.82913993608296,-0.0312594120123881
0.9046,5.87269557109285,5.90341398212716,-0.0307184110343144
0.9048,5.94748632943543,5.97761988171252,-0.03013355227709
0.905,6.0222143606478,6.05171413120724,-0.0294997705594353
0.9052,6.09691258065971,6.12577821027763,-0.028865629617929
0.9054,6.17159898707823,6.19983422761709,-0.0282352405388648
0.9056,6.24624559481747,6.27387132627885,-0.027625731461371
0.9058,0.0376280850594615,0.0647313020696463,-0.0271032170101848
0.906,0.1121295626505,0.138705508182269,-0.0265759455317686
0.9062,0.186570448740285,0.212678842120089,-0.0261083933798031
0.9064,0.261040953617187,0.286741370863051,-0.0257004172458637
0.9066,0.33555335488663,0.360900341855118,-0.0253469869684878
0.9068,0.410112196913002,0.435172810757242,-0.0250606138442403
0.907,0.484651070124827,0.509523623008674,-0.0248725528838467
0.9072,0.559199065517737,0.583935456896448,-0.0247363913787115
0.9074,0.633792479950456,0.658449136644138,-0.0246566566936823
0.9076,0.708420485586641,0.733063447606329,-0.0246429620196881
0.9078,0.78310159751293,0.807794345365246,-0.024692747852316
0.908,0.857804821170283,0.882622781326132,-0.0248179601558491
0.9082,0.932520034139715,0.957555004959835,-0.0250349708201193
0.9084,1.00726011778747,1.03255555152868,-0.0252954337412126
0.9086,1.08207070975339,1.10764827019989,-0.0255775604465085
0.9088,1.15692358094447,1.18280841101651,-0.0258848300720484
0.909,1.23179095876141,1.25805582396745,-0.0262648652060342
0.9092,1.30666302604093,1.33335744612508,-0.026694420084155
0.9094,1.38157965805057,1.40870499582593,-0.0271253377753575
0.9096,1.45651141473117,1.48408562808944,-0.0275742133582775
0.9098,1.53148964164647,1.55948173414975,-0.0279920925032811
0.91,1.60645706412651,1.6348775140972,-0.0284204499706848
0.9102,1.68132877782914,1.7102563170377,-0.0289275392085628
0.9104,1.75616502981037,1.78560429979711,-0.0294392699867325
0.9106,1.83093465837006,1.86089930749416,-0.0299646491241019
0.9108,1.90559875106271,1.93613674684774,-0.030537995785034
0.911,1.98025065883209,2.01129874416885,-0.0310480853367676
0.9112,2.05488057737778,2.08637335878911,-0.0314927814113304
0.9114,2.12943935611067,2.16134625604534,-0.0319068999346723
0.9116,2.2039363426312,2.23618771038648,-0.0322513677552725
0.9118,2.27845626512095,2.31096062497551,-0.0325043598545647
0.912,2.35300594212773,2.38562138504104,-0.0326154429133032
0.9122,2.42756945005228,2.460217579509,-0.0326481294567222
0.9124,2.50218599443169,2.53479623776265,-0.0326102433309599
0.9126,2.57681090745755,2.60930378100492,-0.03249287354737
0.9128,2.65141976133209,2.68368620250735,-0.0322664411752585
0.913,2.72604126329312,2.75797935862178,-0.031938095328659
0.9132,2.80070196661634,2.83221396039051,-0.031511993774171
0.9134,2.87541799902215,2.90642447928639,-0.0310064802642414
0.9136,2.95015539248944,2.98058162292256,-0.0304262304331209
0.9138,3.02491023437923,3.05466823464242,-0.0297580002631914
0.914,3.09969833381214,3.12873848591106,-0.0290401520989243
0.9142,3.17455832395903,3.20278521677427,-0.0282268928152352
0.9144,3.2494513585796,3.27681682414375,-0.0273654655641549
0.9146,3.32434638397651,3.35087679238399,-0.0265304084074844
0.9148,3.39923801294528,3.42496525998666,-0.025727247041381
0.915,3.47416974442322,3.49913577211278,-0.0249660276895622
0.9152,3.54911023681949,3.57342401169875,-0.0243137748792615
0.9154,3.6239864008979,3.64775888225111,-0.0237724813532076
0.9156,3.69880568280779,3.72217916103765,-0.0233734782298671
0.9158,3.77356464026877,3.79667377263453,-0.0231091323657546
0.916,3.84831205294113,3.87128337190804,-0.0229713189669112
0.9162,3.92299955031713,3.94595551300398,-0.0229559626868494
0.9164,3.99765878748634,4.02069298535594,-0.0230341978696043
0.9166,4.07231208152323,4.09553888590375,-0.0232268043805179
0.9168,4.14693753579833,4.17048831275952,-0.0235507769611942
0.917,4.22150288832415,4.24555930387338,-0.0240564155492358
0.9172,4.2960234921742,4.32071353327548,-0.0246900411012847
0.9174,4.37057512130176,4.39595596822444,-0.0253808469226797
0.9176,4.44515849716493,4.47126945624219,-0.0261109590772559
0.9178,4.51974450932465,4.54662185160882,-0.0268773422841688
0.918,4.59434445465628,4.62200871786611,-0.0276642632098287
0.9182,4.6689031783711,4.69740780688896,-0.0285046285178598
0.9184,4.74344701724975,4.77280000055793,-0.0293529833081827
0.9186,4.81800502326229,4.84816330074045,-0.0301582774781588
0.9188,4.89259887193018,4.92347518231783,-0.0308763103876499
0.919,4.96724640759872,4.99873860762367,-0.031492200024954
0.9192,5.0419160319632,5.07394266342987,-0.0320266314666657
0.9194,5.11660363822093,5.14906664542672,-0.0324630072057888
0.9196,5.1913245849088,5.22413427859346,-0.0328096936846585
0.9198,5.26611982559917,5.29911874904931,-0.0329989234501369
0.92,5.34095536024888,5.37406193373429,-0.0331065734854166
0.9202,5.41585122916487,5.4489264734446,-0.0330752442797317
0.9204,5.49076602419166,5.523715584949,-0.0329495607573493
0.9206,5.56573085936334,5.59841874332909,-0.0326878839657505
0.9208,5.64071835098289,5.67298309772564,-0.0322647467427544
0.921,5.71569875104911,5.74747457755864,-0.0317758265095307
0.9212,5.79066148343709,5.82190391212529,-0.0312424286882003
0.9214,5.86553997014202,5.8962268725985,-0.0306869024564751
0.9216,5.94038726577245,5.97051965706989,-0.0301323912974452
0.9218,6.01516332443834,6.04471383223391,-0.0295505077955696
0.922,6.08989919714971,6.11885587511223,-0.0289566779625243
0.9222,6.16461512483057,6.1930128488693,-0.0283977240387356
0.9224,6.23928885086743,6.26715738385536,-0.0278685329879309
0.9226,0.0307024477339972,0.0581160874242705,-0.0274136396902733
0.9228,0.105240078921355,0.132254199667085,-0.0270141207457298
0.923,0.179714540579436,0.206341776262363,-0.0266272356829266
0.9232,0.254205358889213,0.280441586272377,-0.0262362273831643
0.9234,0.328719569107774,0.354586134669053,-0.025866565561279
0.9236,0.403266344687475,0.428821852488885,-0.0255555078014102
0.9238,0.477789775726711,0.503116160115295,-0.0253263843885844
0.924,0.552312827583346,0.577439112381658,-0.0251262847983127
0.9242,0.626856800330953,0.651862216547246,-0.0250054162162925
0.9244,0.701438888117147,0.726393510393817,-0.0249546222766698
0.9246,0.776081175103095,0.801056142158848,-0.0249749670557533
0.9248,0.850761062349476,0.875841647508922,-0.0250805851594459
0.925,0.925478720413543,0.950738829750807,-0.0252601093372639
0.9252,1.00024472546682,1.02571267121355,-0.0254679457467355
0.9254,1.07508936997007,1.10081457947612,-0.0257252095060543
0.9256,1.15000308510471,1.17600700331927,-0.0260039182145611
0.9258,1.22490859083286,1.25127045605516,-0.026361865222293
0.926,1.29979263114898,1.3265843187358,-0.0267916875868139
0.9262,1.37465391387069,1.40194526361405,-0.0272913497433636
0.9264,1.44951998429789,1.47732958919872,-0.0278096049008354
0.9266,1.52434204814844,1.55272583747444,-0.0283837893260028
0.9268,1.59911229115778,1.6281221447033,-0.029009853545517
0.927,1.67381765061783,1.7035019421173,-0.0296842914994653
0.9272,1.74850655601214,1.77885311696493,-0.0303465609527909
0.9274,1.82316641596919,1.85416085169517,-0.0309944357259762
0.9276,1.89783807696671,1.92942328644627,-0.0315852094795603
0.9278,1.97250252065346,2.00463507689909,-0.0321325562456292
0.928,2.04714168419556,2.07977682097474,-0.0326351367791817
0.9282,2.12172442234623,2.15481159696414,-0.0330871746179127
0.9284,2.19626009671396,2.2297154497172,-0.0334553530032422
0.9286,2.27083670992227,2.30453448129678,-0.0336977713745106
0.9288,2.34545046192316,2.3792458261585,-0.033795364235337
0.929,2.42006159641179,2.45384001423087,-0.0337784178190756
0.9292,2.49468977048047,2.52830292262257,-0.0336131521420984
0.9294,2.56928878405932,2.6026866567432,-0.0333978726838766
0.9296,2.64388610090245,2.67698717362974,-0.0331010727272956
0.9298,2.71850502277038,2.75121021540684,-0.0327051926364592
0.93,2.7931591497734,2.82532772799812,-0.0321685782247263
0.9302,2.86786061603817,2.89942409897387,-0.0315634829356974
0.9304,2.94257741380565,2.97347934389841,-0.0309019300927531
0.9306,3.01730735543145,3.04746240815467,-0.0301550527232242
0.9308,3.09206588247175,3.12143148627426,-0.029365603802511
0.931,3.16689292374599,3.1954530108274,-0.0285600870814129
0.9312,3.24179135485824,3.2695348211696,-0.0277434663113647
0.9314,3.31669742985213,3.34363360571677,-0.0269361758646398
0.9316,3.39160651465615,3.41775159776382,-0.0261450831076711
0.9318,3.46656876009396,3.49195875683946,-0.0253899967454987
0.932,3.54154878955256,3.56631454490472,-0.024765755352159
0.9322,3.61652678056937,3.64074407631335,-0.0242172957439899
0.9324,3.69144704198569,3.71524485281109,-0.0237978108253993
0.9326,3.76628999437905,3.78980894611968,-0.0235189517406313
0.9328,3.84111604070302,3.86448914190252,-0.0233731011995046
0.933,3.91588460576935,3.93922104680708,-0.0233364410377379
0.9332,3.99055040515044,4.01400155022621,-0.0234511450757666
0.9334,4.06520479651555,4.0888895839765,-0.0236847874609474
0.9336,4.13983920218338,4.16386459068287,-0.024025388499493
0.9338,4.21440672951277,4.23893505414312,-0.0245283246303565
0.934,4.2889169234671,4.31406030103549,-0.0251433775683951
0.9342,4.36344687272236,4.38927453974822,-0.0258276670258644
0.9344,4.43798998205451,4.464568478162,-0.0265784961074944
0.9346,4.51254795987071,4.53990147849857,-0.0273535186278604
0.9348,4.5871344440423,4.61527385761557,-0.0281394135732738
0.935,4.66168857910598,4.69066587379831,-0.0289772946923286
0.9352,4.73623221802678,4.76606363158583,-0.0298314135590507
0.9354,4.81079230384785,4.84145362896063,-0.0306613251127787
0.9356,4.88538935463712,4.91681459933742,-0.0314252447002978
0.9358,4.96004016522388,4.99213930153531,-0.0320991363114285
0.936,5.03471310999624,5.06741045466536,-0.0326973446691143
0.9362,5.10940348439904,5.14258185302602,-0.0331783686269826
0.9364,5.18405632953453,5.21764411411745,-0.0335877845829238
0.9366,5.25872746194916,5.29259074744938,-0.0338632855002228
0.9368,5.33349577058585,5.36739750201482,-0.0339017314289638
0.937,5.40829158409024,5.4420681390913,-0.0337765550010616
0.9372,5.48311057348969,5.5165937017062,-0.0334831282165124
0.9374,5.55793443578774,5.59100932331799,-0.0330748875302564
0.9376,5.63277492889892,5.66541146272043,-0.0326365338215124
0.9378,5.70767488624761,5.73978525300704,-0.0321103667594285
0.938,5.78256412122404,5.81408592565719,-0.0315218044331456
0.9382,5.85736770359213,5.88829513516204,-0.0309274315699168
0.9384,5.93215535604816,5.96250466397689,-0.0303493079287351
0.9386,6.00688986249005,6.03663690881166,-0.0297470463216136
0.9388,6.08159199079381,6.11072258324773,-0.0291305924539271
0.939,6.15627669834929,6.18481953654456,-0.0285428381952668
0.9392,6.23092481029517,6.25889883808621,-0.0279740277910472
0.9394,0.0223219384778996,0.0497928722500955,-0.0274709337721959
0.9396,0.0968522379603645,0.123933797566661,-0.027081559606296
0.9398,0.171423276959188,0.198158890136074,-0.0267356131768853
0.94,0.2460410366191,0.272423249075417,-0.0263822124563168
0.9402,0.320675632390441,0.346742236417884,-0.0260666040274432
0.9404,0.39534558094218,0.421158758333798,-0.0258131773916183
0.9406,0.46999060919105,0.495635813572051,-0.0256452043810007
0.9408,0.544623543102599,0.570128156629461,-0.0255046135268618
0.941,0.61926543501657,0.644688790514481,-0.0254233554979106
0.9412,0.693938235900712,0.719322636476861,-0.0253844005761492
0.9414,0.768661212282453,0.794045136344113,-0.0253839240616593
0.9416,0.843402521479198,0.868843577179555,-0.0254410557003569
0.9418,0.918156449640627,0.943757855701549,-0.0256014060609224
0.942,0.992968163998833,1.01876006739623,-0.0257919033973998
0.9422,1.06784244880364,1.09382046473255,-0.0259780159289078
0.9424,1.14275393597456,1.16896746379776,-0.0262135278231987
0.9426,1.21766101487013,1.24420429825437,-0.0265432833842434
0.9428,1.2925592164858,1.31949024812986,-0.0269310316440576
0.943,1.36744729738261,1.39482966271776,-0.0273823653351482
0.9432,1.44231058656109,1.47019258703571,-0.0278820004746112
0.9434,1.51708338154238,1.54557800973032,-0.0284946281879439
0.9436,1.59181948933858,1.62097719392934,-0.0291577045907598
0.9438,1.66650536331072,1.69636960992205,-0.0298642466113268
0.944,1.74117883975552,1.77173858722453,-0.0305597474690154
0.9442,1.81582897848219,1.84706289898985,-0.0312339205076586
0.9444,1.89049465450325,1.92233576231122,-0.0318411078079699
0.9446,1.9651482732421,1.99755112560244,-0.0324028523603372
0.9448,2.03977017818602,2.07269260271939,-0.0329224245333668
0.945,2.11433458537945,2.14772455384001,-0.0333899684605572
0.9452,2.18885360667905,2.22263471475849,-0.0337811080794372
0.9454,2.26339318611191,2.29741603924928,-0.0340228531373707
0.9456,2.3379416182145,2.37207992371102,-0.034138305496513
0.9458,2.41250777799966,2.44669339867492,-0.0341856206752649
0.946,2.48711452337905,2.52121514652753,-0.0341006231484817
0.9462,2.56169955816057,2.5956300128298,-0.0339304546692323
0.9464,2.63627374017816,2.66993506342964,-0.0336613232514789
0.9466,2.71085606606912,2.74415627533273,-0.0333002092636066
0.9468,2.78546955817824,2.81826218443556,-0.0327926262573208
0.947,2.860130759606,2.89234871972483,-0.0322179601188259
0.9472,2.93481540704313,2.96640200081649,-0.0315865937733601
0.9474,3.00951613794991,3.04038217920416,-0.030866041254253
0.9476,3.08426120171885,3.11433997395312,-0.0300787722342721
0.9478,3.15906822287987,3.18831759868499,-0.0292493758051151
0.948,3.23395440212665,3.26237598091634,-0.0284215787896915
0.9482,3.30886500801264,3.33647412815203,-0.0276091201393873
0.9484,3.38378789981399,3.41056844930324,-0.026780549489247
0.9486,3.45870710343818,3.48469947657406,-0.0259923731358769
0.9488,3.5336280727839,3.55893773159927,-0.025309658815365
0.949,3.60858089914507,3.6333286424317,-0.0247477432866319
0.9492,3.68351240026896,3.7078033916387,-0.0242909913697305
0.9494,3.75835030732638,3.78233311000277,-0.0239828026763931
0.9496,3.83316874079148,3.85699202830464,-0.0238232875131548
0.9498,3.90794049239561,3.9317421480343,-0.0238016556386884
0.95,3.98261747735157,4.00653775945301,-0.023920282101435
0.9502,4.05728519925138,4.08142934055234,-0.0241441413009618
0.9504,4.13193355435217,4.15640288325484,-0.0244693289026623
0.9506,4.2065156828761,4.23147187268771,-0.0249561898116157
0.9508,4.28103943872751,4.30659131790984,-0.0255518791823306
0.951,4.35558222806039,4.38179718851179,-0.0262149604514059
0.9512,4.43014421733165,4.45709099827551,-0.0269467809438613
0.9514,4.50474639523702,4.53244478807193,-0.0276983928349139
0.9516,4.57940283254455,4.60783304856685,-0.0284302160222989
0.9518,4.65402897571298,4.68323086147925,-0.0292018857662635
0.952,4.72863448519314,4.75862775883721,-0.0299932736440711
0.9522,4.80323749264191,4.83401289454797,-0.0307754019060651
0.9524,4.87785818527185,4.90936673867792,-0.0315085534060682
0.9526,4.95252005578984,4.984682897665,-0.0321628418751523
0.9528,5.02719969319119,5.05995284414907,-0.032753150957876
0.953,5.10189708140667,5.13517203519261,-0.0332749537859351
0.9532,5.17655895631826,5.21031036041144,-0.0337514040931826
0.9534,5.25124181908303,5.28536848179037,-0.0341266627073384
0.9536,5.32602420065801,5.36034347541044,-0.0343192747524217
0.9538,5.40083410028866,5.43520207756113,-0.0343679772724741
0.954,5.47567913649762,5.50995725371093,-0.0342781172133035
0.9542,5.55052419468709,5.58458548060899,-0.0340612859219007
0.9544,5.62538402103453,5.6590763920142,-0.0336923709796624
0.9546,5.7002087149975,5.73343518588045,-0.0332264708829531
0.9548,5.77498091480804,5.80771880278568,-0.0327378879776452
0.955,5.84969696566354,5.88190692615507,-0.0322099604915271
0.9552,5.9244130106088,5.95608587936123,-0.0316728687524233
0.9554,5.99911236747385,6.03022928227326,-0.0311169147994157
0.9556,6.07382068905183,6.10433615420189,-0.030515465150069
0.9558,6.14850723842629,6.17844209258475,-0.0299348541584532
0.956,6.22315204571141,6.25251373141595,-0.0293616857045418
0.9562,0.0145427594597995,0.043367101679666,-0.0288243422198664
0.9564,0.0890638933495596,0.117332471690873,-0.0282685783413132
0.9566,0.163603539986569,0.191310842289691,-0.0277073023031222
0.9568,0.238157633777232,0.265339605586119,-0.0271819718088879
0.957,0.312746445671706,0.339471751037564,-0.0267253053658586
0.9572,0.387387770945099,0.413761962695339,-0.0263741917502393
0.9574,0.462077008136304,0.488189061946416,-0.0261120538101124
0.9576,0.536757376893527,0.562650265603068,-0.0258928887095412
0.9578,0.611435504357396,0.637196411442794,-0.025760907085398
0.958,0.686140063529917,0.711832029382845,-0.0256919658529281
0.9582,0.760892796106076,0.786572862876262,-0.0256800667701861
0.9584,0.835662665998192,0.86138977751772,-0.025727111519528
0.9586,0.9104430989346,0.936244967494436,-0.0258018685598366
0.9588,0.985175065607427,1.01116039520647,-0.0259853295990415
0.959,1.05990831947155,1.08618514751005,-0.0262768280385044
0.9592,1.13471791134337,1.16130726478804,-0.0265893534446684
0.9594,1.20953752208519,1.2365262732007,-0.0269887511155094
0.9596,1.28438834503101,1.31181090723113,-0.0274225622001227
0.9598,1.35924751896352,1.38715468129611,-0.0279071623325944
0.96,1.43413209646132,1.46254122229929,-0.0284091258379688
0.9602,1.5089850282814,1.53794274619333,-0.0289577179119362
0.9604,1.58377873376581,1.61334050053941,-0.0295617667735952
0.9606,1.65850358826225,1.68872669211635,-0.0302231038541019
0.9608,1.73321681063724,1.76409223527522,-0.0308754246379719
0.961,1.80790934614455,1.83941560921267,-0.0315062630681195
0.9612,1.88261695541503,1.91470249818749,-0.032085542772456
0.9614,1.95731661314341,1.98995082925184,-0.0326342161084314
0.9616,2.03198889939417,2.06513192667357,-0.0331430272793938
0.9618,2.10659918883117,2.14019698575259,-0.0335977969214194
0.962,2.18114985908488,2.21516666049828,-0.0340168014133972
0.9622,2.25570616812792,2.29002217725434,-0.0343160091264232
0.9624,2.33026404902592,2.3647302959122,-0.0344662468862769
0.9626,2.40485040250355,2.43933603342814,-0.0344856309245913
0.9628,2.47949105083013,2.51385079512092,-0.0343597442907826
0.963,2.55411304554133,2.58829393945337,-0.03418089391204
0.9632,2.62873364994645,2.66266269997897,-0.0339290500325213
0.9634,2.7033722056597,2.73697368330653,-0.0336014776468287
0.9636,2.77804432083529,2.81117741742413,-0.0331330965888377
0.9638,2.85275418806584,2.8853317302134,-0.0325775421475636
0.964,2.92747788268362,2.95945227700406,-0.0319743943204363
0.9642,3.00221674332906,3.03350066530478,-0.0312839219757275
0.9644,3.0769984326041,3.10750644625756,-0.0305080136534608
0.9646,3.15182921564238,3.18147979771928,-0.0296505820769029
0.9648,3.22671447441201,3.25547174665513,-0.0287572722431126
0.965,3.30159819096923,3.32947469641246,-0.0278765054432366
0.9652,3.37648131181454,3.40351800214873,-0.0270366903341901
0.9654,3.4513693126213,3.47762235528299,-0.0262530426616863
0.9656,3.52624402838332,3.55168980553054,-0.0254457771472261
0.9658,3.60103090237359,3.62578425316407,-0.0247533507904771
0.966,3.67577674625535,3.70001274088021,-0.0242359946248585
0.9662,3.75046680094634,3.77435513619773,-0.0238883352513852
0.9664,3.82514503672669,3.84886245973823,-0.02371742301154
0.9666,3.89980945836386,3.92354929927354,-0.0237398409096827
0.9668,3.97450316924363,3.9983267504333,-0.0238235811896641
0.967,4.04918575117921,4.07321875963295,-0.0240330084537375
0.9672,4.12383199777319,4.14820578739342,-0.0243737896202276
0.9674,4.19841567526767,4.22329998012343,-0.0248843048557523
0.9676,4.27294568221936,4.29844429552023,-0.025498613300865
0.9678,4.34749022134716,4.3736626188047,-0.0261723974575432
0.968,4.42204395477938,4.44893569817254,-0.0268917433931541
0.9682,4.49663025382359,4.52425784525371,-0.0276275914301198
0.9684,4.57127092290325,4.59962905972911,-0.0283581368258599
0.9686,4.64588755310223,4.67502256434413,-0.0291350112419027
0.9688,4.7204935158106,4.75041920373419,-0.0299256879235914
0.969,4.79509969318176,4.82579865163386,-0.0306989584521098
0.9692,4.8697219284614,4.90113689545187,-0.0314149669904715
0.9694,4.94437158118125,4.97642069482346,-0.032049113642211
0.9696,5.01902930598762,5.05165028324856,-0.0326209772609412
0.9698,5.09370169067817,5.1268091221564,-0.0331074314782303
0.97,5.16838623354317,5.20186267707693,-0.033476443533762
0.9702,5.24309098073446,5.27684075500205,-0.0337497742675952
0.9704,5.31789103227327,5.35176492441083,-0.0338738921375557
0.9706,5.39272474800651,5.42662868574136,-0.0339039377348538
0.9708,5.46758614083562,5.50142414108489,-0.0338380002492702
0.971,5.54245256492237,5.57611292292335,-0.0336603580009784
0.9712,5.61733162894095,5.65074754844927,-0.033415919508319
0.9714,5.69216597867951,5.72524652475016,-0.03308054607065
0.9716,5.76693413230458,5.79962166917043,-0.0326875368658595
0.9718,5.84163408419977,5.87386913394782,-0.0322350497480572
0.972,5.91632967214674,5.94806423335135,-0.0317345612046021
0.9722,5.99101658902033,6.02220662537622,-0.0311900363558886
0.9724,6.06572996017022,6.09633808496027,-0.0306081247900458
0.9726,6.14044246165333,6.17049763524329,-0.0300551735899601
0.9728,6.21513128229848,6.24464175139455,-0.0295104690960653
0.973,0.00657705890244298,0.0355710450219107,-0.0289939861194677
0.9732,0.0811547312786123,0.109633448539297,-0.028478717260685
0.9734,0.155743500499871,0.183709366480709,-0.0279658659808386
0.9736,0.230334995559959,0.257770055799657,-0.0274350602396971
0.9738,0.304925533808086,0.331832568496597,-0.0269070346885114
0.974,0.379527272113707,0.405916120869816,-0.0263888487561093
0.9742,0.454111566061403,0.480090268136506,-0.0259787020751039
0.9744,0.52869361423663,0.554359836654831,-0.0256662224182019
0.9746,0.603277533950335,0.628734499232057,-0.0254569652817218
0.9748,0.677878053241861,0.703225728952315,-0.0253476757104543
0.975,0.752510306393493,0.777862566080986,-0.0253522596874931
0.9752,0.827159218772549,0.852603666005699,-0.0254444472331505
0.9754,0.901832107717316,0.927487389843058,-0.0256552821257421
0.9756,0.976520513633396,1.00247598124389,-0.0259554676104943
0.9758,1.05122062053561,1.07753792216915,-0.0263173016335401
0.976,1.12599691541917,1.15268631048771,-0.0266893950685387
0.9762,1.20078635836287,1.22790193589897,-0.0271155775360994
0.9764,1.27560856862179,1.30318346438062,-0.0275748957588269
0.9766,1.35043947525553,1.37851580626692,-0.0280763310113825
0.9768,1.42529837978905,1.45387967011485,-0.0285812903257974
0.977,1.50013228360602,1.52927110257412,-0.0291388189680972
0.9772,1.57491461880706,1.60466917923317,-0.0297545604261065
0.9774,1.64963672670704,1.68005397188901,-0.0304172451819673
0.9776,1.72435141809188,1.75540857484102,-0.0310571567491418
0.9778,1.79905027983985,1.8307155576157,-0.0316652777758499
0.978,1.87376885853576,1.90597345930576,-0.0322046007700021
0.9782,1.9484779894743,1.98118120325687,-0.0327032137825654
0.9784,2.02315577067723,2.05632602778191,-0.0331702571046781
0.9786,2.09777223810851,2.13137485698963,-0.0336026188811176
0.9788,2.17233535087009,2.2063511700378,-0.0340158191677129
0.979,2.24691158278958,2.28123256303313,-0.0343209802435513
0.9792,2.32149430124896,2.3560048114659,-0.0345105102169332
0.9794,2.39610684301075,2.43069930458379,-0.0345924615730335
0.9796,2.47077258192601,2.50530832590624,-0.0345357439802316
0.9798,2.54548807789782,2.57983468576244,-0.034346607864622
0.98,2.62019554910205,2.654208054207,-0.0340125051049447
0.9802,2.69489476854178,2.72848671640202,-0.0335919478602342
0.9804,2.76961476710453,2.80266787492643,-0.0330531078218956
0.9806,2.84433419985029,2.87671871562554,-0.0323845157752465
0.9808,2.91901720481435,2.95071969249,-0.0317024876756538
0.981,2.99372062344847,3.02465034849553,-0.0309297250470597
0.9812,3.06840749389397,3.09846092332208,-0.0300534294281105
0.9814,3.14309572065326,3.17227712847226,-0.0291814078190069
0.9816,3.21786615254986,3.24617923645751,-0.0283130839076531
0.9818,3.29266050137195,3.32014713162228,-0.0274866302503303
0.982,3.36749387820712,3.39417758248141,-0.0266837042742933
0.9822,3.44233288480765,3.46831649984105,-0.0259836150333941
0.9824,3.51719046167474,3.54263503031699,-0.0254445686422522
0.9826,3.59201477676118,3.61701147434799,-0.0249966975868001
0.9828,3.66678377967542,3.69144225878375,-0.0246584791083384
0.983,3.74149191991395,3.76592506012707,-0.0244331402131284
0.9832,3.8161940806976,3.84050582131596,-0.0243117406183595
0.9834,3.89088575198347,3.91519519674407,-0.0243094447606031
0.9836,3.96560752151424,3.98995703539093,-0.0243495138766843
0.9838,4.04033238313223,4.06481787594727,-0.0244854928150318
0.984,4.1150352404356,4.13977398496903,-0.0247387445334262
0.9842,4.18968036896681,4.21484214360476,-0.0251617746379527
0.9844,4.26427139418714,4.2899694818372,-0.0256980876500572
0.9846,4.33887277380898,4.36518335990509,-0.0263105860961081
0.9848,4.4134759836878,4.44046155527831,-0.0269855715905161
0.985,4.48807560408627,4.51579809145738,-0.027722487371113
0.9852,4.56268112700441,4.59117570696585,-0.0284945799614382
0.9854,4.63726287843713,4.66656364309325,-0.0293007646561136
0.9856,4.7118415806888,4.74196015498951,-0.0301185743007171
0.9858,4.78643213229561,4.81735388701907,-0.0309217547234599
0.986,4.86105732133891,4.89273110569813,-0.031673784359219
0.9862,4.93573073931214,4.96807405202202,-0.0323433127098856
0.9864,5.01042621183725,5.04338189540803,-0.0329556835707736
0.9866,5.0851402096776,5.11864882540109,-0.0335086157234947
0.9868,5.15986255183226,5.19381490723277,-0.0339523554005128
0.987,5.23459548596556,5.2688598682537,-0.0342643822881374
0.9872,5.3093721879459,5.34377648484212,-0.0344042968962164
0.9874,5.3841617192638,5.41857805130199,-0.0344163320381909
0.9876,5.45898858991078,5.49328391038133,-0.0342953204705445
0.9878,5.53381584537914,5.56788337330608,-0.0340675279269416
0.988,5.60865698300839,5.64244661316793,-0.0337896301595375
0.9882,5.68346357068481,5.7169042713742,-0.0334407006893933
0.9884,5.75821500074842,5.79126721047844,-0.0330522097300223
0.9886,5.83290696435729,5.86549639668852,-0.0325894323312275
0.9888,5.90759680764709,5.93964482823122,-0.0320480205841314
0.989,5.98228051037625,6.01368495571708,-0.0314044453408346
0.9892,6.05691924835025,6.0876332667146,-0.0307140183643515
0.9894,6.13154204444122,6.1615666933142,-0.0300246488729732
0.9896,6.20612799038344,6.2354843562686,-0.029356365885163
0.9898,6.28065683876626,0.0262094886561112,-0.0287379570694348
0.99,0.0719513923218438,0.100100035902623,-0.0281486435807792
0.9902,0.146451609073765,0.174041200004682,-0.0275895909309165
0.9904,0.220967478622024,0.248034947224261,-0.0270674686022369
0.9906,0.295520289110425,0.322129408946525,-0.0266091198361
0.9908,0.370132867987762,0.396381255283858,-0.0262483872960954
0.991,0.444809167858133,0.470760158075165,-0.0259509902170322
0.9912,0.519488201818364,0.545188775259964,-0.0257005734415998
0.9914,0.59416519712414,0.619703530050133,-0.0255383329259927
0.9916,0.668863495387877,0.694289701108767,-0.0254262057208894
0.9918,0.743557981628367,0.768963535920963,-0.0254055542925963
0.992,0.818215089947122,0.843705457147624,-0.0254903672005028
0.9922,0.89289771786411,0.918524758771196,-0.0256270409070866
0.9924,0.967596034691987,0.993448061204994,-0.0258520265130077
0.9926,1.04230191038014,1.06846959695497,-0.026167686574829
0.9928,1.11704933617569,1.14360209510041,-0.0265527589247203
0.993,1.19181494528873,1.21881009408668,-0.0269951487979541
0.9932,1.26662839861625,1.29409168022317,-0.0274632816069245
0.9934,1.34145122017082,1.36942602247972,-0.0279748023088982
0.9936,1.41629188165038,1.44478833787961,-0.0284964562292338
0.9938,1.49113594237014,1.52017979275301,-0.0290438503828607
0.994,1.56596654455578,1.59557828185158,-0.0296117372958025
0.9942,1.64071997400444,1.67097411419134,-0.0302541401869041
0.9944,1.71545652883905,1.7463515323544,-0.0308950035153461
0.9946,1.79018154528342,1.82168451793971,-0.0315029726562897
0.9948,1.8648613040232,1.89696483357176,-0.0321035295485599
0.995,1.93952918369069,1.97217210290838,-0.032642919217686
0.9952,2.01416630675295,2.04730395179551,-0.0331376450425602
0.9954,2.08874944441757,2.12232819713525,-0.033578752717677
0.9956,2.16328084510325,2.19725847764497,-0.0339776325417209
0.9958,2.23782500825542,2.27207072982157,-0.0342457215661489
0.996,2.31237534794418,2.34675018615997,-0.0343748382157973
0.9962,2.38692751505437,2.42127534584945,-0.0343478307950806
0.9964,2.46149339455456,2.4956801108478,-0.0341867162932372
0.9966,2.53612595638363,2.57003786567163,-0.0339119092879927
0.9968,2.61077014536998,2.64430380588824,-0.0335336605182519
0.997,2.68541508988014,2.71850153826916,-0.0330864483890263
0.9972,2.76008699169606,2.79267587229415,-0.0325888805980923
0.9974,2.83479585534529,2.86684525302092,-0.0320493976756286
0.9976,2.90951407209316,2.94096431518904,-0.0314502430958781
0.9978,2.98424596387222,3.01509469543738,-0.0308487315651584
0.998,3.05899084387354,3.08916720858081,-0.0301763647072724
0.9982,3.13375219261159,3.1631869747842,-0.0294347821726175
0.9984,3.20855963708857,3.23721566175137,-0.0286560246628014
0.9986,3.28337951808717,3.31125332434759,-0.027873806260418
0.9988,3.35823746700233,3.3853522991288,-0.0271148321264669
0.999,3.43309808233018,3.45949501370215,-0.0263969313719619
0.9992,3.50797438704339,3.53374863999461,-0.0257742529512286
0.9994,3.58285474792306,3.60815464439411,-0.0252998964710556
0.9996,3.65772385877754,3.68262328778014,-0.0248994290026001
0.9998,3.73251991718864,3.75711431303559,-0.0245943958469419
1,3.80730330393959,3.83169042743665,-0.0243871234970605
