t_s,theta_pll_rad,theta_ref_rad,theta_err_rad
0,0,0,0
0.0002,0.0753982236861784,0.075398223686155,2.3411828031783e-14
0.0004,0.150252523515417,0.15079644737231,-0.000543923856893336
0.0006,0.225286528200611,0.226194671058465,-0.000908142857854399
0.0008,0.301427886722095,0.30159289474462,-0.000165008022525504
0.001,0.378303716842003,0.376991118430775,0.00131259841122738
0.0012,0.45381099498052,0.45238934211693,0.00142165286359008
0.0014,0.525734120548631,0.527787565803085,-0.00205344525445417
0.0016,0.59347742831977,0.60318578948924,-0.00970836116947038
0.0018,0.658026177276308,0.678584013175395,-0.0205578358990871
0.002,0.720355075035306,0.75398223686155,-0.0336271618262441
0.0022,0.780308165110311,0.829380460547705,-0.049072295437394
0.0024,0.83681003282491,0.904778684233861,-0.0679686514089507
0.0026,0.889635029756681,0.980176907920016,-0.090541878163335
0.0028,0.940298633975094,1.05557513160617,-0.115276497631077
0.003,0.990897927469169,1.13097335529233,-0.140075427823156
0.0032,1.04240590352339,1.20637157897848,-0.163965675455086
0.0034,1.09460824619742,1.28176980266464,-0.187161556467213
0.0036,1.14741575419177,1.35716802635079,-0.209752272159016
0.0038,1.20163744582626,1.43256625003695,-0.230928804210683
0.004,1.25842453306491,1.5079644737231,-0.249539940658188
0.0042,1.31779866481088,1.58336269740926,-0.265564032598371
0.0044,1.37877425099314,1.65876092109541,-0.279986670102268
0.0046,1.4402021713803,1.73415914478157,-0.293956973401269
0.0048,1.50173686969099,1.80955736846772,-0.307820498776729
0.005,1.56390050619787,1.88495559215388,-0.321055085956004
0.0052,1.62722954180575,1.96035381584003,-0.333124274034278
0.0054,1.69157387834132,2.03575203952619,-0.344178161184868
0.0056,1.75645939086681,2.11115026321234,-0.354690872345533
0.0058,1.82161024578122,2.1865484868985,-0.364938241117278
0.006,1.88736545274698,2.26194671058465,-0.374581257837674
0.0062,1.95417924848183,2.33734493427081,-0.383165685788976
0.0064,2.02205491046187,2.41274315795696,-0.390688247495096
0.0066,2.09057693265889,2.48814138164312,-0.397564448984225
0.0068,2.15931224220057,2.56353960532927,-0.404227363128704
0.007,2.22817455770075,2.63893782901543,-0.410763271314678
0.0072,2.29731252382292,2.71433605270158,-0.417023528878657
0.0074,2.36690859789111,2.78973427638774,-0.422825678496624
0.0076,2.43695338789102,2.86513250007389,-0.428179112182873
0.0078,2.50743971954177,2.94053072376005,-0.433091004218277
0.008,2.57845070035957,3.0159289474462,-0.437478247086637
0.0082,2.65005871608875,3.09132717113236,-0.44126845504361
0.0084,2.72220242976148,3.16672539481851,-0.444522965057033
0.0086,2.79483414758293,3.24212361850467,-0.447289470921739
0.0088,2.86787392547676,3.31752184219082,-0.449647916714064
0.009,2.94112274726457,3.39292006587698,-0.451797318612404
0.0092,3.01432355518786,3.46831828956313,-0.453994734375276
0.0094,3.08740985072059,3.54371651324929,-0.456306662528696
0.0096,3.16065848427738,3.61911473693544,-0.458456252658059
0.0098,3.23453111634131,3.6945129606216,-0.459981844280287
0.01,3.30934602988933,3.76991118430775,-0.460565154418419
0.0102,3.38509488090178,3.84530940799391,-0.460214527092132
0.0104,3.46150704799502,3.92070763168006,-0.459200583685043
0.0106,3.5384506770493,3.99610585536622,-0.457655178316918
0.0108,3.6158876544691,4.07150407905237,-0.455616424583276
0.011,3.69373156052641,4.14690230273853,-0.45317074221212
0.0112,3.77176742079698,4.22230052642468,-0.450533105627701
0.0114,3.84974826534914,4.29769875011084,-0.4479504847617
0.0116,3.92760452590564,4.37309697379699,-0.445492447891352
0.0118,4.00566950439173,4.44849519748315,-0.442825693091414
0.012,4.08442901767457,4.5238934211693,-0.439464403494736
0.0122,4.1641285032596,4.59929164485546,-0.435163141595855
0.0124,4.2445775987715,4.67468986854161,-0.430112269770111
0.0126,4.32553397306047,4.75008809222777,-0.424554119167293
0.0128,4.40690120735828,4.82548631591392,-0.418585108555641
0.013,4.48867671271914,4.90088453960008,-0.412207826880935
0.0132,4.57083019965742,4.97628276328623,-0.405452563628816
0.0134,4.65321639905207,5.05168098697239,-0.398464587920317
0.0136,4.73566458334514,5.12707921065854,-0.3914146273134
0.0138,4.81817657945572,5.2024774343447,-0.384300854888978
0.014,4.90092899152871,5.27787565803085,-0.376946666502146
0.0142,4.98414629861958,5.35327388171701,-0.369127583097431
0.0144,5.06799898583643,5.42867210540316,-0.360673119566733
0.0146,5.15251719767804,5.50407032908932,-0.351553131411277
0.0148,5.23759941804177,5.57946855277547,-0.341869134733701
0.015,5.32311108344173,5.65486677646163,-0.3317556930199
0.0152,5.40896909184742,5.73026500014778,-0.321295908300367
0.0154,5.49513078915307,5.80566322383394,-0.31053243468087
0.0156,5.58151056008833,5.88106144752009,-0.299550887431763
0.0158,5.66792876773818,5.95645967120625,-0.288530903468073
0.016,5.75412756125922,6.0318578948924,-0.277730333633181
0.0162,5.83998807953676,6.10725611857856,-0.267268039041798
0.0164,5.92558010444261,6.18265434226471,-0.257074237822104
0.0166,6.01110378059644,6.25805256595087,-0.24694878535443
0.0168,6.09676388293145,6.06029276618995,0.0364711167414979
0.017,6.18269557213224,6.13944062040575,0.0432549517264933
0.0172,6.26896807272261,6.22038257582266,0.0485854968999559
0.0174,0.0723785138632511,0.0191283520435055,0.0532501618197456
0.0176,0.159188388640674,0.102346488010505,0.0568419006301696
0.0178,0.246043201629828,0.187937697046614,0.0581055045832136
0.018,0.332772910970431,0.276250909458122,0.0565220015123089
0.0182,0.419269050690281,0.366170372694985,0.0530986779952962
0.0184,0.505529289502201,0.45586514088758,0.0496641486146208
0.0186,0.591697060939244,0.544410706908644,0.0472863540306009
0.0188,0.678036604970841,0.631985865956937,0.0460507390139037
0.019,0.764724032662615,0.718998033272876,0.0457259993897385
0.0192,0.851772737124557,0.805114658491274,0.0466580786332824
0.0194,0.939119936339412,0.889499685416121,0.0496202509232913
0.0196,1.02668615288535,0.971715839095044,0.0549703137903085
0.0198,1.1143895227675,1.05210767067297,0.0622818520945321
0.02,1.20213185733081,1.13124643725888,0.0708854200719231
0.0202,1.28977600955033,1.2092911572708,0.0804848522795334
0.0204,1.37708213706098,1.28607282931143,0.0910093077495457
0.0206,1.463886140371,1.36167861563008,0.102207524740926
0.0208,1.55028551116338,1.43657464343711,0.113710867726275
0.021,1.63651452359665,1.51134002720548,0.125174496391169
0.0212,1.72286152474459,1.58654454222114,0.136316982523446
0.0214,1.8095005465612,1.66262827315189,0.146872273409313
0.0216,1.89644868720623,1.73990015671066,0.156548530495568
0.0218,1.98364319592272,1.81848633909702,0.165156856825702
0.022,2.07100626044189,1.89823630575788,0.172769954684009
0.0222,2.1584502086681,1.978831751913,0.179618456755092
0.0224,2.24580823541421,2.06018501943735,0.185623215976859
0.0226,2.33284287317828,2.1425819803849,0.190260892793378
0.0228,2.41938507124817,2.22641094216667,0.192974129081499
0.023,2.50541293651194,2.31181344184379,0.193599494668153
0.0232,2.59108692633301,2.39872414023024,0.19236278610277
0.0234,2.6766482241554,2.48711251813538,0.18953570602002
0.0236,2.7622958471445,2.57689857546686,0.185397271677638
0.0238,2.84813815289357,2.66778614547528,0.18035200741829
0.024,2.93420379169226,2.75915929381071,0.175044497881548
0.0242,3.02045769841339,2.85031965201914,0.170138046394255
0.0244,3.1067415224967,2.94062950499598,0.166112017500723
0.0246,3.19277973257508,3.02966516985046,0.163114562724626
0.0248,3.2784075386117,3.11736212423141,0.161045414380284
0.025,3.36358501195002,3.20367184348954,0.159913168460481
0.0252,3.44837304757754,3.28830368121685,0.160069366360687
0.0254,3.53287980884805,3.37112164473414,0.161758164113911
0.0256,3.61726289070295,3.45244869537985,0.164814195323099
0.0258,3.70167217904327,3.53277134024754,0.16890083879573
0.026,3.78611150677256,3.61198954568423,0.174121961088329
0.0262,3.87042110665723,3.68952780910962,0.180893297547613
0.0264,3.95446624830192,3.76491353263468,0.189552715667232
0.0266,4.03812605940981,3.83805467521116,0.200071384198651
0.0268,4.12129588005293,3.90920526868991,0.212090611363022
0.027,4.20374833414938,3.97868383679284,0.225064497356538
0.0272,4.28525928539751,4.04676540552589,0.238493879871613
0.0274,4.36566632448229,4.11387095389629,0.251795370586001
0.0276,4.44489897990627,4.18054643865075,0.264352541255525
0.0278,4.52293904780789,4.24735891706368,0.275580130744213
0.028,4.59975164947639,4.31475115734909,0.285000492127298
0.0282,4.67529202356242,4.38302599304999,0.292266030512425
0.0284,4.74955776274556,4.45249178504348,0.297065977702082
0.0286,4.82244994980408,4.52337277448096,0.299077175323128
0.0288,4.89394185689232,4.59579512031626,0.298146736576061
0.029,4.96408521792398,4.66973396926301,0.294351248660969
0.0292,5.03298129196414,4.74504652991354,0.287934762050603
0.0294,5.10075326086164,4.82151164256931,0.279241618292324
0.0296,5.16761646297826,4.89887090873271,0.268745554245552
0.0298,5.23367518967783,4.97682663580117,0.256848553876659
0.03,5.29905994089741,5.05489136357295,0.244168577324467
0.0302,5.36396857304198,5.13232163152458,0.231646941517392
0.0304,5.4284514040298,5.20841363503496,0.220037768994845
0.0306,5.49259570434778,5.28286946048798,0.209726243859802
0.0308,5.55650493183191,5.35548533426415,0.201019597567756
0.031,5.62025337508853,5.42614513611157,0.194108238976956
0.0312,5.68396950765409,5.49504006139469,0.188929446259407
0.0314,5.74780609599539,5.56265352461937,0.185152571376019
0.0316,5.81190648589324,5.62961225866358,0.182294227229658
0.0318,5.87629757814419,5.69646942782369,0.179828150320499
0.032,5.94105831578456,5.7636468056988,0.17741151008576
0.0322,6.00621890943933,5.83143163278062,0.174787276658718
0.0324,6.07178446094167,5.90012637306013,0.171658087881539
0.0326,6.13778207037693,5.9699027312394,0.167879339137522
0.0328,6.20430555959142,6.04081015660782,0.163495402983603
0.033,6.27131952931992,6.11265221627861,0.158667313041319
0.0332,0.0555990122396537,6.18508340701191,0.153700912407333
0.0334,0.123472884097514,6.25790402930296,0.148754161974141
0.0336,0.191695470930397,0.0477425137899561,0.14395295714044
0.0338,0.260238005792251,0.120846559978616,0.139391445813634
0.034,0.329061694278217,0.19392828323973,0.135133411038487
0.0342,0.398153132032327,0.267057706849377,0.13109542518295
0.0344,0.467538665402076,0.340303968232078,0.127234697169998
0.0346,0.53721501173597,0.413708793576106,0.123506218159863
0.0348,0.60718309299067,0.487212183737228,0.119970909253442
0.035,0.677409016991291,0.560791518129545,0.116617498861746
0.0352,0.747840726275317,0.634400231506026,0.11344049476929
0.0354,0.818380344831441,0.707949021247065,0.110431323584376
0.0356,0.888963454140819,0.781308526785759,0.107654927355061
0.0358,0.959530192312422,0.854484844184443,0.105045348127978
0.036,1.03000085775121,0.927622554955312,0.102378302795903
0.0362,1.10028709834886,1.00085899953523,0.0994280988136227
0.0364,1.17043007227614,1.07427164323922,0.096158429036922
0.0366,1.2403955721052,1.14788035744554,0.0925152146596568
0.0368,1.31014919393646,1.22175790021915,0.0883912937173092
0.037,1.37970054071536,1.2960782093084,0.0836223314069533
0.0372,1.44904105882282,1.37092173847965,0.0781193203431725
0.0374,1.51813679865336,1.44616029118303,0.0719765074703256
0.0376,1.58702303334711,1.52161360280484,0.065409430542273
0.0378,1.65572813055013,1.59702943554017,0.0586986950099573
0.038,1.72423210744747,1.67216579792124,0.0520663095262321
0.0382,1.79255665106768,1.74686863550691,0.0456880155607702
0.0384,1.86074075658479,1.8210596908058,0.039681065778991
0.0386,1.92882374989124,1.89470629222172,0.0341174576695114
0.0388,1.99683786397837,1.96778259922831,0.0290552647500602
0.039,2.06488881129347,2.04023238360971,0.0246564276837646
0.0392,2.13298822055541,2.11198376595069,0.021004454604725
0.0394,2.20114227035995,2.1829459807428,0.0181962896171517
0.0396,2.26944784860052,2.25299405036947,0.0164537982310473
0.0398,2.33790706337562,2.32209470504575,0.0158123583298724
0.04,2.40653124417186,2.39036055254382,0.0161706916280382
0.0402,2.47532020115811,2.45789037476609,0.0174298263920196
0.0404,2.54434108893196,2.5248724002205,0.0194686887114641
0.0406,2.61359748310245,2.59141411974572,0.022183363356727
0.0408,2.68306892552437,2.65772947376386,0.0253394517605097
0.041,2.75272872584268,2.7241555397907,0.0285731860519731
0.0412,2.82258584602225,2.79106949671298,0.0315163493092632
0.0414,2.89264465693247,2.85886641446221,0.0337782424702651
0.0416,2.96293609528486,2.92775246083983,0.0351836344450303
0.0418,3.03344436591267,2.99790090262526,0.0355434632874112
0.042,3.10423383666216,3.06933126552243,0.0349025711397335
0.0422,3.17524368917832,3.1419143670543,0.0333293221240201
0.0424,3.24647795464388,3.21550067811894,0.0309772765249363
0.0426,3.31793216682232,3.29010092270022,0.0278312441221047
0.0428,3.38960938204756,3.36593086597601,0.0236785160715507
0.043,3.46149244292828,3.44315270122074,0.0183397417075395
0.0432,3.53358793234176,3.52186791547201,0.0117200168697469
0.0434,3.60586092693102,3.60212011546183,0.00374081146918881
0.0436,3.6783429302148,3.68394942396003,-0.00560649374522271
0.0438,3.75100802971228,3.7672118310401,-0.0162038013278134
0.044,3.82386749323003,3.85144994797131,-0.0275824547412817
0.0442,3.89688353895099,3.9361360884559,-0.0392525495049036
0.0444,3.97001465707807,4.02073954180475,-0.0507248847266846
0.0446,4.04330496656225,4.10484351806653,-0.0615385515042828
0.0448,4.11673947119385,4.18805725253019,-0.0713177813363401
0.045,4.19029415973309,4.27012270092286,-0.0798285411897757
0.0452,4.26395255178833,4.35090165255407,-0.0869491007657386
0.0454,4.33766982757207,4.43034365439025,-0.0926738268181744
0.0456,4.41146756761333,4.50850975470919,-0.0970421870958607
0.0458,4.4853646753764,4.58556058947946,-0.100195914103063
0.046,4.55936201837957,4.66170098878044,-0.102338970400869
0.0462,4.63349813495502,4.73719042059311,-0.103692285638093
0.0464,4.70772918716683,4.81230031029322,-0.104571123126388
0.0466,4.7820808342004,4.88729519422599,-0.105214360025586
0.0468,4.85657815321816,4.96242463019998,-0.105846476981817
0.047,4.93125052813124,5.03793084339421,-0.10668031526297
0.0472,5.00606713882743,5.1140089415559,-0.107941802728474
0.0474,5.08106707916341,5.19081024390051,-0.109743164737097
0.0476,5.15621450969718,5.26846407280822,-0.112249563111031
0.0478,5.23153223583073,5.34693211964765,-0.11539988381692
0.048,5.3069734702163,5.42607054504402,-0.119097074827718
0.0482,5.38255377202408,5.50566613956625,-0.123112367542167
0.0484,5.45822379501289,5.58549387432903,-0.127270079316143
0.0486,5.53400049636803,5.66529670819202,-0.131296211823993
0.0488,5.60990174859737,5.74484255127564,-0.134940802678276
0.049,5.68589678028603,5.82389885207747,-0.138002071791437
0.0492,5.76202976166055,5.90224196154426,-0.14021219988371
0.0494,5.83825189088086,5.97962310182879,-0.141371210947935
0.0496,5.91450096472332,6.05607059624107,-0.141569631517753
0.0498,5.99085378234562,6.13167999254676,-0.140826210201137
0.05,6.06727700141111,6.20643831760851,-0.139161316197397
0.0502,6.14371140746928,6.28052635413757,-0.136814946668298
0.0504,6.2202299839505,0.0709557617589844,-0.133911084988075
0.0506,0.0136529538749288,0.14428646868353,-0.130633514808601
0.0508,0.0903370436737512,0.217440839718263,-0.127103796044512
0.051,0.167075266317175,0.290522925267868,-0.123447658950694
0.0512,0.243880118351389,0.363722991131849,-0.11984287278046
0.0514,0.320793845696947,0.437161845371663,-0.116367999674716
0.0516,0.397812035351576,0.510917382820454,-0.113105347468878
0.0518,0.474936360351751,0.585140053068906,-0.110203692717155
0.052,0.552195158184353,0.659870759491921,-0.107675601307568
0.0522,0.629535167746269,0.735026593507662,-0.105491425761393
0.0524,0.706990226625739,0.810629851248451,-0.103639624622712
0.0526,0.784581367110115,0.886640657085268,-0.102059289975152
0.0528,0.86228448450777,0.962914410475417,-0.100629925967647
0.053,0.940101123975918,1.03930969199358,-0.0992085680176644
0.0532,1.01797438272633,1.1157376696103,-0.0977632868839777
0.0534,1.09591332925245,1.19209908806942,-0.0961857588169646
0.0536,1.17390258575215,1.26833678369491,-0.0944341979427641
0.0538,1.25191834875665,1.34441367802399,-0.0924953292673401
0.054,1.32995721142382,1.42029395775481,-0.090336746330985
0.0542,1.40798709002622,1.49597963045242,-0.0879925404261992
0.0544,1.48604614961996,1.57146949744306,-0.085423347823093
0.0546,1.56417200666551,1.6467832673732,-0.0826112607076928
0.0548,1.64233929657105,1.72195796706242,-0.0796186704913717
0.055,1.7204897196681,1.79704635323635,-0.0765566335682444
0.0552,1.79865066831408,1.87208941270929,-0.0734387443952116
0.0554,1.87679441798862,1.94712665062584,-0.0703322326372147
0.0556,1.95486884378021,2.0222246799006,-0.0673558361203916
0.0558,2.03295197368925,2.09746273176957,-0.0645107580803237
0.056,2.11105749489687,2.17285941916596,-0.0618019242690884
0.0562,2.18917165254148,2.24841856121828,-0.0592469086768017
0.0564,2.267268470402,2.32416643827624,-0.0568979678742449
0.0566,2.34537326776981,2.40009356414831,-0.0547202963784978
0.0568,2.42347665150838,2.4761711780937,-0.0526945265853231
0.057,2.50156759302314,2.55237309631513,-0.050805503291989
0.0572,2.57969900502602,2.62869064229452,-0.0489916372685029
0.0574,2.65782521668277,2.70505928868073,-0.0472340719979618
0.0576,2.73595483561735,2.78147283186815,-0.0455179962507954
0.0578,2.81413209812882,2.85790296094275,-0.0437708628139313
0.058,2.89234362236603,2.9342671760073,-0.0419235536412668
0.0582,2.97056374319973,3.01057045990057,-0.0400067167008396
0.0584,3.04885157319095,3.08674813758546,-0.0378965643945142
0.0586,3.12714008760013,3.16269338304382,-0.0355532954436839
0.0588,3.20542983666524,3.23845452911888,-0.0330246924536395
0.059,3.28367110207813,3.31399300049297,-0.0303218984148463
0.0592,3.36185521555327,3.38935891801688,-0.0275037024636116
0.0594,3.44002718644458,3.46459712348055,-0.0245699370359667
0.0596,3.51815170203334,3.53970496261035,-0.0215532605770106
0.0598,3.596247958942,3.6147171305772,-0.0184691716352035
0.06,3.67427248735499,3.68962543533197,-0.0153529479769814
0.0602,3.75222490934195,3.76442414930864,-0.0121992399666948
0.0604,3.83011224350946,3.83918076916549,-0.00906852565602856
0.0606,3.9079196346595,3.91396448477789,-0.0060448501183874
0.0608,3.98568393790662,3.98877798405206,-0.00309404614543629
0.061,4.06336253505528,4.06362469807384,-0.000262163018559747
0.0612,4.14091586920382,4.13848131416581,0.00243455503800316
0.0614,4.21831079017656,4.21338119368606,0.00492959649050118
0.0616,4.29557312556185,4.28833352780689,0.00723959775496308
0.0618,4.37281321607549,4.36336316733018,0.00945004874530397
0.062,4.45004246383554,4.43848297795141,0.0115594858841259
0.0622,4.5272225815422,4.5136747355099,0.0135478460322958
0.0624,4.60438955919985,4.58893728878326,0.015452270416592
0.0626,4.6815626403989,4.66426837672577,0.0172942636731328
0.0628,4.75867034195528,4.73965812135776,0.0190122205975181
0.063,4.83573970424799,4.81510411887889,0.0206355853691065
0.0632,4.91276077383006,4.89060224576803,0.0221585280620324
0.0634,4.9897043291761,4.96616434727345,0.0235399819026414
0.0636,5.06660295914631,5.04177744860234,0.0248255105439741
0.0638,5.14345711790545,5.11742380991198,0.0260333079934689
0.064,5.22027316712103,5.19311994258802,0.0271532245330119
0.0642,5.29709262472402,5.268824406401,0.0282682183230207
0.0644,5.37389111114032,5.34453874606861,0.0293523650717038
0.0646,5.45069323351238,5.42027574821837,0.0304174852940058
0.0648,5.52745453516038,5.49603250116208,0.0314220339982976
0.065,5.60419720608039,5.5718273772573,0.0323698288230903
0.0652,5.68088307381187,5.64765165141453,0.0332314223973427
0.0654,5.75752986879272,5.72345327981324,0.0340765889794756
0.0656,5.83408213498357,5.79918992735051,0.0348922076330558
0.0658,5.91053837987557,5.87487563969402,0.0356627401815466
0.066,5.98690698115764,5.950534585876,0.0363723952816413
0.0662,6.06315614660334,6.02614335710779,0.0370127894955523
0.0664,6.1393151287192,6.10162518838389,0.0376899403353113
0.0666,6.21536778367719,6.17701329530673,0.0383544883704641
0.0668,0.00811645066018141,6.25234048818316,0.0389612696566068
0.067,0.0839254178970703,0.0443319016482499,0.0395935162488204
0.0672,0.159664707075876,0.119426369653539,0.040238337422337
0.0674,0.235360171738015,0.194464137721064,0.0408960340169512
0.0676,0.311003240451006,0.269474496238508,0.041528744212498
0.0678,0.38659621165635,0.344454355851528,0.0421418558048227
0.068,0.462185662672528,0.419357096926897,0.042828565745631
0.0682,0.537724963590293,0.494181128188134,0.0435438354021594
0.0684,0.613218105461895,0.568945903174058,0.0442722022878369
0.0686,0.688699851816091,0.643651513165664,0.045048338650427
0.0688,0.764149848671099,0.718343413410153,0.0458064352609466
0.069,0.839531008331862,0.793014758474024,0.0465162498578375
0.0692,0.914899675105125,0.867676765096799,0.0472229100083252
0.0694,0.990242249819058,0.942390005797185,0.0478522440218724
0.0696,1.06551416797817,1.01716510840659,0.0483490595715774
0.0698,1.14073738232615,1.09204997777862,0.0486874045475258
0.07,1.2159423424732,1.16702123790099,0.0489211045722022
0.0702,1.29114336218298,1.24208864469403,0.0490547174889502
0.0704,1.36628977331033,1.31721172650537,0.049078046804961
0.0706,1.44139890430548,1.392405256234,0.0489936480714779
0.0708,1.51643179918605,1.46767192903186,0.0487598701541887
0.071,1.59137802940322,1.54300592866355,0.0483721007396665
0.0712,1.66623784045058,1.61841478631312,0.0478230541374616
0.0714,1.74106844599463,1.69389221221632,0.0471762337783124
0.0716,1.81586339849295,1.7694228582016,0.0464405402913537
0.0718,1.89057090102666,1.84498373408039,0.045587166946266
0.072,1.96521530646492,1.92056971687565,0.0446455895892699
0.0722,2.03977910003517,1.9961781433785,0.0436009566566711
0.0724,2.11424808895294,2.07175960587831,0.0424884830746315
0.0726,2.18862006053723,2.1472654358449,0.0413546246923273
0.0728,2.2628784129536,2.22272493504358,0.040153477910017
0.073,2.33712814677859,2.29820209693424,0.0389260498443451
0.0732,2.41137453046379,2.37362061484766,0.0377539156161308
0.0734,2.48560730395294,2.44899333306427,0.0366139708886681
0.0736,2.55984560467044,2.52425326768622,0.0355923369842146
0.0738,2.63402857398598,2.59938414034911,0.0346444336368745
0.074,2.70819968594483,2.67449808586347,0.0337016000813617
0.0742,2.78238379438957,2.74954692034498,0.0328368740445955
0.0744,2.85658802665429,2.82453259945068,0.0320554272036158
0.0746,2.93079329317554,2.89947082311027,0.0313224700652621
0.0748,3.00500631894142,2.97432437254403,0.0306819463973946
0.075,3.07921846391828,3.0490279760727,0.0301904878455757
0.0752,3.15343137769448,3.12372849230943,0.0297028853850509
0.0754,3.22768079309706,3.1984435662708,0.0292372268262642
0.0756,3.30194380281501,3.27323704064097,0.0287067621740471
0.0758,3.37624641636734,3.34811056066829,0.0281358556990514
0.076,3.45054439155765,3.42300992883883,0.0275344627188234
0.0762,3.52486226746063,3.49797888827117,0.0268833791894587
0.0764,3.59916843910578,3.5729865245538,0.0261819145519828
0.0766,3.67345150842872,3.64798956739933,0.0254619410293966
0.0768,3.74764960427125,3.72301691028633,0.0246326939849135
0.077,3.82181435265702,3.79808220983325,0.0237321428237647
0.0772,3.89594418179192,3.8731397795162,0.0228044022757228
0.0774,3.97000852549422,3.94818124991643,0.0218272755777886
0.0776,4.04404990549106,4.02329671995494,0.020753185536126
0.0778,4.11805603687948,4.09846360296211,0.0195924339173672
0.078,4.19200343528571,4.17367086435627,0.0183325709294362
0.0782,4.26587106835979,4.24891088043585,0.0169601879239396
0.0784,4.33962900709627,4.32417878643986,0.0154502206564109
0.0786,4.41338383909347,4.39946332463844,0.0139205144550267
0.0788,4.48715365706747,4.47479836192044,0.0123552951470352
0.079,4.56094190022447,4.55016465896659,0.0107772412578804
0.0792,4.63479992106812,4.6255398353078,0.00926008576031823
0.0794,4.70868506483857,4.7009326180556,0.00775244678296705
0.0796,4.7825958095521,4.77633151608933,0.00626429346277035
0.0798,4.8565540131314,4.85173295894082,0.00482105419058865
0.08,4.93053265781261,4.92711347803408,0.00341917977852724
0.0802,5.00455292905845,5.00247202686667,0.00208090219177137
0.0804,5.07859144335511,5.07779713996793,0.000794303387180229
0.0806,5.15263912875163,5.15306178798455,-0.000422659232924616
0.0808,5.22670095712842,5.22828072493866,-0.00157976781024161
0.081,5.3008086206154,5.30341513817724,-0.00260651756184238
0.0812,5.37493506422745,5.37847950000436,-0.00354443577691033
0.0814,5.44911317843855,5.45349850337337,-0.00438532493481691
0.0816,5.52331117551707,5.52847244876485,-0.00516127324777571
0.0818,5.59756065990518,5.60341407544705,-0.00585341554187657
0.082,5.67182859882787,5.67829915015092,-0.00647055132304697
0.0822,5.74609884504867,5.75315658918443,-0.00705774413575799
0.0824,5.82031101846206,5.82794165379377,-0.00763063533170971
0.0826,5.8945154786438,5.90270876023048,-0.00819328158668142
0.0828,5.96871436742754,5.97747126949283,-0.00875690206528734
0.083,6.04285628335078,6.0521964273293,-0.00934014397852057
0.0832,6.1169860769967,6.12697223935204,-0.00998616235533945
0.0834,6.19112229739301,6.20180544401502,-0.010683146622017
0.0836,6.26524504141894,6.27667642195249,-0.0114313805335513
0.0838,0.0561376563801002,0.0683517708397447,-0.0122141144596445
0.084,0.130233238668822,0.143243795995628,-0.0130105573268056
0.0842,0.204354824703923,0.21817839909587,-0.0138235743919464
0.0844,0.278527319988028,0.293186664960376,-0.0146593449723477
0.0846,0.352767879031169,0.368242913672691,-0.0154750346415221
0.0848,0.427072416814884,0.443412967357644,-0.0163405505427597
0.085,0.501459985141401,0.518643806032019,-0.0171838208906177
0.0852,0.575862504954161,0.593884730326493,-0.0180222253723317
0.0854,0.650293841322404,0.669150625987344,-0.01885678466494
0.0856,0.724780465288561,0.744494255029673,-0.0197137897411126
0.0858,0.799304942327407,0.819856293116669,-0.0205513507892617
0.086,0.873860192815857,0.895228962934605,-0.021368770118748
0.0862,0.948452222883409,0.97064560835862,-0.022193385475211
0.0864,1.02308192302348,1.04607132502702,-0.0229894020035455
0.0866,1.09777794067407,1.12152282415227,-0.0237448834781979
0.0868,1.17250577373132,1.19697210060898,-0.0244663268776579
0.087,1.24728871556889,1.27242792802475,-0.0251392124558614
0.0872,1.32208595129671,1.34789431199745,-0.0258083607007356
0.0874,1.3969252812893,1.42335288387954,-0.0264276025902441
0.0876,1.47177648664804,1.49879662042772,-0.0270201337796718
0.0878,1.54666575955211,1.57421199887567,-0.0275462393235599
0.088,1.62154315582324,1.64958711104643,-0.0280439552231899
0.0882,1.69640024418661,1.7249185396545,-0.0285182954678975
0.0884,1.77123426108377,1.80020971632323,-0.0289754552394568
0.0886,1.8460075246105,1.87546915212229,-0.0294616275117958
0.0888,1.92075519693647,1.95068263024294,-0.0299274333064692
0.089,1.99549786486564,2.02583265140139,-0.0303347865357433
0.0892,2.07023009458187,2.10094726909003,-0.0307171745081614
0.0894,2.14492798243845,2.17600709370841,-0.0310791112699556
0.0896,2.21964896347554,2.25098969111663,-0.0313407276410884
0.0898,2.29439205115831,2.32594621858745,-0.0315541674291384
0.09,2.36916059080551,2.40087132491344,-0.0317107341079299
0.0902,2.44397819892262,2.47580384499704,-0.0318256460744255
0.0904,2.51886120074484,2.55082901326476,-0.0319678125199205
0.0906,2.59383094974342,2.62582616402287,-0.03199521427945
0.0908,2.66882202139562,2.70079275618675,-0.0319707347911296
0.091,2.74385228709288,2.77572763943692,-0.0318753523440383
0.0912,2.81894553199369,2.85068527921197,-0.0317397472182819
0.0914,2.89413263859081,2.92566059594446,-0.0315279573536529
0.0916,2.96934742813246,3.00064675503717,-0.0312993269047031
0.0918,3.04461317386836,3.07567625093065,-0.0310630770622851
0.092,3.11995207098089,3.15071084503307,-0.0307587740521829
0.0922,3.19533787347711,3.22572948194681,-0.0303916084697051
0.0924,3.27073555348242,3.30071745780528,-0.0299819043228644
0.0926,3.34616975332258,3.37571590701583,-0.0295461536932491
0.0928,3.42159729595583,3.45069563721435,-0.0290983412585204
0.093,3.4970478856207,3.52570736922972,-0.0286594836090144
0.0932,3.57249676007653,3.60080097297337,-0.0283042128968369
0.0934,3.64797394376484,3.67601594558818,-0.0280420018233318
0.0936,3.72342874746141,3.75123287977991,-0.027804132318507
0.0938,3.79886122017173,3.82648487900847,-0.0276236588367405
0.094,3.87426760385256,3.9018162488964,-0.0275486450438476
0.0942,3.94968235291491,3.9771357451475,-0.0274533922325921
0.0944,4.02507110663572,4.05245334137028,-0.0273822347345636
0.0946,4.10043919301501,4.12783369947889,-0.0273945064638781
0.0948,4.17577027865531,4.20325988572422,-0.027489607068909
0.095,4.25112801279659,4.27870061125679,-0.0275725984602033
0.0952,4.32651341482474,4.35416731769801,-0.0276539028732712
0.0954,4.40190380986402,4.42962656400085,-0.0277227541368266
0.0956,4.47732168039076,4.50507352985923,-0.027751849468471
0.0958,4.55278491135349,4.580516760453,-0.0277318490995109
0.096,4.62828652951997,4.65594193206383,-0.0276554025438607
0.0962,4.70384460253395,4.73134540244509,-0.0275007999111407
0.0964,4.77939527363618,4.80672164466863,-0.0273263710324496
0.0966,4.85495638862391,4.88207013445746,-0.027113745833546
0.0968,4.93054997226931,4.95739128141023,-0.0268413091409281
0.097,5.00614857456317,5.03269867554047,-0.0265501009773041
0.0972,5.08174811036989,5.10798673021678,-0.026238619846886
0.0974,5.15738154434989,5.18324542163327,-0.0258638772833875
0.0976,5.23306238512389,5.25852186940885,-0.0254594842849594
0.0978,5.30879838368101,5.33378542638325,-0.0249870427022341
0.098,5.38452857907754,5.40899750993698,-0.024468930859439
0.0982,5.46027356661497,5.48415642211455,-0.0238828554995782
0.0984,5.53600101021678,5.55926729218745,-0.0232662819706722
0.0986,5.61172699731438,5.6343859007066,-0.0226589033922204
0.0988,5.68750500346207,5.7095111547475,-0.022006151285435
0.099,5.76327040630947,5.78468081875991,-0.0214104124504422
0.0992,5.83901798149455,5.85987019066895,-0.0208522091744046
0.0994,5.91475558481416,5.93504342490472,-0.0202878400905684
0.0996,5.99046415736193,6.01025586772225,-0.0197917103603222
0.0998,6.06617642402036,6.08545694673564,-0.0192805227152775
0.1,6.14186162981766,6.16062500343062,-0.0187633736129653
0.1002,6.21749755292814,6.23572887236175,-0.0182313194336032
0.1004,0.00986983101812822,0.0276636865485897,-0.0177938555304615
0.1006,0.085438105793649,0.102785821931274,-0.0173477161376255
0.1008,0.161007457641408,0.177884418334829,-0.0168769606934208
0.101,0.236551335943363,0.252930246078339,-0.0163789101349762
0.1012,0.312098153756071,0.327980288425043,-0.0158821346689727
0.1014,0.387668853123457,0.403033763221608,-0.0153649100981517
0.1016,0.463257126979524,0.47805644066275,-0.0147993136832261
0.1018,0.53880881661728,0.553057678377955,-0.0142488617606747
0.102,0.61433865680843,0.628120744065082,-0.0137820872566522
0.1022,0.689882182580844,0.703216801910706,-0.0133346193298612
0.1024,0.765462374886258,0.778370867974234,-0.0129084930879764
0.1026,0.841045035474052,0.853542054338413,-0.0124970188643605
0.1028,0.916621153867675,0.92872385509015,-0.0121027012224745
0.103,0.992249575044686,1.00395726677904,-0.01170769173435
0.1032,1.06792108412195,1.07920735679486,-0.0112862726729195
0.1034,1.14363639693793,1.15450509297724,-0.0108686960393112
0.1036,1.21934573317112,1.22982489198316,-0.0104791588120439
0.1038,1.29505082578349,1.30515964055172,-0.01010881476823
0.104,1.37080143789011,1.38051043721076,-0.0097089993206485
0.1042,1.44655943449616,1.45588173828058,-0.00932230378441834
0.1044,1.52234900227521,1.53127299425628,-0.00892399198107441
0.1046,1.59810587742568,1.6066716275228,-0.00856575009712501
0.1048,1.67375920951026,1.68207847002563,-0.00831926051536369
0.105,1.74938055281575,1.75748750773477,-0.00810695491902691
0.1052,1.82493608975355,1.83289187677131,-0.00795578701776023
0.1054,1.9004488149723,1.9082959019689,-0.00784708699660008
0.1056,1.97592723855312,1.98370284762724,-0.00777560907412145
0.1058,2.05134101320173,2.05907946389846,-0.00773845069672285
0.106,2.12665536335638,2.13444689708313,-0.00779153372675001
0.1062,2.20196689033058,2.20983901430147,-0.00787212397089476
0.1064,2.2772986794895,2.28521735720944,-0.00791867771993449
0.1066,2.35264171374799,2.36055592593369,-0.00791421218569077
0.1068,2.42797547509256,2.43588108566652,-0.00790561057396522
0.107,2.50332378982643,2.51111715062111,-0.00779336079467807
0.1072,2.57870319780905,2.58629845820708,-0.00759526039802427
0.1074,2.65405856491101,2.66142047948088,-0.00736191456986468
0.1076,2.72939474049803,2.73647348337185,-0.00707874287382859
0.1078,2.80473467755685,2.81144268393705,-0.00670800638019831
0.108,2.88009447570094,2.88634782180848,-0.00625334610754313
0.1082,2.95544195476374,2.96121883729648,-0.00577688253273667
0.1084,3.0308181703725,3.03614321476036,-0.0053250443878623
0.1086,3.10630300721922,3.11110193877881,-0.00479893155958733
0.1088,3.18182747734089,3.18605805817484,-0.00423058083394956
0.109,3.25734993876988,3.2610347648879,-0.00368482611802179
0.1092,3.33290035525602,3.33601188679803,-0.00311153154200827
0.1094,3.40843572559516,3.41100844896013,-0.0025727233649766
0.1096,3.48398439558492,3.48600679672223,-0.00202240113731023
0.1098,3.5595217837621,3.56101408301643,-0.00149229925432426
0.11,3.63507871310371,3.63604148444543,-0.000962771341711299
0.1102,3.71060903732638,3.71109841088759,-0.000489373561218365
0.1104,3.78610865292611,3.7861724433076,-6.37903814824092e-05
0.1106,3.86157881842331,3.86127173616175,0.000307082261561398
0.1108,3.93696386331592,3.93639050265074,0.000573360665182321
0.111,4.01229380386058,4.01157306349727,0.000720740363304273
0.1112,4.08758090732403,4.08678728682902,0.000793620495011638
0.1114,4.16281212375757,4.16199423422415,0.000817889533418992
0.1116,4.23796739425988,4.23724631727758,0.00072107698230095
0.1118,4.31303404288211,4.31251890718195,0.000515135700162261
0.112,4.38809064614398,4.38779797019639,0.000292675947589416
0.1122,4.46314600504193,4.46310985006662,3.61549753078449e-05
0.1124,4.53819352573646,4.53844154987155,-0.000248024135085956
0.1126,4.61328132046898,4.61379991986544,-0.000518599396460928
0.1128,4.68836181751499,4.68917920151057,-0.000817383995579846
0.113,4.76343164976618,4.76458164605974,-0.00114999629356305
0.1132,4.83852328973557,4.8400057689367,-0.00148247920112787
0.1134,4.91361865999336,4.91543999093271,-0.00182133093935377
0.1136,4.98874389207167,4.99086727637924,-0.00212338430756986
0.1138,5.06387923164264,5.06627719251501,-0.00239796087237121
0.114,5.13901962666992,5.14168551001638,-0.00266588334646656
0.1142,5.21417413376447,5.21707470412391,-0.00290057035943825
0.1144,5.28937833049602,5.29242371084012,-0.00304538034409685
0.1146,5.36459958514718,5.3677694961468,-0.00316991099962305
0.1148,5.43985616327622,5.44310509581735,-0.00324893254113068
0.115,5.515100095515,5.51842234007792,-0.00332224456291996
0.1152,5.59035725124408,5.59367706610024,-0.00331981485616684
0.1154,5.66560265539665,5.66887136957115,-0.00326871417449315
0.1156,5.74086837427713,5.74404914191018,-0.00318076763305353
0.1158,5.81610473231271,5.81908176460516,-0.00297703229245894
0.116,5.89123210352774,5.89400311786585,-0.00277101433810856
0.1162,5.9663151706328,5.96889189788359,-0.00257672725078351
0.1164,6.04132120188102,6.04369099493984,-0.0023697930588229
0.1166,6.11628319803429,6.11846991460907,-0.00218671657478531
0.1168,6.191216353504,6.19328592321403,-0.00206956971002992
0.117,6.26610762008353,6.26811293481185,-0.00200531472831766
0.1172,0.0577474829697593,0.0597048999839755,-0.0019574170142162
0.1174,0.13257201458592,0.134512069641178,-0.00194005505525802
0.1176,0.207404527420368,0.209369110383617,-0.00196458296324886
0.1178,0.282267448266766,0.284273851220941,-0.00200640295417526
0.118,0.357172187392194,0.359192924350785,-0.00202073695859095
0.1182,0.432110006889558,0.434112776523169,-0.00200276963361168
0.1184,0.507030552088169,0.5090835120746,-0.00205295998643074
0.1186,0.581947395033473,0.584098899399719,-0.00215150436624656
0.1188,0.656897492279379,0.659131553676895,-0.00223406139751636
0.119,0.731860920657859,0.734203586204992,-0.0023426655471338
0.1192,0.80685816828688,0.809355288247172,-0.00249711996029223
0.1194,0.881865232943853,0.884564596972767,-0.00269936402891457
0.1196,0.95687706896718,0.959784015085394,-0.00290694611821452
0.1198,1.03190367124882,1.0350346392781,-0.00313096802927926
0.12,1.10697731681573,1.11032163191346,-0.00334431509772792
0.1202,1.18206171229469,1.18563206350428,-0.00357035120959015
0.1204,1.25717512938742,1.26097953939651,-0.00380441000909237
0.1206,1.33227363457287,1.33634628256985,-0.00407264799697926
0.1208,1.40738590445812,1.41172928275186,-0.00434337829374587
0.121,1.48248565463876,1.48711632777871,-0.0046306731399528
0.1212,1.55760284277371,1.56251165544279,-0.00490881266907839
0.1214,1.63268799514648,1.63790944931703,-0.00522145417055109
0.1216,1.70773458043458,1.71330016721373,-0.0055655867791502
0.1218,1.78274261351008,1.78868269325768,-0.00594007974760702
0.122,1.85767626015961,1.86405052124374,-0.00637426108413131
0.1222,1.9325680102308,1.93939121595533,-0.00682320572453787
0.1224,2.00740780512604,2.01472132396122,-0.00731351883518006
0.1226,2.08218723044853,2.09005918741734,-0.00787195696880927
0.1228,2.15696230801765,2.16539411175997,-0.00843180374232411
0.123,2.2317678548523,2.24067620182137,-0.00890834696906895
0.1232,2.30659450730757,2.31594020738697,-0.00934570007939728
0.1234,2.38144014615128,2.39113608346227,-0.00969593731099261
0.1236,2.45630624012792,2.46629879326296,-0.00999255313503289
0.1238,2.53122791487313,2.54144700043491,-0.0102190855617796
0.124,2.60621018462373,2.61655982705809,-0.0103496424343592
0.1242,2.68117190968504,2.69166494301728,-0.0104930333322373
0.1244,2.75613573168094,2.76675722015632,-0.0106214884753837
0.1246,2.83109564681212,2.84175022124654,-0.0106545744344171
0.1248,2.90602209162652,2.91674190793793,-0.0107198163114099
0.125,2.98097785324467,2.99167883364585,-0.0107009804011775
0.1252,3.05595776819126,3.06646768487832,-0.0105099166870573
0.1254,3.13095428340308,3.14124334698201,-0.0102890635789277
0.1256,3.20599093188945,3.21602377556913,-0.0100328436796735
0.1258,3.28102754112065,3.29078473055561,-0.00975718943495485
0.126,3.35608565372046,3.36557520858156,-0.00948955486110092
0.1262,3.43113261390198,3.44037967968153,-0.00924706577954826
0.1264,3.50620712082661,3.51524974908361,-0.0090426282570002
0.1266,3.58128207521307,3.59015214504959,-0.00887006983652627
0.1268,3.65637960775448,3.66511469245637,-0.00873508470189055
0.127,3.73144712538313,3.7401131091986,-0.00866598381546879
0.1272,3.80649002820171,3.81516125277585,-0.0086712245741376
0.1274,3.88151885083214,3.89029237564033,-0.00877352480818594
0.1276,3.95657593210044,3.96547023789411,-0.00889430579366435
0.1278,4.03161413124112,4.04068694815459,-0.00907281691346462
0.128,4.10659372030337,4.11593239644432,-0.00933867614095174
0.1282,4.18150668783048,4.19121077951357,-0.0097040916830915
0.1284,4.25644264855374,4.26650760832769,-0.0100649597739473
0.1286,4.33138547267524,4.34185637752423,-0.0104709048489893
0.1288,4.40630662621078,4.41722571098945,-0.0109190847786724
0.129,4.48121369661123,4.49262384071637,-0.0114101441051346
0.1292,4.5561260918124,4.56803481358456,-0.011908721772163
0.1294,4.63109029491431,4.64344130045419,-0.0123510055398821
0.1296,4.70605511375716,4.71884305421096,-0.0127879404538058
0.1298,4.78102291397912,4.79423123817657,-0.0132083241974446
0.13,4.85602510173485,4.86960637596704,-0.0135812742321928
0.1302,4.9310733535351,4.94497354344859,-0.0139001899134881
0.1304,5.00613544200372,5.02034311241952,-0.0142076704157965
0.1306,5.08120889899287,5.09569655411943,-0.0144876551265627
0.1308,5.15632845655213,5.17100617885786,-0.0146777223057271
0.131,5.23150584237628,5.24630685147818,-0.0148010091019053
0.1312,5.30674468238913,5.32157260371398,-0.014827921324855
0.1314,5.38198134133231,5.3967828618057,-0.0148015204733936
0.1316,5.45723760030802,5.47195280800424,-0.0147152076962245
0.1318,5.53248402751194,5.54708804948709,-0.0146040219751464
0.132,5.6077361502025,5.62218584025835,-0.0144496900558542
0.1322,5.68294410839045,5.69715235099575,-0.0142082426053065
0.1324,5.7580869136002,5.77209435905778,-0.0140074454575778
0.1326,5.83316219152538,5.84706243994766,-0.013900248422277
0.1328,5.90822901951879,5.92201167240453,-0.0137826528857383
0.133,5.98328404372694,5.99697923472334,-0.0136951909963985
0.1332,6.05828898892878,6.07190503102123,-0.0136160420924503
0.1334,6.13327325848899,6.14680311947783,-0.0135298609888359
0.1336,6.20823973808972,6.22169854031276,-0.0134588022230382
0.1338,6.28316765928155,0.013441351367402,-0.0134589992654348
0.134,0.0749222380221903,0.0883723801501089,-0.0134501421279185
0.1342,0.149859145377216,0.163290189055819,-0.0134310436786027
0.1344,0.224783492035,0.23817576507889,-0.0133922730438902
0.1346,0.299730385263382,0.313091945959451,-0.0133615606960696
0.1348,0.374720231132251,0.388058919677113,-0.0133386885448617
0.135,0.449747369160033,0.463104930544718,-0.0133575613846849
0.1352,0.524759481429407,0.538171692063915,-0.0134122106345078
0.1354,0.599763389218053,0.613281305060245,-0.0135179158421929
0.1356,0.674790633863105,0.688410978705234,-0.0136203448421289
0.1358,0.749867649276631,0.763545863922111,-0.0136782146454801
0.136,0.824965523291655,0.838694468960632,-0.0137289456689774
0.1362,0.900079168651919,0.913894543596434,-0.0138153749445149
0.1364,0.975240495040436,0.989174786517741,-0.0139342914773054
0.1366,1.05046225444306,1.06445632482676,-0.0139940703836994
0.1368,1.12575610160773,1.13976558547374,-0.0140094838660065
0.137,1.20106845338894,1.21510175118928,-0.0140332978003403
0.1372,1.27642176209332,1.29046268178872,-0.0140409196953963
0.1374,1.35182868780211,1.36582613542767,-0.0139974476255633
0.1376,1.42724663494313,1.44120145017757,-0.0139548152344435
0.1378,1.50270863985055,1.51659356510379,-0.0138849252532429
0.138,1.57819169488545,1.59199129405348,-0.0137995991680266
0.1382,1.6536264923919,1.66739054585048,-0.0137640534585763
0.1384,1.72901187747349,1.74277952402488,-0.0137676465513996
0.1386,1.80433901032646,1.81814832929821,-0.0138093189717499
0.1388,1.87964229235849,1.89350859836746,-0.013866306008965
0.139,1.95489366156106,1.96885709106289,-0.013963429501832
0.1392,2.03007934013325,2.04416096304005,-0.0140816229068061
0.1394,2.10517863963857,2.1193811513561,-0.0142025117175364
0.1396,2.18020701678984,2.19455512630169,-0.0143481095118543
0.1398,2.25523764696989,2.2696648914691,-0.0144272444992031
0.14,2.33026806119376,2.34474375366937,-0.0144756924756071
0.1402,2.40530959796888,2.41983541273147,-0.0145258147625951
0.1404,2.48038154245378,2.49486494921251,-0.0144834067587309
0.1406,2.55549381504544,2.5698688347676,-0.0143750197221584
0.1408,2.63059200353705,2.64483759582053,-0.0142455922834812
0.141,2.70569185340948,2.71977669912297,-0.0140848457134823
0.1412,2.78082855264995,2.79474396797106,-0.0139154153211094
0.1414,2.8560189003737,2.86975336538907,-0.0137344650153635
0.1416,2.9312214017642,2.94470260711469,-0.0134812053504869
0.1418,3.00642672876229,3.01962630115327,-0.0131995723909872
0.142,3.08167298194761,3.09458003057668,-0.0129070486290654
0.1422,3.15698136962289,3.16957271875278,-0.0125913491298988
0.1424,3.23236078522124,3.2446116408484,-0.0122508556271632
0.1426,3.30774467140148,3.31964799774561,-0.0119033263441279
0.1428,3.38314301781865,3.39470143876203,-0.0115584209433766
0.143,3.45851149400264,3.4697002088437,-0.0111887148410577
0.1432,3.53385848034141,3.54470869599141,-0.0108502156500032
0.1434,3.60923515579562,3.61975920808705,-0.0105240522914247
0.1436,3.68458177025811,3.69479843471325,-0.0102166644551356
0.1438,3.75983315233041,3.76982490075083,-0.00999174842042638
0.144,3.83506661252499,3.8448733679694,-0.00980675544441256
0.1442,3.91024904675622,3.91992007486112,-0.00967102810490639
0.1444,3.98540099631125,3.9949872669382,-0.00958627062694317
0.1446,4.06053499035428,4.07011369432635,-0.00957870397207383
0.1448,4.13562911286684,4.14529272967452,-0.00966361680767847
0.145,4.21065208006893,4.22053130800811,-0.0098792279391775
0.1452,4.28569434341946,4.29580370042005,-0.0101093570005837
0.1454,4.3607710247822,4.37111444933315,-0.0103434245509542
0.1456,4.4358734555011,4.44645319932604,-0.0105797438249446
0.1458,4.51099739164778,4.52181931551538,-0.0108219238675975
0.146,4.58616590879216,4.59721330670241,-0.0110473979102501
0.1462,4.66137343678122,4.67261225940598,-0.0112388226247653
0.1464,4.73655674120958,4.74800957458434,-0.0114528333747632
0.1466,4.81171956903275,4.82340091405114,-0.0116813450183901
0.1468,4.88689034216857,4.89877717758579,-0.0118868354172248
0.147,4.96208862734844,4.97412769554383,-0.0120390681953859
0.1472,5.03727905914662,5.04944757484302,-0.0121685156963967
0.1474,5.11249525596793,5.12476495650447,-0.0122697005365389
0.1476,5.18781403439154,5.20005390805639,-0.0122398736648446
0.1478,5.26317137736937,5.27530696460937,-0.0121355872400004
0.148,5.33853242204917,5.35053479373146,-0.0120023716822901
0.1482,5.41388643836912,5.42572019041256,-0.0118337520434419
0.1484,5.48923155733149,5.50090379744708,-0.0116722401155895
0.1486,5.56461191798511,5.57606318188876,-0.0114512639036501
0.1488,5.64000010465244,5.65127775353247,-0.0112776488800277
0.149,5.71542330513731,5.72653616838806,-0.0111128632507551
0.1492,5.79083363849022,5.80174260937619,-0.010908970885966
0.1494,5.86615457074999,5.87688781385422,-0.0107332431042284
0.1496,5.94145269408108,5.95200952937696,-0.0105568352958807
0.1498,6.01669403010666,6.02709935424535,-0.010405324138687
0.15,6.09190054901892,6.10216778458999,-0.0102672355710665
0.1502,6.16707681012624,6.17720740690301,-0.0101305967767722
0.1504,6.24218990722707,6.25215416604119,-0.00996425881411778
0.1506,0.0340202495612525,0.0437893610383037,-0.00976911147705126
0.1508,0.108957543973287,0.118564156603745,-0.00960661263045791
0.151,0.18389495112382,0.193372752578603,-0.00947780145478291
0.1512,0.25882745202638,0.268166293949549,-0.00933884192316919
0.1514,0.333763126356168,0.342944933825579,-0.0091818074694105
0.1516,0.408720259952987,0.417758591731282,-0.00903833177829566
0.1518,0.483710042262448,0.492650806517272,-0.00894076425482421
0.152,0.558711689431727,0.567570784962741,-0.00885909553101394
0.1522,0.63374793962956,0.642534180359951,-0.00878624073039036
0.1524,0.708838350941315,0.717593473230025,-0.00875512228870967
0.1526,0.784014089666302,0.792731449534726,-0.00871735986842403
0.1528,0.859191228826163,0.86789207718215,-0.00870084835598695
0.153,0.934370267038575,0.943017179359893,-0.00864691232131798
0.1532,1.00957489935461,1.01817423657912,-0.00859933722450812
0.1534,1.08484492632451,1.09341063660416,-0.00856571027964126
0.1536,1.16017995052065,1.16871787269468,-0.00853792217402405
0.1538,1.23550993647831,1.24405089574168,-0.00854095926337339
0.154,1.31082184191153,1.31941197252392,-0.00859013061238678
0.1542,1.38616032747398,1.39480043737899,-0.0086401099050073
0.1544,1.46149483658261,1.47019402923849,-0.00869919265587882
0.1546,1.53685484179686,1.54559088466446,-0.00873604286760754
0.1548,1.61219726046052,1.62098891634465,-0.00879165588413522
0.155,1.6874440239301,1.69638449897528,-0.00894047504517093
0.1552,1.76265225942435,1.7717752927474,-0.0091230333230472
0.1554,1.83778176249258,1.84715009142874,-0.00936832893616546
0.1556,1.91286215644479,1.9225051388294,-0.00964298238460715
0.1558,1.98791059651191,1.99784161978062,-0.00993102326870643
0.156,2.0629143982172,2.07317805537005,-0.010263657152854
0.1562,2.13784921392529,2.14846558220814,-0.0106163682828564
0.1564,2.21278398872959,2.22372842375196,-0.0109444350223664
0.1566,2.28773304055936,2.29900272939254,-0.0112696888331842
0.1568,2.36269904569243,2.37418830919802,-0.0114892635055912
0.157,2.43768233897744,2.44931536034144,-0.0116330213640046
0.1572,2.5126921778682,2.52433971388316,-0.0116475360149595
0.1574,2.58766070619199,2.59930421478412,-0.0116435085921269
0.1576,2.66263888809274,2.67428145880094,-0.0116425707081915
0.1578,2.73766355036578,2.74922063939644,-0.0115570890306631
0.158,2.81273473540766,2.82414824469935,-0.0114135092916885
0.1582,2.88788018142764,2.89908616002267,-0.0112059785950245
0.1584,2.9630154142025,2.97399226223317,-0.0109768480306749
0.1586,3.03814022914869,3.04883341042408,-0.0106931812753905
0.1588,3.11327919127257,3.12365125717607,-0.0103720659034972
0.159,3.18847158595034,3.19843906134899,-0.00996747539864806
0.1592,3.26368054039817,3.27324961400667,-0.00956907360850501
0.1594,3.33892480568133,3.34806845104987,-0.00914364536853762
0.1596,3.41416365844949,3.42293167722681,-0.00876801877731204
0.1598,3.48942999412488,3.49785068490364,-0.00842069077875962
0.16,3.56469894521856,3.57276101767787,-0.00806207245931478
0.1602,3.63999762964386,3.64775911686162,-0.00776148721775405
0.1604,3.71527394992462,3.72283871544427,-0.00756476551964536
0.1606,3.79051886896341,3.79794255959468,-0.00742369063126214
0.1608,3.86573266424532,3.87309659419557,-0.00736392995024993
0.161,3.94086522084319,3.94827850468675,-0.00741328384355722
0.1612,4.01595619943365,4.02350004736956,-0.00754384793590912
0.1614,4.09102302678219,4.09878289183299,-0.00775986505080173
0.1616,4.16604958892204,4.1740756029052,-0.00802601398315428
0.1618,4.24100874389746,4.24940160214108,-0.00839285824362257
0.162,4.31596385085908,4.32475145416717,-0.00878760330809492
0.1622,4.39092079950788,4.40009326547069,-0.0091724659628154
0.1624,4.46587655586897,4.47544957469283,-0.00957301882385586
0.1626,4.54083388780514,4.55081441990954,-0.00998053210440464
0.1628,4.61583109332378,4.62618804539018,-0.0103569520663989
0.163,4.69081549429192,4.70157993807171,-0.0107644437797898
0.1632,4.76579090751057,4.77698020255508,-0.0111892950445087
0.1634,4.84079414734231,4.85238854394673,-0.0115943966044236
0.1636,4.91584950763638,4.9277971432387,-0.0119476356023176
0.1638,4.99099611614564,5.00320032375792,-0.012204207612279
0.164,5.06616423423417,5.07858270370253,-0.0124184694683667
0.1642,5.14134636728152,5.15392405874367,-0.0125776914621429
0.1644,5.21654817917982,5.22923825678569,-0.0126900776058667
0.1646,5.29179564392231,5.30449576873558,-0.0127001248132714
0.1648,5.36704790984336,5.37974366558304,-0.0126957557396823
0.165,5.44232561919205,5.45494412134343,-0.0126185021513772
0.1652,5.51759140333567,5.53006643734297,-0.012475034007303
0.1654,5.59287802827062,5.60511770119165,-0.0122396729210328
0.1656,5.66815661223591,5.68007606764208,-0.011919455406173
0.1658,5.74341522670679,5.75499161879464,-0.0115763920878562
0.166,5.81859683910012,5.82988288641766,-0.0112860473175358
0.1662,5.89375135292117,5.90473504533324,-0.010983692412065
0.1664,5.96887593381744,5.97959117356814,-0.010715239750704
0.1666,6.0439272222805,6.05439652664482,-0.0104693043643227
0.1668,6.11893648237927,6.1291741996624,-0.010237717283136
0.167,6.19389350740307,6.20395487539534,-0.0100613679922654
0.1672,6.26878875608614,6.27878021113515,-0.00999145504901566
0.1674,0.0604546683825431,0.0704759261951026,-0.0100212578125595
0.1676,0.135323919304819,0.145380133586065,-0.0100562142812454
0.1678,0.210212631215271,0.220300336990961,-0.0100877057756902
0.168,0.285116070217229,0.295248543486247,-0.0101324732690176
0.1682,0.360034620085598,0.370230391872606,-0.0101957717870079
0.1684,0.43500392584309,0.445257671869638,-0.0102537460265475
0.1686,0.510039694911,0.520346970380399,-0.0103072754693988
0.1688,0.585069445453765,0.595452717469597,-0.0103832720158321
0.169,0.660111228928558,0.670541354624289,-0.0104301256957317
0.1692,0.735193966721332,0.745626586599982,-0.0104326198786509
0.1694,0.810297492296334,0.820724745140151,-0.0104272528438171
0.1696,0.885421499258317,0.895876452957423,-0.0104549536991061
0.1698,0.960558628823552,0.971093508433428,-0.0105348796098755
0.17,1.03570798840773,1.04632755526763,-0.0106195668598961
0.1702,1.11089739331582,1.12157547901273,-0.0106780856969118
0.1704,1.18609131350609,1.19684287250951,-0.0107515590034148
0.1706,1.26131387942266,1.27215718424221,-0.0108433048195529
0.1708,1.33652937133091,1.34750570310299,-0.0109763317720732
0.171,1.41177116703374,1.42288557291689,-0.0111144058831494
0.1712,1.48701071170196,1.4982830712456,-0.011272359543639
0.1714,1.56223746080514,1.57368112109326,-0.0114436602881147
0.1716,1.63739552301318,1.64907762864608,-0.0116821056328988
0.1718,1.71253496689093,1.72446440241397,-0.011929435523041
0.172,1.78764932896746,1.79984536128913,-0.0121960323216685
0.1722,1.86276449940723,1.87521804099819,-0.0124535415909557
0.1724,1.93783648745289,1.95056179180181,-0.0127253043489179
0.1726,2.01283915321461,2.02586850015736,-0.0130293469427563
0.1728,2.08777635051399,2.10115600625014,-0.0133796557361472
0.173,2.16266515857721,2.17643196538954,-0.0137668068123307
0.1732,2.237569513556,2.25162459098,-0.0140550774240005
0.1734,2.31247949221892,2.32676760178261,-0.0142881095636955
0.1736,2.38739073148639,2.40183883163233,-0.0144481001459482
0.1738,2.46231510512421,2.47689597147505,-0.0145808663508382
0.174,2.53730317730377,2.55199210860464,-0.0146889313008685
0.1742,2.61236986369318,2.6270136267494,-0.0146437630562164
0.1744,2.68743587892951,2.70199347353687,-0.014557594607354
0.1746,2.76251918067425,2.77692363554529,-0.0144044548710434
0.1748,2.83764111176151,2.85180230276041,-0.0141611909989003
0.175,2.91277215725317,2.92669632222602,-0.0139241649728454
0.1752,2.98790824298569,3.00160155143712,-0.0136933084514257
0.1754,3.06308409591583,3.0765263609065,-0.013442264990672
0.1756,3.13831350387191,3.15145720197498,-0.0131436981030761
0.1758,3.21360106304938,3.22639341158648,-0.012792348537102
0.176,3.28888233673153,3.30129798794157,-0.0124156512100395
0.1762,3.36417836837727,3.37622114772915,-0.0120427793518783
0.1764,3.43946077102794,3.45111777585668,-0.0116570048287485
0.1766,3.51474830747896,3.52603191292586,-0.0112836054468999
0.1768,3.59003140406319,3.60096476051066,-0.0109333564474721
0.177,3.66529579086391,3.67587387826847,-0.0105780874045545
0.1772,3.74047983860138,3.75079981488622,-0.0103199762848476
0.1774,3.81564299867368,3.82579537036813,-0.0101523716944554
0.1776,3.89078684956002,3.9008768786432,-0.0100900290831838
0.1778,3.96594982445632,3.97599130079408,-0.0100414763377588
0.178,4.04110358240378,4.05111013763033,-0.0100065552265516
0.1782,4.11622542443501,4.12625617321305,-0.0100307487780409
0.1784,4.19128104467243,4.20144677822679,-0.0101657335543557
0.1786,4.26634987924393,4.27665548812167,-0.0103056088777418
0.1788,4.34141434973544,4.35193614812086,-0.010521798385418
0.179,4.41644744455476,4.42725303896511,-0.0108055944103471
0.1792,4.4914844689036,4.50259737391901,-0.01111290501541
0.1794,4.5665569578622,4.57797276605206,-0.011415808189863
0.1796,4.64159301490182,4.65336065061247,-0.0117676357106502
0.1798,4.71661668660084,4.72875726871826,-0.012140582117417
0.18,4.79165134414348,4.80414905104271,-0.0124977068992393
0.1802,4.86671782632075,4.87952306016804,-0.0128052338472848
0.1804,4.94182199144402,4.95487451435849,-0.0130525229144718
0.1806,5.01693328393735,5.03020464282371,-0.0132713588863584
0.1808,5.09204893200456,5.10550173401937,-0.0134528020148101
0.181,5.16716191697836,5.1807291294451,-0.0135672124667385
0.1812,5.24227828404267,5.2559424830365,-0.0136641989938324
0.1814,5.3174714543029,5.3311278137392,-0.0136563594363013
0.1816,5.39267849981519,5.40626364052736,-0.0135851407121681
0.1818,5.46790924985215,5.48136020677433,-0.0134509569221857
0.182,5.54312705538909,5.55641947188021,-0.0132924164911206
0.1822,5.61834599210484,5.63144314332902,-0.0130971512241773
0.1824,5.69355526349735,5.70640221821888,-0.0128469547215344
0.1826,5.76874594097385,5.78135218212814,-0.012606241154284
0.1828,5.84386273127878,5.8562465157538,-0.0123837844750243
0.183,5.91896609058814,5.93111317215505,-0.0121470815669076
0.1832,5.99405196644128,6.00602645595328,-0.011974489511994
0.1834,6.06915045592184,6.08096670861252,-0.0118162526906787
0.1836,6.14422770108366,6.15594004576755,-0.0117123446838843
0.1838,6.21926270051576,6.23093452608073,-0.0116718255649664
0.184,0.0111224574138777,0.0228165123394716,-0.0116940549255939
0.1842,0.0861915396933286,0.0978665189979271,-0.0116749793045985
0.1844,0.161259487621292,0.17288631503189,-0.0116268274105975
0.1846,0.23631432137554,0.247895655674248,-0.0115813342987073
0.1848,0.31139156314263,0.322941149021286,-0.0115495858786553
0.185,0.38650881928383,0.397986868514982,-0.0114780492311523
0.1852,0.461652809126004,0.472994112767907,-0.0113413036419027
0.1854,0.53676310657047,0.547968570037167,-0.0112054634666969
0.1856,0.611850948197407,0.62299028142069,-0.0111393332232835
0.1858,0.686953179726588,0.698034369043717,-0.0110811893171292
0.186,0.762098554037604,0.773144909657741,-0.0110463556201364
0.1862,0.837259608209254,0.848295810664296,-0.0110362024550424
0.1864,0.912430272874047,0.923466777654233,-0.0110365047801857
0.1866,0.987666822607557,0.998694615419078,-0.0110277928115208
0.1868,1.06295410568106,1.0739399479248,-0.0109858422437372
0.187,1.13828675052617,1.14923058323025,-0.0109438327040767
0.1872,1.2136106368793,1.22453814062635,-0.0109275037470555
0.1874,1.28892508174432,1.29986179863251,-0.0109367168881902
0.1876,1.36422654437679,1.37520353341041,-0.0109769890336211
0.1878,1.43952809250855,1.45055888714186,-0.0110307946333157
0.188,1.51476441696838,1.52593664134148,-0.0111722243730987
0.1882,1.58993496155074,1.60133366133839,-0.0113986997876547
0.1884,1.66503958407061,1.67674609285068,-0.0117065087800641
0.1886,1.7401379502859,1.75216225604664,-0.0120243057607441
0.1888,1.81521984708161,1.82755499920571,-0.0123351521240982
0.189,1.89031594491007,1.90293913788637,-0.0126231929763012
0.1892,1.9653935853339,1.97831088454314,-0.0129172992092397
0.1894,2.04042536552444,2.05363412999422,-0.0132087644697729
0.1896,2.11537709330391,2.12889109994553,-0.0135140066416226
0.1898,2.19033911809667,2.20412303269781,-0.0137839146011469
0.19,2.26530910990018,2.2792949926847,-0.013985882784517
0.1902,2.3402678907661,2.35443815188984,-0.0141702611237426
0.1904,2.41524781917769,2.42956611702419,-0.0143182978464971
0.1906,2.49027041878649,2.50460140821065,-0.0143309894241574
0.1908,2.56525653753595,2.5795741097921,-0.0143175722561564
0.191,2.64022337994132,2.65448961536329,-0.0142662354219718
0.1912,2.71519424575987,2.72934385807763,-0.0141496123177651
0.1914,2.79018688040905,2.80413636230233,-0.0139494818932846
0.1916,2.8652174333337,2.87892230260888,-0.0137048692751809
0.1918,2.9402560048145,2.95367840326894,-0.0134223984544395
0.192,3.01530088451966,3.02837400857042,-0.0130731240507544
0.1922,3.09038619617969,3.10306117675311,-0.0126749805734137
0.1924,3.16552648125966,3.17776907262909,-0.0122425913694264
0.1926,3.24073026306581,3.25253934796865,-0.0118090849028492
0.1928,3.31594039752434,3.32730696955797,-0.011366572033634
0.193,3.3911537896096,3.40212830113062,-0.010974511521022
0.1932,3.46642064439154,3.47701055088941,-0.0105899064978696
0.1934,3.54170456416414,3.55191016498649,-0.0102056008223523
0.1936,3.61702017372594,3.62689259139939,-0.00987241767344083
0.1938,3.69231662407881,3.7019315112072,-0.00961488712838454
0.194,3.76752147703484,3.77695220411187,-0.00943072707703152
0.1942,3.8427043442145,3.85199490555337,-0.00929056133887762
0.1944,3.91786195090012,3.92710920800137,-0.00924725710124985
0.1946,3.99302072110932,4.0022766609096,-0.00925593980028205
0.1948,4.06814534713142,4.07750345226675,-0.00935810513533486
0.195,4.14321224638453,4.15276898917818,-0.00955674279364693
0.1952,4.21819126608308,4.22807106291642,-0.00987979683334039
0.1954,4.2930945247133,4.30338354794627,-0.0102890232329678
0.1956,4.36799628415624,4.3787392337179,-0.0107429495616556
0.1958,4.44289593715052,4.45411739183089,-0.0112214546803733
0.196,4.51780844683087,4.52949525267255,-0.011686805841677
0.1962,4.59275497960603,4.60489797437663,-0.0121429947706053
0.1964,4.66774352634152,4.68030138672808,-0.0125578603865595
0.1966,4.74274597623425,4.75569896560601,-0.0129529893717582
0.1968,4.8177768378173,4.83109137317779,-0.0133145353604966
0.197,4.89284439461769,4.90647867439398,-0.0136342797762969
0.1972,4.96798368288195,4.98185129994607,-0.0138676170641183
0.1974,5.04311577275642,5.05720381738553,-0.0140880446291085
0.1976,5.11824448188617,5.13257117451996,-0.0143266926337917
0.1978,5.19339635024633,5.20793560963806,-0.0145392593917331
0.198,5.26861401640546,5.28325000446076,-0.0146359880552929
0.1982,5.34388249720743,5.35851883929779,-0.0146363420903652
0.1984,5.41915487688843,5.4337399950835,-0.0145851181950691
0.1986,5.49442738751861,5.50895741133975,-0.0145300238211412
0.1988,5.56974206765512,5.58414231913906,-0.0144002514839459
0.199,5.64505944074347,5.65934012435097,-0.014280683607498
0.1992,5.72039815159551,5.73454100035874,-0.0141428487632265
0.1994,5.79571158459644,5.80971485297306,-0.0140032683766211
0.1996,5.87099707044702,5.88486640973924,-0.0138693392922233
0.1998,5.94625627737157,5.95995325410225,-0.0136969767306789
0.2,6.02143708953554,6.0349160553699,-0.0134789658343504
0.2002,6.09657602046994,6.10983837747203,-0.0132623570020893
0.2004,6.17169038630298,6.18475030193455,-0.0130599156315618
0.2006,6.24675002646005,6.25951486694747,-0.0127648404874208
0.2008,0.0385312380273941,0.0509618218487688,-0.0124305838213747
0.201,0.11341956811685,0.125564063791982,-0.0121444956751323
0.2012,0.188328843790856,0.200249953884592,-0.0119211100937364
0.2014,0.263267309417474,0.27493566217546,-0.0116683527579864
0.2016,0.338204694455575,0.349619153449588,-0.0114144589940125
0.2018,0.413160037157261,0.424321547966144,-0.0111615108088824
0.202,0.488076496140609,0.499104764971496,-0.0110282688308871
0.2022,0.563004127508729,0.573965216696547,-0.0109610891878178
0.2024,0.637975806261441,0.64888608054708,-0.0109102742856387
0.2026,0.71299897591193,0.723894100992629,-0.010895125080699
0.2028,0.788105893501013,0.798984298853952,-0.0108784053529387
0.203,0.863215482581601,0.874118702973722,-0.0109032203921211
0.2032,0.938327216016457,0.94925415761218,-0.0109269415957237
0.2034,1.01346265986994,1.02442253544772,-0.0109598755777782
0.2036,1.08866026703286,1.09964030860672,-0.0109800415738568
0.2038,1.16388330610125,1.17490159712595,-0.0110182910246968
0.204,1.2391500231411,1.2502184369674,-0.0110684138263024
0.2042,1.31441825643207,1.32556098715281,-0.0111427307207339
0.2044,1.38972050041757,1.40093713306228,-0.0112166326447063
0.2046,1.46503283102497,1.47633421726086,-0.0113013862358833
0.2048,1.5403820531983,1.55173627421391,-0.0113542210156117
0.205,1.61571299413801,1.62713156811149,-0.0114185739734847
0.2052,1.69094081311192,1.70251120347597,-0.0115703903640523
0.2054,1.76612609945913,1.77787764656727,-0.0117515471081449
0.2056,1.84123410541383,1.85322322755596,-0.0119891221421311
0.2058,1.91629576842336,1.9285415763585,-0.0122458079351426
0.206,1.99132679766886,2.00383179909282,-0.0125050014239618
0.2062,2.0663151815236,2.07910947122242,-0.01279428969882
0.2064,2.14123787887753,2.15430930862764,-0.0130714297501062
0.2066,2.2161612080804,2.22947937330687,-0.0133181652264711
0.2068,2.29109406788386,2.30466369506478,-0.013569627180916
0.207,2.36603681396114,2.37978393661859,-0.0137471226574517
0.2072,2.44099351776535,2.45487205441267,-0.013878536647324
0.2074,2.51597764203192,2.52988924114287,-0.0139115991109446
0.2076,2.59091847676308,2.60484451859717,-0.0139260418340874
0.2078,2.6658585586853,2.67981160055704,-0.0139530418717362
0.208,2.7408318498362,2.7547778545709,-0.0139460047347004
0.2082,2.81585286379956,2.82974563358089,-0.013892769781334
0.2084,2.89096005523172,2.90473483945957,-0.0137747842278535
0.2086,2.96608908601379,2.97972399353317,-0.0136349075193825
0.2088,3.04123827482463,3.05465782268631,-0.0134195478616892
0.209,3.11641663128762,3.12956709229746,-0.0131504610098387
0.2092,3.19165135944273,3.20443597361868,-0.0127846141759504
0.2094,3.26689887078177,3.27931481451987,-0.0124159437380982
0.2096,3.34217425287321,3.35419973254918,-0.0120254796759798
0.2098,3.41743548639071,3.42904832188561,-0.011612835494903
0.21,3.4927174212067,3.503925687458,-0.0112082662512929
0.2102,3.56800007952591,3.57881842604667,-0.010818346520757
0.2104,3.6432791082993,3.65372286649352,-0.0104437581942238
0.2106,3.71849672542134,3.72870634900111,-0.0102096235797688
0.2108,3.79369368404342,3.80373662280865,-0.0100429387652339
0.211,3.86885958787128,3.87877230002911,-0.00991271215782641
0.2112,3.94393680646501,3.95380475421169,-0.00986794774668054
0.2114,4.01897163767705,4.02889604979412,-0.00992441211707362
0.2116,4.09398864138431,4.10406923327203,-0.0100805918877231
0.2118,4.16897192960955,4.17927635660825,-0.0103044269987009
0.212,4.24389009442756,4.25455727207,-0.0106671776424365
0.2122,4.31880326883415,4.3298649841714,-0.0110617153372488
0.2124,4.393717987985,4.40517019679489,-0.0114522088098905
0.2126,4.46863427651461,4.4805214250685,-0.0118871485538872
0.2128,4.54355886848927,4.55589444425928,-0.0123355757700105
0.213,4.61853384072743,4.63127186292686,-0.012738022199434
0.2132,4.69350766774431,4.7066659915812,-0.0131583238368975
0.2134,4.76848117963344,4.78206428250774,-0.0135831028743061
0.2136,4.8434855446153,4.85746142439053,-0.0139758797752307
0.2138,4.91853978681741,4.93284688059079,-0.0143070937733718
0.214,4.99368073270792,5.00822717267351,-0.0145464399655912
0.2142,5.06885058687596,5.08359253008472,-0.0147419432087688
0.2144,5.14403219192267,5.15890052237981,-0.0148683304571442
0.2146,5.21923022779174,5.23417702785662,-0.0149468000648874
0.2148,5.29447356759,5.30940788734716,-0.0149343197571605
0.215,5.3697246064684,5.38462673953964,-0.0149021330712307
0.2152,5.44500618641866,5.45979217969854,-0.0147859932798813
0.2154,5.52028165579666,5.53488231977328,-0.0146006639766201
0.2156,5.59558262590138,5.60991531193599,-0.0143326860346118
0.2158,5.67087773413587,5.68487246922633,-0.0139947350904555
0.216,5.74615261783141,5.75979776123514,-0.0136451434037346
0.2162,5.82134758652515,5.83463669550626,-0.0132891089811107
0.2164,5.89651439904957,5.90943313226457,-0.0129187332149998
0.2166,5.97164775554655,5.98424144578518,-0.0125936902386234
0.2168,6.04670415013492,6.05899230377674,-0.0122881536418209
0.217,6.12171654402986,6.13370262970349,-0.0119860856736294
0.2172,6.19667716976625,6.20840810111712,-0.0117309313508711
0.2174,6.27157826271996,6.28315428398675,-0.011576021266789
0.2176,0.0632315608658143,0.0747310073678931,-0.0114994465020788
0.2178,0.138066416885092,0.149481350667804,-0.0114149337827118
0.218,0.212925619190904,0.224232441363788,-0.0113068221728836
0.2182,0.287801185949854,0.299014807727188,-0.0112136217773335
0.2184,0.362694033768364,0.373850823156755,-0.0111567893883913
0.2186,0.437650320171326,0.448853103759352,-0.0112027835880265
0.2188,0.512683085281349,0.523931723812042,-0.0112486385306927
0.219,0.587709385867841,0.599009999032042,-0.0113006131642003
0.2192,0.662746453217572,0.67408705204593,-0.0113405988283577
0.2194,0.737822060605651,0.749215946293562,-0.0113938856879114
0.2196,0.81297386002895,0.824400771098536,-0.0114269110695859
0.2198,0.8881405386805,0.8996159922733,-0.0114754535928001
0.22,0.9633029671382,0.974878717091243,-0.0115757499530427
0.2202,1.03846792352075,1.05014868300562,-0.0116807594848718
0.2204,1.11370340581133,1.12545795056966,-0.0117545447583334
0.2206,1.18894265701816,1.20079546183843,-0.0118528048202613
0.2208,1.26420020766776,1.27616255816775,-0.0119623504999937
0.221,1.33944889842534,1.35153540729534,-0.0120865088699982
0.2212,1.41470915985582,1.42691768899047,-0.0122085291346525
0.2214,1.48997318957686,1.50231526424951,-0.0123420746726446
0.2216,1.56522826890444,1.57771233378604,-0.0124840648816031
0.2218,1.64041212460345,1.65311400877139,-0.0127018841679374
0.222,1.71557918580107,1.72851157247483,-0.0129323866737565
0.2222,1.79072356334043,1.80390245571558,-0.013178892375151
0.2224,1.86580473324912,1.87928545119911,-0.0134807179499843
0.2226,1.94085922561052,1.95465256377295,-0.0137933381624324
0.2228,2.01587558152033,2.02999227963226,-0.014116698111927
0.223,2.09083267975223,2.10532424951182,-0.014491569759588
0.2232,2.16580686497795,2.18065672492911,-0.0148498599511617
0.2234,2.24078200440155,2.25589843380966,-0.0151164294081076
0.2236,2.31573771241838,2.33108214635807,-0.0153444339396858
0.2238,2.39068639702291,2.40618208236657,-0.0154956853436583
0.224,2.4656435773949,2.48125408216883,-0.0156105047739277
0.2242,2.54064750213945,2.55636301427813,-0.0157155121386765
0.2244,2.61564050213264,2.63136735534011,-0.0157268532074735
0.2246,2.69062354929575,2.70629774010972,-0.0156741908139639
0.2248,2.76563151879329,2.78115414692605,-0.0155226281327647
0.225,2.84068203119049,2.85594785383195,-0.0152658226414624
0.2252,2.91574965897466,2.93071779204924,-0.0149681330745768
0.2254,2.99083634086754,3.00547381705685,-0.0146374761893018
0.2256,3.06593769484599,3.08016504616984,-0.0142273513238451
0.2258,3.14105347311837,3.15484294582644,-0.0137894727080727
0.226,3.21620725813414,3.22953380923226,-0.0133265510981144
0.2262,3.29136172430445,3.30423164834915,-0.0128699240446992
0.2264,3.36654405901589,3.37898550124672,-0.0124414422308314
0.2266,3.44172445662324,3.45374397393126,-0.0120195173080164
0.2268,3.51692008298427,3.52853939611474,-0.0116193131304745
0.227,3.59211667796145,3.6034248814496,-0.0113082034881535
0.2272,3.66733027772488,3.67839794217721,-0.0110676644523329
0.2274,3.74250249417482,3.75337565894106,-0.0108731647662439
0.2276,3.81764155611838,3.82840671544411,-0.0107651593257305
0.2278,3.89275663444498,3.90352856893478,-0.0107719344897976
0.228,3.96788935132015,3.97868575657074,-0.0107964052505909
0.2282,4.04300245823917,4.05384168704228,-0.0108392288031158
0.2284,4.11806851458567,4.12901960571211,-0.0109510911264419
0.2286,4.19306100678376,4.20424023873489,-0.011179231951127
0.2288,4.26807398517933,4.27947580307026,-0.0114018178909294
0.229,4.34310039010603,4.35477634727349,-0.0116759571674656
0.2292,4.41811433510137,4.43010649602831,-0.0119921609269449
0.2294,4.4931456517342,4.50546089007648,-0.012315238342274
0.2296,4.56821882313572,4.58084807704071,-0.0126292539049944
0.2298,4.64332949773964,4.65624573803049,-0.0129162402908456
0.23,4.71842359671105,4.73164395040604,-0.013220353694992
0.2302,4.79350619608678,4.80703329584764,-0.0135270997608643
0.2304,4.86860654273196,4.88240665289974,-0.0138001101677867
0.2306,4.94373932444807,4.9577634856244,-0.0140241611763257
0.2308,5.01887469006419,5.03309286127241,-0.0142181712082188
0.231,5.09400919688182,5.10840795158878,-0.0143987547069528
0.2312,5.16910446504738,5.18369333978605,-0.0145888747386609
0.2314,5.24421246882786,5.2589688263819,-0.0147563575540426
0.2316,5.31940369956853,5.33420649930818,-0.0148027997396518
0.2318,5.39460628546875,5.40937879638159,-0.014772510912838
0.232,5.46983018400981,5.48449136062258,-0.0146611766127682
0.2322,5.54504154315482,5.55954770552109,-0.0145061623662714
0.2324,5.62025469344061,5.63458042522311,-0.0143257317825025
0.2326,5.69548932617595,5.70955892200402,-0.0140695958280714
0.2328,5.7707036609744,5.78450589187329,-0.0138022308988868
0.233,5.84583828160196,5.85941150808505,-0.0135732264830883
0.2332,5.92096318109627,5.93430264780918,-0.0133394667129174
0.2334,5.99607508480095,6.00923957370703,-0.013164488906078
0.2336,6.07120103732672,6.08419957804394,-0.0129985407172244
0.2338,6.14630440547771,6.15918266577683,-0.0128782602991251
0.234,6.22136019945912,6.23412124887538,-0.0127610494162651
0.2342,0.0131525421835095,0.0259026437402403,-0.0127501015567308
0.2344,0.0881412424292438,0.100880670978489,-0.0127394285492447
0.2346,0.163134777641893,0.17583116224729,-0.0126963846053963
0.2348,0.238111644048242,0.250767883308443,-0.0126562392602009
0.235,0.313102815137472,0.325738295799844,-0.0126354806623719
0.2352,0.388128566306464,0.400633224981851,-0.012504658675387
0.2354,0.463109583185479,0.475423168351189,-0.0123135851657104
0.2356,0.538068142992151,0.550220905654655,-0.0121527626625038
0.2358,0.613037835404205,0.62510184020394,-0.0120640047997342
0.236,0.688045824738251,0.700009500618684,-0.0119636758804329
0.2362,0.763110251419963,0.774935071553959,-0.0118248201339956
0.2364,0.838196713888577,0.84992413693427,-0.0117274230456932
0.2366,0.913295906591587,0.924981552663736,-0.0116856460721494
0.2368,0.988435063284895,1.00014084581837,-0.0117057825334774
0.237,1.06362186797301,1.07535161062361,-0.0117297426506002
0.2372,1.13885937525236,1.15061710951517,-0.0117577342628132
0.2374,1.21408803132993,1.22590539527771,-0.0118173639477752
0.2376,1.2893070592897,1.30122165812856,-0.0119145988388563
0.2378,1.36451972777522,1.37658018095733,-0.0120604531821049
0.238,1.43974397137307,1.45195717004908,-0.0122131986760123
0.2382,1.51495833767902,1.52735592513821,-0.0123975874591837
0.2384,1.59014565266826,1.60275498909509,-0.0126093364268296
0.2386,1.6652459282209,1.67814737998162,-0.012901451760716
0.2388,1.74032564262443,1.7535287235285,-0.0132030809040669
0.239,1.81535267948923,1.82888906346309,-0.013536383973862
0.2392,1.89035455809203,1.90422980484485,-0.0138752467528152
0.2394,1.96534506025814,1.97954515145643,-0.0142000911982931
0.2396,2.04029741417762,2.05480754471833,-0.0145101305407018
0.2398,2.11517726092613,2.12999112226306,-0.0148138613369277
0.24,2.19007684329108,2.2051563259016,-0.0150794826105156
0.2402,2.26499230861519,2.28026645433279,-0.0152741457176035
0.2404,2.33990265279653,2.35534819313754,-0.0154455403410187
0.2406,2.41484250916734,2.43042211896696,-0.0155796097996186
0.2408,2.48983750093421,2.50542452646847,-0.0155870255342605
0.241,2.56488068270574,2.58043983830872,-0.0155591556029768
0.2412,2.63994037142372,2.65549180007657,-0.0155514286528455
0.2414,2.7150253041611,2.73048513905796,-0.0154598348968604
0.2416,2.79010427556373,2.80538932408262,-0.0152850485188942
0.2418,2.86520402981476,2.88027075495287,-0.0150667251381131
0.242,2.94031018917778,2.95511425658585,-0.0148040674080692
0.2422,3.01542623856578,3.02997845016111,-0.0145522115953356
0.2424,3.09061327828898,3.10490083460571,-0.0142875563167344
0.2426,3.16585545022376,3.17983337605436,-0.013977925830607
0.2428,3.24114118495406,3.2547724456451,-0.0136312606910431
0.243,3.31640957247602,3.32965402436326,-0.013244451887239
0.2432,3.39165939014468,3.4045229447089,-0.0128635545642251
0.2434,3.46689276349383,3.47939817744635,-0.0125054139525265
0.2436,3.54213140561303,3.55428419148689,-0.0121527858738615
0.2438,3.61737594784424,3.62912409430439,-0.0117481464601479
0.244,3.69256586772714,3.70400932916614,-0.0114434614389953
0.2442,3.7677502990112,3.77894163589087,-0.0111913368796634
0.2444,3.84293155189404,3.85390179044775,-0.0109702385537158
0.2446,3.91805482321475,3.92886958089942,-0.0108147576846704
0.2448,3.99315223612675,4.00389352001452,-0.0107412838877656
0.245,4.06823315851941,4.07899421598836,-0.0107610574689501
0.2452,4.14326009890831,4.15413988015476,-0.0108797812464507
0.2454,4.21819341142118,4.2293336105387,-0.0111401991175244
0.2456,4.29305100134249,4.30456260322774,-0.0115116018852497
0.2458,4.367913680029,4.37986316406732,-0.011949484038321
0.246,4.44278027505794,4.45520658685512,-0.0124263117971815
0.2462,4.51766220295683,4.530559596891,-0.0128973939341668
0.2464,4.59257906707279,4.6059404536627,-0.0133613865899056
0.2466,4.66753934030704,4.68133428500939,-0.0137949447023535
0.2468,4.74251574221195,4.75673240631148,-0.0142166640995329
0.247,4.81752454196555,4.83213009450377,-0.01460555253822
0.2472,4.89254148839864,4.90750963109015,-0.0149681426915098
0.2474,4.96759271324113,4.98286188633263,-0.0152691730914913
0.2476,5.04265221082107,5.05817827069616,-0.0155260598750866
0.2478,5.11770976856358,5.13346014815207,-0.015750379588483
0.248,5.19277576961021,5.20872012016342,-0.015944350553216
0.2482,5.26789531115679,5.28393027874816,-0.0160349675913638
0.2484,5.34308273599071,5.3590967285781,-0.016013992587391
0.2486,5.41828235978356,5.43422767058573,-0.0159453108021745
0.2488,5.49348974009994,5.50936301699042,-0.0158732768904795
0.249,5.56875002768068,5.58445770954687,-0.0157076818661972
0.2492,5.64402395177069,5.65953424699184,-0.0155102952211452
0.2494,5.71932750897788,5.73462025123305,-0.0152927422551699
0.2496,5.79461011010757,5.8096411061021,-0.0150309959945298
0.2498,5.86979717678019,5.88457590619615,-0.0147787294159585
0.25,5.94495604387026,5.95946765359343,-0.0145116097231703
0.2502,6.02005321318903,6.03425530710339,-0.0142020939143537
0.2504,6.09511436135606,6.10900922970733,-0.0138948683512705
0.2506,6.17014828354871,6.18377810935072,-0.0136298258020036
0.2508,6.24512385357913,6.2584990504388,-0.0133751968596716
0.251,0.0368217840365865,0.0499662473110267,-0.0131444632744401
0.2512,0.111713065268824,0.124650144008568,-0.0129370787397442
0.2514,0.186624509509885,0.199376764587307,-0.0127522550774223
0.2516,0.261548492869377,0.27410146682991,-0.0125529739605326
0.2518,0.336481705345263,0.348845941059783,-0.0123642357145198
0.252,0.411436131279522,0.423669784675715,-0.0122336533961926
0.2522,0.486348510040034,0.498535750038805,-0.0121872399987709
0.2524,0.561240526519104,0.573403513833191,-0.0121629873140869
0.2526,0.636141470834508,0.648333822215852,-0.0121923513813441
0.2528,0.711108169957135,0.723363639155777,-0.0122554691986417
0.253,0.786164238119319,0.798473176477721,-0.0123089383584017
0.2532,0.861215036208146,0.873621150139367,-0.0124061139312206
0.2534,0.936299355932912,0.948774137055722,-0.0124747811228101
0.2536,1.01145564348348,1.02396032316488,-0.012504679681407
0.2538,1.08666554800578,1.09918746223633,-0.0125219142305462
0.254,1.16189584663685,1.1744594416267,-0.0125635949898548
0.2542,1.23712431978345,1.24979164204101,-0.0126673222575622
0.2544,1.31234480511925,1.32514176054016,-0.0127969554209095
0.2546,1.38759796373459,1.40051551238474,-0.0129175486501485
0.2548,1.4628528832324,1.47589322964982,-0.0130403464174198
0.255,1.53813691605445,1.55128442705182,-0.0131475109973718
0.2552,1.61340287429868,1.62668362322184,-0.0132807489231574
0.2554,1.68864225173465,1.7020814772182,-0.0134392254835507
0.2556,1.76385249878072,1.77746808639529,-0.0136155876145689
0.2558,1.83898188477665,1.85282930236036,-0.0138474175837053
0.256,1.91406964839538,1.9281648714405,-0.0140952230451192
0.2562,1.98910847858331,2.00348835752158,-0.0143798789382699
0.2564,2.06408127737343,2.07879840490166,-0.0147171275282343
0.2566,2.13900166292039,2.15400913225006,-0.0150074693296691
0.2568,2.21385504919981,2.22916669706204,-0.0153116478622288
0.257,2.28873733607998,2.3043173069263,-0.0155799708463227
0.2572,2.36365896894894,2.379402900867,-0.0157439319180663
0.2574,2.43858427080553,2.45445130455451,-0.0158670337489824
0.2576,2.51355320223645,2.52944722355349,-0.0158940213170387
0.2578,2.58851669760459,2.60431939492836,-0.0158026973237719
0.258,2.66347662062365,2.67915573917638,-0.0156791185527356
0.2582,2.73847246496034,2.75400615625101,-0.0155336912906723
0.2584,2.81348841705288,2.82877005856834,-0.0152816415154562
0.2586,2.88848811866612,2.90350696923256,-0.0150188505664453
0.2588,2.96350888155409,2.97822104372778,-0.0147121621736965
0.259,3.03855284866764,3.05283525048846,-0.0142824018208247
0.2592,3.11361634609089,3.12742653880363,-0.0138101927127474
0.2594,3.18873003108256,3.2020108758327,-0.0132808447501356
0.2596,3.26386485576959,3.27663295018665,-0.0127680944170607
0.2598,3.33900157219797,3.35129813231824,-0.0122965601202654
0.26,3.41414011606802,3.42602004590892,-0.0118799298409038
0.2602,3.4893193505527,3.50079813017059,-0.0114787796178972
0.2604,3.56450051356868,3.57565742430976,-0.0111569107410805
0.2606,3.63970658838605,3.65063432965089,-0.0109277412648412
0.2608,3.71489364736194,3.72564475478822,-0.0107511074262754
0.261,3.79006261696222,3.80068899517137,-0.0106263782091438
0.2612,3.86521698161696,3.87580290575425,-0.0105859241372896
0.2614,3.94030275918379,3.95094881254686,-0.0106460533630672
0.2616,4.01535232500242,4.0261313365108,-0.0107790115083848
0.2618,4.09037549501704,4.10137568871273,-0.0110001936956907
0.262,4.16535054287004,4.17664056423194,-0.0112900213618961
0.2622,4.24024934090421,4.25196815751954,-0.0117188166153275
0.2624,4.31514032258476,4.32731385567577,-0.0121735330910155
0.2626,4.39003832051153,4.40265114638338,-0.0126128258718579
0.2628,4.46494816259902,4.47802840923795,-0.0130802466389257
0.263,4.53987585044599,4.55342033999537,-0.0135444895493739
0.2632,4.61483572935216,4.62882038560483,-0.0139846562526706
0.2634,4.68975781659412,4.70422223617101,-0.0144644195768819
0.2636,4.76468482377146,4.77961766565796,-0.0149328418864974
0.2638,4.8396487529884,4.85501046040613,-0.0153617074177337
0.264,4.91465996566026,4.93039754323014,-0.0157375775698796
0.2642,4.98969260159624,5.00578787623613,-0.0160952746398921
0.2644,5.06474961385963,5.08116920272801,-0.0164195888683834
0.2646,5.13986597956378,5.15651707572546,-0.016651096161679
0.2648,5.21505284901525,5.23184279557964,-0.0167899465643906
0.265,5.29028304248995,5.30713063886058,-0.0168475963706376
0.2652,5.36552851928569,5.38240133344284,-0.0168728141571526
0.2654,5.44081662465552,5.45760706320853,-0.0167904385530102
0.2656,5.51609961416238,5.53272252503232,-0.0166229108699474
0.2658,5.59140194394886,5.607765253395,-0.0163633094461408
0.266,5.6666973625715,5.68272221398796,-0.016024851416466
0.2662,5.74197977039965,5.75764650513872,-0.0156667347390647
0.2664,5.8171924152539,5.83255148718622,-0.015359071932318
0.2666,5.89237977893374,5.90741204758069,-0.0150322686469488
0.2668,5.96753515866646,5.98226298528192,-0.014727826615462
0.267,6.04261627550883,6.05704796278991,-0.0144316872810828
0.2672,6.11765675585236,6.13179458698268,-0.0141378311303146
0.2674,6.19264568319703,6.20653649532033,-0.0138908121232983
0.2676,6.26756914382468,6.28129273055307,-0.0137235867283856
0.2678,0.0592537473495289,0.0728115448005376,-0.0135577974510087
0.268,0.134127141116698,0.147513388922435,-0.0133862478057366
0.2682,0.209003475577322,0.222219251969818,-0.0132157763924955
0.2684,0.283881372194651,0.296938413486254,-0.0130570412916023
0.2686,0.358769928402404,0.37170797571882,-0.0129380473164159
0.2688,0.43371564590411,0.446578150958114,-0.0128625050540039
0.269,0.508671223097753,0.52151538832716,-0.0128441652294075
0.2692,0.583638930420345,0.596498159331063,-0.0128592289107183
0.2694,0.658646966992486,0.671480539805235,-0.0128335728127492
0.2696,0.733706753996498,0.74652269008129,-0.012815936084792
0.2698,0.808846324993601,0.821647928448387,-0.0128016034547862
0.27,0.883981083864769,0.89680708876168,-0.012826004896911
0.2702,0.959107522825953,0.972002177393323,-0.0128946545673706
0.2704,1.03424219164305,1.04722912614373,-0.0129869345006757
0.2706,1.10941609065717,1.12251805599391,-0.0131019653367317
0.2708,1.18459352324747,1.19782305200173,-0.0132295287542656
0.271,1.25979863019523,1.27316326178347,-0.0133646315882447
0.2712,1.33499374790895,1.34851806615317,-0.0135243182442213
0.2714,1.41019184272672,1.42388968016791,-0.013697837441188
0.2716,1.4853890922153,1.49928298375305,-0.013893891537752
0.2718,1.56058175308845,1.57467922280009,-0.0140974697116392
0.272,1.63571394297556,1.65007865366539,-0.0143647106898313
0.2722,1.71084084605058,1.72547171210651,-0.0146308660559338
0.2724,1.78595182138897,1.80085843822734,-0.0149066168383662
0.2726,1.86099882792357,1.87623590228605,-0.0152370743624766
0.2728,1.93601260335481,1.9515788607858,-0.015566257430992
0.273,2.01100534031748,2.02685831721194,-0.0158529768944611
0.2732,2.08596216238807,2.10211959697178,-0.0161574345837159
0.2734,2.16093826732061,2.17736039025291,-0.0164221229322932
0.2736,2.23593782454036,2.25252785740403,-0.016590032863665
0.2738,2.31093276521625,2.32766394101347,-0.0167311757972262
0.274,2.38595821294187,2.40277823718029,-0.0168200242384171
0.2742,2.46103203601172,2.47780653568435,-0.0167744996726302
0.2744,2.53606457709329,2.55280421812526,-0.0167396410319696
0.2746,2.61106799910613,2.62771360334569,-0.0166456042395526
0.2748,2.68606155685016,2.70255479581871,-0.0164932389685504
0.275,2.76106817278618,2.77737731690301,-0.0163091441168333
0.2752,2.83610303380913,2.85220791546927,-0.0161048816601412
0.2754,2.91114895493519,2.92702175842562,-0.0158728034904274
0.2756,2.98621600782393,3.00182443654924,-0.015608428725316
0.2758,3.06130348648791,3.07657782802331,-0.0152743415354006
0.276,3.13641320766877,3.15135729621778,-0.0149440885490102
0.2762,3.21161066297229,3.22618770772544,-0.0145770447531479
0.2764,3.28682788089733,3.30103803220833,-0.0142101513110027
0.2766,3.36207541824651,3.37590344898598,-0.0138280307394645
0.2768,3.43732079476266,3.45073337989371,-0.0134125851310558
0.277,3.51258059020227,3.52558294457161,-0.0130023543693372
0.2772,3.58784397663878,3.60045685066494,-0.0126128740261588
0.2774,3.66309583476049,3.67530876154433,-0.0122129267838398
0.2776,3.73827144203897,3.75017153573977,-0.0119000937007967
0.2778,3.81342224375026,3.82509075836352,-0.0116685146132651
0.278,3.8885376946388,3.90006571401883,-0.011528019380028
0.2782,3.9635707255722,3.97505780858325,-0.0114870830110534
0.2784,4.03855347830212,4.05010633441559,-0.0115528561134628
0.2786,4.11347875086311,4.12521618177666,-0.0117374309135476
0.2788,4.18833995332196,4.20037583260765,-0.0120358792856825
0.279,4.26313454040217,4.27556341161814,-0.0124288712159766
0.2792,4.33792248737408,4.35082480910789,-0.0129023217338071
0.2794,4.41273440666733,4.42611807859373,-0.0133836719264071
0.2796,4.48758858112616,4.50144205492739,-0.0138534738012321
0.2798,4.56249465016094,4.57679413953756,-0.0142994893766168
0.28,4.63744479089077,4.65216996957622,-0.0147251786854499
0.2802,4.71245677714202,4.72756540550115,-0.0151086283591235
0.2804,4.78746530646398,4.80295923373751,-0.0154939272735373
0.2806,4.86248954017752,4.87833726302226,-0.0158477228447369
0.2808,4.93755618890448,4.95368220261367,-0.016126013709191
0.281,5.01264290479813,5.02899445345354,-0.0163515486554031
0.2812,5.08774429054891,5.10426302745763,-0.016518736908715
0.2814,5.16284646427786,5.17944987463586,-0.0166034103580017
0.2816,5.23794831496121,5.25461315023037,-0.016664835269161
0.2818,5.31312063449299,5.32973167049243,-0.0166110359994454
0.282,5.38830413063309,5.40478409069911,-0.0164799600660155
0.2822,5.46351548618396,5.47979052176052,-0.0162750355765606
0.2824,5.53872250274278,5.55476269366538,-0.0160401909225962
0.2826,5.6139380777053,5.62970383159477,-0.0157657538894735
0.2828,5.68914708109728,5.70457987018214,-0.0154327890848567
0.283,5.76433548406639,5.7794419558233,-0.0151064717569103
0.2832,5.83944442212123,5.85424318117586,-0.0147987590546315
0.2834,5.91453231453165,5.92901340045364,-0.0144810859219833
0.2836,5.98959455689345,6.00382791436792,-0.0142333574744713
0.2838,6.06466368838715,6.07866707999106,-0.0140033916039179
0.284,6.13971189457411,6.15353902980012,-0.0138271352260091
0.2842,6.21472417823886,6.22838881662749,-0.0136646383886356
0.2844,0.00649048930338925,0.0200767359647153,-0.0135862466613261
0.2846,0.0814673514432301,0.0949625608646671,-0.013495209421437
0.2848,0.156453627340384,0.169841055460193,-0.0133874281198088
0.285,0.23142052074972,0.24471609754215,-0.0132955767924301
0.2852,0.306399496743299,0.31963219696912,-0.0132327002258213
0.2854,0.381416652230867,0.394571326412499,-0.0131546741816321
0.2856,0.456468179170123,0.469556138073693,-0.0130879589035705
0.2858,0.531501196606987,0.544533807113672,-0.0130326105066858
0.286,0.606523797532278,0.619540431800557,-0.0130166342682786
0.2862,0.681569047558561,0.694541748713827,-0.0129727011552659
0.2864,0.756660318763986,0.769539067305462,-0.0128787485414764
0.2866,0.83176183774401,0.844560348970161,-0.0127985112261514
0.2868,0.906865087301856,0.91960223076488,-0.0127371434630233
0.287,0.98192883375196,0.994668475332353,-0.0127396415803923
0.2872,1.05700335464497,1.06978076755487,-0.0127774129099023
0.2874,1.13215970463698,1.14497167766862,-0.0128119730316432
0.2876,1.20732912131285,1.22022035257278,-0.0128912312599376
0.2878,1.28252493766133,1.29552599410509,-0.0130010564437537
0.288,1.35771414272769,1.37087550416577,-0.0131613614380786
0.2882,1.43290934095555,1.44624549994176,-0.0133361589862044
0.2884,1.5080957649292,1.52164107058076,-0.0135453056515582
0.2886,1.58326262700575,1.59704027371592,-0.0137776467101745
0.2888,1.65835353445453,1.67243567892467,-0.0140821444701345
0.289,1.73343272148895,1.74782267686405,-0.0143899553751032
0.2892,1.80849289790063,1.82318460590836,-0.0146917080077364
0.2894,1.88356072525145,1.89853211310011,-0.0149713878486619
0.2896,1.95860647741791,1.97387548843473,-0.0152690110168199
0.2898,2.03361137094019,2.0491759395096,-0.0155645685694044
0.29,2.1085449358351,2.12441787180477,-0.0158729359696714
0.2902,2.18349178112192,2.19963765887829,-0.0161458777563674
0.2904,2.25844116152998,2.27477360928935,-0.0163324477593663
0.2906,2.33337103471383,2.34981461923512,-0.016443584521292
0.2908,2.40831641072665,2.42480535715891,-0.0164889464322591
0.291,2.48330299005203,2.49973277262108,-0.0164297825690567
0.2912,2.55825417385382,2.57463763213188,-0.0163834582780584
0.2914,2.63319005615921,2.64951264136422,-0.0163225852050162
0.2916,2.70813860093823,2.72435585497885,-0.0162172540406162
0.2918,2.78312183958755,2.79916513056684,-0.0160432909792867
0.292,2.85815648958864,2.87398050218571,-0.0158240125970655
0.2922,2.93321030727046,2.94876040576526,-0.0155500984948032
0.2924,3.00827701058583,3.02352551221562,-0.0152485016297925
0.2926,3.08338474035101,3.09829299604288,-0.01490825569187
0.2928,3.15853947808955,3.17301975092742,-0.0144802728378677
0.293,3.2337419392341,3.24775166870393,-0.0140097294698247
0.2932,3.30893218518994,3.32244257047721,-0.0135103852872724
0.2934,3.38411171993838,3.39714433836664,-0.0130326184282614
0.2936,3.45928710958302,3.47187618656471,-0.0125890769816905
0.2938,3.53447851556417,3.54662402754685,-0.0121455119826828
0.294,3.6096506723855,3.62137311780816,-0.0117224454226568
0.2942,3.68476307280118,3.69618999968195,-0.0114269268807785
0.2944,3.7598052692517,3.77102902370133,-0.0112237544496283
0.2946,3.83484021745347,3.84593151023535,-0.0110912927818831
0.2948,3.9098584290467,3.92096506443237,-0.0111066353856724
0.295,3.98488824780224,3.99604597717318,-0.0111577293709355
0.2952,4.05989769181303,4.071176091562,-0.0112783997489672
0.2954,4.13486490495202,4.14635886493002,-0.0114939599780008
0.2956,4.20976029966854,4.2215940109236,-0.0118337112550568
0.2958,4.28459404494799,4.29684067710426,-0.0122466321562671
0.296,4.35943626345965,4.37214544048802,-0.0127091770283707
0.2962,4.43428302512037,4.44748879658719,-0.0132057714668239
0.2964,4.50915899759755,4.52285844233539,-0.0136994447378394
0.2966,4.58408543046275,4.5982517301589,-0.0141662996961518
0.2968,4.65905624394141,4.67364792505023,-0.0145916811088238
0.297,4.73400905565466,4.74904505344709,-0.0150359977924328
0.2972,4.80894462027978,4.82443592469313,-0.0154913044133522
0.2974,4.88388941154317,4.89981271743626,-0.0159233058930841
0.2976,4.95886750166375,4.9751675116878,-0.0163000100240511
0.2978,5.03385129654108,5.0504934308021,-0.016642134261021
0.298,5.10883902325451,5.12579313778098,-0.0169541145264676
0.2982,5.18386577717359,5.20103863489851,-0.0171728577249173
0.2984,5.25894865195535,5.27623274194413,-0.0172840899887845
0.2986,5.33409885119462,5.35138381394563,-0.017284962751007
0.2988,5.40925959307016,5.42649456432076,-0.0172349712505993
0.299,5.48442531188401,5.50160634356915,-0.0171810316851335
0.2992,5.55964343914846,5.57668759680813,-0.0170441576596643
0.2994,5.63487671924466,5.65177893133268,-0.0169022120880209
0.2996,5.7101407129387,5.72686557540698,-0.0167248624682754
0.2998,5.78538577839129,5.80187522153976,-0.0164894431484779
0.3,5.86053946912147,5.876783537126,-0.0162440680045304
0.3002,5.93412873538665,5.94898745608545,-0.0148587206988031
0.3004,6.00451990676636,6.01880788582382,-0.0142879790574577
0.3006,6.0723836600616,6.08637187968546,-0.0139882196238608
0.3008,6.13849380970306,6.15215644266931,-0.0136626329662546
0.301,6.20358946915849,6.21660250220203,-0.0130130330435323
0.3012,6.26816180406096,6.27998503326998,-0.0118232292090239
0.3014,0.0495976353793575,0.0595557660394396,-0.00995813066008217
0.3016,0.114627181370323,0.122021937082957,-0.00739475571263393
0.3018,0.180379359729836,0.184400945042018,-0.004021585312182
0.302,0.247018457273721,0.246819677053723,0.000198780219998723
0.3022,0.314616282143487,0.309325500939881,0.00529078120360543
0.3024,0.383184561253566,0.371975460054952,0.0112091011986141
0.3026,0.452672601928703,0.434656004007159,0.0180165979215439
0.3028,0.522966749712636,0.497267629834156,0.0256991198784801
0.303,0.593969579348909,0.55975185016787,0.034217729181039
0.3032,0.665609766922399,0.622152328976552,0.0434574379458478
0.3034,0.73786455187818,0.684596391112188,0.0532681607659922
0.3036,0.810759792336029,0.747285277497698,0.0634745148383304
0.3038,0.884248511976704,0.810341323293277,0.0739071886834272
0.304,0.95836976347224,0.87399010353734,0.0843796599348999
0.3042,1.03318066644723,0.938525303194457,0.0946553632527709
0.3044,1.10877895345004,1.00417764297802,0.104601310472016
0.3046,1.18518174893662,1.07110940172802,0.114072347208596
0.3048,1.26235643284068,1.13946806136797,0.122888371472702
0.305,1.34029240055615,1.20930111252673,0.130991288029418
0.3052,1.41887786049422,1.28061328895831,0.13826457153591
0.3054,1.49795284761959,1.3533220837154,0.144630763904191
0.3056,1.57738639376611,1.4272396528222,0.150146740943903
0.3058,1.65700758376661,1.50203726431473,0.154970319451883
0.306,1.73658625928039,1.5773355283176,0.159250730962793
0.3062,1.81584279909438,1.65270733908082,0.163135460013559
0.3064,1.89444469519359,1.72774421726794,0.166700477925652
0.3066,1.97212826258426,1.80208497726482,0.170043285319443
0.3068,2.04867145591051,1.87539346351876,0.173277992391756
0.307,2.12388980686448,1.94742730125097,0.176462505613516
0.3072,2.19762514233084,2.01799916148376,0.179625980847081
0.3074,2.26970644864508,2.08697111963776,0.182735329007325
0.3076,2.33997682891448,2.15436131483785,0.18561551407663
0.3078,2.40842113648423,2.22032294440477,0.188098192079457
0.308,2.47519939288947,2.28509786974065,0.190101523148817
0.3082,2.54054892254045,2.34890787468846,0.191641047851985
0.3084,2.60467274241428,2.41197300007093,0.192699742343347
0.3086,2.66781708368892,2.47448234365377,0.193334740035153
0.3088,2.73025403457248,2.53678105266814,0.193472981904341
0.309,2.79231012497248,2.59925190147034,0.193058223502142
0.3092,2.85435811394998,2.66210401665107,0.192254097298906
0.3094,2.91661479525462,2.72533259761351,0.191282197641109
0.3096,2.97930674697496,2.7889640051064,0.190342741868564
0.3098,3.04276016580621,2.85308109298168,0.189679072824531
0.31,3.10724883347591,2.9176284788464,0.189620354629519
0.3102,3.1729701107214,2.98248896841524,0.190481142306161
0.3104,3.24005037948991,3.04753957003224,0.192510809457672
0.3106,3.30852129394489,3.11271487521718,0.195806418727714
0.3108,3.37837132885024,3.17788918159839,0.200482147251858
0.311,3.44952381185922,3.24285267090301,0.206671140956211
0.3112,3.52187498294742,3.30744861757119,0.214426365376235
0.3114,3.59536284692538,3.37160442750176,0.223758419423613
0.3116,3.66982647939308,3.43529881612648,0.234527663266598
0.3118,3.74514335078975,3.4985468536046,0.246596497185142
0.312,3.82110102460528,3.56137391816071,0.259727106444568
0.3122,3.89754036413878,3.62392402022921,0.273616343909572
0.3124,3.97440995352356,3.68642067285765,0.287989280665903
0.3126,4.05167660934527,3.74906938167887,0.3026072276664
0.3128,4.12931050433201,3.81211020114481,0.3172003031872
0.313,4.20734629349335,3.87576772584699,0.331578567646358
0.3132,4.2858379084983,3.94027964998243,0.345558258515876
0.3134,4.36482531447728,4.00586245819665,0.358962856280631
0.3136,4.44426058631197,4.07275542868098,0.371505157630989
0.3138,4.52414298135531,4.14111717964925,0.383025801706058
0.314,4.6044461311768,4.21105992704018,0.393386204136623
0.3142,4.68508831019002,4.28264171469657,0.402446595493444
0.3144,4.7659259944533,4.35576508115773,0.410160913295575
0.3146,4.84681052751445,4.43021387920874,0.416596648305717
0.3148,4.92754565970435,4.50558766911623,0.421957990588125
0.315,5.00776151841671,4.58144111937418,0.426320399042532
0.3152,5.08716598852504,4.65732584187102,0.42984014665402
0.3154,5.16553206570194,4.73284005193921,0.432692013762732
0.3156,5.24264176666859,4.80762830795173,0.435013458716861
0.3158,5.31832575928497,4.88139149063082,0.436934268654152
0.316,5.39248021654747,4.95391642567163,0.438563790875841
0.3162,5.46496137058413,5.02507721898387,0.439884151600258
0.3164,5.53570624449596,5.09490862213777,0.440797622358193
0.3166,5.6048146180871,5.16356107383913,0.441253544247973
0.3168,5.67253942115678,5.23203635604269,0.44050306511409
0.317,5.73912197528288,5.30117428865999,0.437947686622894
0.3172,5.80484271022708,5.37126562108317,0.433577089143909
0.3174,5.86996757789808,5.44249110908684,0.427476468811239
0.3176,5.93479658687929,5.51487915974257,0.419917427136714
0.3178,5.99959046269528,5.58839813207703,0.411192330618243
0.318,6.0645640623579,5.66284402505173,0.401720037306163
0.3182,6.12994344516776,5.73811392756256,0.3918295176052
0.3184,6.19603869734565,5.81407198641433,0.381966710931318
0.3186,6.26312654510866,5.8905875215567,0.372539023551957
0.3188,0.048234619462014,5.96756868645713,0.363851240184474
0.319,0.117864000762505,6.04494587555852,0.356103432383572
0.3192,0.188917596742473,6.12265062615384,0.34945227776822
0.3194,0.261305705262649,6.20062370497338,0.343867307468853
0.3196,0.334978815340373,6.27889951693408,0.339264605585877
0.3198,0.409876499406049,0.0742894334740702,0.335587065931979
0.32,0.485904126377178,0.153063459905138,0.33284066647204
0.3202,0.562933383010492,0.23190421583104,0.331029167179452
0.3204,0.640840664028459,0.310699573163045,0.330141090865414
0.3206,0.719459846694827,0.389277270628782,0.330182576066045
0.3208,0.798724731093632,0.467500240276248,0.331224490817384
0.321,0.878561133995096,0.545211238987753,0.333349895007342
0.3212,0.958910473359079,0.6223813534492,0.336529119909879
0.3214,1.03978369370352,0.69900185267677,0.340781841026746
0.3216,1.12117064962734,0.775061367706493,0.34610928192085
0.3218,1.20308931173951,0.850633495259686,0.352455816479827
0.322,1.28553501330279,0.925818192097794,0.359716821204995
0.3222,1.36844211413862,1.00068779578147,0.367754318357145
0.3224,1.45174011103459,1.07536701131273,0.376373099721857
0.3226,1.53533084576711,1.14997353499398,0.38535731077313
0.3228,1.61910969252801,1.2246073234535,0.394502369074514
0.323,1.70289565848042,1.29935306971556,0.403542588764862
0.3232,1.78636396442802,1.37426995639568,0.412094008032345
0.3234,1.86915736421429,1.44936239403227,0.419794970182023
0.3236,1.95095331891937,1.5246143387689,0.426338980150467
0.3238,2.0315087863482,1.59999948772267,0.431509298625536
0.324,2.11066642472715,1.67550776215639,0.435158662570758
0.3242,2.18834529454616,1.75113751177198,0.437207782774181
0.3244,2.26438749297979,1.82685790202669,0.437529590953099
0.3246,2.33869830023157,1.90261228808021,0.43608601215136
0.3248,2.41135394511138,1.97834571905172,0.433008226059666
0.325,2.48247833762622,2.05398730680386,0.428491030822352
0.3252,2.55223772497028,2.12950210101646,0.422735623953821
0.3254,2.62087494318967,2.20488633509912,0.415988608090558
0.3256,2.68868132308654,2.28012896853492,0.408552354551616
0.3258,2.75598954938117,2.3552040701076,0.400785479273572
0.326,2.82309297807225,2.43018000780498,0.392912970267276
0.3262,2.89024270936157,2.50507333035153,0.385169379010041
0.3264,2.95774181124891,2.57988255531973,0.377859255929174
0.3266,3.0259702560139,2.65467793149804,0.371292324515863
0.3268,3.09522692527158,2.72953836762094,0.365688557650644
0.327,3.16574676311127,2.80448592875987,0.361260834351403
0.3272,3.23762611689553,2.87951262614939,0.358113490746139
0.3274,3.31086172011904,2.95455114426713,0.356310575851906
0.3276,3.38538494573439,3.02958561248506,0.35579933324932
0.3278,3.46107316376918,3.10456133535064,0.356511828418545
0.328,3.53780621714347,3.17940537149628,0.358400845647193
0.3282,3.61540126760282,3.25409468513507,0.361306582467747
0.3284,3.69368607731278,3.32861353734316,0.36507253996962
0.3286,3.77253088960375,3.40309502991814,0.369435859685608
0.3288,3.85185589019519,3.47753941297423,0.374316477220957
0.329,3.9315631207894,3.5519726263844,0.379590494404991
0.3292,4.01163293850179,3.62643443817822,0.385198500323575
0.3294,4.092030866398,3.70090060185443,0.391130264543573
0.3296,4.17276986981711,3.77542584032568,0.39734402949143
0.3298,4.25391626113408,3.84999315062295,0.403923110511125
0.33,4.33546621984537,3.92462803642869,0.410838183416686
0.3302,4.4174219679937,3.99932797030682,0.418093997686882
0.3304,4.49976050089405,4.07408036472944,0.425680136164607
0.3306,4.58250324481306,4.14889419586014,0.433609048952913
0.3308,4.66560592662386,4.22376267325465,0.441843253369204
0.331,4.74900602543104,4.29869133277286,0.450314692658175
0.3312,4.83257020725762,4.37371103941209,0.45885916784553
0.3314,4.91604846111949,4.44882956085532,0.467218900264168
0.3316,4.99910582959891,4.52404958398238,0.475056245616531
0.3318,5.08135409453932,4.59935781651634,0.481996278022974
0.332,5.16249682294484,4.67472490070116,0.487771922243688
0.3322,5.24233679043995,4.75012305031074,0.492213740129214
0.3324,5.32069601897986,4.82553167095061,0.495164348029244
0.3326,5.39749047432041,4.9009323233547,0.496558150965715
0.3328,5.47257602779445,4.97629077303057,0.496285254763881
0.333,5.54580471186685,5.05157060624374,0.494234105623113
0.3332,5.61718464575962,5.12670528055106,0.490479365208565
0.3334,5.68687316970019,5.20167261150079,0.485200558199397
0.3336,5.75519412351842,5.27651003820091,0.47868408531751
0.3338,5.82247891430757,5.35120905181475,0.471269862492817
0.334,5.88902998403688,5.42576444940375,0.46326553463313
0.3342,5.95519343539977,5.50019912793415,0.454994307465623
0.3344,6.02121295452306,5.57457186587462,0.446641088648443
0.3346,6.08735084587064,5.64893434988242,0.438416495988214
0.3348,6.15388016621231,5.72333727002467,0.430542896187642
0.335,6.22110615618682,5.79778585489422,0.42332030129259
0.3352,0.00609194384645839,5.8722745700887,0.417002680937345
0.3354,0.0754364945645754,5.94679529017836,0.411826511565798
0.3356,0.146113551899299,6.02135363294558,0.407945226133304
0.3358,0.218228184499062,6.09596430742279,0.405449184255856
0.336,0.291820786586482,6.17076619331116,0.404239900454912
0.3362,0.366909596931754,6.24575727431199,0.404337629799354
0.3364,0.443390320099831,0.0377017837355971,0.405688536364234
0.3366,0.521185073609012,0.112982383614225,0.408202689994787
0.3368,0.600234693591901,0.188459695439675,0.411774998152226
0.337,0.68048275920125,0.264179846712558,0.416302912488692
0.3372,0.761784734282504,0.340080459425637,0.421704274856868
0.3374,0.843917064017978,0.416110236460651,0.427806827557328
0.3376,0.926737955372134,0.492228508581768,0.434509446790366
0.3378,1.01009540232461,0.568353163820537,0.441742238504076
0.338,1.09383863598436,0.644410898439123,0.44942773754524
0.3382,1.17785879499271,0.720379860122291,0.457478934870417
0.3384,1.26213822120188,0.796214992738265,0.46592322846361
0.3386,1.3466420769537,0.871896971968215,0.474745104985481
0.3388,1.43134286870219,0.947417848210575,0.483925020491618
0.339,1.51623684379943,1.02276350501935,0.493473338780076
0.3392,1.60121514241098,1.09796764318573,0.503247499225248
0.3394,1.6861713332706,1.17307176588011,0.513099567390489
0.3396,1.77092629749872,1.24815521227282,0.522771085225896
0.3398,1.85518183008799,1.32323845487288,0.531943375215109
0.34,1.93864300822965,1.39835616113777,0.540286847091879
0.3402,2.02106395283394,1.47354817837664,0.547515774457304
0.3404,2.10218540441362,1.54884760397732,0.553337800436297
0.3406,2.18182234978501,1.62427542717885,0.55754692260616
0.3408,2.25985837940283,1.69983799727241,0.560020382130426
0.341,2.33623040718289,1.77554315747611,0.560687249706775
0.3412,2.41094239875912,1.85139122005393,0.55955117870519
0.3414,2.48402855285481,1.92733104639375,0.556697506461059
0.3416,2.55555439329032,2.00331581290474,0.552238580385585
0.3418,2.62566379066302,2.07936435243737,0.546299438225645
0.342,2.69464157489113,2.15550329070422,0.539138284186906
0.3422,2.76277971924688,2.23169048028953,0.531089238957354
0.3424,2.83036417676295,2.30788251778749,0.522481658975467
0.3426,2.89774008840366,2.38399056317473,0.513749525228931
0.3428,2.96526020477705,2.46006962142727,0.505190583349782
0.343,3.03332805668354,2.53616246052244,0.497165596161108
0.3432,3.1022786175402,2.61221961056897,0.490059006971231
0.3434,3.17235594225836,2.68817642125585,0.484179521002511
0.3436,3.24368190982277,2.7639223060409,0.479759603781876
0.3438,3.31627246178625,2.83936409534855,0.476908366437705
0.344,3.39006715353435,2.91446786726298,0.475599286271363
0.3442,3.46495735246386,2.98917851277848,0.47577883968538
0.3444,3.54076382898332,3.06352522996586,0.477238599017455
0.3446,3.6172943396858,3.13752207444934,0.479772265236461
0.3448,3.69437268042336,3.21119713801015,0.483175542413209
0.345,3.77180413618642,3.28463226044694,0.487171875739476
0.3452,3.84948540441179,3.35790037114588,0.491585033265902
0.3454,3.92736033458147,3.43107920129693,0.496281133284543
0.3456,4.00539944891326,3.50425169508272,0.501147753830535
0.3458,4.08363780471057,3.57744073368027,0.506197071030298
0.346,4.16208209945639,3.65060423054125,0.511477868915144
0.3462,4.24073386177291,3.7236854908689,0.517048370904014
0.3464,4.31959847727868,3.79664758900593,0.522950888272754
0.3466,4.39876662284162,3.8694911798807,0.529275442960923
0.3468,4.47831132544126,3.94217337959889,0.536137945842376
0.347,4.55818720677974,4.01478858026678,0.543398626512967
0.3472,4.63846889669526,4.08744658262529,0.551022314069964
0.3474,4.71907145681168,4.16028726892617,0.558784187885511
0.3476,4.79973855518779,4.23347555835962,0.566262996828168
0.3478,4.88025956606548,4.30704571791495,0.573213848150531
0.348,4.960463432372,4.38099115021058,0.579472282161428
0.3482,5.04007315513705,4.45533439148209,0.584738763654968
0.3484,5.11889871172725,4.5300555133978,0.58884319832945
0.3486,5.19679263450225,4.6050820280428,0.591710606459459
0.3488,5.27351788771762,4.68033446705509,0.593183420662529
0.349,5.34884053935016,4.75574112753162,0.593099411818539
0.3492,5.42264047562063,4.83124145458105,0.591399021039574
0.3494,5.49485182358904,4.90679952916714,0.588052294421907
0.3496,5.56547359327415,4.98238206292469,0.583091530349458
0.3498,5.63446603102218,5.0578940675618,0.576571963460374
0.35,5.70169701508319,5.13311531099086,0.568581704092336
0.3502,5.76705825687863,5.20773194808572,0.559326308792908
0.3504,5.8305641074113,5.28145000232512,0.549114105086179
0.3506,5.89236916234507,5.3540987557908,0.538270406554278
0.3508,5.95282477510566,5.42566054911659,0.527164225989066
0.351,6.01238389682586,5.49638915343261,0.515994743393242
0.3512,6.07161793081568,5.56656448332367,0.505053447492007
0.3514,6.13090484808918,5.63636989665446,0.494534951434713
0.3516,6.19049201426829,5.70588331308983,0.484608701178466
0.3518,6.25059324939945,5.77527553348548,0.475317715913972
0.352,0.0283029211031725,5.84475354936788,0.466734678914881
0.3522,0.090280862006223,5.91457341042429,0.458892758761523
0.3524,0.153672233133668,5.9850315193644,0.451826020948856
0.3526,0.21872565756477,6.05620384131967,0.445707123424683
0.3528,0.28548728399196,6.12797514959514,0.440697441576407
0.353,0.353928331803518,6.20037542553385,0.436738213449257
0.3532,0.424079953786647,6.27346315309883,0.433802107867407
0.3534,0.49600181599191,0.0640896887687115,0.431912127223198
0.3536,0.569746576493507,0.138613407436693,0.431133169056815
0.3538,0.645336347011244,0.213912583186277,0.431423763824968
0.354,0.722753239737672,0.290046294965979,0.432706944771693
0.3542,0.801943593690883,0.366965279074649,0.434978314616234
0.3544,0.882796484506084,0.444608512366548,0.438187972139536
0.3546,0.965187964761957,0.522928093613874,0.442259871148083
0.3548,1.04890159967306,0.601733787723416,0.447167811949642
0.355,1.13367768072928,0.680774403399758,0.452903277329518
0.3552,1.21925658937146,0.759834117094182,0.459422472277274
0.3554,1.30536547850564,0.838652831550515,0.466712646955125
0.3556,1.3917435586962,0.917112987988821,0.474630570707374
0.3558,1.47816368490887,0.99512008777971,0.48304359712916
0.356,1.56445296202861,1.07262766558483,0.491825296443776
0.3562,1.65038244850996,1.14957140594252,0.500811042567444
0.3564,1.73573715023016,1.22597230051057,0.509764849719586
0.3566,1.82033961549237,1.30192221828478,0.518417397207589
0.3568,1.90397946656017,1.37754928389553,0.526430182664634
0.357,1.98642359391051,1.45297858202659,0.533445011883919
0.3572,2.06747869912043,1.52833945937162,0.539139239748814
0.3574,2.14699884928253,1.60373747611951,0.543261373163025
0.3576,2.22493886607451,1.67924907250679,0.545689793567724
0.3578,2.30127595684035,1.75493208382492,0.546343873015435
0.358,2.37605168553523,1.83085250311826,0.545199182416977
0.3582,2.44935640589794,1.90712014086128,0.542236265036662
0.3584,2.52128252040332,1.98379699362525,0.537485526778074
0.3586,2.59196062970787,2.06083891062629,0.531121719081589
0.3588,2.66166710943356,2.13817730972849,0.523489799705064
0.359,2.7307668303971,2.21567634686585,0.515090483531247
0.3592,2.79961399434526,2.29329047290483,0.506323521440432
0.3594,2.86861024180846,2.3709119444646,0.497698297343865
0.3596,2.93803028888708,2.44839015996218,0.489640128924899
0.3598,3.008076498257,2.52558220965088,0.482494288606121
0.36,3.07890124281502,2.60239529638033,0.476505946434689
0.3602,3.15057375953204,2.67870017891624,0.471873580615799
0.3604,3.22299776738688,2.75437875997975,0.46861900740713
0.3606,3.29604469511494,2.82934040918865,0.466704285926294
0.3608,3.36955248780001,2.90358084075941,0.465971647040596
0.361,3.44340660530224,2.97717904661153,0.466227558690715
0.3612,3.51747743003805,3.05021908020516,0.467258349832887
0.3614,3.59166471393388,3.12285000415172,0.468814709782165
0.3616,3.66590266493998,3.19519378717946,0.470708877760521
0.3618,3.74014543829129,3.26731667557799,0.4728287627133
0.362,3.81441605938357,3.33928581818091,0.47513024120266
0.3622,3.88869950451848,3.41111202642519,0.477587478093283
0.3624,3.9630182062527,3.48279339302717,0.480224813225533
0.3626,4.03745490802707,3.55431782717898,0.483137080848091
0.3628,4.11213176640958,3.62566799630493,0.486463770104649
0.363,4.18718833193904,3.69700330278765,0.490185029151392
0.3632,4.26274550675944,3.76857605240492,0.494169454354521
0.3634,4.33890829719778,3.84088776392812,0.498020533269661
0.3636,4.41577686815615,3.91430817511647,0.501468693039677
0.3638,4.49324258363948,3.98876599068394,0.504476592955536
0.364,4.57125975982916,4.06407563468262,0.507184125146537
0.3642,4.64979581414643,4.13998733830366,0.509808475842766
0.3644,4.72880732319111,4.21617626347947,0.512631059711637
0.3646,4.80811513851705,4.29235157169933,0.515763566817717
0.3648,4.88752842276127,4.36838767868635,0.519140744074914
0.365,4.96684504193281,4.44425623563117,0.522588806301643
0.3652,5.04576363532925,4.51997447659879,0.525789158730464
0.3654,5.12390993143592,4.59557412900329,0.528335802432633
0.3656,5.20083864400099,4.67107038831723,0.529768255683761
0.3658,5.27633535707845,4.7464730727477,0.52986228433075
0.366,5.35024967960898,4.82178693905125,0.528462740557727
0.3662,5.42255275529807,4.89701348935317,0.5255392659449
0.3664,5.49331520521135,4.97217451460294,0.52114069060841
0.3666,5.56256992824814,5.04731772522371,0.51525220302443
0.3668,5.63021090799453,5.12246917663177,0.507741731362763
0.367,5.69608607904557,5.19764148953066,0.498444589514908
0.3672,5.76018834823857,5.27280865244652,0.487379695792055
0.3674,5.82264930286256,5.3478490422289,0.474800260633658
0.3676,5.88380213725171,5.42271198275111,0.461090154500603
0.3678,5.94413576157559,5.49745266557072,0.446683096004865
0.368,6.00421858655341,5.57215601836375,0.432062568189658
0.3682,6.06443321344717,5.646886979161,0.417546234286174
0.3684,6.12500924841992,5.72153647095487,0.40347277746505
0.3686,6.18598934496419,5.7959568171797,0.390032527784485
0.3688,6.24753921089518,5.87008194582972,0.377457265065464
0.369,0.0266909901745107,5.94378204312928,0.366094254224816
0.3692,0.0900537487634615,6.01716296847189,0.356076087471159
0.3694,0.154737492821435,6.09056662896887,0.347356171032147
0.3696,0.220925492018357,6.16411789711046,0.33999290208748
0.3698,0.288680057472442,6.23781270572672,0.334052658925313
0.37,0.358114917179411,0.0284691119694724,0.329645805209939
0.3702,0.429359305341077,0.102470417199694,0.326888888141382
0.3704,0.502530301671972,0.176642180071977,0.325888121599995
0.3706,0.577678075879225,0.250950599504558,0.326727476374667
0.3708,0.654777352888379,0.325329722716988,0.329447630171392
0.371,0.733764476013737,0.399797092895343,0.333967383118394
0.3712,0.81455423043485,0.474381947617244,0.340172282817606
0.3714,0.897022984334287,0.549101242676619,0.347921741657668
0.3716,0.980989769286742,0.623991940968203,0.356997828318538
0.3718,1.06621684287694,0.699013733668964,0.367203109207979
0.372,1.1524217733992,0.774128332511426,0.378293440887778
0.3722,1.23930856779017,0.849311801663357,0.38999676612681
0.3724,1.32660055107934,0.924522759276453,0.402077791802885
0.3726,1.41404670985684,0.999761676868834,0.414285032988003
0.3728,1.50146157661825,1.07505766349717,0.426403913121079
0.373,1.58864750933192,1.15041911730768,0.43822839202423
0.3732,1.67537512137966,1.22583534141963,0.449539779960027
0.3734,1.76140547855852,1.30128256496488,0.460122913593643
0.3736,1.84651138134707,1.37674031650241,0.469771064844664
0.3738,1.93045801943756,1.45219620238604,0.478261817051526
0.374,2.01304270462007,1.52762625912576,0.485416445494305
0.3742,2.09414074443356,1.60302784331197,0.491112901121584
0.3744,2.17369840759679,1.67839464878234,0.495303758814442
0.3746,2.2516604240558,1.75369515572955,0.497965268326245
0.3748,2.32806045523114,1.8288826074728,0.499177847758338
0.375,2.40296883572781,1.90394619757255,0.499022638155258
0.3752,2.47650659173804,1.97888590824759,0.497620683490458
0.3754,2.54876277192097,2.05368145159333,0.495081320327637
0.3756,2.61995128339971,2.1283729753698,0.49157830802991
0.3758,2.690446958826,2.20298750399698,0.487459454829027
0.376,2.7606189066343,2.27751009743448,0.483108809199817
0.3762,2.83079988801803,2.35196552618139,0.478834361836631
0.3764,2.90130143266853,2.4264524307218,0.474849001946732
0.3766,2.97242527210628,2.50103421445596,0.471391057650322
0.3768,3.0443383828119,2.57575774383179,0.468580638980102
0.377,3.11712049283238,2.65076570988684,0.466354782945543
0.3772,3.19074013906461,2.7260485594346,0.464691579630014
0.3774,3.26504809419265,2.80160233499443,0.463445759198223
0.3776,3.33992143040909,2.87737825224454,0.462543178164548
0.3778,3.41521715261566,2.95328945093354,0.461927701682118
0.378,3.49073911994,3.02925011084919,0.46148900909081
0.3782,3.56639845036421,3.10527911405267,0.461119336311548
0.3784,3.64217416071115,3.18135332770945,0.460820833001704
0.3786,3.71800843997981,3.25736909583049,0.460639344149319
0.3788,3.79389024326777,3.33337712093441,0.460513122333364
0.379,3.86986983752281,3.40934171709036,0.460528120432444
0.3792,3.94592964979543,3.48526756873716,0.460662081058274
0.3794,4.02212418222877,3.56125557081406,0.460868611414702
0.3796,4.09853394689069,3.63717712355266,0.461356823338034
0.3798,4.17523973064462,3.71291105711227,0.462328673532354
0.38,4.25238951855443,3.78825429099107,0.464135227563366
0.3802,4.33004812651362,3.86304952362829,0.466998602885337
0.3804,4.40830952660586,3.9375228884607,0.470786638145159
0.3806,4.48714038347099,4.01180203397292,0.475338349498065
0.3808,4.56651795539908,4.0859587240027,0.480559231396385
0.381,4.64640140883964,4.16015024057824,0.4862511682614
0.3812,4.7266782600215,4.23451181967971,0.492166440341792
0.3814,4.80726564950916,4.30907374793799,0.498191901571173
0.3816,4.88794832183406,4.38380445361968,0.504143868214381
0.3818,4.96845167851358,4.45871241451619,0.509739263997393
0.382,5.04851854014297,4.53379333556983,0.514725204573137
0.3822,5.1277280698011,4.60901644244885,0.518711627352252
0.3824,5.20571910814494,4.68434818503401,0.521370923110921
0.3826,5.28225918486001,4.75975420835629,0.52250497650372
0.3828,5.35723369153342,4.83520331001251,0.522030381520906
0.383,5.43060582815357,4.91066096565756,0.519944862496009
0.3832,5.50243135462322,4.98610504291261,0.516326311710612
0.3834,5.57273342974084,5.06153947906098,0.511193950679857
0.3836,5.64140139699124,5.13695105093321,0.504450346058036
0.3838,5.70828180282877,5.21230666445213,0.495975138376641
0.384,5.7733685304599,5.28756203604423,0.485806494415669
0.3842,5.83679719735091,5.36257534507122,0.474221852279689
0.3844,5.89891820226429,5.43728487917405,0.461633323090243
0.3846,5.96024836763863,5.51175831681612,0.448490050822506
0.3848,6.02139850565547,5.58609991144849,0.435298594206977
0.385,6.08272548232007,5.66038285806306,0.422342624257015
0.3852,6.14441231610451,5.73468650897683,0.409725807127685
0.3854,6.20655238211706,5.80899994322805,0.397552438889009
0.3856,6.26933936005085,5.88333262285099,0.386006737199864
0.3858,0.0498121851295474,5.95767540371635,0.375322088592783
0.386,0.11460276749635,6.03199179099401,0.365796283681921
0.3862,0.180773518058406,6.10637380939456,0.357585015843435
0.3864,0.248473519605566,6.1808352298081,0.350823596977057
0.3866,0.317762507795438,6.25530839409005,0.34563942088497
0.3868,0.388743533746733,0.0465929667352956,0.342150567011437
0.387,0.461552210108158,0.121069891270283,0.340482318837875
0.3872,0.536294587015363,0.195564275798771,0.340730311216592
0.3874,0.613003730351411,0.270100763501643,0.342902966849768
0.3876,0.691639825226723,0.344663240267903,0.34697658495882
0.3878,0.772125121554011,0.419231406402304,0.352893715151706
0.388,0.854358002812986,0.493802109162924,0.360555893650062
0.3882,0.938207848929723,0.568408635517363,0.369799213412361
0.3884,1.02347369471675,0.643107958669179,0.380365736047576
0.3886,1.10988313463161,0.717926424987858,0.39195670964375
0.3888,1.19713505186828,0.792839909399513,0.404295142468768
0.389,1.28493427441707,0.867812896776283,0.417121377640784
0.3892,1.37300922079812,0.942822702786132,0.430186518011987
0.3894,1.46113618041253,1.01788051598281,0.443255664429723
0.3896,1.54910247013249,1.09301732804491,0.456085142087572
0.3898,1.63669410120456,1.16823639388814,0.468457707316426
0.39,1.72369013857615,1.24351157133497,0.480178567241182
0.3902,1.80993949502275,1.31882560402676,0.491113890995987
0.3904,1.89518875207132,1.39417170157881,0.501017050492511
0.3906,1.97917306442671,1.46954439892574,0.509628665500969
0.3908,2.06171226364835,1.54493549309909,0.516776770549259
0.391,2.142714137081,1.62033572805693,0.522378409024066
0.3912,2.22213388808194,1.69573911830398,0.526394769777962
0.3914,2.2999680688341,1.7711291863688,0.528838882465301
0.3916,2.37626886039996,1.84648038618724,0.529788474212719
0.3918,2.45113820999583,1.9217850187903,0.529353191205529
0.392,2.52474356521748,1.99706466466151,0.527678900555973
0.3922,2.59719811489172,2.0723070085742,0.524891106317519
0.3924,2.66873482487468,2.14745712464546,0.521277700229227
0.3926,2.73967635274667,2.22252100747124,0.517155345275435
0.3928,2.81038915039091,2.29752049447855,0.512868655912358
0.393,2.88121789110042,2.37244220825291,0.508775682847512
0.3932,2.95244836186018,2.44727345384736,0.505174908012821
0.3934,3.02434757455481,2.52206311837686,0.502284456177953
0.3936,3.09705555661576,2.59684137523251,0.500214181383249
0.3938,3.17062944927832,2.67168588462797,0.498943564650343
0.394,3.24502928652849,2.74665403215472,0.498375254373766
0.3942,3.32013413258355,2.82175193389274,0.498382198690813
0.3944,3.39576930006363,2.89693233457514,0.498836965488494
0.3946,3.47175007384032,2.97219059343621,0.499559480404107
0.3948,3.54794350801384,3.04744682113102,0.50049668688282
0.395,3.62420465206857,3.12261179570825,0.501592856360315
0.3952,3.70045400823783,3.19769549069143,0.502758517546406
0.3954,3.77666179991603,3.27270816628498,0.50395363363105
0.3956,3.85288552750204,3.3476464110245,0.505239116477542
0.3958,3.92912295120364,3.42253047625278,0.506592474950862
0.396,4.00540813468843,3.49733128241912,0.508076852269306
0.3962,4.08183587252474,3.57209336689197,0.509742505632776
0.3964,4.15847946405992,3.64681559542944,0.511663868630482
0.3966,4.23547199892909,3.72143617811296,0.51403582081613
0.3968,4.31294691155212,3.79606019962044,0.516886711931678
0.397,4.3909546645091,3.87071871612334,0.520235948385766
0.3972,4.46948130212647,3.94541114562812,0.524070156498345
0.3974,4.54850515274891,4.02019071948326,0.528314433265653
0.3976,4.62799234239673,4.09503424728859,0.532958095108139
0.3978,4.70792410624088,4.16991523598762,0.538008870253265
0.398,4.78823683168586,4.24486084909659,0.543375982589268
0.3982,4.8688091731188,4.31989833737526,0.548910835743547
0.3984,4.94935503744094,4.39501167500453,0.554343362436409
0.3986,5.02958531380333,4.47020248325315,0.559382830550186
0.3988,5.10913841825632,4.54547056189589,0.563667856360428
0.399,5.18763691694904,4.62080130190526,0.56683561504378
0.3992,5.26476613558126,4.6961790521892,0.568587083392059
0.3994,5.34032036289804,4.77158205022407,0.568738312673964
0.3996,5.41421468547867,4.84698793449835,0.56722675098032
0.3998,5.48646707413513,4.92237931815626,0.564087755978864
0.4,5.557145499796,4.997747240394,0.559398259401997
0.4002,5.62587811562734,5.07165016936715,0.554227946260192
0.4004,5.68268185705325,5.14233321847399,0.540348638579268
0.4006,5.72698977758059,5.21019941698902,0.516790360591576
0.4008,5.76707134070357,5.27712892292072,0.489942417782843
0.401,5.808487382846,5.34497095586709,0.463516426978911
0.4012,5.85290756438072,5.41373689959164,0.439170664789081
0.4014,5.9004530526264,5.48278751702953,0.417665535596861
0.4016,5.95002664577003,5.55282469341563,0.397201952354393
0.4018,6.00267674225615,5.62469064122832,0.377986101027836
0.402,6.05911309218824,5.69834335147481,0.36076974071343
0.4022,6.1176475885964,5.77284641654713,0.344801172049265
0.4024,6.17720292052993,5.84781304965629,0.329389870873638
0.4026,6.23843308529601,5.92444702845108,0.313986056844934
0.4028,0.0196210262572523,6.00450759911141,0.298298734325429
0.403,0.087890574553909,6.08829355041163,0.282782331321864
0.4032,0.158759382296323,6.17415880722715,0.267785882248762
0.4034,0.230335469591031,6.26020469827196,0.253316078498655
0.4036,0.302043387510912,0.0632469213164129,0.238796466194499
0.4038,0.374495037459285,0.151396419732248,0.223098617727037
0.404,0.448167786986958,0.242479540277906,0.205688246709052
0.4042,0.522654672224891,0.335231711021128,0.187422961203764
0.4044,0.597328306808053,0.42699549569889,0.170332811109163
0.4046,0.672256142048148,0.515694722837079,0.156561419211069
0.4048,0.748011785806923,0.600997987771554,0.147013798035369
0.405,0.824951880392267,0.683860667742742,0.141091212649526
0.4052,0.902879148467307,0.765387143930927,0.137492004536381
0.4054,0.981297563160699,0.846205690683999,0.1350918724767
0.4056,1.05975883319957,0.9264312691753,0.13332756402427
0.4058,1.13780183889068,1.00613667968715,0.131665159203526
0.406,1.21483982323422,1.08533773927873,0.129502083955493
0.4062,1.29072124477719,1.16378257540923,0.126938669367963
0.4064,1.3664155747864,1.24119977948657,0.125215795299827
0.4066,1.44333979635756,1.31766054477241,0.125679251585152
0.4068,1.52208575054733,1.39354807727174,0.128537673275597
0.407,1.60180643814156,1.46921847161051,0.132587966531051
0.4072,1.68101815460127,1.54477608191885,0.136242072682422
0.4074,1.75892515739755,1.62012955206396,0.138795605333586
0.4076,1.83593279618058,1.69521708666042,0.140715709520164
0.4078,1.91302254410382,1.77013922562565,0.142883318478169
0.408,1.99089657366469,1.84513670053012,0.145759873134566
0.4082,2.06964220676673,1.92039108860019,0.149251118166533
0.4084,2.14905513677213,1.99606190988549,0.152993226886635
0.4086,2.22915158527607,2.07216340247728,0.156988182798788
0.4088,2.3099433670188,2.14864336469406,0.161300002324745
0.409,2.39127452640047,2.22541920646826,0.165855319932207
0.4092,2.47285765381526,2.30240752736398,0.170450126451275
0.4094,2.55461606750697,2.37961499788005,0.175001069626919
0.4096,2.63677392570338,2.45713206198434,0.179641863719038
0.4098,2.71946745927192,2.5349822148152,0.184485244456723
0.41,2.80242643110707,2.61321243679318,0.189213994313887
0.4102,2.88525561000605,2.69202754752575,0.193228062480301
0.4104,2.96792761803224,2.77165157850895,0.19627603952329
0.4106,3.05067349638552,2.85239166999915,0.19828182638637
0.4108,3.13387754694823,2.93472550173987,0.199152045208359
0.411,3.21782665450601,3.01904633134607,0.19878032315994
0.4112,3.30251972216664,3.1054285047977,0.197091217368944
0.4114,3.38773864624854,3.19365809793948,0.194080548309057
0.4116,3.47324535249428,3.28346570910011,0.189779643394173
0.4118,3.55886371800333,3.37453830960355,0.184325408399785
0.412,3.64443233512462,3.46646910099363,0.177963234130985
0.4122,3.72979200450536,3.55873445964525,0.171057544860116
0.4124,3.81485392898949,3.65082337843221,0.164030550557274
0.4126,3.89968556547171,3.74244019733698,0.157245368134738
0.4128,3.9844167981078,3.83328634331755,0.151130454790256
0.413,4.0692156922748,3.92318615324738,0.146029539027419
0.4132,4.1541986961623,4.01187254043048,0.142326155731826
0.4134,4.23952267496676,4.09900234014813,0.14052033481863
0.4136,4.32533382628004,4.1842925667092,0.141041259570838
0.4138,4.41162549618549,4.26763486410301,0.143990632082478
0.414,4.49819344782645,4.34909846495208,0.149094982874369
0.4142,4.58473349486234,4.42881665695284,0.155916837909496
0.4144,4.67098570572145,4.5070166832179,0.163969022503544
0.4146,4.75680809308837,4.58400199992643,0.172806093161942
0.4148,4.84217018054323,4.66007385861049,0.182096321932739
0.415,4.92720289365488,4.73555542530076,0.191647468354122
0.4152,5.0123267379117,4.81087546180848,0.201451276103213
0.4154,5.09788527428667,4.88645727084076,0.211428003445913
0.4156,5.18395136311335,4.96264908535445,0.221302277758905
0.4158,5.27037697099249,5.03973496328453,0.230642007707957
0.416,5.35695373315033,5.11793792248804,0.239015810662291
0.4162,5.44356858425972,5.19743115991816,0.246137424341561
0.4164,5.53020114898347,5.27832167155737,0.251879477426105
0.4166,5.61678516904628,5.36063150902698,0.256153660019305
0.4168,5.70312724003518,5.44544688728763,0.257680352747542
0.417,5.78899649756485,5.53583219832884,0.253164299236005
0.4172,5.87435386474313,5.63271452505148,0.241639339691651
0.4174,5.9594791332167,5.73376371960459,0.225715413612115
0.4176,6.0447764494945,5.83618712920507,0.208589320289433
0.4178,6.13046976307948,5.93879229369895,0.191677469380529
0.418,6.21650263074772,6.04118065414559,0.175321976602126
0.4182,0.0195469315736529,6.14264481201794,0.160087426735296
0.4184,0.105896608637859,6.24176440517874,0.147317510638703
0.4186,0.192332551401345,0.0546530954646763,0.137679455936669
0.4188,0.278756404826317,0.148596347917808,0.130160056908509
0.419,0.364981776358246,0.240919574535524,0.124062201822722
0.4192,0.450818484544486,0.330626475720944,0.120192008823541
0.4194,0.536170440218711,0.415985129528535,0.120185310690176
0.4196,0.621127663603406,0.496520234811893,0.124607428791513
0.4198,0.705953327411636,0.573837844550765,0.132115482860871
0.42,0.790845609520311,0.650046948111559,0.140798661408752
0.4202,0.875902136776925,0.725755874086494,0.150146262690431
0.4204,0.961164614135537,0.800089965393043,0.161074648742494
0.4206,1.04661767437062,0.87227361202411,0.174344062346512
0.4208,1.13218724524173,0.942780321590306,0.189406923651424
0.421,1.21777036926731,1.01303416290535,0.204736206361953
0.4212,1.30326204221869,1.08428331503049,0.218978727188201
0.4214,1.3885379830824,1.15678388492315,0.231754098159248
0.4216,1.47339382007819,1.2300354543603,0.243358365717891
0.4218,1.55778124519806,1.3035588172005,0.254222427997566
0.422,1.64182463343323,1.37717212790419,0.264652505529043
0.4222,1.72576518579327,1.4510856983502,0.274679487443064
0.4224,1.80979153578415,1.52557393493205,0.2842176008521
0.4226,1.89395294226235,1.6008916108454,0.29306133141695
0.4228,1.97821319460931,1.67727205339954,0.300941141209773
0.423,2.06253033005998,1.75477041339853,0.307759916661452
0.4232,2.14688297176284,1.83322358441535,0.313659387347493
0.4234,2.23122401447361,1.91250612592483,0.31871788854878
0.4236,2.3154062820574,1.99284302411794,0.322563257939456
0.4238,2.39918786117374,2.07482615232021,0.324361708853531
0.424,2.48239372678742,2.15900429795094,0.323389428836488
0.4242,2.56511019443497,2.24550982012579,0.319600374309181
0.4244,2.64764188893617,2.33400151922959,0.31364036970658
0.4246,2.73024707642849,2.42375636772547,0.306490708703023
0.4248,2.81301886653666,2.51413949947168,0.298879367064979
0.425,2.89594263901917,2.60459746091939,0.291345178099776
0.4252,2.97897999680051,2.69470142786507,0.284278568935436
0.4254,3.06208871483101,2.78418128910135,0.277907425729659
0.4256,3.1450302574931,2.87262348728444,0.272406770208653
0.4258,3.2275077970874,2.959659107929,0.267848689158399
0.426,3.30938477786475,3.04493293041478,0.264451847449977
0.4262,3.3906588474653,3.12811585394705,0.262542993518249
0.4264,3.47149598762239,3.20925200386881,0.262243983753579
0.4266,3.55218168576548,3.28868167659888,0.263500009166604
0.4268,3.63289928798367,3.36641259031477,0.2664866976689
0.427,3.7135874230875,3.44207454431546,0.271512878772044
0.4272,3.79405181177257,3.51535828011652,0.27869353165605
0.4274,3.87404879689349,3.58593487539565,0.288113921497846
0.4276,3.95345100075725,3.65363969623489,0.29981130452236
0.4278,4.03211138495757,3.71853471873254,0.313576666225033
0.428,4.10971874443097,3.78091683179131,0.328801912639658
0.4282,4.18604584977719,3.84124504449133,0.344800805285856
0.4284,4.26106358864542,3.90003005631881,0.361033532326601
0.4286,4.33480615559696,3.95784277536901,0.376963380227952
0.4288,4.40720233276574,4.01532949063991,0.391872842125834
0.429,4.47818669886208,4.07316071170431,0.405025987157767
0.4292,4.54779032344596,4.131910717076,0.415879606369968
0.4294,4.61599895815229,4.19203316558242,0.423965792569869
0.4296,4.68277481158625,4.2539424232891,0.428832388297146
0.4298,4.74797349317599,4.31795885999543,0.430014633180554
0.43,4.81152244245003,4.38430746377016,0.427214978679872
0.4302,4.87345342480098,4.45306256815908,0.420390856641899
0.4304,4.93389547295433,4.52406173373581,0.409833739218519
0.4306,4.99302032214837,4.59698028627138,0.396040035876991
0.4308,5.0511545581229,4.67138178343225,0.379772774690643
0.431,5.10856365069609,4.74673283446592,0.361830816230162
0.4312,5.16552204016091,4.82247389469153,0.343048145469377
0.4314,5.22219224327497,4.89805624125594,0.324136002019036
0.4316,5.27860488964383,4.97278103672795,0.305823852915882
0.4318,5.33475724568017,5.04580903901431,0.288948206665866
0.432,5.39071106090593,5.11674858064166,0.273962480264269
0.4322,5.44658537094874,5.18561834264835,0.260967028300386
0.4324,5.50263899219678,5.25273438792375,0.249904604273026
0.4326,5.55911217040228,5.31849564576644,0.240616524635832
0.4328,5.61613482212395,5.38335125754669,0.232783564577257
0.433,5.67380128761378,5.44778715310684,0.226014134506932
0.4332,5.73224585468762,5.51228299059035,0.219962864097269
0.4334,5.79149054775858,5.57732361887601,0.214166928882568
0.4336,5.85152557683393,5.64327810916451,0.208247467669419
0.4338,5.91238968477818,5.71015669534633,0.202232989431851
0.434,5.97411250592603,5.77772106280766,0.196391443118364
0.4342,6.03660707325096,5.84556721904939,0.191039854201573
0.4344,6.0997588965228,5.91360775903996,0.186151137482836
0.4346,6.16349098265616,5.98204126637987,0.181449716276291
0.4348,6.22774414497569,6.05099477353408,0.176749371441608
0.435,0.00925750491155686,6.12041003953926,0.172032772551888
0.4352,0.0743340417473046,6.19019038460136,0.167328964325528
0.4354,0.139766399881949,6.26039793541067,0.162553771650868
0.4356,0.205537309849421,0.0480281361229351,0.157509173726485
0.4358,0.271610211807317,0.119643631126538,0.151966580680779
0.436,0.337947498572877,0.192376946462277,0.1455705521106
0.4362,0.404537060843569,0.26638485822885,0.138152202614719
0.4364,0.471370092767522,0.341330274704145,0.130039818063377
0.4366,0.538442619564261,0.416660655620281,0.12178196394398
0.4368,0.605759440076793,0.492147612402982,0.113611827673812
0.437,0.673326490484276,0.567654121395569,0.105672369088707
0.4372,0.741051090462466,0.64299727950101,0.0980538109614562
0.4374,0.8088814744489,0.718114767460918,0.0907667069879829
0.4376,0.876805468001677,0.793051104368985,0.0837543636326921
0.4378,0.944806799410831,0.867948120903225,0.0768586785076062
0.438,1.01287534499656,0.942991750778075,0.0698835942184813
0.4382,1.08099360176568,1.01858190193866,0.0624116998270243
0.4384,1.14913061301807,1.09474396948752,0.0543866435305429
0.4386,1.21720287384549,1.17141116364793,0.0457917101975582
0.4388,1.28520195216456,1.24839848975437,0.0368034624101925
0.439,1.35313605785962,1.3253838435193,0.0277522143403153
0.4392,1.42096530194916,1.40212643609197,0.0188388658571881
0.4394,1.48866862214769,1.47846180881949,0.0102068133282027
0.4396,1.55628130521521,1.5542744165132,0.00200688870201327
0.4398,1.62387154252555,1.62949482669752,-0.00562328417197211
0.44,1.69148208133545,1.70408597078465,-0.0126038894491998
0.4402,1.75908434952276,1.77802982989679,-0.0189454803740268
0.4404,1.82663816868433,1.85126460360342,-0.0246264349190861
0.4406,1.89417643812454,1.92367096133538,-0.0294945232108372
0.4408,1.96178921550111,1.99506343936543,-0.0332742238643251
0.441,2.02955267935545,2.06531349384268,-0.0357608144872321
0.4412,2.09749109835053,2.13438914131209,-0.0368980429615648
0.4414,2.16559847899872,2.20234902498837,-0.036750545989658
0.4416,2.23385768702899,2.26934946385033,-0.0354917768213401
0.4418,2.30236005198231,2.33553827407519,-0.0331782220928818
0.442,2.3710900664836,2.40115528140502,-0.0300652149214153
0.4422,2.44003329236908,2.46655294534305,-0.0265196529739775
0.4424,2.50919943030886,2.53220408972738,-0.0230046594185236
0.4426,2.57860148968826,2.59848255120501,-0.0198810615167448
0.4428,2.64823561582448,2.66569851925176,-0.0174629034272731
0.443,2.71815376816081,2.73404159385053,-0.0158878256897177
0.4432,2.78838372204347,2.80344576493959,-0.0150620428961283
0.4434,2.85895084085795,2.87392377930166,-0.0149729384437101
0.4436,2.92981872914597,2.94570480738961,-0.0158860782436414
0.4438,3.00100526638538,3.01933705795484,-0.0183317915694579
0.444,3.07251811291871,3.09524663251241,-0.0227285195937053
0.4442,3.1443668797384,3.17361413220653,-0.0292472524681333
0.4444,3.21649475278233,3.2545998529935,-0.0381051002111636
0.4446,3.28891690842952,3.33839441230556,-0.0494775038760449
0.4448,3.3616331036092,3.42485533504678,-0.0632222314375741
0.445,3.43459588422912,3.51357981598209,-0.0789839317529708
0.4452,3.50784092818091,3.60400896280426,-0.0961680346233509
0.4454,3.58140930410271,3.69538168831866,-0.113972384215953
0.4456,3.65527631706707,3.7868854064642,-0.131609089397134
0.4458,3.72937222729528,3.87776023405361,-0.148388006758326
0.446,3.80370183925799,3.9674043982085,-0.163702558950511
0.4462,3.87826419686583,4.05534816943934,-0.177083972573504
0.4464,3.95300797910969,4.14126666460355,-0.188258685493861
0.4466,4.0279700613051,4.22507701515633,-0.197106953851229
0.4468,4.10313486332884,4.30679829481617,-0.203663431487334
0.447,4.17843285898394,4.38657000628535,-0.208137147301415
0.4472,4.25386568657693,4.4646992369054,-0.210833550328474
0.4474,4.32946016762912,4.54154697415578,-0.212086806526655
0.4476,4.40519766804961,4.61752455908864,-0.212326891039034
0.4478,4.48106563558497,4.6930372060069,-0.211971570421933
0.448,4.55709414459499,4.76845926793465,-0.21136512333966
0.4482,4.63323552050324,4.84412627545765,-0.210890754954404
0.4484,4.70951618026102,4.9203253182551,-0.210809137994079
0.4486,4.78597220367782,4.99728497641672,-0.211312772738903
0.4488,4.86257715341283,5.07515218402227,-0.212575030609438
0.449,4.93932915454195,5.15390201399992,-0.214572859457968
0.4492,5.0162685743596,5.23342242415417,-0.21715384979457
0.4494,5.09339569807064,5.31352032242241,-0.220124624351769
0.4496,5.17068711796914,5.39388605817659,-0.22319894020745
0.4498,5.2481532463088,5.47420649352112,-0.226053247212318
0.45,5.32578111305313,5.55421482898958,-0.228433715936453
0.4502,5.40352224092298,5.63362786586919,-0.230105624946208
0.4504,5.48140181985836,5.71215884252145,-0.230757022663097
0.4506,5.55937744367813,5.78960203562557,-0.230224591947439
0.4508,5.6374565004629,5.8658983106679,-0.228441810204998
0.451,5.71562695496816,5.94107166515912,-0.225444710190962
0.4512,5.79388424324684,6.01520641813614,-0.221322174889301
0.4514,5.87217359968455,6.08844976231033,-0.216276162625782
0.4516,5.95055206573723,6.16101803315204,-0.210465967414805
0.4518,6.02898608581271,6.23302566608913,-0.204039580276419
0.452,6.10742505945997,0.0214236852274099,-0.197183932947029
0.4522,6.18586934469731,0.0927825535678225,-0.190098516050101
0.4524,6.26438313995246,0.164139594702367,-0.182941761929492
0.4526,0.05978440175336,0.235609701103673,-0.175825299350313
0.4528,0.138425846255196,0.307295155542095,-0.168869309286899
0.453,0.217140986290445,0.379331879285662,-0.162190892995217
0.4532,0.295945712514337,0.451792917552765,-0.155847205038428
0.4534,0.374831242578421,0.524755545949237,-0.149924303370816
0.4536,0.453850759604703,0.598248356975742,-0.144397597371039
0.4538,0.532955821786606,0.672274587798988,-0.139318766012382
0.454,0.612141802904105,0.746798866085621,-0.134657063181516
0.4542,0.691440183013896,0.821782711430769,-0.130342528416873
0.4544,0.770821717961279,0.897129297758161,-0.126307579796881
0.4546,0.850249613150436,0.972772900264497,-0.122523287114061
0.4548,0.929787812426116,1.04860954182748,-0.118821729401361
0.455,1.00937499747258,1.12457123856367,-0.115196241091088
0.4552,1.08900869541331,1.20060799679181,-0.111599301378502
0.4554,1.16867506484293,1.27662905106207,-0.107953986219147
0.4556,1.2483283891191,1.35257383591277,-0.104245446793671
0.4558,1.32800344928843,1.42840045978128,-0.10039701049285
0.456,1.40766715086358,1.50406001078256,-0.0963928599189869
0.4562,1.48732889360756,1.57953195183689,-0.0922030582293301
0.4564,1.56696640914477,1.65480643190679,-0.0878400227620175
0.4566,1.64657350000286,1.72989114979156,-0.0833176497887067
0.4568,1.72610542194608,1.80481637673926,-0.078710954793179
0.457,1.80554118867764,1.87963810057138,-0.0740969118937398
0.4572,1.8849228022538,1.95438873503898,-0.0694659327851788
0.4574,1.96425827653446,2.02910855211219,-0.0648502755777216
0.4576,2.04352499367783,2.10388036741482,-0.0603553737369822
0.4578,2.12278892771918,2.17878282115746,-0.0559938934382798
0.458,2.20204553092809,2.25382936142998,-0.0517838305018929
0.4582,2.2812429699148,2.32905835779215,-0.0478153878773524
0.4584,2.36040710028472,2.40450622861696,-0.0440991283322458
0.4586,2.43955903369176,2.48013499043482,-0.0405759567430595
0.4588,2.51861708602443,2.55596254247782,-0.0373454564533904
0.459,2.5976003307377,2.63197923701985,-0.0343789062821518
0.4592,2.67653967592755,2.70816450852649,-0.0316248325989443
0.4594,2.75545914274583,2.78446949139541,-0.0290103486495767
0.4596,2.83437224148506,2.86080151307052,-0.0264292715854673
0.4598,2.91324573451186,2.93702205132396,-0.0237763168120964
0.46,2.99207643810184,3.01304828344921,-0.0209718453473737
0.4602,3.07090277092708,3.08897528063464,-0.0180725097075602
0.4604,3.14974061587399,3.16475621366098,-0.0150155977869875
0.4606,3.22859365568863,3.24032900693322,-0.0117353512445928
0.4608,3.30739051830968,3.31564352614189,-0.00825300783221516
0.461,3.38611069692918,3.39078535866665,-0.00467466173746622
0.4612,3.46479567434587,3.46576222106639,-0.000966546720517769
0.4614,3.54341172869196,3.54055530043833,0.00285642825362675
0.4616,3.62188388807847,3.61516183663011,0.00672205144836102
0.4618,3.70022070545813,3.68959622998737,0.0106244754707698
0.462,3.77842235971762,3.76388150134224,0.0145408583753839
0.4622,3.85654140181041,3.8380828294758,0.018458572334616
0.4624,3.93454280217977,3.91225736297158,0.0222854392081913
0.4626,4.01244336642405,3.98647409755907,0.0259692688649773
0.4628,4.09022184228091,4.06070870357528,0.0295131387056315
0.463,4.16786354363284,4.13501076433405,0.0328527792987883
0.4632,4.24536833817,4.20939121342249,0.0359771247475091
0.4634,4.32272585775826,4.28388224013287,0.0388436176253881
0.4636,4.39994923501055,4.35852200538274,0.0414272296278089
0.4638,4.47703394025338,4.43332386306879,0.0437100771845866
0.464,4.55401870347426,4.50827484726888,0.0457438562053882
0.4642,4.63091477697981,4.58338664567462,0.0475281313051976
0.4644,4.70772680793302,4.65864057337258,0.0490862345604421
0.4646,4.7845077895807,4.73401430918347,0.0504934803972281
0.4648,4.86127618766389,4.80948920323415,0.0517869844297429
0.465,4.9379867221528,4.88503843603267,0.0529482861201283
0.4652,5.01466213586901,4.96065008460154,0.0540120512674642
0.4654,5.09128227382313,5.03629008855338,0.0549921852697484
0.4656,5.1678427376274,5.11194503366889,0.0558977039585127
0.4658,5.24431494874146,5.18759853812772,0.056716410613733
0.466,5.32068062309065,5.26319255721035,0.0574880658802979
0.4662,5.3969602025922,5.33877283015896,0.0581873724332418
0.4664,5.47318627329238,5.4143324846842,0.058853788608185
0.4666,5.54935023404254,5.48988777828932,0.0594624557532155
0.4668,5.62547266846353,5.56545461319808,0.0600180552654566
0.467,5.70150582899672,5.64097337591008,0.0605324530866369
0.4672,5.77743628593591,5.71646592773866,0.0609703581972578
0.4674,5.85326350854333,5.79184648820218,0.0614170203411462
0.4676,5.92896885724286,5.86714240494727,0.0618264522955911
0.4678,6.00457749034937,5.94233773923671,0.0622397511126609
0.468,6.08005338281012,6.01740371071815,0.0626496720919745
0.4682,6.15538730544518,6.09232989778296,0.0630574076622157
0.4684,6.23063231356198,6.16719493251288,0.063437381049102
0.4686,0.0226013007884527,6.24203046069433,0.0637561472737049
0.4688,0.0976499950198584,0.0335629820994294,0.0640870129204289
0.469,0.172571642069415,0.108108767919615,0.0644628741498008
0.4692,0.2473955242964,0.182511722739401,0.0648838015569995
0.4694,0.322122579818421,0.256800470329198,0.0653221094892225
0.4696,0.396743026453982,0.330961606525626,0.0657814199283552
0.4698,0.471260386604934,0.404999755284262,0.0662606313206714
0.47,0.545688013661404,0.479008786930108,0.066679226731296
0.4702,0.620057319153247,0.552972425562142,0.0670848935911045
0.4704,0.694389397012556,0.62699109970261,0.0673982973099455
0.4706,0.768719496942896,0.701064630890295,0.0676548660526005
0.4708,0.843013889553988,0.775203939287368,0.0678099502666195
0.471,0.917297903610168,0.84942046579221,0.0678774378179575
0.4712,0.991521848798319,0.92373023962691,0.0677916091714084
0.4714,1.06569852808012,0.998161631915264,0.0675368961648554
0.4716,1.13981692737288,1.07273752245726,0.0670794049156227
0.4718,1.21385751634387,1.14744341207521,0.0664141042686635
0.472,1.28780756036935,1.22230755407704,0.0655000062923077
0.4722,1.36167625718056,1.29731385596268,0.0643624012178785
0.4724,1.43545295848678,1.37243979113801,0.0630131673487746
0.4726,1.50915739065743,1.44766034960403,0.0614970410534059
0.4728,1.58283046185228,1.52297292165578,0.0598575401964987
0.473,1.65645016334487,1.59836257535312,0.0580875879917477
0.4732,1.73001808988629,1.6738117924418,0.0562062974444872
0.4734,1.80356967749916,1.74929299439916,0.0542766830999981
0.4736,1.87705970488087,1.82477493131313,0.0522847735677403
0.4738,1.95044878695175,1.90024244127461,0.0502063456771435
0.474,2.02382279244967,1.97569604603849,0.0481267464111794
0.4742,2.09716701804525,2.05108646177945,0.0460805562658035
0.4744,2.17043248585404,2.1263598608369,0.0440726250171428
0.4746,2.24363029249432,2.20155026381569,0.0420800286786349
0.4748,2.31674433083868,2.27662662984298,0.0401177009957054
0.475,2.3897671189619,2.35154541386611,0.0382217050957911
0.4752,2.46274152203298,2.42635755367013,0.0363839683628502
0.4754,2.53567655028434,2.50105897971461,0.0346175705697389
0.4756,2.60858152085831,2.57564473726545,0.0329367835928638
0.4758,2.68148736961705,2.65010780069569,0.0313795689213658
0.476,2.75441334685786,2.72448762921403,0.0299257176438297
0.4762,2.82738900121123,2.79878497145189,0.0286040297593364
0.4764,2.9004435174695,2.8730961296998,0.0273473877696957
0.4766,2.97354211218305,2.94738931693163,0.0261527952514213
0.4768,3.04666857834678,3.02157448727803,0.025094091068754
0.477,3.11975983399735,3.09559531128373,0.0241645227136216
0.4772,3.19283267418281,3.16949498122244,0.023337692960367
0.4774,3.26588694365826,3.24336538117899,0.0225215624792741
0.4776,3.33894888230636,3.31731680692818,0.0216320753781791
0.4778,3.41206314526255,3.39132902555185,0.0207341197106996
0.478,3.48519887261044,3.46543535822621,0.0197635143842327
0.4782,3.55832131970397,3.53962677275794,0.0186945469460307
0.4784,3.63136024392678,3.61389937534645,0.0174608685803261
0.4786,3.70437140644783,3.68830105645759,0.0160703499902315
0.4788,3.77734558312612,3.76283192977592,0.0145136533501931
0.479,3.85032221170209,3.83755616818147,0.0127660435206218
0.4792,3.92325901347304,3.91233444468601,0.0109245687870221
0.4794,3.99611528565153,3.98720078868507,0.00891449696646074
0.4796,4.06894879943911,4.06218137170773,0.00676742773138361
0.4798,4.14176460503483,4.13728781124141,0.00447679379341803
0.48,4.21457993181669,4.21251675875847,0.00206317305822612
0.4802,4.28740789425323,4.28781759832851,-0.000409704075279294
0.4804,4.36023454567849,4.36318918134724,-0.00295463566875043
0.4806,4.43304216052023,4.43860483428158,-0.00556267376135366
0.4808,4.50581663893474,4.51403460706428,-0.00821796812954645
0.481,4.57855941522508,4.58947141310117,-0.0109119978760921
0.4812,4.65132140998092,4.66490175130472,-0.013580341323796
0.4814,4.72411935314551,4.74030382642665,-0.016184473281136
0.4816,4.79696177336942,4.81566105236776,-0.0186992789983407
0.4818,4.86988577532131,4.89095972090928,-0.0210739455879656
0.482,4.94288444518964,4.96618661419875,-0.0233021690091073
0.4822,5.01592674274597,5.04133434684358,-0.0254076040976079
0.4824,5.08903789266394,5.11636341903737,-0.0273255263734349
0.4826,5.16220714570222,5.19129972057749,-0.0290925748752731
0.4828,5.23542909807141,5.26613227742196,-0.0307031793505574
0.483,5.30873543763381,5.34085875857121,-0.0321233209373943
0.4832,5.38210125784117,5.41546682579461,-0.0333655679534397
0.4834,5.45555450672067,5.48991627721346,-0.0343617704927857
0.4836,5.52905547538597,5.56428272215881,-0.0352272467728456
0.4838,5.60261308958754,5.63855851627621,-0.0359454266886718
0.484,5.67617842865366,5.71271622288902,-0.0365377942353602
0.4842,5.74973113391928,5.78682976740583,-0.0370986334865551
0.4844,5.82326371343735,5.86087881909568,-0.037615105658328
0.4846,5.89682816107471,5.93492940488955,-0.038101243814844
0.4848,5.97038721060005,6.00895642412815,-0.0385692135281008
0.485,6.04390302905458,6.08294743000956,-0.039044400954988
0.4852,6.11746000818022,6.15695401970329,-0.0394940115230744
0.4854,6.19103884122834,6.23099855652114,-0.0399597152927988
0.4856,6.26461576435225,0.0219271420407836,-0.040496684868117
0.4858,0.0549997920443115,0.0960550064370502,-0.0410552143927387
0.486,0.128544702356881,0.170291777550668,-0.0417470751937875
0.4862,0.202168746215973,0.244717953956818,-0.0425492077408452
0.4864,0.275871271717194,0.319332596708584,-0.0434613249913899
0.4866,0.349630009663358,0.394090896491945,-0.0444608868285876
0.4868,0.423473072061748,0.468938639523849,-0.0454655674621003
0.487,0.497349151908994,0.543835879516283,-0.0464867276072894
0.4872,0.571264096883041,0.618811269307797,-0.0475471724247551
0.4874,0.645252592177567,0.693902841402861,-0.0486502492252938
0.4876,0.719297300597407,0.769040525365186,-0.0497432247677795
0.4878,0.793359150148008,0.844279045242208,-0.0509198950941998
0.488,0.867469995404275,0.919633600552374,-0.0521636051480983
0.4882,0.941629751557921,0.995031287649132,-0.0534015360912101
0.4884,1.01580035200591,1.07047866034121,-0.0546783083352973
0.4886,1.09001288525407,1.1459744096427,-0.0559615243886342
0.4888,1.16430695462667,1.2215039921167,-0.0571970374900272
0.489,1.23870800934277,1.29703142612481,-0.0583234167820441
0.4892,1.31316922213195,1.37255899437922,-0.0593897722472698
0.4894,1.38771967434021,1.44807669500981,-0.0603570206696022
0.4896,1.46232700319848,1.52354496342865,-0.0612179602301757
0.4898,1.53697002348128,1.59895110081431,-0.0619810773330329
0.49,1.61158164956294,1.67429059153726,-0.0627089419743223
0.4902,1.68621832534376,1.74955867247408,-0.0633403471303178
0.4904,1.76088156032226,1.82475655298746,-0.0638749926652029
0.4906,1.83553323165274,1.89988770070475,-0.0643544690520093
0.4908,1.91020398284496,1.97493637111252,-0.0647323882675561
0.491,1.98487514907079,2.04990796961199,-0.0650328205412016
0.4912,2.05952558687224,2.12477786122116,-0.065252274348921
0.4914,2.13414572951988,2.19951797444963,-0.065372244929744
0.4916,2.20871420858123,2.27415594590149,-0.065441737320254
0.4918,2.28333572828753,2.34872677130013,-0.0653910430126019
0.492,2.35801932281832,2.42319365904017,-0.0651743362218511
0.4922,2.43275704727453,2.49760360771324,-0.0648465604387085
0.4924,2.5075929086008,2.57199920517133,-0.0644062965705312
0.4926,2.58254361241306,2.64632697248486,-0.0637833600717972
0.4928,2.65752354723075,2.72058583742916,-0.0630622901984101
0.493,2.73254465533536,2.79472967216511,-0.0621850168297509
0.4932,2.80759836108596,2.868768279229,-0.0611699181430394
0.4934,2.88265514318588,2.94280876341716,-0.0601536202312851
0.4936,2.95777300264125,3.016929971714,-0.0591569690727534
0.4938,3.03293852054104,3.09107740126712,-0.0581388807260796
0.494,3.10813797897086,3.16532404759845,-0.0571860686275825
0.4942,3.18340465286272,3.23962413744177,-0.0562194845790511
0.4944,3.258712011557,3.31395559945576,-0.0552435878987616
0.4946,3.33408874259351,3.38834959634183,-0.0542608537483242
0.4948,3.40949791253836,3.46288612426867,-0.0533882117303168
0.495,3.48497032229192,3.53764189431031,-0.0526715720183892
0.4952,3.560474493344,3.61251853354491,-0.0520440402009101
0.4954,3.63599303548341,3.68742259465544,-0.0514295591720373
0.4956,3.71146134977026,3.76232522488099,-0.0508638751107329
0.4958,3.78693326813351,3.83734428039583,-0.0504110122623205
0.496,3.8624057396313,3.91247819455455,-0.0500724549232516
0.4962,3.93784051949386,3.98764880803658,-0.0498082885427187
0.4964,4.01327352706404,4.06290675057581,-0.0496332235117718
0.4966,4.08869147248152,4.13818663855265,-0.049495166071134
0.4968,4.16407300269522,4.21350890083008,-0.0494358981348633
0.497,4.23941765268006,4.28885667603083,-0.0494390233507618
0.4972,4.31478414187052,4.36426223949581,-0.0494780976252924
0.4974,4.39016107539883,4.43970536878241,-0.049544293383577
0.4976,4.46556790428893,4.51515752397454,-0.0495896196856132
0.4978,4.54103276536307,4.59060301368366,-0.0495702483205935
0.498,4.61656378187874,4.66602384056459,-0.0494600586858533
0.4982,4.69211477235584,4.74142330421036,-0.0493085318545186
0.4984,4.76769001985871,4.81679502687259,-0.0491050070138774
0.4986,4.84331145081564,4.89213106123949,-0.048819610423843
0.4988,4.9189481111971,4.96741481131356,-0.0484667001164558
0.499,4.99455705005926,5.04267482541191,-0.0481177753526474
0.4992,5.07019437995234,5.11790122554815,-0.0477068455958083
0.4994,5.14584872729583,5.1930410856054,-0.047192358309573
0.4996,5.22151026963067,5.26811229916882,-0.0466020295381533
0.4998,5.29721161500088,5.34307884037898,-0.0458672253780996
0.5,5.37292633481575,5.41795692483386,-0.0450305900181114
0.5002,5.44868275036584,5.49275974658273,-0.0440769962168872
0.5004,5.52444312362997,5.5674713254558,-0.0430282018258277
0.5006,5.60021724633172,5.64215541809574,-0.0419381717640146
0.5008,5.6759562562301,5.71674033171066,-0.0407840754805555
0.501,5.75164028164776,5.79125467309905,-0.0396143914512868
0.5012,5.8272648159349,5.86569381665004,-0.0384290007151371
0.5014,5.90288461501459,5.9401216851123,-0.0372370700977136
0.5016,5.97849279380346,6.0145929112884,-0.0361001174849349
0.5018,6.05412558933264,6.08905289186066,-0.0349273025280121
0.502,6.1297536524531,6.16351455736089,-0.0337609049077905
0.5022,6.20535443240993,6.23793055374325,-0.0325761213333191
0.5024,6.28089931069856,0.0291711895529326,-0.031457186033963
0.5026,0.0732128457207422,0.103647387040879,-0.030434541320137
0.5028,0.148729838921789,0.178118095911432,-0.0293882569896428
0.503,0.224249429098462,0.252581917741933,-0.028332488643471
0.5032,0.299783986424383,0.327100502482176,-0.0273165160577928
0.5034,0.375352525703433,0.40162763949265,-0.0262751137892172
0.5036,0.450883415407229,0.476192947293784,-0.0253095318865551
0.5038,0.526402131713979,0.550822963627488,-0.0244208319135093
0.504,0.601928239876404,0.625542003619719,-0.0236137637433153
0.5042,0.677477040281466,0.700326847347757,-0.0228498070662906
0.5044,0.753063585604187,0.775200733249085,-0.0221371476448979
0.5046,0.828653320994921,0.850096586296347,-0.0214432653014258
0.5048,0.904239406326336,0.925018753391864,-0.0207793470655276
0.505,0.979768329054147,1.00001510370067,-0.0202467746465271
0.5052,1.05529987873611,1.07508390842549,-0.0197840296893796
0.5054,1.13091645655314,1.15023377348956,-0.0193173169364178
0.5056,1.20654876655954,1.22542778661573,-0.0188790200561948
0.5058,1.28217754031318,1.30066620148074,-0.0184886611675537
0.506,1.35779836251175,1.37595203118497,-0.0181536686732202
0.5062,1.43342637868048,1.45128414345021,-0.0178577647697298
0.5064,1.50900557086693,1.52666013566544,-0.0176545647985129
0.5066,1.58451735225405,1.60205755964662,-0.0175402073925739
0.5068,1.6599594783678,1.67746322134948,-0.0175037429816756
0.507,1.7353893144348,1.7528662225286,-0.0174769080938002
0.5072,1.81076233552139,1.82824670142976,-0.0174843659083619
0.5074,1.8860311569374,1.90359856603203,-0.017567409094621
0.5076,1.96128892859839,1.97891908295112,-0.0176301543527275
0.5078,2.03652894214434,2.05417351768754,-0.0176445755432
0.508,2.11170149714997,2.12936557651371,-0.0176640793637386
0.5082,2.18680701286556,2.20453779971057,-0.017730786845009
0.5084,2.26191330871914,2.2796108067144,-0.017697497995262
0.5086,2.33701326450737,2.35460745117012,-0.0175941866627514
0.5088,2.41212868685222,2.4295271960672,-0.0173985092149787
0.509,2.48720971586299,2.50429010804184,-0.0170803921788476
0.5092,2.56226147464185,2.57896206689509,-0.0167005922532328
0.5094,2.63731811135881,2.65354293725926,-0.0162248259004523
0.5096,2.71237983214681,2.72804448625507,-0.0156646541082557
0.5098,2.78745642544759,2.80250178171633,-0.0150453562687436
0.51,2.86255883870289,2.87694134140819,-0.0143825027052942
0.5102,2.93767182955431,2.95132160824804,-0.0136497786937273
0.5104,3.01280025584282,3.02566479851746,-0.0128645426746443
0.5106,3.08788298418787,3.09992591291456,-0.0120429287266823
0.5108,3.16296518649367,3.17418448765837,-0.0112193011646928
0.511,3.23808037732035,3.24845070936999,-0.0103703320496433
0.5112,3.31319851586021,3.32268071549932,-0.00948219963911834
0.5114,3.38831418623715,3.39691587807468,-0.00860169183753445
0.5116,3.46342889896277,3.47115169385428,-0.00772279489151106
0.5118,3.5385667571855,3.54543667042404,-0.00686991323854169
0.512,3.61367350185299,3.61977668577617,-0.00610318392317621
0.5122,3.68872591268898,3.69421702802244,-0.0054911153334567
0.5124,3.76371545008115,3.76870639698688,-0.00499094690573365
0.5126,3.83869749071487,3.84328042817331,-0.00458293745843541
0.5128,3.91362680918395,3.91794928203602,-0.00432247285207898
0.513,3.9885286063246,3.99270048161759,-0.00417187529298513
0.5132,4.06341714731063,4.06756368373654,-0.00414653642590768
0.5134,4.13826565914204,4.14253591771222,-0.00427025857018304
0.5136,4.21304014663152,4.2176225424375,-0.00458239580598185
0.5138,4.28775468690005,4.29275143492411,-0.00499674802405981
0.514,4.3624023387048,4.36794997425251,-0.00554763554770688
0.5142,4.43705015792634,4.44321624640593,-0.00616608847959021
0.5144,4.51172996751426,4.51853530275454,-0.00680533524028615
0.5146,4.58640804502834,4.59389785165295,-0.00748980662461385
0.5148,4.66104136965173,4.66928279733967,-0.00824142768794633
0.515,4.73565620131951,4.74467922362709,-0.0090230223075789
0.5152,4.81027183273944,4.82007503789702,-0.00980320515757338
0.5154,4.8849105927891,4.89545602498099,-0.0105454321918916
0.5156,4.95958996378076,4.9708033759957,-0.0112134122149437
0.5158,5.03429775890071,5.04611273812738,-0.0118149792266671
0.516,5.1090370237018,5.12139394814513,-0.0123569244433286
0.5162,5.18374134843688,5.19660835548512,-0.0128670070482411
0.5164,5.25841134074322,5.27177679776998,-0.0133654570267652
0.5166,5.33306925965772,5.34689113168784,-0.0138218720301193
0.5168,5.40774608387978,5.42192502654249,-0.0141789426627144
0.517,5.48243160939438,5.49688946301877,-0.0144578536243909
0.5172,5.55712072877748,5.57175212420137,-0.0146313954238879
0.5174,5.63184322753717,5.64657968676226,-0.0147364592250874
0.5176,5.70655094746654,5.72129400742108,-0.0147430599545455
0.5178,5.78121876426919,5.79590846068271,-0.0146896964135106
0.518,5.85583176760955,5.8704082248756,-0.0145764572660472
0.5182,5.93043453860821,5.94481413281372,-0.0143795942055096
0.5184,6.0050151966376,6.01914107892711,-0.0141258822895018
0.5186,6.07960941417854,6.09343173971321,-0.0138223255346697
0.5188,6.15418657167961,6.16772335888625,-0.0135367872066432
0.519,6.22872444114467,6.24197909376423,-0.0132546526195592
0.5192,0.0200114771114697,0.0330165822069597,-0.01300510509549
0.5194,0.0944327556743689,0.107153117974155,-0.0127203622997859
0.5196,0.168793271438954,0.181270528037973,-0.0124772565990186
0.5198,0.243158406841708,0.255417553441051,-0.0122591465993429
0.52,0.317550128844378,0.329615779853069,-0.0120656510086906
0.5202,0.391977529595093,0.403923353595704,-0.0119458240006116
0.5204,0.466376460387658,0.478281151650619,-0.0119046912629619
0.5206,0.540765119320736,0.552664141599968,-0.0118990222792327
0.5208,0.615167399307752,0.627156763069135,-0.0119893637613837
0.521,0.689607521963879,0.701781201689891,-0.0121736797260128
0.5212,0.76410119982356,0.776552604619639,-0.0124514047960798
0.5214,0.838633899958461,0.851422071249655,-0.0127881712911937
0.5216,0.913207814742759,0.926395387808675,-0.0131875730659163
0.5218,0.987756877912127,1.00142611184774,-0.0136692339356184
0.522,1.06228348640384,1.07648341212205,-0.0141999257182082
0.5222,1.13681224643757,1.15161170375755,-0.0147994573199766
0.5224,1.21137504479449,1.22685400308697,-0.015478958292485
0.5226,1.28598303303046,1.30216196138431,-0.01617892835385
0.5228,1.36058932320784,1.37750968874665,-0.0169203655388115
0.523,1.43521122894982,1.45288230856566,-0.0176710796158372
0.5232,1.50980459081998,1.52827870327698,-0.0184741124569969
0.5234,1.58435125937485,1.60367703724348,-0.0193257778686275
0.5236,1.65884267024861,1.67905507797832,-0.0202124077297081
0.5238,1.73332620130967,1.75439211776614,-0.0210659164564733
0.524,1.80779058563775,1.829676988075,-0.0218864024372531
0.5242,1.88219919277109,1.90490923973121,-0.0227100469601131
0.5244,1.95660078218208,1.98009607512348,-0.0234952929414078
0.5246,2.03099573715695,2.05521869966547,-0.0242229625085146
0.5248,2.1053466767901,2.13023565145867,-0.0248889746685661
0.525,2.17965982117595,2.2051591563722,-0.0254993351962458
0.5252,2.25392646099784,2.27997205512274,-0.0260455941248967
0.5254,2.32821633014335,2.35469819322386,-0.0264818630805128
0.5256,2.402562233843,2.42939249086236,-0.0268302570193595
0.5258,2.47696757384095,2.50398582520355,-0.0270182513626018
0.526,2.55134793859356,2.57848875374133,-0.027140815147765
0.5262,2.62572350963241,2.65288583721446,-0.0271623275820496
0.5264,2.70011726207396,2.72723140778738,-0.0271141457134165
0.5266,2.77455719911075,2.80152064597831,-0.026963446867557
0.5268,2.84906134634096,2.87579777166234,-0.0267364253213773
0.527,2.92361163525326,2.9500695037918,-0.026457868538535
0.5272,2.998204842958,3.02438624134946,-0.0261813983914649
0.5274,3.0728201013165,3.09864483478969,-0.0258247334731903
0.5276,3.14744784417155,3.1729129685306,-0.0254651243590471
0.5278,3.22215407959857,3.24723655390321,-0.0250824743046425
0.528,3.2968774422911,3.32157552537919,-0.0246980830880936
0.5282,3.37160535771069,3.39592614670648,-0.024320788995793
0.5284,3.44633949670851,3.47029690927532,-0.0239574125668156
0.5286,3.52110121682737,3.54475349962416,-0.0236522827967911
0.5288,3.59583750527434,3.61926798951658,-0.0234304842422421
0.529,3.67052532700897,3.6938451861187,-0.0233198591097317
0.5292,3.74515624886476,3.76847397475499,-0.0233177258902337
0.5294,3.81978708461782,3.84321276301471,-0.023425678396896
0.5296,3.8943807572792,3.91799911454277,-0.0236183572635746
0.5298,3.96889700540421,3.99283291587095,-0.0239359104667383
0.53,4.04342069948472,4.06779547035038,-0.024374770865661
0.5302,4.11793155774288,4.14284268922465,-0.0249111314817636
0.5304,4.19240090325872,4.21798252925976,-0.0255816260010366
0.5306,4.26683204797112,4.29318359390258,-0.0263515459314609
0.5308,4.34129198673986,4.36845576247102,-0.02716377573116
0.531,4.41577342887397,4.44377658674065,-0.0280031578666824
0.5312,4.4902953152265,4.51913946434316,-0.0288441491166607
0.5314,4.56487949863935,4.59453466882699,-0.0296551701876391
0.5316,4.63945342781721,4.66993728396436,-0.0304838561471525
0.5318,4.71403568948744,4.74533495650035,-0.0312992670129031
0.532,4.78863462568646,4.82071271992009,-0.0320780942336327
0.5322,4.86325766153262,4.89605681597754,-0.0327991544449153
0.5324,4.93791314425645,4.97134664766704,-0.033433503410591
0.5326,5.01258865543236,5.04658080770468,-0.0339921522723161
0.5328,5.0873004281028,5.12176034361411,-0.0344599155113094
0.533,5.16199705689107,5.1968676402605,-0.0348705833694352
0.5332,5.236684947113,5.27184238816015,-0.0351574410471498
0.5334,5.31138353409284,5.34670122178562,-0.0353176876927854
0.5336,5.3861118888343,5.42145569084005,-0.0353438020057517
0.5338,5.46089248148827,5.49612497466816,-0.0352324931798904
0.534,5.53568795168151,5.57069298134323,-0.035005029661721
0.5342,5.61051747677792,5.64523679586779,-0.0347193190898718
0.5344,5.68537201911026,5.7197319146188,-0.0343598955085413
0.5346,5.76023426617173,5.79417518410799,-0.033940917936266
0.5348,5.83503768569626,5.86854164739001,-0.0335039616937465
0.535,5.90983700779716,5.94284715033067,-0.033010142533505
0.5352,5.9846278371746,6.01709684828883,-0.0324690111142232
0.5354,6.05944002923146,6.09132429324285,-0.0318842640113877
0.5356,6.1342389196869,6.16556358132103,-0.0313246616341294
0.5358,6.2090052006826,6.23978099693661,-0.0307757962540105
0.536,0.000533928719973709,0.0308161979679428,-0.0302822692479691
0.5362,0.0752139352417668,0.105101035415863,-0.0298871001740963
0.5364,0.149927559182906,0.179425345238931,-0.0294977860560256
0.5366,0.224658315506279,0.253768995962695,-0.0291106804564157
0.5368,0.299415919107262,0.328188285074942,-0.0287723659676803
0.537,0.37421706693516,0.402692379134555,-0.0284753121993946
0.5372,0.448989642750988,0.477249887526557,-0.0282602447755686
0.5374,0.523758283148757,0.551837470846084,-0.0280791876973275
0.5376,0.598550962179178,0.626502811794925,-0.0279518496157468
0.5378,0.673388953391685,0.701236326350123,-0.0278473729584379
0.538,0.748277750608911,0.776075905003795,-0.0277981543948846
0.5382,0.823191289442427,0.85097555349614,-0.0277842640537129
0.5384,0.898129240316189,0.925946301080139,-0.0278170607639499
0.5386,0.973031894354138,1.00098732341691,-0.0279554290627744
0.5388,1.04790912177976,1.07611940432518,-0.0282102825454236
0.539,1.12280805104727,1.15131170876039,-0.0285036577131204
0.5392,1.19773796474032,1.22656692865013,-0.0288289639098096
0.5394,1.27271167742484,1.30188616359497,-0.0291744861701368
0.5396,1.34769121700107,1.37724716069595,-0.0295559436948742
0.5398,1.4226975792091,1.45262655715671,-0.0299289779476057
0.54,1.49768445074371,1.52802332740522,-0.0303388766615136
0.5402,1.5726271210561,1.60342209495954,-0.0307949739034321
0.5404,1.64751531968322,1.67881263557102,-0.0312973158878029
0.5406,1.72240126729781,1.75417959659925,-0.0317783293014351
0.5408,1.79727799485615,1.82950433606345,-0.0322263412073061
0.541,1.87210608874289,1.90477102055143,-0.0326649318085421
0.5412,1.94691565587675,1.97995794143777,-0.0330422855610233
0.5414,2.02168798264009,2.05506995750191,-0.0333819748618129
0.5416,2.09640510587161,2.13008624725147,-0.0336811413798586
0.5418,2.17107655460445,2.205046139676,-0.0339695850715436
0.542,2.24577296479913,2.27990664925171,-0.0341336844525832
0.5422,2.32049062698364,2.35465842339664,-0.0341677964129983
0.5424,2.39524988351708,2.42934699342894,-0.0340971099118588
0.5426,2.47006893871749,2.50395437307873,-0.033885434361244
0.5428,2.54486876833267,2.57849816173832,-0.0336293934056524
0.543,2.61966633484349,2.65292392360285,-0.0332575887593585
0.5432,2.69447797540564,2.72727165061738,-0.0327936752117353
0.5434,2.76932406427465,2.80153223911633,-0.0322081748416867
0.5436,2.84421995424888,2.87574993307899,-0.031529978830112
0.5438,2.91914784546749,2.94993844366325,-0.030790598195761
0.544,2.99411049935245,3.02413583180737,-0.0300253324549198
0.5442,3.06909421768554,3.09828393829523,-0.0291897206096809
0.5444,3.14409035828306,3.17241746097184,-0.0283271026887824
0.5446,3.21916052067635,3.2466107342072,-0.0274502135308468
0.5448,3.29424018789784,3.32083034004916,-0.0265901521513268
0.545,3.36931919664197,3.39507879339851,-0.025759596756544
0.5452,3.44440418193138,3.46937284973986,-0.0249686678084755
0.5454,3.51951691720791,3.54377614136871,-0.0242592241608035
0.5456,3.59459975765242,3.61824920360821,-0.0236494459557828
0.5458,3.66962448683738,3.69278539273686,-0.0231609058994882
0.546,3.74458150319429,3.76739043086981,-0.0228089276755132
0.5462,3.81952351785493,3.8421387142733,-0.0226151964183714
0.5464,3.89444522872649,3.91704323760734,-0.0225980088808475
0.5466,3.96938768622854,3.99198344082402,-0.0225957545954816
0.5468,4.04432603367038,4.06698631351747,-0.0226602798470887
0.547,4.11923995653351,4.14207119236727,-0.0228312358337579
0.5472,4.19409946567465,4.21725147659775,-0.0231520109231029
0.5474,4.26891149884319,4.2924559992433,-0.0235445004001127
0.5476,4.34366051827107,4.36771137763289,-0.0240508593618243
0.5478,4.41841092522506,4.44301545648024,-0.0246045312551848
0.548,4.49319736088082,4.51835959212019,-0.0251622312393751
0.5482,4.56803163857935,4.59374233272574,-0.0257106941463832
0.5484,4.64283789223428,4.66913543556642,-0.0262975433321309
0.5486,4.71763915082436,4.74453237021022,-0.0268932193858582
0.5488,4.79245135140754,4.81991843779562,-0.0274670863880742
0.549,4.86728960672066,4.89527990598974,-0.0279902992690815
0.5492,4.94216513009665,4.97060103697835,-0.0284359068817084
0.5494,5.01705989149081,5.04588131985619,-0.0288214283653758
0.5496,5.09197903815601,5.12111586821707,-0.0291368300610646
0.5498,5.16686479493617,5.19629459213705,-0.0294297972008799
0.55,5.24176765092726,5.27145048087871,-0.0296828299514518
0.5502,5.31676477088676,5.34653975063939,-0.0297749797526281
0.5504,5.39178650350418,5.42153437554172,-0.0297478720375368
0.5506,5.46684249174207,5.49643921801898,-0.0295967262769121
0.5508,5.54189703543113,5.57123563338126,-0.0293385979501295
0.551,5.61696208541925,5.64595595374531,-0.0289938683260589
0.5512,5.691986414603,5.72053085637225,-0.0285444417692462
0.5514,5.76695167917382,5.79500856155308,-0.0280568823792606
0.5516,5.84185497490396,5.86940280982143,-0.0275478349174705
0.5518,5.91675531397016,5.94374077900646,-0.0269854650362999
0.552,5.99164299536502,6.01801318256881,-0.0263701872037929
0.5522,6.06655138361946,6.09227410649597,-0.0257227228765107
0.5524,6.14145538098275,6.16656579480823,-0.0251104138254865
0.5526,6.21633506053341,6.2408359828031,-0.0245009222696861
0.5528,0.00797232060398745,0.0318796251341222,-0.0239073045301348
0.553,0.0827423114870375,0.106003202148856,-0.023260890661818
0.5532,0.157445218945486,0.180091011120797,-0.0226457921753112
0.5534,0.232147344993233,0.254203183677923,-0.0220558386846904
0.5536,0.306882388711604,0.328400670943843,-0.0215182822322396
0.5538,0.381659330012112,0.402703233252998,-0.0210439032408861
0.554,0.456403104806761,0.477074825044046,-0.0206717202372856
0.5542,0.53114271281109,0.551520059108967,-0.0203773462978772
0.5544,0.605900326151622,0.626059882238688,-0.0201595560870658
0.5546,0.680691766154351,0.700683979305272,-0.0199922131509206
0.5548,0.755486392534043,0.775418670962745,-0.0199322784287017
0.555,0.830249721858418,0.850254767487093,-0.0200050456286749
0.5552,0.905041321655818,0.925199113153058,-0.0201577914972402
0.5554,0.979795794112219,1.00022211580804,-0.0204263216958209
0.5556,1.054552129332,1.07534721635464,-0.0207950870226368
0.5558,1.12938900842362,1.15054692004754,-0.0211579116239169
0.556,1.20424645624728,1.22578885535239,-0.0215423991051096
0.5562,1.279131226001,1.30108528113971,-0.0219540551387067
0.5564,1.35403588808927,1.37643229849944,-0.0223964104101713
0.5566,1.42897655275573,1.45180595987996,-0.0228294071242248
0.5568,1.50389533905971,1.5272016815971,-0.0233063425373892
0.557,1.57876411575204,1.60260042325238,-0.0238363075003365
0.5572,1.65357242955424,1.67798926829587,-0.0244168387416352
0.5574,1.7283716157635,1.75335325845242,-0.0249816426889227
0.5576,1.80315488317781,1.82868334810187,-0.0255284649240628
0.5578,1.87796155135543,1.90399501553663,-0.0260334641812077
0.558,1.95276419639516,1.97928485597853,-0.0265206595833745
0.5582,2.02753982239894,2.05451700480849,-0.0269771824095488
0.5584,2.102257322158,2.12965377525966,-0.0273964531016588
0.5586,2.17692513054205,2.20471672564278,-0.027791595100727
0.5588,2.25160851507478,2.27967668054819,-0.0280681654734116
0.559,2.32629463450999,2.35450843170746,-0.0282137971974712
0.5592,2.40097258585451,2.42919089735511,-0.028218311500595
0.5594,2.47564936727554,2.50376665873443,-0.0281172914588974
0.5596,2.55029761578232,2.57829504710082,-0.0279974313184952
0.5598,2.62494031873238,2.65272124051838,-0.0277809217859954
0.56,2.69959216716909,2.72706285240933,-0.0274706852402335
0.5602,2.77427522929673,2.80133490327764,-0.0270596739809101
0.5604,2.84901545714651,2.87558508878823,-0.0265696316417281
0.5606,2.9237852196103,2.94978472151755,-0.0259995019072514
0.5608,2.99857870268573,3.02394320267158,-0.0253644999858507
0.561,3.07333806052577,3.09800991111231,-0.0246718505865373
0.5612,3.14811514666243,3.17207258710055,-0.02395744043812
0.5614,3.22298418421857,3.24620826563478,-0.0232240814162021
0.5616,3.29787252457825,3.32039474685848,-0.0225222222802284
0.5618,3.37279288628783,3.39462896758153,-0.0218360812937095
0.562,3.44771666610002,3.46889005525643,-0.0211733891564099
0.5622,3.52265952715952,3.54325475663781,-0.0205952294782916
0.5624,3.59756753382407,3.61770455779021,-0.0201370239661403
0.5626,3.67241765533357,3.69223332015406,-0.0198156648204875
0.5628,3.74720572510445,3.76682056061876,-0.019614835514318
0.563,3.8219863949578,3.84150143654576,-0.0195150415879577
0.5632,3.89672030349886,3.91620587346815,-0.019485569969286
0.5634,3.97136498676048,3.99096775149073,-0.0196027647302506
0.5636,4.04601030990955,4.06584018718042,-0.0198298772708743
0.5638,4.12064552016003,4.14079991065044,-0.020154390490406
0.564,4.19522077674976,4.21586528027469,-0.0206445035249345
0.5642,4.2697386953649,4.29100253956973,-0.0212638442048281
0.5644,4.34427101156829,4.36622049645972,-0.0219494848914312
0.5646,4.41881621753787,4.44149875553319,-0.0226825379953182
0.5648,4.49337407004181,4.51683822146585,-0.0234641514240446
0.565,4.56795704493381,4.5922226118674,-0.0242655669335923
0.5652,4.64253462989343,4.66761664045717,-0.0250820105637404
0.5654,4.71712078773763,4.74301373201771,-0.0258929442800779
0.5656,4.79172258451141,4.81840071583099,-0.0266781313195743
0.5658,4.86636011333755,4.89376351545514,-0.0274034021175922
0.566,4.94104900778706,4.96908278194495,-0.0280337741578913
0.5662,5.01576563946537,5.0443540893498,-0.0285884498844258
0.5664,5.09050497705606,5.1195629236689,-0.0290579466128413
0.5666,5.16525193610662,5.19467197314718,-0.029420037040552
0.5668,5.2400049152841,5.26969791540469,-0.0296930001205924
0.567,5.31483352825259,5.34464601405699,-0.0298124858044062
0.5672,5.38967574440916,5.41949333567219,-0.0298175912630327
0.5674,5.46454760717089,5.49424486513615,-0.0296972579652595
0.5676,5.5394217777627,5.56889981371799,-0.0294780359552904
0.5678,5.61431815257416,5.64353779937463,-0.0292196468004695
0.568,5.68918690487352,5.71809027731655,-0.0289033724430325
0.5682,5.76400419554619,5.79256582682295,-0.0285616312767623
0.5684,5.83876314777643,5.86692071381806,-0.0281575660416244
0.5686,5.91351906283246,5.94120280368433,-0.0276837408518693
0.5688,5.98826645420047,6.01542479950605,-0.0271583453055761
0.569,6.06304098097391,6.08961672637854,-0.0265757454046351
0.5692,6.13780894737677,6.16381254517708,-0.0260035978003161
0.5694,6.2125424996997,6.23797863505451,-0.025436135354802
0.5696,0.00402414309179466,0.0289512305234267,-0.0249270874316321
0.5698,0.0786351113435527,0.10311196570825,-0.0244768543646968
0.57,0.153181634835293,0.177246380893558,-0.0240647460582652
0.5702,0.227734688988035,0.251392835581719,-0.0236581465936841
0.5704,0.30233134600136,0.325623256505141,-0.0232919105037807
0.5706,0.376981353890521,0.3999608495388,-0.0229794956482789
0.5708,0.451605395510186,0.474336754853621,-0.0227313593434356
0.571,0.526226243207303,0.548763708290094,-0.0225374650827905
0.5712,0.600863773857627,0.623286387168071,-0.0224226133104438
0.5714,0.675537254793068,0.697916063733724,-0.022378808940656
0.5716,0.750257773046848,0.772690443395584,-0.0224326703487356
0.5718,0.825001443849075,0.847546806624569,-0.0225453627754936
0.572,0.899765766717833,0.922526235281575,-0.0227604685637419
0.5722,0.974537415596268,0.997595650593503,-0.0230582349972351
0.5724,1.0493160736087,1.07272566626402,-0.0234095926553239
0.5726,1.12417531602845,1.14793771366242,-0.0237623976339707
0.5728,1.19905734261897,1.22320386464019,-0.0241465220212256
0.573,1.27394810649874,1.2985044067611,-0.0245563002623652
0.5732,1.34884437968689,1.37384921701461,-0.0250048373277183
0.5734,1.42376170382182,1.44921902296864,-0.0254573191468204
0.5736,1.49864514772903,1.5246117976297,-0.0259666499006672
0.5738,1.5734742776222,1.60001036926815,-0.0265360916459509
0.574,1.64824538130807,1.67540192917951,-0.0271565478714444
0.5742,1.72301184584309,1.75076846518979,-0.0277566193467009
0.5744,1.79776567495187,1.82608494860565,-0.028319273653777
0.5746,1.87247008384292,1.90134615744938,-0.0288760736064595
0.5748,1.94716092004073,1.97653557572938,-0.0293746556886587
0.575,2.02182258162957,2.05165662269241,-0.0298340410628382
0.5752,2.09643382955045,2.12668279382156,-0.030248964271109
0.5754,2.17099607483086,2.20163252648153,-0.0306364516506679
0.5756,2.24557151199275,2.27648319307035,-0.0309116810775962
0.5758,2.32015193878866,2.35126929159433,-0.031117352805671
0.576,2.39475965512883,2.42601461580655,-0.0312549606777144
0.5762,2.46942052042151,2.50065730448422,-0.0312367840627101
0.5764,2.54406387042342,2.57523369729412,-0.0311698268707037
0.5766,2.61870943123344,2.64970244332776,-0.030993012094318
0.5768,2.69336844868232,2.72407086993297,-0.0307024212506506
0.577,2.76805268671817,2.79829873410569,-0.030246047387517
0.5772,2.842772865888,2.87247214321169,-0.0296992773236933
0.5774,2.91751424069911,2.94662813660336,-0.0291138959042505
0.5776,2.9922880828121,3.02080928938297,-0.0285212065708649
0.5778,3.06704040072367,3.09489947379785,-0.0278590730741803
0.578,3.14178023467019,3.16888967744457,-0.0271094427743805
0.5782,3.216570675682,3.24293836951283,-0.0263676938308359
0.5784,3.29140102742808,3.31702484565809,-0.0256238182300113
0.5786,3.36627799201386,3.39117614401389,-0.0248981520000275
0.5788,3.44116086760889,3.46536535642064,-0.024204488811749
0.579,3.51606347058945,3.53966207530665,-0.023598604717197
0.5792,3.59097181207201,3.61411365183569,-0.0231418397636829
0.5794,3.66586918222673,3.68863343487228,-0.0227642526455494
0.5796,3.74069428194569,3.76318018418573,-0.0224859022400383
0.5798,3.81550690806654,3.83787102514115,-0.0223641170746118
0.58,3.89030591564902,3.91270568925579,-0.0223997736067689
0.5802,3.96504910957111,3.98757643409894,-0.0225273245278244
0.5804,4.03976627783902,4.06255150604711,-0.0227852282080914
0.5806,4.11444265754979,4.1376156617982,-0.0231730042484148
0.5808,4.18906273326677,4.21278490353354,-0.023722170266776
0.581,4.26361957609371,4.28800136091053,-0.0243817848168204
0.5812,4.3381064859017,4.3632748392919,-0.0251683533901996
0.5814,4.41260674953328,4.43858401735641,-0.02597726782313
0.5816,4.48715540911856,4.51392478030756,-0.0267693711890065
0.5818,4.56175873175309,4.58930827735964,-0.0275495456065507
0.582,4.63641122834965,4.66470374432766,-0.0282925159780127
0.5822,4.71106540498372,4.74010108957026,-0.0290356845865345
0.5824,4.78573014214962,4.81548808960697,-0.0297579474573464
0.5826,4.86043679302401,4.89085085490377,-0.030414061879763
0.5828,4.93520048793459,4.96617413625674,-0.0309736483221537
0.583,5.0099965132322,5.04146346154747,-0.0314669483152619
0.5832,5.08482320184232,5.11672172780045,-0.0318985259581348
0.5834,5.15966719935903,5.19189689825125,-0.0322296988922233
0.5836,5.23452209573677,5.26699697074082,-0.032474875004052
0.5838,5.30945266817877,5.34202409213778,-0.0325714239590109
0.584,5.38439673425819,5.41694926468789,-0.0325525304296992
0.5842,5.45937151850352,5.49176746792328,-0.0323959494197581
0.5844,5.53434732513811,5.56646916155845,-0.0321218364203393
0.5846,5.60933880748808,5.64112992581172,-0.0317911183236355
0.5848,5.68429364037097,5.71568208562985,-0.0313884452588722
0.585,5.75918836192934,5.79014418055985,-0.030955818630507
0.5852,5.83401623075073,5.86449915760531,-0.0304829268545808
0.5854,5.90882965854996,5.93876195524207,-0.0299322966921052
0.5856,5.98362045357126,6.01290176436298,-0.0292813107917196
0.5858,6.05835294222071,6.08695331439812,-0.0286003721774097
0.586,6.13306697020099,6.16100753066439,-0.0279405604633984
0.5862,6.20775243647962,6.23506366024425,-0.0273112237646282
0.5864,6.28239167329416,0.0259526350477357,-0.026746268933163
0.5866,0.0738011757786756,0.100087161872281,-0.0262859860936053
0.5868,0.148412476435189,0.174255222515598,-0.025842746080409
0.587,0.223030919541705,0.248414754896044,-0.0253838353543392
0.5872,0.297677226527127,0.322643937160907,-0.0249667106337801
0.5874,0.37237501280176,0.39698228313558,-0.0246072703338204
0.5876,0.447052231998407,0.471364231700304,-0.0243119997018973
0.5878,0.521731089856278,0.545797739811675,-0.0240666499553973
0.588,0.596428444694869,0.620322267135019,-0.0238938224401506
0.5882,0.671159453120279,0.694921472065989,-0.0237620189457104
0.5884,0.745931804554664,0.769647552434177,-0.0237157478795124
0.5886,0.820722366905078,0.844453460309408,-0.0237310934043299
0.5888,0.895535197395125,0.91933799007465,-0.0238027926795251
0.589,0.970364232602295,0.994326006543165,-0.0239617739408705
0.5892,1.04520965986636,1.06940548632033,-0.0241958264539701
0.5894,1.12010102632836,1.14459119960585,-0.024490173277488
0.5896,1.19500660972896,1.2198691531727,-0.0248625434437391
0.5898,1.26995213448027,1.29520198242376,-0.0252498479434919
0.59,1.34490007925654,1.37056998940534,-0.0256699101488036
0.5902,1.41986059666512,1.44595458491644,-0.0260939882513274
0.5904,1.49478171615684,1.5213543947408,-0.0265726785839611
0.5906,1.56964115497053,1.59675382989875,-0.0271126749282244
0.5908,1.64443399494963,1.67214475300358,-0.0277107580539508
0.591,1.71921662632446,1.74751434939216,-0.0282977230676984
0.5912,1.7939844389554,1.82285092447598,-0.0288664855205834
0.5914,1.86877537446823,1.89816409379323,-0.0293887193249984
0.5916,1.94356117515153,1.9734449956972,-0.0298838205456697
0.5918,2.0183211810229,2.04865572627754,-0.0303345452546497
0.592,2.09302919938555,2.12375819199247,-0.0307289926069241
0.5922,2.16767922781269,2.19872926641111,-0.0310500385984169
0.5924,2.2422459656336,2.2735848228772,-0.0313388572436049
0.5926,2.31682651337865,2.34834966179584,-0.0315231484171967
0.5928,2.39145090763075,2.42304146119584,-0.0315905535650987
0.593,2.46612342672164,2.49764503465348,-0.0315216079318379
0.5932,2.54084314686441,2.57220226341263,-0.0313591165482148
0.5934,2.61556562682827,2.64665108039408,-0.0310854535658116
0.5936,2.6902962161692,2.72102796739792,-0.0307317512287288
0.5938,2.76505898210474,2.79532189364121,-0.0302629115364743
0.594,2.83982640413727,2.86948628352835,-0.0296598793910814
0.5942,2.91455951444195,2.94359368443904,-0.0290341699970873
0.5944,2.98931360290051,3.01772083152518,-0.0284072286246686
0.5946,3.06407440808449,3.09182294142322,-0.0277485333387255
0.5948,3.13883780856135,3.16592402971746,-0.027086221156114
0.595,3.21368530102855,3.24006521211537,-0.0263799110868126
0.5952,3.28856800161304,3.31422905276071,-0.025661051147666
0.5954,3.36350093720007,3.38846381773222,-0.024962880532148
0.5956,3.43844245135201,3.46273721309215,-0.0242947617401428
0.5958,3.51339877351375,3.5370418319845,-0.0236430584707517
0.596,3.58831930327728,3.61138051906374,-0.0230612157864654
0.5962,3.66318680378467,3.68580987889715,-0.0226230751124787
0.5964,3.73799776235841,3.76030619629202,-0.022308433933607
0.5966,3.81280346850502,3.83491298050998,-0.0221095120049566
0.5968,3.88759324604836,3.90964727523851,-0.0220540291901474
0.597,3.96232921549792,3.98442320223568,-0.0220939867377643
0.5972,4.03704824261045,4.05929736248135,-0.0222491198708994
0.5974,4.11173585647711,4.13425342249363,-0.0225175660165204
0.5976,4.18637076032759,4.20930186765641,-0.0229311073288194
0.5978,4.26093677111043,4.28444375349461,-0.023506982384176
0.598,4.3354856526319,4.35967769686233,-0.0241920442304284
0.5982,4.41004525427978,4.43497137295504,-0.0249261186752614
0.5984,4.48461825542101,4.51031352368408,-0.0256952682630676
0.5986,4.55922716815139,4.58569146692654,-0.026464298775144
0.5988,4.63389156029617,4.66108290968765,-0.0271913493914804
0.599,4.70856184210493,4.73647986363763,-0.0279180215327059
0.5992,4.78323977482775,4.81186998752089,-0.0286302126931384
0.5994,4.85795166527889,4.88723672906324,-0.0292850637843509
0.5996,4.9327085016156,4.96255787228094,-0.0298493706653424
0.5998,5.00748257498087,5.03782974987742,-0.0303471748965451
0.6,5.08227343905943,5.11305034477411,-0.0307769057146805
