t_s,theta_pll_rad,theta_ref_rad,theta_err_rad
0,0,0,0
0.0002,0.0753982236904548,0.075398223686155,4.29981050764638e-12
0.0004,0.150252531569289,0.15079644737231,-0.000543915803021433
0.0006,0.22528665957672,0.226194671058465,-0.000908011481745158
0.0008,0.301428464383463,0.30159289474462,-0.000164430361156875
0.001,0.378305095563008,0.376991118430775,0.00131397713223247
0.0012,0.453813131599063,0.45238934211693,0.00142378948213279
0.0014,0.525736340914352,0.527787565803085,-0.00205122488873344
0.0016,0.593478735148149,0.60318578948924,-0.00970705434109087
0.0018,0.658025810934769,0.678584013175395,-0.0205582022406262
0.002,0.720352761053322,0.75398223686155,-0.0336294758082279
0.0022,0.78030386056394,0.829380460547705,-0.0490765999837659
0.0024,0.836803545938692,0.904778684233861,-0.0679751382951689
0.0026,0.889626020154541,0.980176907920016,-0.0905508877654752
0.0028,0.940286990034973,1.05557513160617,-0.115288141571198
0.003,0.990884006638679,1.13097335529233,-0.140089348653647
0.0032,1.04239031569822,1.20637157897848,-0.163981263280257
0.0034,1.0945914920041,1.28176980266464,-0.187178310660532
0.0036,1.14739822844143,1.35716802635079,-0.20976979790936
0.0038,1.20161976710752,1.43256625003695,-0.230946482929429
0.004,1.25840764131827,1.5079644737231,-0.249556832404835
0.0042,1.31778342709191,1.58336269740926,-0.265579270317349
0.0044,1.37876101897811,1.65876092109541,-0.279999902117305
0.0046,1.44019085017623,1.73415914478157,-0.293968294605338
0.0048,1.50172744609741,1.80955736846772,-0.307829922370313
0.005,1.56389342930628,1.88495559215388,-0.3210621628476
0.0052,1.62722552276907,1.96035381584003,-0.333128293070958
0.0054,1.69157335222635,2.03575203952619,-0.344178687299839
0.0056,1.75646224003659,2.11115026321234,-0.354688023175748
0.0058,1.82161603955892,2.1865484868985,-0.364932447339575
0.006,1.88737387116308,2.26194671058465,-0.374572839421566
0.0062,1.95419023090749,2.33734493427081,-0.383154703363315
0.0064,2.02206847435687,2.41274315795696,-0.390674683600089
0.0066,2.09059298024163,2.48814138164312,-0.397548401401488
0.0068,2.15933058382521,2.56353960532927,-0.404209021504061
0.007,2.2281950566658,2.63893782901543,-0.410742772349629
0.0072,2.29733515820927,2.71433605270158,-0.417000894492308
0.0074,2.36693341033774,2.78973427638774,-0.42280086605
0.0076,2.4369804282049,2.86513250007389,-0.428152071868992
0.0078,2.5074690429965,2.94053072376005,-0.433061680763545
0.008,2.57848236994351,3.0159289474462,-0.437446577502695
0.0082,2.65009277017118,3.09132717113236,-0.441234400961177
0.0084,2.72223885963555,3.16672539481851,-0.444486535182967
0.0086,2.79487292656793,3.24212361850467,-0.447250691936739
0.0088,2.86791502824336,3.31752184219082,-0.449606813947463
0.009,2.94116609084368,3.39292006587698,-0.451753975033301
0.0092,3.01436892815784,3.46831828956313,-0.453949361405289
0.0094,3.08745698082055,3.54371651324929,-0.456259532428735
0.0096,3.16070724081945,3.61911473693544,-0.458407496115996
0.0098,3.23458163391672,3.6945129606216,-0.459931326704879
0.01,3.30939859054738,3.76991118430775,-0.460512593760376
0.0102,3.38514967778826,3.84530940799391,-0.460159730205651
0.0104,3.46156409593311,3.92070763168006,-0.459143535746948
0.0106,3.53850995359449,3.99610585536622,-0.457595901771723
0.0108,3.61594924280391,4.07150407905237,-0.45555483624846
0.011,3.69379558979227,4.14690230273853,-0.453106712946259
0.0112,3.77183386721207,4.22230052642468,-0.450466659212618
0.0114,3.84981687195403,4.29769875011084,-0.447881878156803
0.0116,3.92767497227597,4.37309697379699,-0.445422001521022
0.0118,4.00574169762688,4.44849519748315,-0.442753499856265
0.012,4.08450313986063,4.5238934211693,-0.439390281308675
0.0122,4.16420479294564,4.59929164485546,-0.435086851909819
0.0124,4.24465610823095,4.67468986854161,-0.430033760310659
0.0126,4.32561457409427,4.75008809222777,-0.424473518133499
0.0128,4.40698376099582,4.82548631591392,-0.418502554918107
0.013,4.48876118047676,4.90088453960008,-0.412123359123313
0.0132,4.57091659729217,4.97628276328623,-0.405366165994058
0.0134,4.6533047076902,5.05168098697239,-0.398376279282192
0.0136,4.73575475346864,5.12707921065854,-0.391324457189907
0.0138,4.81826859604109,5.2024774343447,-0.384208838303607
0.014,4.90102289820584,5.27787565803085,-0.376852759825011
0.0142,4.98424218820643,5.35327388171701,-0.369031693510582
0.0144,5.0680969492021,5.42867210540316,-0.360575156201066
0.0146,5.15261726505753,5.50407032908932,-0.351453064031787
0.0148,5.23770153659461,5.57946855277547,-0.34176701618086
0.015,5.32321513876796,5.65486677646163,-0.331651637693664
0.0152,5.40907495111958,5.73026500014778,-0.321190049028203
0.0154,5.49523833286683,5.80566322383394,-0.310424890967104
0.0156,5.58161967674144,5.88106144752009,-0.299441770778651
0.0158,5.66803931683234,5.95645967120625,-0.288420354373911
0.016,5.7542393829173,6.0318578948924,-0.277618511975099
0.0162,5.84010102219873,6.10725611857856,-0.267155096379829
0.0164,5.92569404180332,6.18265434226471,-0.25696030046139
0.0166,6.01121865947361,6.25805256595087,-0.246833906477255
0.0168,6.09687968354826,6.06035217872014,0.0365275048281131
0.017,6.18281227830115,6.13950143279709,0.0433108455040534
0.0172,6.26908567268853,6.22044469232937,0.048640980359159
0.0174,0.0724970065086215,0.0191915212727223,0.0533054852358992
0.0176,0.159307768824837,0.102410452017026,0.0568973168078112
0.0178,0.246163416105667,0.188002384381224,0.058161031724443
0.018,0.332893819686634,0.276316433621797,0.0565773860648375
0.0182,0.419390452444248,0.366236829327006,0.0531536231172421
0.0184,0.505651030445412,0.455932466242302,0.0497185642031104
0.0186,0.591819151253293,0.544478714447506,0.047340436805787
0.0188,0.678159198806227,0.632054361398636,0.0461048374075913
0.019,0.764847285428425,0.719066844205529,0.0457804412228966
0.0192,0.851896732381703,0.805183579851002,0.0467131525307012
0.0194,0.939244683041642,0.889568446802402,0.0496762362392392
0.0196,1.02681161271514,0.971784171561402,0.0550274411537403
0.0198,1.11451562887743,1.05217540430928,0.0623402245681575
0.02,1.2022585095621,1.13131352857524,0.0709449809868636
0.0202,1.2899030613901,1.20935764856102,0.0805454128290819
0.0204,1.37720943257712,1.2861388278047,0.091070604772419
0.0206,1.46401357024519,1.36174430688727,0.102269263357927
0.0208,1.55041302036981,1.43664030395858,0.113772716411237
0.021,1.63664215260716,1.51140599696564,0.125236155641525
0.0212,1.72298938452458,1.58661113910659,0.136378245417989
0.0214,1.80962874222823,1.66269578647378,0.146932955754448
0.0216,1.89657727092858,1.7399688952945,0.156608375634088
0.0218,1.98377215026554,1.81855659753735,0.16521555272819
0.022,2.07113551454083,1.89830822902147,0.172827285519361
0.0222,2.15857966881484,1.97890525166035,0.179674417154493
0.0224,2.24593781108667,2.06025988348638,0.185677927600281
0.0226,2.33297248845475,2.14265805347033,0.190314434984418
0.0228,2.41951465989448,2.22648815231885,0.193026507575632
0.023,2.50554245304503,2.31189164345544,0.193650809589584
0.0232,2.59121635136507,2.39880301388261,0.192413337482464
0.0234,2.67677756001678,2.48719170673431,0.18958585328247
0.0236,2.76242510538013,2.57697789743288,0.185447207947248
0.0238,2.84826734570302,2.66786559003052,0.180401755672497
0.024,2.9343329246907,2.75923877847075,0.175094146219946
0.0242,3.0205867684388,2.8503988619825,0.170187906456298
0.0244,3.10687052365612,2.94070804444975,0.166162479206375
0.0246,3.19290865946722,3.02974284385666,0.163165815610559
0.0248,3.27853635659159,3.11743898827702,0.161097368314567
0.025,3.36371365198966,3.20374797697797,0.159965675011686
0.0252,3.44850144415573,3.28837899929649,0.160122444859234
0.0254,3.53300795783869,3.3711959857557,0.161811972082986
0.0256,3.61739085106782,3.45252206068555,0.164868790382267
0.0258,3.70180002048592,3.53284397115117,0.168956049334751
0.026,3.78623926319657,3.61206174899595,0.174177514200615
0.0262,3.87054877726996,3.68959989237559,0.180948884894367
0.0264,3.95459724757655,3.76501767233063,0.189579575245922
0.0266,4.03828646308388,3.83819907452562,0.200087388558253
0.0268,4.12148002894666,3.90935734206877,0.212122686877893
0.027,4.20392769116593,3.97882545088726,0.22510224027867
0.0272,4.28543580676327,4.04688593535887,0.2385498714044
0.0274,4.36582635968733,4.11395802066475,0.251868339022574
0.0276,4.44504525835425,4.18060536425374,0.264439894100518
0.0278,4.52307542282492,4.247393600026,0.275681822798921
0.028,4.59988078069464,4.31476429425847,0.285116486436173
0.0282,4.67541651704189,4.38302109116747,0.292395425874427
0.0284,4.74968014484388,4.45247339250047,0.297206752343415
0.0286,4.82258302576326,4.52335068143777,0.299232344325483
0.0288,4.89411976305127,4.59577588473412,0.298343878317143
0.029,4.96432644288539,4.66971658652786,0.294609856357532
0.0292,5.03327559966777,4.74502882186294,0.288246777804834
0.0294,5.10106106304156,4.82149053025174,0.279570532789825
0.0296,5.16786228062794,4.89884355614745,0.269018724480488
0.0298,5.23386844088903,4.97679009440724,0.257078346481784
0.03,5.29920549123714,5.05484113536252,0.244364355874626
0.0302,5.36405996294801,5.1322538425906,0.231806120357416
0.0304,5.42848605531684,5.20832783391529,0.220158221401548
0.0306,5.49257875507938,5.28276727342882,0.209811481650566
0.0308,5.55644335043777,5.35536601276055,0.201077337677214
0.031,5.6201557419956,5.42603420894654,0.194121533049062
0.0312,5.68386430577943,5.49494030773883,0.188923998040598
0.0314,5.74768866722264,5.5625548093281,0.185133857894539
0.0316,5.81177354173738,5.62950604777847,0.182267493958915
0.0318,5.87615236394733,5.69635506635749,0.179797297589838
0.032,5.94090867595944,5.76354164300381,0.177367032955623
0.0322,6.00607552056639,5.83134798988847,0.174727530677913
0.0324,6.07165625274573,5.9000706048621,0.171585647883621
0.0326,6.13767370670065,5.96987808453757,0.167795622163077
0.0328,6.20421704332656,6.04084326183953,0.163373781487032
0.033,6.2712865880269,6.11277207304187,0.158514514985029
0.0332,0.0556174762716681,6.18527233881533,0.15353044463592
0.0334,0.123530024990091,6.25814804549415,0.148567286675525
0.0336,0.19177965811683,0.0480116791272052,0.143767978989625
0.0338,0.260317873066726,0.12112587644939,0.139191996617335
0.034,0.3291293311553,0.194210354419679,0.134918976735621
0.0342,0.398202415602589,0.267332640391565,0.130869775211025
0.0344,0.467566115119316,0.340566265849474,0.126999849269842
0.0346,0.537224069189867,0.413959434981579,0.123264634208289
0.0348,0.607181437880674,0.487453752221404,0.11972768565927
0.035,0.677402396116158,0.561024680106959,0.116377716009199
0.0352,0.747829743337085,0.634627060765652,0.113202682571433
0.0354,0.818381237010666,0.708192479150385,0.110188757860282
0.0356,0.888998088293243,0.781572828123324,0.107425260169919
0.0358,0.95959384875843,0.85476896226573,0.1048248864927
0.036,1.03011207103607,0.927941925222135,0.102170145813938
0.0362,1.10047683257277,1.00121249260877,0.0992643399639948
0.0364,1.17069376432634,1.07465226883747,0.0960414954888662
0.0366,1.24072477946607,1.14827426864339,0.0924505108226799
0.0368,1.31052421197387,1.22214211708268,0.0883820948911913
0.037,1.38009721768309,1.29644486145409,0.0836523562289941
0.0372,1.44942652097684,1.37126968642166,0.0781568345551806
0.0374,1.51851113572831,1.4464867708488,0.0720243648795138
0.0376,1.58742656228361,1.52192773763878,0.0654988246448291
0.0378,1.65617501396972,1.59734146408194,0.058833549887779
0.038,1.72472171489475,1.67248063042875,0.0522410844660011
0.0382,1.79305043982104,1.74718809372666,0.0458623460943783
0.0384,1.86123710988838,1.82138724842216,0.0398498614662188
0.0386,1.92932293046873,1.89504489451005,0.0342780359586761
0.0388,1.99733501035658,1.96813419956454,0.0292008107920378
0.039,2.06538131829826,2.04059924880557,0.0247820694926841
0.0392,2.13347762202376,2.11236790060985,0.0211097214139047
0.0394,2.20163066795176,2.18334678729754,0.0182838806542236
0.0396,2.26993556187632,2.25340727695286,0.0165282849234614
0.0398,2.33839387014671,2.32250699576988,0.0158868743768301
0.04,2.40699186637746,2.39069713184216,0.0162947345353004
0.0402,2.4757153164745,2.45813575699973,0.0175795594747625
0.0404,2.54467360300728,2.52503354822162,0.0196400547856612
0.0406,2.61386633248795,2.59148607104845,0.0223802614395017
0.0408,2.68326805860073,2.65770397984789,0.0255640787528413
0.041,2.75285677878263,2.72403194663826,0.0288248321443723
0.0412,2.82264638985267,2.79085502850179,0.0317913613508862
0.0414,2.89264178250636,2.85857268282296,0.0340690996833977
0.0416,2.9628744202609,2.92739512688889,0.0354792933720116
0.0418,3.03333270956946,2.99750018689688,0.0358325226725831
0.042,3.10408607906052,3.06890843045895,0.0351776486015685
0.0422,3.17507392744542,3.1414854824208,0.0335884450246189
0.0424,3.24629485489951,3.21507748198259,0.0312173729169269
0.0426,3.31775818743859,3.28973787526115,0.0280203121774409
0.0428,3.38948811695568,3.36568368203952,0.0238044349161575
0.043,3.46146009047626,3.44303691300916,0.0184231774671089
0.0432,3.53365602834032,3.52183679471357,0.0118192336267535
0.0434,3.60601676388737,3.6021780912608,0.0038386726265629
0.0436,3.67857977632727,3.68412784700469,-0.00554807067741692
0.0438,3.75132294259967,3.76750513777574,-0.0161821951760688
0.044,3.82425640057299,3.85187440499861,-0.0276180044256109
0.0442,3.89733892176536,3.93666747179848,-0.0393285500331282
0.0444,3.97053200644166,4.02133711994951,-0.0508051135078533
0.0446,4.04387574894563,4.10548501859801,-0.0616092696523793
0.0448,4.11735120114223,4.18872455127449,-0.0713733501322578
0.045,4.19093990578515,4.27080147855725,-0.0798615727721037
0.0452,4.26463037234447,4.35157771522745,-0.0869473428829863
0.0454,4.33837756700173,4.43100457575594,-0.0926270087542154
0.0456,4.4122009154452,4.5091534945386,-0.0969525790933963
0.0458,4.48611945307319,4.58619148707613,-0.100072034002945
0.046,4.56013620113293,4.66231977339627,-0.102183572263344
0.0462,4.63421236906933,4.73780325109152,-0.103590882022184
0.0464,4.70838177155021,4.81292161817972,-0.104539846629501
0.0466,4.78269287001831,4.88793749510397,-0.105244625085666
0.0468,4.85716015497488,4.96310260831304,-0.105942453338161
0.047,4.93181013041607,5.03865813772058,-0.106848007304508
0.0472,5.00661144631249,5.11479144375956,-0.108179997447067
0.0474,5.08159907859137,5.19164630630506,-0.110047227713692
0.0476,5.15673345316809,5.26933895088251,-0.112605497714426
0.0478,5.23203754045422,5.34782669752517,-0.115789157070949
0.048,5.30746563852976,5.42698491685534,-0.119519278325576
0.0482,5.38303180703262,5.50660064652756,-0.123568839494935
0.0484,5.45868496286623,5.58645557388228,-0.127770611016045
0.0486,5.53444413170582,5.66623925668395,-0.13179512497813
0.0488,5.61027455500269,5.74570420561944,-0.135429650616744
0.049,5.68619868453681,5.82467739708357,-0.138478712546768
0.0492,5.76227148259987,5.90293173005506,-0.140660247455195
0.0494,5.8384319087605,5.98020609142789,-0.141774182667388
0.0496,5.91461509972504,6.05650892145848,-0.141893821733436
0.0498,5.9909038775314,6.13198846764069,-0.141084590109298
0.05,6.06726711665056,6.20663494212379,-0.139367825473228
0.0502,6.14364093555555,6.28062736268498,-0.136986427129426
0.0504,6.22009508375736,0.07098209394381,-0.134072317366035
0.0506,0.0134541796483063,0.144253112593746,-0.130798932945439
0.0508,0.0900790863155142,0.217357341999329,-0.127278255683815
0.051,0.16676865371962,0.290451191194004,-0.123682537474385
0.0512,0.243555862268909,0.363687354657088,-0.120131492388179
0.0514,0.320456986114792,0.437164678377752,-0.11670769226296
0.0516,0.397465181895447,0.510962801780339,-0.113497619884892
0.0518,0.474580573811308,0.585229367821054,-0.110648794009746
0.052,0.55182546907279,0.659999722041689,-0.108174252968899
0.0522,0.62917389409887,0.735195136734503,-0.106021242635633
0.0524,0.706627299246133,0.810823446205396,-0.104196146959263
0.0526,0.784208314701965,0.886845072484218,-0.102636757782254
0.0528,0.86190668004285,0.963127706624253,-0.101221026581403
0.053,0.939726268137007,1.03953717242593,-0.0998109042889227
0.0532,1.01760129606656,1.11597813262241,-0.0983768365558522
0.0534,1.09553229846111,1.19236310106101,-0.0968308025999054
0.0536,1.17350432055217,1.26862187225131,-0.0951175516991423
0.0538,1.25150142993068,1.34471428072033,-0.0932128507896473
0.054,1.32952730873006,1.42060679862964,-0.0910794898995828
0.0542,1.40760695065244,1.49629318503948,-0.0886862343870456
0.0544,1.48571182425425,1.57178026898295,-0.0860684447287019
0.0546,1.56388171805001,1.64709542477271,-0.0832137067226941
0.0548,1.64210308314125,1.72227949071568,-0.0801764075744258
0.055,1.72039371254196,1.79737887512557,-0.0769851625836055
0.0552,1.79869930707809,1.87242198023728,-0.0737226731591873
0.0554,1.87696997655102,1.94746149802478,-0.070491521473764
0.0556,1.95515895257578,2.02256291308688,-0.0674039605111014
0.0558,2.03333964281863,2.09779783846992,-0.0644581956512997
0.056,2.11151969684067,2.17318344024586,-0.0616637434051932
0.0562,2.18968830333127,2.24873194322577,-0.0590436398944956
0.0564,2.26781338349394,2.324501243615,-0.0566878601210608
0.0566,2.34592885126142,2.40050593328574,-0.054577082024311
0.0568,2.42404963937337,2.47669144405705,-0.0526418046836867
0.057,2.50215776373656,2.55298176653164,-0.0508240027950864
0.0572,2.58026893446956,2.62930713816329,-0.0490382036937289
0.0574,2.65832598924708,2.70566771357469,-0.0473417243276164
0.0576,2.73635657027371,2.78200830760365,-0.0456517373299437
0.0578,2.8143939376599,2.85835836156236,-0.043964423902457
0.058,2.89247566171583,2.93465224936761,-0.0421765876517814
0.0582,2.97057445198183,3.01088086711382,-0.040306415131997
0.0584,3.04874391781435,3.08697232804869,-0.0382284102343373
0.0586,3.12692032659034,3.16282506799945,-0.0359047414091123
0.0588,3.20511250972671,3.23852437213774,-0.0334118624110356
0.059,3.28332098180402,3.31404871139329,-0.0307277295892669
0.0592,3.36150257247595,3.3893842135807,-0.0278816411047482
0.0594,3.43968416106636,3.46455227516814,-0.0248681141017748
0.0596,3.51782639533065,3.53957834841008,-0.0217519530794354
0.0598,3.59595406417572,3.61453550086033,-0.0185814366846011
0.06,3.67403582681468,3.68945778073715,-0.0154219539224725
0.0602,3.75203901373235,3.76427135732464,-0.0122323435922826
0.0604,3.82994187694295,3.83903505102766,-0.00909317408470978
0.0606,3.90774741503312,3.91382030265059,-0.00607288761746272
0.0608,3.985501751028,3.98863753563908,-0.0031357846110831
0.061,4.06316879846993,4.06350948256346,-0.000340684093528942
0.0612,4.14071815893752,4.13840544690174,0.00231271203577954
0.0614,4.2181207969743,4.213362659661,0.00475813731329211
0.0616,4.29547419505237,4.28837877604703,0.0070954190053385
0.0618,4.37278387018955,4.36342421907823,0.00935965111131587
0.062,4.45003952413724,4.43854579454894,0.0114937295883069
0.0622,4.52724039397613,4.51373648859458,0.0135039053815484
0.0624,4.60442348620278,4.58898043556901,0.0154430506337775
0.0626,4.68153894673335,4.66429682478797,0.0172421219453813
0.0628,4.75859709801615,4.73968542227135,0.0189116757448016
0.063,4.83564006388055,4.81513611607301,0.0205039478075326
0.0632,4.91265129501524,4.89064168025786,0.0220096147573789
0.0634,4.98965616962016,4.96620335966914,0.0234528099510181
0.0636,5.06662882611976,5.0418083617367,0.0248204643830574
0.0638,5.14356246120573,5.11744317131451,0.0261192898912244
0.064,5.2204710573803,5.19313269851128,0.027338358869021
0.0642,5.29739162428857,5.26884118714325,0.028550437145312
0.0644,5.37428500758269,5.34456764038401,0.0297173671986748
0.0646,5.45116008412174,5.42031648184136,0.0308436022803775
0.0648,5.52796408841016,5.49607699640398,0.0318870920061789
0.065,5.60472120277468,5.57186325966169,0.0328579431129885
0.0652,5.68140256220919,5.64767962490622,0.0337229373029651
0.0654,5.7580360155964,5.72353032234392,0.0345056932524788
0.0656,5.83457204728405,5.79926891971748,0.0353031275665687
0.0658,5.91094062725532,5.87489363310957,0.0360469941457495
0.066,5.9872172947053,5.95050498203156,0.0367123126737345
0.0662,6.06337967045706,6.02606076844023,0.037318902016823
0.0664,6.13944750947998,6.10148407215495,0.0379634373250344
0.0666,6.21540443311639,6.17681077350543,0.0385936596109611
0.0668,0.00805651571452337,6.25208805072809,0.0391537721660198
0.067,0.0837773955020882,0.0440089149959568,0.0397684805061314
0.0672,0.159371285506488,0.119005495051672,0.0403657904548166
0.0674,0.234950461424919,0.193997918596108,0.0409525428288116
0.0676,0.310521045770048,0.268964646201311,0.0415563995687367
0.0678,0.386061021985171,0.343873219056438,0.0421878029287325
0.068,0.461601978917991,0.418774988716192,0.0428269902017992
0.0682,0.537156379425602,0.493643837425738,0.0435125419998638
0.0684,0.612651669152691,0.568424182421671,0.0442274867310203
0.0686,0.688115520614573,0.643137621977379,0.0449778986371938
0.0688,0.763580269422841,0.717854971302136,0.0457252981207058
0.069,0.839027087462489,0.792565573174884,0.046461514287605
0.0692,0.914454098922179,0.867259700735156,0.0471943981870223
0.0694,0.989850750000403,0.941992078868486,0.0478586711319163
0.0696,1.06521883686766,1.01678704670584,0.0484317901618239
0.0698,1.14062478803701,1.09167713461933,0.0489476534176747
0.07,1.21599881671755,1.16665872677947,0.0493400899380787
0.0702,1.29134714722951,1.24174326806679,0.0496038791627209
0.0704,1.36663361682081,1.31688294574037,0.0497506710804489
0.0706,1.44183938696402,1.39208070730904,0.0497586796549776
0.0708,1.51691563628807,1.46735552808171,0.0495601082063666
0.071,1.59191022641239,1.54269774787724,0.0492124785351433
0.0712,1.66681918583924,1.6181054607643,0.0487137250749388
0.0714,1.74168776957132,1.6935747763123,0.0481129932590179
0.0716,1.81650648760681,1.769090522594,0.0474159650128156
0.0718,1.89123939309431,1.84465805393011,0.0465813391641998
0.072,1.96592289360573,1.92025795175887,0.0456649418468575
0.0722,2.04054277820293,1.99588375643484,0.0446590217680918
0.0724,2.11507930747136,2.07149286787145,0.0435864395999124
0.0726,2.18951328162667,2.14703612332026,0.0424771583064087
0.0728,2.26381217539178,2.2225334032848,0.0412787721069816
0.073,2.33807818240355,2.29801705636873,0.0400611260348271
0.0732,2.41232494591231,2.37341136171486,0.0389135841974513
0.0734,2.48655104495219,2.44874375035502,0.037807294597175
0.0736,2.56073254055255,2.52404089407346,0.0366916464790892
0.0738,2.63490085434567,2.59929285087041,0.0356080034752626
0.074,2.70907459484131,2.67456617945804,0.034508415383272
0.0742,2.78327427542563,2.74980281541268,0.0334714600129549
0.0744,2.85746604333437,2.82491822045902,0.0325478228753542
0.0746,2.93161718792214,2.89992565482956,0.0316915330925811
0.0748,3.00575965741453,2.97480896414322,0.0309506932713095
0.075,3.07989326790188,3.04954043581739,0.030352832084485
0.0752,3.15402565364722,3.12426910579612,0.029756547851107
0.0754,3.22819775813949,3.19899606179116,0.0292016963483297
0.0756,3.30239012297467,3.27374695761079,0.0286431653638783
0.0758,3.37663107723511,3.34856500010899,0.0280660771261205
0.076,3.45087891335661,3.42340886334711,0.0274700500095046
0.0762,3.52515667279544,3.49831434888841,0.0268423239070299
0.0764,3.59942398689584,3.5732239621613,0.0262000247345444
0.0766,3.67365870914606,3.64808052311836,0.025578186027698
0.0768,3.74779726095275,3.72295616232744,0.0248410986253051
0.077,3.82190229748955,3.79789310745491,0.0240091900346435
0.0772,3.89598503609445,3.87285297868598,0.0231320574084743
0.0774,3.97001572978328,3.94781577376044,0.0221999560228383
0.0776,4.04402563416426,4.02285725863108,0.021168375533172
0.0778,4.11799254055504,4.0979468358275,0.0200457047275435
0.078,4.19189625286198,4.17307365971409,0.0188225931478874
0.0782,4.26573027609474,4.24822875690705,0.0175015191876939
0.0784,4.33947804278049,4.32346824170059,0.0160098010799006
0.0786,4.41324843394885,4.39876396089326,0.0144844730555915
0.0788,4.48705072624395,4.4741130335316,0.0129376927123541
0.079,4.5608746797545,4.54950594183927,0.0113687379152365
0.0792,4.63476419429963,4.62491905499698,0.00984513930265596
0.0794,4.70866353763739,4.70032655023056,0.00833698740682731
0.0796,4.78256121711242,4.77571780129629,0.00684341581612635
0.0798,4.85648662893731,4.85109261967374,0.00539400926357292
0.08,4.93042451811037,4.92643897120735,0.00398554690302522
0.0802,5.00440700111552,5.00175448824699,0.00265251286853374
0.0804,5.0784155029615,5.07702701696916,0.00138848599234276
0.0806,5.15243879509401,5.15223194945341,0.000206845640596143
0.0808,5.22647789844692,5.22738884945965,-0.000910951012733641
0.081,5.30056349554843,5.30246700828555,-0.00190351273712608
0.0812,5.37466959360974,5.37748846501213,-0.00281887140239512
0.0814,5.44882849115924,5.45247952038404,-0.00365102922479466
0.0816,5.52300575967235,5.52743669776386,-0.00443093809150952
0.0818,5.59723231410904,5.60237048726484,-0.005138173155804
0.082,5.6714787908317,5.6772598793469,-0.00578108851519676
0.0822,5.74573377951173,5.75215274063159,-0.00641896111985929
0.0824,5.81993760261566,5.82706026558213,-0.00712266296646913
0.0826,5.8941369917116,5.90195354145048,-0.00781654973888202
0.0828,5.96833142341485,5.9768733512597,-0.00854192784484287
0.083,6.04248703498082,6.05179064329194,-0.00930360831112598
0.0832,6.11664378965838,6.12675716459716,-0.0101133749387783
0.0834,6.19081397204954,6.20177055343803,-0.0109565813884931
0.0836,6.26497452340929,6.276861465852,-0.0118869424427102
0.0838,0.0559820760001148,0.0688541715774388,-0.012872095577324
0.084,0.130187794905193,0.143984029453857,-0.013796234548664
0.0842,0.204397255970868,0.219076012276065,-0.0146787563051973
0.0844,0.278623930506351,0.294171505437808,-0.0155475749314577
0.0846,0.352877991280513,0.369257632357918,-0.0163796410774045
0.0848,0.427195475780093,0.444321715047686,-0.0171262392675928
0.085,0.501520458422654,0.519408030823401,-0.0178875724007469
0.0852,0.575854511536955,0.5945393713833,-0.0186848598463453
0.0854,0.650229628159806,0.669681342303025,-0.0194517141432184
0.0856,0.724663197716962,0.744922650079705,-0.0202594523627424
0.0858,0.799191012360694,0.820245179347047,-0.0210541669863528
0.086,0.873738248102154,0.895596613489746,-0.0218583653875921
0.0862,0.948309324423494,0.970981338361072,-0.0226720139375782
0.0864,1.02292105142974,1.04639032141632,-0.0234692699865766
0.0866,1.09759854556542,1.12182828979924,-0.0242297442338197
0.0868,1.17229790268551,1.19725867898396,-0.0249607762984518
0.087,1.24704189007277,1.27269514103129,-0.025653250958519
0.0872,1.32179876497088,1.34815616808825,-0.0263574031173743
0.0874,1.39660653589035,1.42361847575325,-0.0270119398628952
0.0876,1.47143971949353,1.49906549031338,-0.0276257708198466
0.0878,1.54632298788361,1.5744820237277,-0.0281590358440889
0.088,1.62120210984615,1.64985489400938,-0.0286527841632276
0.0882,1.69606526206501,1.72517936473363,-0.0291141026686184
0.0884,1.77090822723399,1.80045421812458,-0.0295459908905944
0.0886,1.84576687225768,1.87569375041713,-0.0299268781594573
0.0888,1.92060264800076,1.95087772710385,-0.0302750791030917
0.089,1.99541469848654,2.02598789958254,-0.0305732010959945
0.0892,2.07020479024591,2.10106122812972,-0.0308564378838101
0.0894,2.14493476171615,2.17611211866057,-0.0311773569444171
0.0896,2.21966738032909,2.25111249543221,-0.0314451151031201
0.0898,2.29443934230431,2.32611789354332,-0.0316785512390076
0.09,2.3692717141874,2.40115472626219,-0.031883012074795
0.0902,2.44417401004848,2.47616491251001,-0.0319909024615264
0.0904,2.51914034647745,2.55116528213839,-0.0320249356609392
0.0906,2.59418250221807,2.62611932009096,-0.0319368178728863
0.0908,2.66922811251377,2.70104396100842,-0.0318158484946438
0.091,2.74429925855033,2.77599905437125,-0.0316997958209182
0.0912,2.819421138973,2.85102266976859,-0.0316015307955895
0.0914,2.89462638190882,2.92609601669724,-0.03146963478842
0.0916,2.96985403832237,3.0011866676274,-0.0313326293050311
0.0918,3.0451338108636,3.0763193078727,-0.0311854970090986
0.092,3.12049008633099,3.151472056107,-0.0309819697760076
0.0922,3.19592899862089,3.22661770499839,-0.0306887063775045
0.0924,3.27137814816606,3.3016984422111,-0.0303202940450378
0.0926,3.34684823077396,3.37675859308882,-0.0299103623148596
0.0928,3.4223053892393,3.45176155220891,-0.0294561629696153
0.093,3.49777061171218,3.52676928596316,-0.0289986742509782
0.0932,3.57324497462641,3.60187007216807,-0.0286250975416569
0.0934,3.64872069972173,3.67702904324223,-0.0283083435204929
0.0936,3.7241339874334,3.75218360672674,-0.0280496192933417
0.0938,3.79953584256629,3.82737715187396,-0.0278413093076719
0.094,3.87491910584331,3.90264627821739,-0.02772717237408
0.0942,3.95031924002437,3.97791426250536,-0.0275950224809924
0.0944,4.02570362986911,4.05322613179101,-0.0275225019219087
0.0946,4.10107111576509,4.12862048275698,-0.0275493669918827
0.0948,4.17641529483945,4.20406407090346,-0.0276487760640043
0.095,4.2517841156156,4.27956723025142,-0.0277831146358185
0.0952,4.32714955888419,4.35507969897069,-0.0279301400865046
0.0954,4.40249140173447,4.43055969134736,-0.0280682896128885
0.0956,4.4778424172133,4.50601866509881,-0.0281762478855141
0.0958,4.55322501223106,4.58146153192705,-0.0282365196959908
0.096,4.62863727568651,4.65688172761508,-0.0282444519285727
0.0962,4.70403416303208,4.73228380654832,-0.0282496435162365
0.0964,4.77943090315549,4.80766060554112,-0.0282297023856293
0.0966,4.85486061590073,4.88301676097784,-0.0281561450771166
0.0968,4.93034275557729,4.95836160552053,-0.0280188499432459
0.097,5.00584111533357,5.0336988184698,-0.0278577031362319
0.0972,5.08135117006814,5.10901972543501,-0.027668555366871
0.0974,5.1569129800351,5.18431286299671,-0.0273998829616087
0.0976,5.23254439493401,5.25962287668341,-0.0270784817493999
0.0978,5.30825416837369,5.33492145407019,-0.0266672856965009
0.098,5.38398093730735,5.41017887513711,-0.026197937829755
0.0982,5.45974232525062,5.48540061142983,-0.0256582861792083
0.0984,5.5354994474491,5.56058877964724,-0.0250893321981405
0.0986,5.61126167309122,5.63578799238404,-0.0245263192928151
0.0988,5.68707982196059,5.71099038455021,-0.0239105625896254
0.099,5.76292434821121,5.78626473148904,-0.0233403832778327
0.0992,5.83879016437234,5.86152748354081,-0.0227373191684705
0.0994,5.91461370258276,5.93670742112633,-0.0220937185435686
0.0996,5.99036924515212,6.01186061441176,-0.0214913692596337
0.0998,6.06609707286577,6.08697248034655,-0.0208754074807782
0.1,6.1417712748505,6.16203483704495,-0.0202635621944456
0.1002,6.21737790671575,6.23701084672469,-0.0196329400089388
0.1004,0.00971177776186227,0.0287443515519584,-0.0190325737900961
0.1006,0.0852373334111892,0.103689255065623,-0.0184519216544333
0.1008,0.160762349239262,0.17864958933351,-0.0178872400942486
0.101,0.236266164635799,0.253617048711001,-0.0173508840752022
0.1012,0.311785137350613,0.328636337272751,-0.0168511999221377
0.1014,0.387343326803692,0.403694429047638,-0.0163511022439464
0.1016,0.462929661728129,0.478809492345451,-0.0158798306173222
0.1018,0.538482637031007,0.553897431053432,-0.0154147940224251
0.102,0.614014216683935,0.629025506977203,-0.0150112902932683
0.1022,0.689562039473344,0.704166705806658,-0.0146046663333146
0.1024,0.765150222815205,0.779303345610878,-0.0141531227956728
0.1026,0.84074190344239,0.854445645038839,-0.0137037415964492
0.1028,0.916364379507424,0.929627220840345,-0.0132628413329209
0.103,0.992088689059964,1.00485893013849,-0.0127702410785239
0.1032,1.06785053104518,1.08010361997459,-0.0122530889294155
0.1034,1.1436571993498,1.155402917107,-0.0117457177572005
0.1036,1.21946092240616,1.23073135686916,-0.0112704344630046
0.1038,1.2952503846025,1.30607514314179,-0.0108247585392889
0.104,1.37106374617078,1.38143135335319,-0.0103676071824015
0.1042,1.44686207525946,1.45679816827434,-0.00993609301487441
0.1044,1.52266641051596,1.53218178040716,-0.00951536989120028
0.1046,1.59843478681497,1.60758043425626,-0.00914564744129276
0.1048,1.67410270737789,1.68299467190019,-0.00889196452230934
0.105,1.7497466765454,1.75841770447562,-0.00867102793021157
0.1052,1.82533639552074,1.83383307550738,-0.00849667998663728
0.1054,1.90089106375545,1.90924908756909,-0.00835802381364048
0.1056,1.97640987006504,1.9846701744213,-0.00826030435625946
0.1058,2.05185569455638,2.06006131176533,-0.0082056172089513
0.106,2.12719422507646,2.13542314230317,-0.0082289172267096
0.1062,2.20252712706911,2.21078610428811,-0.00825897721900182
0.1064,2.27788158055903,2.2861221554601,-0.00824057490106922
0.1066,2.35324904437013,2.36137951560671,-0.00813047123657951
0.1068,2.4286070174476,2.43660910775326,-0.0080020903056548
0.107,2.50397660725373,2.51177039744294,-0.00779379018921134
0.1072,2.57929985613724,2.5868850568897,-0.00758520075246283
0.1074,2.65459437224057,2.66194980295994,-0.00735543071937128
0.1076,2.72988146782879,2.73695675427016,-0.00707528644136834
0.1078,2.8051913905478,2.81192867822057,-0.00673728767276938
0.108,2.88054813691281,2.88684602195542,-0.00629788504260365
0.1082,2.95588728980107,2.96171589189942,-0.00582860209835356
0.1084,3.03124990975431,3.03662690403986,-0.00537699428555172
0.1086,3.10672126518443,3.1115592908404,-0.00483802565596614
0.1088,3.18223781535518,3.18645991487088,-0.00422209951570185
0.109,3.25776310396021,3.26138215378603,-0.00361904982581995
0.1092,3.33328187717592,3.33630848386618,-0.00302660669026178
0.1094,3.40878597731765,3.41128475478144,-0.00249877746378191
0.1096,3.48430984608891,3.48630453378208,-0.00199468769316802
0.1098,3.55981923059109,3.56132375549336,-0.0015045249022716
0.11,3.63534321273738,3.6364100668252,-0.00106685408781937
0.1102,3.71083959881293,3.71156016676409,-0.000720567951161932
0.1104,3.78630581799857,3.78670946511445,-0.000403647115880368
0.1106,3.86174161988662,3.86186999225922,-0.000128372372599994
0.1108,3.93709122519531,3.93704090494182,5.03202534862801e-05
0.111,4.01238636350934,4.01224498859116,0.000141374918177561
0.1112,4.08763916155025,4.08745862868872,0.000180532861529414
0.1114,4.16283404723802,4.16266167676755,0.000172370470470362
0.1116,4.23795066678924,4.23787048325101,8.01835382242544e-05
0.1118,4.31306087633395,4.31308866738755,-2.77910536068404e-05
0.112,4.38817475617251,4.3883301042635,-0.000155348090991048
0.1122,4.46328806179959,4.46361792965093,-0.000329867851341703
0.1124,4.53840034567516,4.53893492171309,-0.000534576037935608
0.1126,4.6135545742042,4.6142866445003,-0.000732070296093568
0.1128,4.68869470908611,4.68966629042425,-0.000971581338141903
0.113,4.76381521652164,4.76506875534744,-0.00125353882580015
0.1132,4.8389508227701,4.84049009476782,-0.00153927199772319
0.1134,4.91408415474758,4.91591172037201,-0.00182756562443753
0.1136,4.98918138425577,4.99132973069722,-0.00214834644145423
0.1138,5.06428428949021,5.0667343527973,-0.00245006330709163
0.114,5.13940033265964,5.14214059701337,-0.00274026435372487
0.1142,5.21453061906212,5.21752911522319,-0.00299849616107295
0.1144,5.28970678661216,5.29287355052001,-0.0031667639078492
0.1146,5.36489751615731,5.36820415200273,-0.00330663584542013
0.1148,5.4401253977333,5.44351034043168,-0.00338494269838652
0.115,5.51534729224477,5.51878569423537,-0.00343840199059997
0.1152,5.59059102399293,5.59399123090173,-0.00340020690880305
0.1154,5.66582926257542,5.66912868241495,-0.00329941983952242
0.1156,5.74109366845644,5.7442109941557,-0.00311732569926804
0.1158,5.81632773362864,5.81915282144912,-0.00282508782047763
0.116,5.89145276730187,5.8940486540606,-0.00259588675873257
0.1162,5.96653352882293,5.96893711070806,-0.00240358188512868
0.1164,6.04153352235192,6.04374487047573,-0.00221134812380974
0.1166,6.11648252776679,6.11854226587818,-0.00205973811138893
0.1168,6.19139644385504,6.19338466154345,-0.0019882176884094
0.117,6.26626550846408,6.26824133011539,-0.00197582165130505
0.1172,0.0578822726872854,0.0598623523906539,-0.00198007970336853
0.1174,0.132682086895495,0.134693728006976,-0.00201164111148158
0.1176,0.207487150255537,0.209559959271121,-0.00207280901558429
0.1178,0.282296318382979,0.284417597268763,-0.00212127888578439
0.118,0.357113132210784,0.359274717015135,-0.00216158480435102
0.1182,0.431976573159939,0.434139524718105,-0.00216295155816665
0.1184,0.506835709909514,0.509064544953277,-0.00222883504376248
0.1186,0.581696833900907,0.584043291012519,-0.00234645711161185
0.1188,0.656596893378425,0.659049011095161,-0.0024521177167367
0.119,0.731554252196782,0.734131556193096,-0.00257730399631362
0.1192,0.806598692490187,0.809280725905829,-0.00268203341564244
0.1194,0.881666236457084,0.884448419050425,-0.00278218259334062
0.1196,0.956779036300409,0.959652210259617,-0.00287317395920805
0.1198,1.03195644305386,1.03490188054985,-0.00294543749598897
0.12,1.10716903452048,1.11018374010714,-0.00301470558665451
0.1202,1.1823805739313,1.18548491536784,-0.00310434143654437
0.1204,1.2576142895964,1.2608240498391,-0.00320976024270037
0.1206,1.33282480647764,1.33618579510089,-0.00336098862325529
0.1208,1.40803904805669,1.41157010320226,-0.00353105514556762
0.121,1.48322992769466,1.48696827969698,-0.00373835200231598
0.1212,1.55839147850735,1.56236623359165,-0.00397475508430301
0.1214,1.63347197284683,1.63776180786932,-0.00428983502249047
0.1216,1.70845454741645,1.71314210141466,-0.00468755399820364
0.1218,1.78340275506488,1.78850801900854,-0.00510526394366351
0.122,1.8582866635223,1.86385547813837,-0.00556881461606684
0.1222,1.93312254374758,1.93917254762926,-0.00605000388167976
0.1224,2.00789444735806,2.01447741706801,-0.00658296970994554
0.1226,2.08259989883602,2.08978178068817,-0.00718188185214563
0.1228,2.15724614567793,2.16503675800469,-0.00779061232676259
0.123,2.23189932473953,2.24023575091877,-0.00833642617924424
0.1232,2.30658947523668,2.31542645293364,-0.00883697769696123
0.1234,2.38131258864671,2.39057662241127,-0.0092640337645653
0.1236,2.45608048687305,2.46570532411879,-0.00962483724573593
0.1238,2.53090887534636,2.54085294289987,-0.00994406755350363
0.124,2.60581244745449,2.61597468952418,-0.0101622420696863
0.1242,2.68071741634969,2.69109504951043,-0.0103776331607475
0.1244,2.75564424535871,2.76619081021629,-0.0105465648575818
0.1246,2.83061656483956,2.84127860485692,-0.0106620400173578
0.1248,2.90566525670338,2.91639723673357,-0.0107319800301853
0.125,2.98071354637908,2.99142984104196,-0.0107162946628807
0.1252,3.05575546537204,3.06630039026044,-0.0105449248884013
0.1254,3.13080494121125,3.14115269100369,-0.0103477497924391
0.1256,3.20589420469616,3.21601492146304,-0.0101207167668886
0.1258,3.28098529517674,3.29089340465179,-0.00990810947504617
0.126,3.35609761655402,3.36579104308306,-0.00969342652904803
0.1262,3.43119152458118,3.44066373987514,-0.00947221529396147
0.1264,3.50629086011106,3.51557264886795,-0.00928178875688568
0.1266,3.58138581692827,3.59050198522214,-0.00911616829387762
0.1268,3.6564732403204,3.66541100122991,-0.0089377609095096
0.127,3.73149886392162,3.74034284147464,-0.00884397755302846
0.1272,3.80651802293632,3.81534437408215,-0.00882635114582264
0.1274,3.88152239821857,3.89042397703203,-0.00890157881346543
0.1276,3.95654391868746,3.96553279324984,-0.00898887456237141
0.1278,4.03154675996172,4.04067865404206,-0.00913189408033865
0.128,4.10652854366127,4.11591431776784,-0.00938577410656372
0.1282,4.18148292371754,4.19119777891144,-0.00971485519390125
0.1284,4.25647504997629,4.26651909333391,-0.010044043357623
0.1286,4.33148847537144,4.3418947995829,-0.0104063242114609
0.1288,4.40647063161765,4.41728333013892,-0.0108126985212618
0.129,4.48145777076189,4.49268488849418,-0.0112271177322913
0.1292,4.55647950264643,4.56809335198053,-0.0116138493340943
0.1294,4.63145846881176,4.64349581314087,-0.0120373443291131
0.1296,4.70641647667903,4.71889663828713,-0.0124801616081003
0.1298,4.78137790163219,4.79428575026816,-0.0129078486359662
0.13,4.85636431574498,4.86966130209489,-0.0132969863499124
0.1302,4.93138380200613,4.94501895586829,-0.0136351538621611
0.1304,5.006411216548,5.02037291182446,-0.0139616952764587
0.1306,5.08145311657635,5.0957056634256,-0.0142525468492538
0.1308,5.15651036407209,5.17097336245626,-0.0144629983841655
0.131,5.23158747914701,5.24622774252535,-0.0146402633783378
0.1312,5.30675046202117,5.3214539586195,-0.0147034965983259
0.1314,5.38193075729032,5.39663329259153,-0.0147025353012173
0.1316,5.45713992605243,5.47178317594708,-0.0146432498946503
0.1318,5.5323483761716,5.54691196438394,-0.0145635882123383
0.132,5.60757519992905,5.62202025844119,-0.0144450585121394
0.1322,5.68280964347074,5.697057985395,-0.0142483419242518
0.1324,5.75803486693865,5.77207654915192,-0.0140416822132678
0.1326,5.83318449906782,5.84710181034554,-0.0139173112777273
0.1328,5.90830976819776,5.92209099495356,-0.0137812267558068
0.133,5.98340140341181,5.99712685733157,-0.0137254539197613
0.1332,6.05848952818319,6.07216039751169,-0.0136708693285001
0.1334,6.13353671971184,6.14713770587626,-0.0136009861644233
0.1336,6.20854454959757,6.22210068505079,-0.0135561354532188
0.1338,0.000332149326490061,0.0138746881666538,-0.0135425388401637
0.134,0.0752506888887389,0.0887917142466985,-0.0135410253579596
0.1342,0.150171001642373,0.163719011466414,-0.0135480098240413
0.1344,0.2250937268814,0.238656572081277,-0.0135628451998773
0.1346,0.300040373543637,0.313636606254409,-0.0135962327107725
0.1348,0.375025461309441,0.388645194533467,-0.0136197332240263
0.135,0.450043426910721,0.463710590980497,-0.0136671640697761
0.1352,0.525041321867261,0.538751659623206,-0.0137103377559453
0.1354,0.600034414723003,0.613829319348881,-0.0137949046258772
0.1356,0.675060413323477,0.688924679456957,-0.0138642661334798
0.1358,0.750138441614783,0.764025020453578,-0.0138865788387958
0.136,0.82524175699272,0.839163756345197,-0.0139219993524766
0.1362,0.900364099156485,0.914325633228672,-0.0139615340721869
0.1364,0.975535817192075,0.989550422879574,-0.0140146056874988
0.1366,1.05076959559282,1.06479185002718,-0.0140222544343567
0.1368,1.12607460672341,1.14007805774773,-0.0140034510243228
0.137,1.20139156604261,1.21540085344785,-0.0140092874052411
0.1372,1.27673976762726,1.29075915666998,-0.01401938904272
0.1374,1.3520829670716,1.36612762154858,-0.0140446544769726
0.1376,1.42743355514962,1.44150600253192,-0.0140724473823002
0.1378,1.50284079487571,1.51690334032473,-0.0140625454490124
0.138,1.57826906667122,1.59230274496997,-0.0140336782987507
0.1382,1.6537092833665,1.66770211156345,-0.0139928281969552
0.1384,1.72910149867573,1.74309145695325,-0.0139899582775254
0.1386,1.80442996316785,1.81846260300625,-0.0140326398383956
0.1388,1.87974203772289,1.89382854506433,-0.0140865073414367
0.139,1.95499977675744,1.96917431913493,-0.0141745423774911
0.1392,2.03018446846841,2.04447731182864,-0.0142928433602285
0.1394,2.10527916367224,2.11973577750802,-0.0144566138357765
0.1396,2.18030122293565,2.19496634431664,-0.014665121380987
0.1398,2.25532595205071,2.27011886181056,-0.0147929097598536
0.14,2.33035373100388,2.34521877572439,-0.0148650447205108
0.1402,2.40539973993206,2.42031874899136,-0.0149190090593034
0.1404,2.48048582951043,2.49536290301104,-0.0148770735006103
0.1406,2.55558363629313,2.57037813816217,-0.0147945018690434
0.1408,2.63066654298531,2.64535873426555,-0.0146921912802354
0.141,2.70574971361034,2.72030088737267,-0.0145511737623267
0.1412,2.78086083423328,2.79518856126902,-0.0143277270357429
0.1414,2.85602048774889,2.8700415784079,-0.0140210906590106
0.1416,2.93119591327002,2.94487908756165,-0.0136831742916232
0.1418,3.00638091553857,3.01971900199033,-0.0133380864517565
0.142,3.08160926164292,3.09459012137705,-0.0129808597341343
0.1422,3.15689682541616,3.16948748790123,-0.0125906624850689
0.1424,3.23225212855886,3.24441788266583,-0.0121657541069693
0.1426,3.3076132204645,3.31934602268883,-0.0117328022243273
0.1428,3.38299550595801,3.39434260219467,-0.0113470962366509
0.143,3.45841088424922,3.46936170242441,-0.0109508181751825
0.1432,3.53381824349545,3.54440169441954,-0.0105834509240901
0.1434,3.60925075258862,3.61953732509443,-0.0102865725058119
0.1436,3.68465182117507,3.6947034645888,-0.0100516434137234
0.1438,3.75995599022954,3.7698493477312,-0.0098933575016602
0.144,3.83522945238491,3.84502875763393,-0.00979930524901951
0.1442,3.91046830646372,3.92026511855241,-0.00979681208868843
0.1444,3.98570046467563,3.99551535432772,-0.00981488965209198
0.1446,4.06089137291119,4.07075431240307,-0.00986293949187722
0.1448,4.13602291374486,4.14600160414759,-0.00997869040273347
0.145,4.21107404460075,4.22127227205229,-0.0101982274515429
0.1452,4.28614152404967,4.29655236827712,-0.0104108442274553
0.1454,4.36124304931191,4.37186868828491,-0.0106256389730035
0.1456,4.4363684237308,4.44721390816764,-0.0108454844368469
0.1458,4.51149911655298,4.52256724420054,-0.0110681276475626
0.146,4.58665822464342,4.597950270321,-0.0112920456775791
0.1462,4.66178374382219,4.67334148230122,-0.0115577384790297
0.1464,4.73691923562399,4.74873885490049,-0.0118196192764977
0.1466,4.81209541889027,4.82414160641818,-0.012046187527905
0.1468,4.88731420656495,4.89954742150251,-0.0122332149375657
0.147,4.96260747190617,4.97494423553481,-0.0123367636286345
0.1472,5.03789450192113,5.05032200535875,-0.0124275034376184
0.1474,5.1131748676636,5.12571060990329,-0.0125357422396855
0.1476,5.18847140021727,5.2010921610619,-0.0126207608446363
0.1478,5.26382678059757,5.27641857812663,-0.0125917975290575
0.148,5.33924287399805,5.35169148239281,-0.012448608394763
0.1482,5.41465081803491,5.42691714568714,-0.0122663276522319
0.1484,5.49003889780542,5.50209876798939,-0.0120598701839718
0.1486,5.5653991636507,5.57718879406702,-0.0117896304163239
0.1488,5.64074800664532,5.65228368197088,-0.0115356753255602
0.149,5.71608668379165,5.72734813942314,-0.0112614556314945
0.1492,5.79135687419683,5.8023473796891,-0.0109905054922637
0.1494,5.86653847901159,5.87729865164881,-0.0107601726372248
0.1496,5.94169650898308,5.95223668622788,-0.0105401772448017
0.1498,6.01682359909079,6.02713656250852,-0.0103129634177224
0.15,6.09195239848345,6.10205664681302,-0.0101042483295748
0.1502,6.1670532854776,6.17698097893759,-0.00992769345999811
0.1504,6.2421031818658,6.25184359720313,-0.0097404153373235
0.1506,0.0338860212819077,0.0435312246300218,-0.00964520334811411
0.1508,0.10886593052331,0.118422018461319,-0.00955608793800929
0.151,0.183879654588568,0.193362873703247,-0.00948321911467845
0.1512,0.2589204228054,0.268290642665029,-0.00937021985962883
0.1514,0.333967576201304,0.343209984860503,-0.00924240865919873
0.1516,0.409037917289247,0.418127004815686,-0.00908908752643944
0.1518,0.48406488607727,0.493090909136428,-0.00902602305915767
0.152,0.559060901035652,0.56806913249371,-0.00900823145805807
0.1522,0.634051058789955,0.643094455804793,-0.00904339701483836
0.1524,0.70906127311198,0.718160879598073,-0.00909960648609287
0.1526,0.784113990006817,0.793297954130781,-0.00918396412396405
0.1528,0.859177188348714,0.868472772506997,-0.00929558415828224
0.153,0.934281192579431,0.943673989427976,-0.00939279684854433
0.1532,1.00949358451253,1.01893105218699,-0.00943746767446418
0.1534,1.08474381096436,1.09420765820811,-0.00946384724374871
0.1536,1.16000109717833,1.16949372159203,-0.00949262441369325
0.1538,1.23531002115052,1.24479141863588,-0.0094813974853587
0.154,1.31063527418911,1.32011350089814,-0.00947822670903165
0.1542,1.38600194952652,1.39547239499522,-0.00947044546870068
0.1544,1.46137449460901,1.47084707215923,-0.00947257755021669
0.1546,1.53677075265591,1.54623561297372,-0.00946486031780069
0.1548,1.61213498044871,1.62163547599254,-0.00950049554382781
0.155,1.68745917888223,1.69704313613264,-0.00958395725040218
0.1552,1.76274806333486,1.7724511978696,-0.00970313453474048
0.1554,1.8379545694062,1.84783953189252,-0.0098849624863262
0.1556,1.91311677123672,1.92321185046873,-0.0100950792320078
0.1558,1.98825092958239,1.9985583967131,-0.010307467130714
0.156,2.0633282411425,2.07386270115647,-0.0105344600139641
0.1562,2.13831244317163,2.14909508952718,-0.0107826463555538
0.1564,2.21321653103881,2.22429003978855,-0.0110735087497411
0.1566,2.28811949405228,2.29949951360574,-0.0113800195534686
0.1568,2.36302966686741,2.37462602356315,-0.0115963566957413
0.157,2.43794560646805,2.44971564070052,-0.0117700342324678
0.1572,2.51291908308945,2.52480220406946,-0.0118831209800114
0.1574,2.58790036470753,2.59983998809079,-0.0119396233832529
0.1576,2.66288030787335,2.67486541185469,-0.0119851039813414
0.1578,2.73788733127201,2.74986794198899,-0.0119806107169831
0.158,2.8129397792083,2.82485781241436,-0.0119180332060651
0.1582,2.88807621780434,2.89985207899738,-0.0117758611930392
0.1584,2.96322063600569,2.97481913551709,-0.0115984995113965
0.1586,3.03837380935145,3.04972500876188,-0.0113511994104254
0.1588,3.11351543588789,3.12453205448591,-0.0110166185980121
0.159,3.18867146217805,3.19931177311546,-0.0106403109374047
0.1592,3.26386435106582,3.27410936683252,-0.0102450157666985
0.1594,3.33905584446407,3.34886999869572,-0.00981415423165233
0.1596,3.41422868843437,3.42362280781344,-0.0093941193790692
0.1598,3.48942675643897,3.49842779673503,-0.00900104029605764
0.16,3.56462697446065,3.57324429581844,-0.00861732135779203
0.1602,3.63986534920234,3.64818419106358,-0.00831884186124299
0.1604,3.71508670969216,3.72321461566387,-0.00812790597170787
0.1606,3.79027596504457,3.7982482747358,-0.00797230969122209
0.1608,3.86542483110534,3.87328469551383,-0.00785986440849396
0.161,3.94048091781874,3.94832025688628,-0.00783933906754308
0.1612,4.01549146509756,4.02340696498586,-0.00791549988830376
0.1614,4.09048348177096,4.09856742198874,-0.00808394021778192
0.1616,4.1654444625557,4.17375622602581,-0.00831176347011464
0.1618,4.24034648842103,4.2490050245949,-0.00865853617387113
0.162,4.31525391307708,4.32430592885813,-0.00905201578104897
0.1622,4.39017613477361,4.39962216066021,-0.00944602588660004
0.1624,4.4651113016409,4.47498561561376,-0.00987431397285121
0.1626,4.54005866364204,4.55037270568635,-0.0103140420443086
0.1628,4.61505849478782,4.62577720507287,-0.010718710285051
0.163,4.69012556457824,4.70118408292324,-0.0110585183449965
0.1632,4.76518393839832,4.77657667428518,-0.0113927358868606
0.1634,4.84025598880262,4.85195436729703,-0.01169837849441
0.1636,4.91536939468682,4.92730854754531,-0.0119391528584885
0.1638,4.99055991308688,5.00265052828906,-0.0120906152021858
0.164,5.06576785063056,5.07797987902725,-0.0122120283966831
0.1642,5.14098095100923,5.15326197106652,-0.0122810200572934
0.1644,5.21621000223399,5.22853977392855,-0.0123297716945601
0.1646,5.29150439067256,5.30380128033251,-0.0122968896599502
0.1648,5.36680095238609,5.37904778811222,-0.0122468357261356
0.165,5.44211421973181,5.4542448901205,-0.0121306703886939
0.1652,5.51741012226395,5.52942253204478,-0.0120124097808265
0.1654,5.5927261438953,5.60454816310586,-0.0118220192105563
0.1656,5.66803714306508,5.67962679875512,-0.0115896556900408
0.1658,5.74333360046438,5.75473150642305,-0.0113979059586731
0.166,5.81855723958181,5.82985278796768,-0.0112955483858697
0.1662,5.89376119422099,5.90492993909639,-0.0111687448753939
0.1664,5.96893516124895,5.97996716704497,-0.0110320057960189
0.1666,6.04403389100029,6.05492043906583,-0.0108865480655371
0.1668,6.11909276883582,6.12983861547477,-0.0107458466389554
0.167,6.19410532026116,6.20474220613737,-0.0106368858762158
0.1672,6.26906007250783,6.27964370212063,-0.0105836296128006
0.1674,0.0607811620972383,0.0712969272016058,-0.0105157651043676
0.1676,0.13569128271443,0.146095507068488,-0.0104042243540583
0.1678,0.210601688115546,0.220872347506224,-0.0102706593906781
0.168,0.285510706379738,0.29566161560131,-0.0101509092215717
0.1682,0.360426382004116,0.370491768600196,-0.0100653865960797
0.1684,0.435391294159136,0.445406600924409,-0.0100153067652723
0.1686,0.510353619087714,0.520373865168766,-0.0100202460810522
0.1688,0.585315444331698,0.59537584227206,-0.0100603979403617
0.169,0.660310841057638,0.670413149668601,-0.0101023086109627
0.1692,0.735353544841338,0.745529016152252,-0.0101754713109142
0.1694,0.810479185152461,0.820718126359574,-0.0102389412071128
0.1696,0.885602663229234,0.895926693085313,-0.0103240298560789
0.1698,0.960715479872331,0.971120988467614,-0.0104055085952831
0.17,1.03583164091245,1.04635121113004,-0.0105195702175931
0.1702,1.11098324834069,1.12165675037339,-0.0106735020327002
0.1704,1.18613832942409,1.19699714017903,-0.0108588107549397
0.1706,1.26132593093349,1.27236957175952,-0.0110436408260375
0.1708,1.33651308883344,1.34774936765607,-0.0112362788226295
0.171,1.41171458027716,1.42313827751914,-0.0114236972419857
0.1712,1.48692282153439,1.49854110992004,-0.0116182883856482
0.1714,1.56216226097947,1.57394122708449,-0.0117789661050247
0.1716,1.63737534431168,1.64933634937436,-0.0119610050626766
0.1718,1.71256135888224,1.72472028005369,-0.0121589211714495
0.172,1.7877188244775,1.80010170017388,-0.0123828756963744
0.1722,1.86288586990101,1.87548464738663,-0.0125987774856196
0.1724,1.938020761433,1.95084769092225,-0.0128269294892498
0.1726,2.01311516717267,2.02618538397687,-0.0130702168042052
0.1728,2.08816573911746,2.10152556115069,-0.0133598220332258
0.173,2.16315077987617,2.17688170426419,-0.0137309243880162
0.1732,2.23814451759831,2.25216855356929,-0.0140240359709805
0.1734,2.31314850346534,2.32741878562524,-0.0142702821599032
0.1736,2.38818259029692,2.40264737021401,-0.0144647799170956
0.1738,2.46325973304847,2.47779364086461,-0.0145339078161468
0.174,2.53836782911101,2.55291609371567,-0.0145482646046546
0.1742,2.61344909427679,2.62794248202072,-0.014493387743935
0.1744,2.68851009941901,2.70291123188259,-0.0144011324635809
0.1746,2.76358462369283,2.77781138422357,-0.0142267605307347
0.1748,2.83868824986792,2.8526502587678,-0.0139620088998824
0.175,2.91379687132087,2.92749059170859,-0.0136937203877174
0.1752,2.98891814657553,3.0023290548519,-0.0134109082763691
0.1754,3.0640559554812,3.07717122744739,-0.0131152719661904
0.1756,3.13921611211262,3.15205600399264,-0.0128398918800241
0.1758,3.21444337938626,3.22694292434774,-0.0124995449614826
0.176,3.28967378308308,3.30184385584497,-0.012170072761891
0.1762,3.36492327975211,3.37677489136822,-0.011851611616116
0.1764,3.44016096391222,3.45168141627184,-0.0115204523596182
0.1766,3.51540742244649,3.52660280523183,-0.0111953827853459
0.1768,3.59065332590335,3.60151469686934,-0.0108613709659959
0.177,3.66588141868693,3.67639207378316,-0.0105106550962217
0.1772,3.74102628139268,3.75128867386172,-0.010262392469039
0.1774,3.81614553349347,3.82626365028663,-0.0101181167931514
0.1776,3.8912396929741,3.90133626468883,-0.0100965717147292
0.1778,3.96634511071366,3.97645660224677,-0.0101114915331051
0.178,4.04142254470028,4.05161539442408,-0.0101928497237997
0.1782,4.11644245511042,4.12680838450324,-0.0103659293928198
0.1784,4.1914026256504,4.2020286251851,-0.0106259995347022
0.1786,4.2663160260548,4.27724751154857,-0.010931485493761
0.1788,4.34124443669017,4.35253458206831,-0.0112901453781484
0.179,4.41617513971005,4.42785158755627,-0.0116764478462166
0.1792,4.49112624886884,4.50319124139889,-0.0120649925300444
0.1794,4.5661196455632,4.57855403166147,-0.0124343860982776
0.1796,4.641157184795,4.65393167234175,-0.0127744875467508
0.1798,4.71626155572952,4.72932700290836,-0.0130654471788434
0.18,4.79136662271991,4.80472176050923,-0.0133551377893131
0.1802,4.86648407245801,4.88010322682197,-0.013619154363961
0.1804,4.94162986434408,4.9554608153989,-0.0138309510548185
0.1806,5.01677613078662,5.03078680283231,-0.0140106720456901
0.1808,5.09192206391123,5.10607874459105,-0.0141566806798155
0.181,5.16706392247618,5.18129420314768,-0.0142302806714909
0.1812,5.24220699639202,5.25647373177681,-0.0142667353847949
0.1814,5.31741947942896,5.33162032469841,-0.0142008452694489
0.1816,5.3926361108078,5.40671681132613,-0.0140807005183285
0.1818,5.46787242608352,5.48177633003565,-0.0139039039521247
0.182,5.54310102752337,5.55680411403143,-0.0137030865080554
0.1822,5.61833970219691,5.63183710356275,-0.0134974013658429
0.1824,5.69363391723058,5.70684209537189,-0.0132081781413085
0.1826,5.76890958216005,5.78182476914035,-0.0129151869802966
0.1828,5.8441589765997,5.85681304686944,-0.0126540702697477
0.183,5.91939416973158,5.93179713257963,-0.01240296284805
0.1832,5.99460203849584,6.00681970343163,-0.0122176649357879
0.1834,6.06982071929921,6.08186566137896,-0.0120449420797488
0.1836,6.14502361396201,6.15694364851686,-0.011920034554854
0.1838,6.2201906790942,6.23199201887839,-0.0118013397841832
0.184,0.0121049434206055,0.0238178367200551,-0.0117128932994496
0.1842,0.0871395553381071,0.0987685876739177,-0.0116290323358107
0.1844,0.162168604803636,0.17371695496697,-0.0115483501633347
0.1846,0.237180433925176,0.248663043260282,-0.0114826093351062
0.1848,0.312198180821245,0.323642456327209,-0.0114442755059634
0.185,0.387247431010843,0.398643217664267,-0.011395786653424
0.1852,0.462328893742178,0.473695353564147,-0.0113664598219687
0.1854,0.537390004138889,0.54874524047399,-0.0113552363351003
0.1856,0.612434295110307,0.623813140963691,-0.0113788458533846
0.1858,0.687492265504638,0.698855128981374,-0.0113628634767355
0.186,0.762589452034594,0.773886901579639,-0.0112974495450452
0.1862,0.837693297443021,0.848934623257126,-0.0112413258141051
0.1864,0.912796463965203,0.923983776254652,-0.0111873122894496
0.1866,0.987912268970419,0.999069528469274,-0.0111572594988547
0.1868,1.06308526113034,1.07420225480076,-0.0111169936704196
0.187,1.13832549924022,1.14941208583566,-0.0110865865954408
0.1872,1.21357531789131,1.22466534453028,-0.011090026638972
0.1874,1.28883244583884,1.29996218131386,-0.0111297354750213
0.1876,1.36409307842476,1.37531167881784,-0.0112186003930823
0.1878,1.43936809419109,1.45068465281108,-0.0113165586199957
0.188,1.51463496608266,1.52607930980233,-0.0114443437196701
0.1882,1.58987931962172,1.6014779668687,-0.0115986472469845
0.1884,1.66504183758918,1.67687102847576,-0.0118291908865782
0.1886,1.74017870962904,1.75224537785568,-0.0120666682266435
0.1888,1.81528541156727,1.8275853439451,-0.0122999323778303
0.189,1.89039560476999,1.90291188520973,-0.0125162804397401
0.1892,1.96547696965587,1.97823567059907,-0.0127587009432051
0.1894,2.04050616885503,2.05352064385921,-0.0130144750041805
0.1896,2.11545412136067,2.12873479669923,-0.0132806753385539
0.1898,2.19041161276792,2.20391847395291,-0.0135068611849944
0.19,2.26539212399703,2.27907907505882,-0.013686951061791
0.1902,2.34038215141775,2.35416281809438,-0.0137806666766314
0.1904,2.4153636003776,2.42921616356141,-0.0138525631838102
0.1906,2.49036739508893,2.50418792383399,-0.0138205287450637
0.1908,2.56534467121667,2.57914792811334,-0.0138032568966651
0.191,2.64031731169659,2.65409074932409,-0.0137734376275001
0.1912,2.7153086357973,2.72900216585343,-0.0136935300561349
0.1914,2.79033623045951,2.80387748064016,-0.0135412501806478
0.1916,2.8654145340847,2.87876198072504,-0.0133474466403443
0.1918,2.94051058138034,2.95362462365345,-0.0131140422731182
0.192,3.01565827938445,3.0285909619067,-0.0129326825222558
0.1922,3.0909278462313,3.10360930713084,-0.01268146089954
0.1924,3.16624596467734,3.17860363896328,-0.0123576742859459
0.1926,3.24160930502712,3.25361495318684,-0.0120056481597133
0.1928,3.31696461216187,3.32860987518652,-0.0116452630246497
0.193,3.39232823006221,3.40361986640022,-0.011291636338012
0.1932,3.46765648346506,3.47860793494759,-0.0109514514825313
0.1934,3.54295870922637,3.55357211800509,-0.010613408778716
0.1936,3.61823961838527,3.62852176622322,-0.010282147837958
0.1938,3.6934456179624,3.70351126148261,-0.0100656435202091
0.194,3.76856363657155,3.77849630011102,-0.00993266353947186
0.1942,3.84366561060945,3.85351144207202,-0.00984583146256668
0.1944,3.91871613384485,3.9285496046471,-0.00983347080224828
0.1946,3.99374086573017,4.00363138896543,-0.00989052323526218
0.1948,4.06875116892254,4.07877821780717,-0.0100270488846332
0.195,4.14371925274146,4.15397515846707,-0.0102559057256064
0.1952,4.21861168538654,4.2292442182085,-0.0106325328219672
0.1954,4.29352397748744,4.30454108619091,-0.0110171087034647
0.1956,4.3684612944911,4.37987427944174,-0.0114129849506375
0.1958,4.44342076462726,4.45523176420994,-0.0118109995826856
0.196,4.51839726405892,4.53059177113401,-0.0121945070750922
0.1962,4.59340742420241,4.60597441020885,-0.0125669860064388
0.1964,4.66845409213079,4.68136557551217,-0.0129114833813766
0.1966,4.74350756675385,4.75676391360221,-0.0132563468483538
0.1968,4.81858897212447,4.83216409420578,-0.0135751220813116
0.197,4.89367940395083,4.9075545338871,-0.0138751299362703
0.1972,4.96880419955656,4.9829233649865,-0.0141191654299417
0.1974,5.04393157265913,5.05826135695942,-0.0143297843002932
0.1976,5.11904652284695,5.13359965547831,-0.0145531326313604
0.1978,5.19415928925716,5.20892721661808,-0.0147679273609134
0.198,5.26931700143571,5.28420706473836,-0.0148900633026479
0.1982,5.34453450368087,5.35944826767235,-0.0149137639914825
0.1984,5.4197549496715,5.43465547859266,-0.0149005289211575
0.1986,5.49497438963815,5.5098608184806,-0.0148864288424573
0.1988,5.57024201434585,5.58501346657098,-0.0147714522251245
0.199,5.64552421325654,5.66011207023724,-0.0145878569806985
0.1992,5.72084020275156,5.73520923215325,-0.0143690294016841
0.1994,5.79613824896631,5.81022428526209,-0.0140860362957804
0.1996,5.87140993078104,5.88519554812992,-0.0137856173488791
0.1998,5.94665550864002,5.96011772985491,-0.0134622212148905
0.2,6.02182510610062,6.03492288970952,-0.0130977836088944
0.2002,6.09695600090726,6.10968299865633,-0.0127269977490734
0.2004,6.1720621121247,6.18444774843602,-0.0123856363113211
0.2006,6.24711111907609,6.25919579193488,-0.0120846728587933
0.2008,0.0388961610585472,0.0507356351523213,-0.0118394740937741
0.201,0.113789522476875,0.125433562580046,-0.0116440401031709
0.2012,0.188693449258107,0.200184337588816,-0.0114908883307086
0.2014,0.263619405988148,0.27494706006565,-0.0113276540775013
0.2016,0.338554247900026,0.349710000254292,-0.011155752354266
0.2018,0.413507453842804,0.424469005366198,-0.010961551523394
0.202,0.488419285519407,0.499255350535411,-0.0108360650160033
0.2022,0.563324360224027,0.574076386976536,-0.0107520267525093
0.2024,0.638262735916058,0.648986893307298,-0.0107241573912393
0.2026,0.713260819239768,0.724005341372707,-0.0107445221329387
0.2028,0.788347780045133,0.799111823508757,-0.0107640434636248
0.203,0.863435437650915,0.87428311113267,-0.0108476734817544
0.2032,0.93851911480923,0.949512299047335,-0.0109931842381051
0.2034,1.01361993384008,1.02475977867841,-0.0111398448383275
0.2036,1.08877863389347,1.10002611754716,-0.0112474836536927
0.2038,1.16396221841758,1.1753145798905,-0.0113523614729227
0.204,1.2391915909499,1.25064629627547,-0.011454705325562
0.2042,1.31442432790928,1.32599577908254,-0.0115714511732639
0.2044,1.38969032227873,1.40136892230781,-0.0116786000290721
0.2046,1.46496319934494,1.47675177936706,-0.0117885800221234
0.2048,1.54027774701718,1.55214887878275,-0.0118711317655704
0.205,1.61556730677703,1.62754628143324,-0.0119789746562078
0.2052,1.69075033769052,1.70293988792159,-0.0121895502310654
0.2054,1.76589120615592,1.77832411977512,-0.0124329136191996
0.2056,1.84095797152103,1.85368276892781,-0.012724797406777
0.2058,1.91598560433982,1.92901175020393,-0.013026145864109
0.206,1.99099344179261,2.00431519675912,-0.0133217549665068
0.2062,2.06597001806459,2.07961037932723,-0.0136403612626341
0.2064,2.14088987823012,2.15483202485194,-0.0139421466218241
0.2066,2.2158153732956,2.22999247927433,-0.0141771059787259
0.2068,2.29075014443967,2.30514830069526,-0.0143981562555981
0.207,2.36568857494117,2.3802334088929,-0.0145448339517236
0.2072,2.44063088776307,2.45528042047942,-0.0146495327163483
0.2074,2.51562178626591,2.53032105307523,-0.0146992668093202
0.2076,2.59060972363022,2.60530099571288,-0.0146912720826635
0.2078,2.66559519999895,2.68027269523218,-0.0146774952332231
0.208,2.74061663785845,2.75523594938662,-0.0146193115281728
0.2082,2.81569228523191,2.83019657306645,-0.0145042878345389
0.2084,2.89085558644149,2.90516431113029,-0.0143087246887976
0.2086,2.96603006037073,2.98003130939568,-0.0140012490249468
0.2088,3.04121911058998,3.05476312060068,-0.0135440100106918
0.209,3.11643753400777,3.1294970355472,-0.013059501539423
0.2092,3.19170622708524,3.20421443501069,-0.0125082079254506
0.2094,3.26697426756033,3.27894553861198,-0.0119712710516535
0.2096,3.3422568978629,3.35367582448984,-0.0114189266269422
0.2098,3.41751783892448,3.42844857538513,-0.0109307364606455
0.21,3.4927958744751,3.50328687318074,-0.0104909987056399
0.2102,3.56807055344832,3.57820954081145,-0.0101389873631264
0.2104,3.64333671334514,3.65318345908927,-0.00984674574412292
0.2106,3.71853953368079,3.72822380374493,-0.00968427006414307
0.2108,3.79372473176893,3.80330699088692,-0.00958225911798483
0.211,3.86888362540825,3.87842391865145,-0.0095402932432016
0.2112,3.94397092605439,3.95353294092691,-0.00956201487252306
0.2114,4.01902142385944,4.028672586785,-0.00965116292555734
0.2116,4.09405360286363,4.10387644493247,-0.0098228420688411
0.2118,4.16905677412109,4.17910141076837,-0.0100446366472742
0.212,4.24400357981399,4.25437630024117,-0.0103727204271848
0.2122,4.31895312524621,4.32968629667467,-0.0107331714284626
0.2124,4.39390923587227,4.40500647172177,-0.0110972358494958
0.2126,4.46886986434233,4.48037450124245,-0.0115046369001153
0.2128,4.54383899348894,4.55576196025798,-0.011922966769041
0.213,4.6188547085722,4.63114803251621,-0.0122933239440144
0.2132,4.69386267071097,4.70654453465709,-0.0126818639461224
0.2134,4.76886415494816,4.78194241708961,-0.0130782621414465
0.2136,4.8438922521917,4.8573447180076,-0.0134524658158961
0.2138,4.91896544336697,4.93274534604593,-0.013779902678956
0.214,4.99411736459235,5.00813779314952,-0.0140204285571688
0.2142,5.06927745934238,5.08351433192928,-0.0142368725869062
0.2144,5.14444340413275,5.1588398410713,-0.0143964369385472
0.2146,5.21962822417371,5.23413467717633,-0.0145064530026184
0.2148,5.29486122643091,5.30938688339818,-0.0145256569672743
0.215,5.37010047286208,5.38461937274343,-0.0145188998813506
0.2152,5.44536458609382,5.45979280308876,-0.0144282169949461
0.2154,5.52061742823297,5.53490792158272,-0.0142904933497547
0.2156,5.59587792063723,5.6099868800833,-0.0141089594460686
0.2158,5.67114461824972,5.68497859220216,-0.013833973952444
0.216,5.74640775581095,5.75992622123265,-0.0135184654217042
0.2162,5.82160265271569,5.83478311879563,-0.0131804660799482
0.2164,5.89677618616777,5.90959723750042,-0.0128210513326437
0.2166,5.97191999393895,5.98442409596981,-0.0125041020308574
0.2168,6.04698935099372,6.05919579229534,-0.0122064413016139
0.217,6.12201650513347,6.1339302515448,-0.0119137464113326
0.2172,6.19699196932259,6.20864993592016,-0.0116579665975705
0.2174,6.27190611671724,0.00020934052439131,-0.011488530986739
0.2176,0.0635907513813416,0.07500940290981,-0.0114186515284684
0.2178,0.138477987189371,0.149830075047315,-0.0113520878579445
0.218,0.213383288058358,0.224660409422989,-0.011277121364631
0.2182,0.288300218564387,0.299512838918182,-0.0112126203537942
0.2184,0.363227035942056,0.374413080614313,-0.0111860446722569
0.2186,0.438198849714689,0.449394991967501,-0.0111961422528118
0.2188,0.513161352807718,0.524404927348308,-0.0112435745405902
0.219,0.588116176130148,0.599425914738059,-0.0113097386079117
0.2192,0.66309582129358,0.674432525602217,-0.0113367043086366
0.2194,0.738117265627406,0.749489140804308,-0.0113718751769023
0.2196,0.813214080607205,0.824625425698128,-0.0114113450909226
0.2198,0.888307245391187,0.899822925133424,-0.0115156797422368
0.22,0.963398544367558,0.975077397573463,-0.0116788532059047
0.2202,1.03850759608428,1.05036088626816,-0.0118532901838773
0.2204,1.11366405111897,1.12570171798158,-0.0120376668626028
0.2206,1.18882943482803,1.20106240395543,-0.0122329691273961
0.2208,1.26402646361145,1.27644170635471,-0.0124152427432518
0.221,1.33921828064595,1.35182012343362,-0.0126018427876686
0.2212,1.4144183172621,1.42720233643268,-0.012784019170581
0.2214,1.4896193028071,1.50259192842481,-0.0129726256177169
0.2216,1.56484787179365,1.57798797369259,-0.0131401018989381
0.2218,1.64004896740073,1.65338984761375,-0.0133408802130153
0.222,1.71522297113463,1.72878923440673,-0.0135662632720912
0.2222,1.79036783719661,1.80418896902387,-0.0138211318272594
0.2224,1.8655210079583,1.87958860624607,-0.0140675982877694
0.2226,1.94064063237064,1.9549673587399,-0.0143267263692588
0.2228,2.01569396353606,2.03031209806908,-0.0146181345330212
0.223,2.09067618261852,2.10564699980605,-0.0149708171875318
0.2232,2.16568050935627,2.18098588815243,-0.015305378796159
0.2234,2.2407003774518,2.25624335819822,-0.0155429807464214
0.2236,2.31571863474636,2.33146258251987,-0.0157439477735095
0.2238,2.39077040157625,2.40667297430547,-0.0159025727292179
0.224,2.46587449233341,2.48181965552751,-0.0159451631941021
0.2242,2.54101398493688,2.55695111218688,-0.0159371272499982
0.2244,2.61612587806229,2.63197605549262,-0.015850177430333
0.2246,2.69121471160102,2.70692118505366,-0.0157064734526364
0.2248,2.76631298198496,2.78177573753304,-0.0154627555480764
0.225,2.84143450324676,2.8565518110997,-0.0151173078529441
0.2252,2.91655509921997,2.93131392393762,-0.0147588247176444
0.2254,2.99168373289485,3.00606014384321,-0.0143764109483677
0.2256,3.06682436343075,3.08073971380383,-0.0139153503730731
0.2258,3.14198113614192,3.1554394539973,-0.0134583178553784
0.226,3.21721484860999,3.23019325066733,-0.0129784020573402
0.2262,3.2924521949299,3.30494967964688,-0.0124974847169845
0.2264,3.36770451842371,3.37974804847562,-0.0120435300519044
0.2266,3.44294474900537,3.45453910408803,-0.0115943550826643
0.2268,3.51819283602075,3.52935521183076,-0.011162375810009
0.227,3.59339888604178,3.60417763194238,-0.010778745900597
0.2272,3.66854117975935,3.67901312491227,-0.0104719451529234
0.2274,3.7436167936895,3.75387097040068,-0.010254176711177
0.2276,3.81868270387906,3.82881104741044,-0.0101283435313815
0.2278,3.8937313538476,3.90387462047418,-0.0101432666265753
0.228,3.96879675607157,3.97897987350694,-0.0101831174353664
0.2282,4.04384884112551,4.05409477751415,-0.0102459363886478
0.2284,4.11886760860601,4.12924777367884,-0.0103801650728323
0.2286,4.19382662425065,4.20444199136468,-0.0106153671140365
0.2288,4.26873577672332,4.27964264452749,-0.0109068678041693
0.229,4.34366000082973,4.35491599310988,-0.0112559922801516
0.2292,4.41858870187678,4.43022407350091,-0.0116353716241289
0.2294,4.49354129396118,4.5055595163292,-0.0120182223680141
0.2296,4.5685388193407,4.58093269194692,-0.0123938726062205
0.2298,4.64357859256096,4.65632334035636,-0.0127447477953977
0.23,4.7186066442594,4.73172047594221,-0.013113831682805
0.2302,4.79362723663506,4.80711099711205,-0.0134837604769853
0.2304,4.86867180736768,4.88248313223697,-0.0138113248692893
0.2306,4.94375386360346,4.95783337509405,-0.0140795114905918
0.2308,5.01884388592967,5.03316391730944,-0.0143200313797651
0.231,5.09393666271767,5.10846273152238,-0.0145260688047122
0.2312,5.16902220713026,5.18369119112796,-0.0146689839976952
0.2314,5.24410531195719,5.25890253590465,-0.0147972239474674
0.2316,5.31926054044043,5.33407951069737,-0.0148189702569406
0.2318,5.39442813827513,5.4091992265613,-0.0147710882861745
0.232,5.46962195320091,5.48426713971444,-0.014645186513536
0.2322,5.54480879847781,5.55926479247337,-0.0144559939955613
0.2324,5.62000383892987,5.63422418380916,-0.0142203448792895
0.2326,5.69519331510767,5.70911206311738,-0.0139187480097114
0.2328,5.77036256822761,5.78396716062414,-0.0136045923965291
0.233,5.84545077759045,5.85876603584266,-0.0133152582522129
0.2332,5.92051960894507,5.93355778186712,-0.0130381729220437
0.2334,5.99557001012499,6.00840374923753,-0.0128337391125415
0.2336,6.07063660345099,6.08328784927649,-0.0126512458254968
0.2338,6.14569118698374,6.15821895014125,-0.0125277631575109
0.234,6.22071354788963,6.23313129678914,-0.0124177488995016
0.2342,0.0124867674193467,0.0248703583345579,-0.0123835909152112
0.2344,0.0874648434406122,0.0997877638682128,-0.0123229204276006
0.2346,0.162449305673099,0.174680719462322,-0.0122314137892225
0.2348,0.237415556315425,0.249562444228756,-0.0121468879133315
0.235,0.312397828388667,0.324488082405035,-0.0120902540163687
0.2352,0.387422382310664,0.399448482998992,-0.0120261006883282
0.2354,0.462484385297471,0.474466839429174,-0.0119824541317026
0.2356,0.53752629453626,0.549459918361346,-0.0119336238250858
0.2358,0.612556700372893,0.624490903271221,-0.0119342028983279
0.236,0.687606016857557,0.699528010136702,-0.0119219932791449
0.2362,0.762696250614191,0.774559220541593,-0.0118629699274014
0.2364,0.837797480824752,0.849607159585667,-0.0118096787609154
0.2366,0.912907143807134,0.924702209648672,-0.0117950658415387
0.2368,0.98807129548891,0.999874339434772,-0.0118030439458618
0.237,1.0632921526536,1.07507148930167,-0.0117793366480712
0.2372,1.1385639360366,1.15032304494212,-0.0117591089055158
0.2374,1.21382651549882,1.22560789324557,-0.0117813777467541
0.2376,1.28909107287162,1.30093321475236,-0.0118421418807395
0.2378,1.3643444016131,1.37629696697577,-0.0119525653626729
0.238,1.43960017907297,1.45166736701257,-0.0120671879396008
0.2382,1.51489806702421,1.52705529513154,-0.0121572281073341
0.2384,1.59017708432588,1.60245344720774,-0.0122763628818561
0.2386,1.6653624292421,1.67785438873563,-0.0124919594935284
0.2388,1.74052745300463,1.7532510585871,-0.0127236055824715
0.239,1.8156416555208,1.8286267220137,-0.0129850664929034
0.2392,1.89072889366882,1.9039919972527,-0.0132631035838777
0.2394,1.96580015013091,1.97934372457924,-0.0135435744483274
0.2396,2.04082694929281,2.0546461895332,-0.0138192402403896
0.2398,2.11577168992396,2.12986001071206,-0.0140883207881002
0.24,2.19072393337799,2.20503494845398,-0.0143110150759886
0.2402,2.26568208749938,2.28013306367072,-0.014450976171335
0.2404,2.34063092754579,2.35514672541601,-0.0145157978702279
0.2406,2.4155974208699,2.43014501875697,-0.0145475978870677
0.2408,2.4906055079887,2.50506454347569,-0.0144590354869956
0.241,2.56558534397495,2.57996231198532,-0.01437696801037
0.2412,2.6405464470252,2.65482925983443,-0.0142828128092254
0.2414,2.71551064411155,2.72965263812144,-0.0141419940098895
0.2416,2.79049796828838,2.80442808441057,-0.013930116122185
0.2418,2.86552430988762,2.8792000841001,-0.0136757742124756
0.242,2.94055752954345,2.95393268237807,-0.0133751528346266
0.2422,3.01559589402896,3.02865506155836,-0.0130591675294016
0.2424,3.09067643352582,3.10339944037104,-0.0127230068452189
0.2426,3.16581532862001,3.17813876530206,-0.0123234366820553
0.2428,3.24101761991521,3.25292269687368,-0.0119050769584752
0.243,3.31621905838933,3.32769138505454,-0.0114723266652104
0.2432,3.39141108182832,3.40249934745016,-0.0110882656218423
0.2434,3.46664414931324,3.47735834926367,-0.0107141999504394
0.2436,3.54188795255178,3.55231897254512,-0.0104310199933488
0.2438,3.61717548336689,3.62743082457762,-0.0102553412107254
0.244,3.69244874162405,3.70257621454262,-0.0101274729185699
0.2442,3.76763805127165,3.77768802433106,-0.0100499730594099
0.2444,3.84280964430451,3.85281263816677,-0.010002993862257
0.2446,3.91792054413587,3.92793714411055,-0.0100165999746742
0.2448,3.99298726364161,4.00309732963953,-0.0101100659979161
0.245,4.06802087841354,4.0783106435098,-0.0102897650962603
0.2452,4.14300188670509,4.15355323193596,-0.0105513452308763
0.2454,4.21790636969269,4.22885602430729,-0.0109496546145937
0.2456,4.29283386546663,4.30417859263815,-0.0113447271715179
0.2458,4.36780292760421,4.37952682643137,-0.0117238988271602
0.246,4.44279926011608,4.45489995990901,-0.0121006997929296
0.2462,4.51780025024252,4.53027493261838,-0.0124746823758599
0.2464,4.59282878188011,4.60566490395747,-0.0128361220773545
0.2466,4.66782504660118,4.6810586479124,-0.0132336013112209
0.2468,4.74283249968818,4.75645704203619,-0.0136245423480057
0.247,4.81787671996552,4.83185842731753,-0.013981707352011
0.2472,4.89293338240507,4.90725648843389,-0.0143231060288134
0.2474,4.96803634644917,4.98263987705397,-0.0146035306048073
0.2476,5.04313881394155,5.05800228449498,-0.0148634705534265
0.2478,5.11824652743471,5.13337881375749,-0.0151322863227756
0.248,5.19338177101818,5.2087534033158,-0.0153716322976134
0.2482,5.26858337073366,5.28408633616859,-0.0155029654349352
0.2484,5.34381012673763,5.35937650816684,-0.0155663814292115
0.2486,5.41902936380342,5.43460307390968,-0.0155737101062545
0.2488,5.49423629992015,5.5097710091948,-0.0155347092746414
0.249,5.56942322293225,5.58484547121698,-0.0154222482847279
0.2492,5.64461211315828,5.65993195966575,-0.0153198465074622
0.2494,5.71984905641562,5.73502242739804,-0.0151733709824189
0.2496,5.79507404480388,5.81010154970786,-0.0150275049039763
0.2498,5.87027701969367,5.88515341117032,-0.0148763914766468
0.25,5.94546010365902,5.96014056669063,-0.0146804630316026
0.2502,6.02057138410175,6.03499726899291,-0.0144258848911676
0.2504,6.09564407162224,6.10979751557483,-0.0141534439525923
0.2506,6.17069175684039,6.18459332916869,-0.0139015723283
0.2508,6.24568381903525,6.25932942908407,-0.0136456100488136
0.251,0.0373997111435296,0.0507604808542844,-0.0133607697107548
0.2512,0.112229133128339,0.125353833566998,-0.0131247004386589
0.2514,0.187088753006486,0.200050627577844,-0.0129618745713584
0.2516,0.261987915149401,0.274761988007696,-0.0127740728582951
0.2518,0.33689533519189,0.349470709336839,-0.0125753741449486
0.252,0.411835979268835,0.4242037615964,-0.0123677823275652
0.2522,0.486762817142214,0.499002126985974,-0.01223930984376
0.2524,0.561692816462409,0.57386037392328,-0.0121675574608705
0.2526,0.636660345384036,0.648789818531022,-0.0121294731469864
0.2528,0.711643047052416,0.72378842073718,-0.0121453736847642
0.253,0.786672589452071,0.798877576123632,-0.0122049866715608
0.2532,0.861727357878022,0.874016753672179,-0.0122893957941567
0.2534,0.936795824926835,0.949141528096352,-0.0123457031695168
0.2536,1.01188193071225,1.02428815480834,-0.0124062240960914
0.2538,1.0870197806387,1.09947523201898,-0.0124554513802839
0.254,1.16217523472872,1.17470181158236,-0.0125265768536438
0.2542,1.23737057291906,1.24997378544852,-0.0126032125294653
0.2544,1.31256820559675,1.32528201027895,-0.0127138046821953
0.2546,1.38780447522053,1.40063736490453,-0.0128328896840009
0.2548,1.46305625159666,1.47601790309915,-0.0129616515024928
0.255,1.5383479769519,1.55141130575327,-0.0130633288013646
0.2552,1.61362334736029,1.62680986223945,-0.0131865148791586
0.2554,1.68887019462429,1.70220486800102,-0.0133346733767257
0.2556,1.76408874412302,1.7775871939606,-0.0134984498375821
0.2558,1.83925814799209,1.85293344489632,-0.0136752969042258
0.256,1.91441597881963,1.92824771168423,-0.0138317328646007
0.2562,1.98953035857576,2.00352710728617,-0.0139967487104105
0.2564,2.06457782484358,2.07876901462159,-0.0141911897780087
0.2566,2.13954099519428,2.15392483001049,-0.0143838348162144
0.2568,2.21441367406408,2.22903435703987,-0.0146206829757851
0.257,2.28929562364917,2.3041528337434,-0.0148572100942301
0.2572,2.36419399910695,2.379176817019,-0.0149828179120406
0.2574,2.4390969436723,2.45415075852303,-0.0150538148507273
0.2576,2.51404745849173,2.5291251624205,-0.0150777039287648
0.2578,2.5889954228474,2.60404959737023,-0.0150541745228279
0.258,2.66393875353243,2.67897245993188,-0.0150337063994463
0.2582,2.73891367368276,2.7538882684555,-0.0149745947727458
0.2584,2.81390645617384,2.82871207461129,-0.0148056184374541
0.2586,2.88888747582799,2.9035250593656,-0.0146375835376178
0.2588,2.9639003909054,2.97834689181449,-0.0144465009090897
0.259,3.03894968979572,3.05312145726434,-0.0141717674686181
0.2592,3.11402958793492,3.12786870314947,-0.0138391152145569
0.2594,3.18916563069118,3.20258156101921,-0.0134159303280308
0.2596,3.26432315280457,3.27732908715931,-0.013005934354748
0.2598,3.33952631812339,3.35211875365825,-0.012592435534855
0.26,3.4147363317809,3.4269050499561,-0.0121687181751966
0.2602,3.48998333632399,3.50172849694524,-0.0117451606212509
0.2604,3.56523598825009,3.57655721725789,-0.0113212290078013
0.2606,3.64052045672227,3.65148908017403,-0.0109686234517525
0.2608,3.71576381457218,3.72646773969192,-0.0107039251197412
0.261,3.79088535721569,3.80144296697111,-0.0105576097554172
0.2612,3.86595614403259,3.8764831474785,-0.0105270034459135
0.2614,3.94095120271583,3.95156324609966,-0.0106120433838339
0.2616,4.01591041907213,4.02668791288705,-0.0107774938149179
0.2618,4.09085477526776,4.10188148965975,-0.011026714391984
0.262,4.1657728050775,4.1770996672088,-0.0113268621312956
0.2622,4.24063017806967,4.25235248636653,-0.0117223082968589
0.2624,4.31547869699132,4.32765145025149,-0.0121727532601668
0.2626,4.39033806370644,4.40296639529377,-0.0126283315873321
0.2628,4.46522837008861,4.47831576276294,-0.0130873926743327
0.263,4.54016632384046,4.55368673433347,-0.0135204104930162
0.2632,4.6151539782199,4.62906732606724,-0.013913347847339
0.2634,4.69014794651437,4.70446186594853,-0.0143139194341533
0.2636,4.76515971331185,4.77986037468361,-0.0147006613717622
0.2638,4.84021510283829,4.855253298451,-0.0150381956127044
0.264,4.91531446922311,4.93063115497064,-0.0153166857475266
0.2642,4.99049114218262,5.00599315022214,-0.0155020080395252
0.2644,5.06567567620732,5.0813304671492,-0.0156547909418858
0.2646,5.14086548366807,5.15660843451503,-0.0157429508469615
0.2648,5.21607328160056,5.23184887107897,-0.0157755894784115
0.265,5.29132853019964,5.30702891215195,-0.0157003819523123
0.2652,5.36658719168614,5.38219477680484,-0.015607585118703
0.2654,5.44186256199223,5.45732049464911,-0.0154579326568802
0.2656,5.51711112801696,5.53242581759899,-0.0153146895820289
0.2658,5.59236474502389,5.6074648463959,-0.0151001013720089
0.266,5.6675992809151,5.68241983275421,-0.0148205518391151
0.2662,5.74281099635271,5.75733837935206,-0.0145273829993506
0.2664,5.81795001708396,5.83218363638437,-0.0142336193004073
0.2666,5.89307847325107,5.90699054216631,-0.0139120689152419
0.2668,5.96819134093535,5.98181720460523,-0.0136258636698816
0.267,6.04324089515158,6.05659577962511,-0.0133548844735314
0.2672,6.11825501719956,6.13133844666848,-0.0130834294689262
0.2674,6.19322339595852,6.20607593157859,-0.0128525356200644
0.2676,6.2681402167429,6.2808527319656,-0.0127125152226917
0.2678,0.0598213380432115,0.0724586633048863,-0.0126373252616747
0.268,0.134696299219984,0.147232940537484,-0.0125366413174998
0.2682,0.209601260516747,0.221994832722388,-0.0123935722056407
0.2684,0.284518402487287,0.296768560032109,-0.0122501575448222
0.2686,0.359441649610773,0.37156390024059,-0.0121222506298168
0.2688,0.434415533911636,0.44650063759388,-0.0120851036822444
0.269,0.509454982286971,0.521510996751722,-0.0120560144647501
0.2692,0.584478864571758,0.596509643088802,-0.0120307785170439
0.2694,0.659506517189058,0.6715133564689,-0.0120068392798423
0.2696,0.734533714916316,0.746517747786716,-0.0119840328703994
0.2698,0.809534942910763,0.821537598739226,-0.0120026558284629
0.27,0.884571045395477,0.896620944892077,-0.0120498994965994
0.2702,0.959628199130255,0.971781495377892,-0.0121532962476372
0.2704,1.03469280657813,1.04698188888148,-0.0122890823033486
0.2706,1.10979369593148,1.12225302704463,-0.0124593311131518
0.2708,1.18490310448671,1.19756455524618,-0.0126614507594704
0.271,1.26005140650718,1.27291593710105,-0.0128645305938653
0.2712,1.33520551288587,1.34829268088353,-0.0130871679976567
0.2714,1.41039863593684,1.42369092326168,-0.0132922873248471
0.2716,1.48559954562119,1.49909676668403,-0.0134972210628457
0.2718,1.56079223736247,1.57449573762962,-0.0137035002671488
0.272,1.63591437553629,1.64989268685547,-0.0139783113191823
0.2722,1.71102133355401,1.72527875975715,-0.0142574262031399
0.2724,1.78611029548939,1.80065921311512,-0.0145489176257376
0.2726,1.86114137478064,1.87603147949998,-0.0148901047193397
0.2728,1.93614772535353,1.95137840727905,-0.0152306819255228
0.273,2.01114024400973,2.02669289891104,-0.0155526549013154
0.2732,2.08610235225273,2.10199516896569,-0.0158928167129608
0.2734,2.16108096857039,2.17724648929087,-0.0161655207204805
0.2736,2.23605130859878,2.25239149338648,-0.0163401847877016
0.2738,2.3109938995683,2.32748611373958,-0.0164922141712869
0.274,2.38594260050431,2.40255679346834,-0.0166141929640218
0.2742,2.46092617824487,2.47754420095991,-0.016618022715043
0.2744,2.53587648627831,2.55251297255982,-0.0166364862815023
0.2746,2.61082234962149,2.62741378566882,-0.0165914360473347
0.2748,2.68578648836321,2.70226791619835,-0.0164814278351404
0.275,2.76078606230942,2.77711941956691,-0.0163333572574946
0.2752,2.83582845600337,2.85198462962479,-0.0161561736214262
0.2754,2.91088837769809,2.92682377461275,-0.0159353969146641
0.2756,2.98596576957979,3.00163438036915,-0.0156686107893615
0.2758,3.06108906283561,3.07645263285042,-0.0153635700148094
0.276,3.13626633654804,3.15128231389967,-0.0150159773516263
0.2762,3.21150887810192,3.22613220163053,-0.0146233235286175
0.2764,3.28676491346363,3.30096769507171,-0.0142027816080796
0.2766,3.36205897315319,3.37583110478521,-0.0137721316320278
0.2768,3.43735320292271,3.45066472839074,-0.0133115254680232
0.277,3.51265492032962,3.52550020358519,-0.0128452832555688
0.2772,3.58795231525152,3.60032077268517,-0.0123684574336562
0.2774,3.66323501379669,3.6751420943465,-0.0119070805498054
0.2776,3.73844080881713,3.75003605411645,-0.011595245299326
0.2778,3.81361886743913,3.82499739486396,-0.0113785274248244
0.278,3.88875584023237,3.90000937585374,-0.0112535356213725
0.2782,3.96380490665756,3.97503200496103,-0.0112270983034697
0.2784,4.03880004306861,4.05010028136968,-0.0113002383010699
0.2786,4.11373480248125,4.12521505021317,-0.0114802477319245
0.2788,4.18860257532142,4.20037904614976,-0.0117764708283401
0.279,4.26342002454827,4.27555911028183,-0.012139085733561
0.2792,4.33826198971036,4.35081046894885,-0.0125484792384931
0.2794,4.41312633368472,4.42611029646223,-0.0129839627775041
0.2796,4.48803066023715,4.50144706983811,-0.0134164096009517
0.2798,4.56298754624951,4.57682195652744,-0.0138344102779255
0.28,4.63798770918221,4.65221421349607,-0.0142265043138599
0.2802,4.71297644450675,4.7276120547511,-0.014635610244345
0.2804,4.78796044538383,4.80300474759662,-0.0150443022127922
0.2806,4.86297211794041,4.87838391324392,-0.0154117953035131
0.2808,4.93802594406961,4.95373892506112,-0.0157129809915038
0.281,5.01309586120619,5.02907147279667,-0.0159756115904788
0.2812,5.08818176482385,5.1043743620416,-0.0161925972177563
0.2814,5.16327511411333,5.17961245318231,-0.0163373390689872
0.2816,5.23837465454809,5.25483015306291,-0.0164554985148202
0.2818,5.31352937086167,5.32999348546241,-0.016464114600744
0.282,5.38868747619825,5.40509807346568,-0.0164105972674315
0.2822,5.46387329476312,5.48015587999883,-0.016282585235702
0.2824,5.53905322841317,5.55516998251588,-0.0161167541027112
0.2826,5.61423873735315,5.63014729612743,-0.0159085587742824
0.2828,5.68941448793387,5.70505233372953,-0.0156378457956592
0.283,5.7645668937771,5.77990923229299,-0.0153423385158957
0.2832,5.83963908380543,5.85469841732707,-0.0150593335216325
0.2834,5.91469401718748,5.92945441300899,-0.0147603958215026
0.2836,5.98973192215258,6.00425272952469,-0.014520807372107
0.2838,6.06478642566448,6.07907787964931,-0.0142914539848267
0.284,6.13982581102065,6.15393546225771,-0.014109651237062
0.2842,6.21482959894158,6.22875890178313,-0.0139293028415555
0.2844,0.00658557799348891,0.0204311815245738,-0.0138456035310849
0.2846,0.0815526422759469,0.0953008123246789,-0.013748170048732
0.2848,0.156533178699186,0.170143389520208,-0.0136102108210217
0.285,0.231499533885604,0.244979872103938,-0.0134803382183345
0.2852,0.30648185621666,0.319868758090835,-0.0133869018741744
0.2854,0.381504824090221,0.394752538752996,-0.0132477146627755
0.2856,0.456564421227509,0.469612606022613,-0.0130481847951046
0.2858,0.531607536085182,0.544510323637492,-0.0129027875523099
0.286,0.606640393297457,0.619479354329701,-0.0128389610322438
0.2862,0.681693146099661,0.694491101073588,-0.0127979549739274
0.2864,0.756787555484068,0.76957513567632,-0.0127875801922512
0.2866,0.83188887069371,0.84468649876559,-0.0127976280718796
0.2868,0.906990970389787,0.919800534369293,-0.0128095639795057
0.287,0.982041248256119,0.994940944799611,-0.0128996965434921
0.2872,1.05709638331285,1.07011979980701,-0.0130234164941572
0.2874,1.13223323507408,1.14536303715226,-0.0131298020781745
0.2876,1.20738081785578,1.22064738267934,-0.0132665648235639
0.2878,1.28255205987104,1.29596853896562,-0.0134164790945754
0.288,1.35771684683511,1.37130542314929,-0.0135885763141732
0.2882,1.43289039944453,1.44666178266465,-0.0137713832201189
0.2884,1.50811986509104,1.52204878815945,-0.0139289230684085
0.2886,1.58333729527092,1.59744702807276,-0.0141097328018354
0.2888,1.65847072334038,1.67284645976162,-0.01437573642124
0.289,1.73359291328067,1.74824186162579,-0.0146489483451153
0.2892,1.80866855190437,1.82362501715242,-0.0149564652480485
0.2894,1.8837177121085,1.89899959197165,-0.0152818798631551
0.2896,1.95875516555892,1.97436948933396,-0.0156143237750386
0.2898,2.03375936872046,2.04969626067601,-0.0159368919555498
0.29,2.10869492466004,2.12497551310883,-0.0162805884487924
0.2902,2.18360660827853,2.20025442124859,-0.0166478129700596
0.2904,2.25852113397755,2.27546715293111,-0.0169460189535604
0.2906,2.33342689181828,2.35059851673943,-0.0171716249211533
0.2908,2.40835497818121,2.42567847394049,-0.0173234957592845
0.291,2.48332814300409,2.50067430286369,-0.0173461598596032
0.2912,2.55826715097034,2.5756113300475,-0.017344179077158
0.2914,2.63319169330402,2.65045316142157,-0.0172614681175443
0.2916,2.70812427853138,2.72523585929965,-0.0171115807682685
0.2918,2.78308705288274,2.79995327107371,-0.0168662181909638
0.292,2.85808553956807,2.8746415151395,-0.0165559755714324
0.2922,2.93308884793432,2.94929980497484,-0.0162109570405167
0.2924,3.00809434775295,3.02389814901539,-0.0158038012624426
0.2926,3.08313347426335,3.09848166928563,-0.0153481950222778
0.2928,3.15821946077979,3.1730653862421,-0.014845925462315
0.293,3.23335964807247,3.2476779119173,-0.0143182638448356
0.2932,3.30849454993411,3.32225746497701,-0.0137629150428955
0.2934,3.38362165326944,3.39688279675438,-0.0132611434849448
0.2936,3.45879931074529,3.47158497486099,-0.0127856641157047
0.2938,3.53400236265188,3.54632231498245,-0.0123199523305653
0.294,3.60921599500702,3.62108386571094,-0.0118678707039268
0.2942,3.68438646630835,3.69591785735629,-0.0115313910479333
0.2944,3.75949645984786,3.77079742103184,-0.0113009611839794
0.2946,3.83460113722396,3.84576451295785,-0.011163375733894
0.2948,3.9096878572145,3.92085404590018,-0.0111661886856766
0.295,3.98478282341744,3.99598115086882,-0.0111983274513845
0.2952,4.05984784104008,4.07115222140006,-0.0113043803599826
0.2954,4.13486002456011,4.14637253154407,-0.011512506983955
0.2956,4.20979682876921,4.22166904884733,-0.0118722200781205
0.2958,4.28475513605653,4.29699035152682,-0.0122352154702892
0.296,4.35972782606059,4.37234866509244,-0.0126208390318521
0.2962,4.43468453328021,4.44772623663451,-0.0130417033543004
0.2964,4.5096385686834,4.52310050455071,-0.0134619358673103
0.2966,4.58461081725504,4.59849179510992,-0.0138809778548836
0.2968,4.65953705606189,4.67388819340895,-0.0143511373470631
0.297,4.73443317986966,4.74928547395194,-0.0148522940822851
0.2972,4.80932483552768,4.82467882800388,-0.0153539924762036
0.2974,4.88423620554079,4.90006373033166,-0.0158275247908639
0.2976,4.95918920677384,4.97543274520619,-0.0162435384323523
0.2978,5.0341562893114,5.05077638941409,-0.0166201001026911
0.298,5.10913589688029,5.12611172216498,-0.0169758252846863
0.2982,5.18419319455442,5.20141844077768,-0.0172252462232505
0.2984,5.25932451891863,5.27669270656637,-0.0173681876477403
0.2986,5.33453286313419,5.35192840658817,-0.0173955434539801
0.2988,5.40976315057519,5.42712051693329,-0.0173573663581035
0.299,5.48501616996436,5.5022668283269,-0.0172506583625349
0.2992,5.5602578860526,5.57732949704992,-0.0170716109973208
0.2994,5.63548617750772,5.6524001447688,-0.0169139672610772
0.2996,5.71073306422703,5.72746598048782,-0.016732916260791
0.2998,5.78594949101934,5.80245183068846,-0.016502339669124
0.3,5.86106768826132,5.87735626576776,-0.016288577506443
0.3002,5.93616321029701,5.95220929384131,-0.0160460835442962
0.3004,6.01120556738902,6.02694754544008,-0.015741978051059
0.3006,6.08621888052392,6.1016441200892,-0.0154252395652845
0.3008,6.16121423127761,6.17635293925942,-0.0151387079818104
0.301,6.23616478064494,6.25101383027061,-0.0148490496256688
0.3012,0.027850836105956,0.0423704111914593,-0.0145195750855034
0.3014,0.102657702411545,0.116879271599647,-0.0142215691881015
0.3016,0.177477364358957,0.19144866771433,-0.0139713033553722
0.3018,0.252309107257928,0.266036295647846,-0.0137271883899183
0.302,0.327163881386264,0.340639855883495,-0.0134759744972309
0.3022,0.40205607125698,0.415299679265746,-0.0132436080087665
0.3024,0.476988055438438,0.490046224970872,-0.0130581695324343
0.3026,0.551932468548968,0.564825215987062,-0.0128927474380938
0.3028,0.626912215452687,0.639682844140932,-0.0127706286882443
0.303,0.701923742634471,0.71464034663283,-0.0127166039983588
0.3032,0.77700284842863,0.789697823561865,-0.0126949751332349
0.3034,0.852086679080525,0.864816807107558,-0.0127301280270324
0.3036,0.927163086426019,0.939982808965564,-0.0128197225395453
0.3038,1.00224690799998,1.01517800974659,-0.0129311017466085
0.304,1.07738292262166,1.09042284515654,-0.0130399225348801
0.3042,1.15258121162903,1.16572709221171,-0.0131458805826767
0.3044,1.22778240534582,1.24105351952036,-0.0132711141745339
0.3046,1.30298181315427,1.31639999281159,-0.0134181796573238
0.3048,1.37820218714301,1.39178157564675,-0.0135793885037396
0.305,1.45342845638655,1.46717092659556,-0.0137424702090083
0.3052,1.52869003529975,1.54256723557857,-0.013877200278827
0.3054,1.60393525948168,1.61796461633409,-0.0140293568524106
0.3056,1.67908848739478,1.69335111849259,-0.0142626310978036
0.3058,1.75421696070842,1.76871967029852,-0.0145027095901036
0.306,1.82928526449927,1.84405873653231,-0.0147734720330475
0.3062,1.90431623135069,1.91936721409784,-0.015050982747151
0.3064,1.97931905288559,1.99464221387885,-0.0153231609932645
0.3066,2.05426581630013,2.06987043296806,-0.015604616667924
0.3068,2.12912471343335,2.14501351614224,-0.0158888027088948
0.307,2.20391628338028,2.22011667564441,-0.0162003922641283
0.3072,2.27872747645536,2.29523193419112,-0.0165044577357563
0.3074,2.35356736119751,2.37027603277768,-0.0167086715801639
0.3076,2.42842414672503,2.4452853025499,-0.0168611558248672
0.3078,2.50333736412555,2.5203070748596,-0.0169697107340547
0.308,2.57832989294671,2.59532024833784,-0.0169903553911266
0.3082,2.65330070032457,2.67026163899571,-0.0169609386711316
0.3084,2.72826562297075,2.74514239381009,-0.0168767708393371
0.3086,2.80326388002193,2.81997570410827,-0.0167118240863409
0.3088,2.87831118690735,2.8948050510262,-0.0164938641188548
0.309,2.95336155388557,2.9695915776376,-0.0162300237520281
0.3092,3.02840268236065,3.04430321056057,-0.0159005281999169
0.3094,3.10345353208676,3.11899615269156,-0.0155426206047968
0.3096,3.17856254036379,3.19367623335875,-0.0151136929949538
0.3098,3.2537010690186,3.2683799673957,-0.014678898377102
0.31,3.32884424867396,3.34309620421359,-0.014251955539633
0.3102,3.40398918162312,3.41780726273464,-0.0138180811115269
0.3104,3.47917799832595,3.49255922994595,-0.0133812316199968
0.3106,3.5543751967372,3.56740766181103,-0.0130324650738296
0.3108,3.62961034549766,3.64239429109017,-0.0127839455925125
0.311,3.70482082882761,3.7174221475946,-0.0126013187669889
0.3112,3.78000202431946,3.7924375190996,-0.0124354947801457
0.3114,3.85515645320216,3.86746269439683,-0.0123062411946684
0.3116,3.93023328995698,3.94249024815544,-0.012256958198464
0.3118,4.00527209394977,4.01756298241219,-0.0122908884624167
0.312,4.0802935196192,4.09270207225279,-0.0124085526335866
0.3122,4.15528471676568,4.16786722940544,-0.0125825126397672
0.3124,4.23022172828769,4.24308602856996,-0.0128643002822777
0.3126,4.30509073619298,4.31834073425217,-0.0132499980591891
0.3128,4.37997020751745,4.39361861432011,-0.0136484068026643
0.313,4.45486455573181,4.46895735028033,-0.0140927945485148
0.3132,4.529757631883,4.54432450867039,-0.0145668767873897
0.3134,4.6046912853608,4.61971024920856,-0.0150189638477629
0.3136,4.67962332094335,4.69510555261471,-0.0154822316713545
0.3138,4.75456241202081,4.7705043056633,-0.015941893642494
0.314,4.82954677817762,4.8458992656314,-0.0163524874537782
0.3142,4.90454872646718,4.92127566123283,-0.0167269347656473
0.3144,4.9795320950653,4.99663488030897,-0.0171027852436749
0.3146,5.05453535570419,5.07196252210119,-0.0174271663970016
0.3148,5.12956277906337,5.14725520897255,-0.0176924299091743
0.315,5.20461401961569,5.22252658399489,-0.0179125643791993
0.3152,5.27972005554799,5.29775547504089,-0.0180354194929002
0.3154,5.35484566610284,5.37295361572321,-0.0181079496203704
0.3156,5.43001073925181,5.44809558386832,-0.0180848446165101
0.3158,5.50517345591199,5.52319785519046,-0.0180243992784659
0.316,5.58036542696148,5.59822847086656,-0.0178630439050869
0.3162,5.65556100993232,5.67315441696182,-0.0175934070295032
0.3164,5.7307948420463,5.74806564246493,-0.0172708004186299
0.3166,5.80600305565351,5.82292979247568,-0.0169267368221631
0.3168,5.88111091144148,5.89769774375254,-0.0165868323110612
0.317,5.95618758509617,5.97245465626633,-0.0162670711701622
0.3172,6.03119754453714,6.04713752038506,-0.0159399758479157
0.3174,6.10616658103792,6.12178847624729,-0.0156218952093656
0.3176,6.18110847407394,6.19647091658187,-0.0153624425079268
0.3178,6.25601552613888,6.27118757893897,-0.0151720528000965
0.318,0.0476850984584836,0.0627591601617449,-0.0150740617032613
0.3182,0.122553657455656,0.137531263767012,-0.014977606311356
0.3184,0.197435835375493,0.212303438489645,-0.0148676031141516
0.3186,0.272320135114437,0.287075155495391,-0.0147550203809541
0.3188,0.347204908422468,0.361853372768313,-0.0146484643458452
0.319,0.422131594620644,0.436623492690844,-0.0144918980702
0.3192,0.497056552285064,0.511414548819912,-0.0143579965348478
0.3194,0.571991114223486,0.586236651648036,-0.0142455374245503
0.3196,0.646971259371161,0.661079105123905,-0.0141078457527447
0.3198,0.722013127619732,0.735996800083919,-0.0139836724641873
0.32,0.79714680933082,0.811013338667856,-0.0138665293370368
0.3202,0.872290218942921,0.886112681614898,-0.0138224626719775
0.3204,0.947442436795227,0.961285834806384,-0.0138433980111573
0.3206,1.02260089742233,1.03647923133528,-0.0138783339129498
0.3208,1.09778393572206,1.11170093765609,-0.0139170019340291
0.321,1.17297786003765,1.18695320425892,-0.0139753442212673
0.3212,1.24819634926507,1.26225504346957,-0.0140586942045016
0.3214,1.32339484034584,1.33758394652315,-0.0141891061773147
0.3216,1.39860716890202,1.41294528031729,-0.0143381114152659
0.3218,1.47381032362239,1.48833032675913,-0.0145200031367383
0.322,1.54899903842646,1.56372375348281,-0.0147247150563505
0.3222,1.62412210731346,1.63912294060018,-0.0150008332867215
0.3224,1.69923079410966,1.71451538133536,-0.0152845872256935
0.3226,1.77431903160351,1.78989653760437,-0.0155775060008572
0.3228,1.84933826356904,1.86525964841327,-0.0159213848442288
0.323,1.92431719694354,1.94059225406072,-0.0162750571171801
0.3232,1.99924702995632,2.01590913915288,-0.0166621091965653
0.3234,2.07412058030702,2.09121972407041,-0.0170991437633883
0.3236,2.1489369131259,2.16647535945269,-0.0175384463267956
0.3238,2.22367884198684,2.24162396560733,-0.0179451236204948
0.324,2.29845346816412,2.31674127506575,-0.0182878069016219
0.3242,2.37326809578977,2.39179181602923,-0.0185237202394601
0.3244,2.44810748569722,2.46674555847661,-0.0186380727793898
0.3246,2.52297846826838,2.54156869992911,-0.0185902316607374
0.3248,2.59788305337927,2.61634727470921,-0.018464221329932
0.325,2.67279096565434,2.69111587909116,-0.018324913436814
0.3252,2.74771674399307,2.76581697814707,-0.0181002341539922
0.3254,2.82263906361811,2.84042332851372,-0.0177842648956097
0.3256,2.89759419762944,2.91505055213298,-0.0174563545035396
0.3258,2.97256418797559,2.98968378351697,-0.0171195955413879
0.326,3.04754120043284,3.06427170810844,-0.0167305076756046
0.3262,3.12253179408769,3.13887140353597,-0.0163396094482762
0.3264,3.1976043526079,3.21351201540569,-0.0159076627977925
0.3266,3.27269317480972,3.28817539777075,-0.0154822229610319
0.3268,3.34781031623471,3.36286295754704,-0.0150526413123284
0.327,3.42292546540398,3.43754943797031,-0.0146239725663313
0.3272,3.49807823124366,3.51228979986279,-0.0142115686191286
0.3274,3.57324267452673,3.5870381708309,-0.0137954963041693
0.3276,3.64844085810874,3.66188559256717,-0.0134447344584299
0.3278,3.72361517584973,3.73680166953613,-0.0131864936863968
0.328,3.79875658865081,3.81177122524463,-0.0130146365938208
0.3282,3.87387137890927,3.88680275395786,-0.0129313750485922
0.3284,3.94893414549546,3.96185930353776,-0.0129251580423038
0.3286,4.02398258492811,4.0369637250083,-0.0129811400801847
0.3288,4.09899970314099,4.11210393969439,-0.0131042365533993
0.329,4.173959057665,4.18728041998791,-0.0133213623229107
0.3292,4.24893517846572,4.26248039214899,-0.013545213683269
0.3294,4.32391266416325,4.3377421879672,-0.0138295238039428
0.3296,4.39887150676464,4.41303807106722,-0.0141665643025739
0.3298,4.47382200836064,4.48837947371908,-0.0145574653584353
0.33,4.54877685157522,4.56375180839081,-0.0149749568155837
0.3302,4.62377162438724,4.63913720071518,-0.0153655763279419
0.3304,4.69874954632728,4.71453355871408,-0.0157840123867956
0.3306,4.77371619400912,4.78993111121963,-0.0162149172105108
0.3308,4.84871108433176,4.86532804210049,-0.016616957768731
0.331,4.92371920768979,4.94070242261433,-0.0169832149245384
0.3312,4.99870615233902,5.01606837106345,-0.0173622187244282
0.3314,5.07373316787499,5.09141091756245,-0.0176777496874596
0.3316,5.14879224420826,5.16668225195804,-0.0178900077497808
0.3318,5.22387089611597,5.24190565215789,-0.0180347560419198
0.332,5.29898881563566,5.31705323079438,-0.0180644151587179
0.3322,5.3741044081723,5.3921384112945,-0.0180340031221995
0.3324,5.44924015408274,5.46717219265456,-0.0179320385718169
0.3326,5.52436505158113,5.54213711908222,-0.0177720675010864
0.3328,5.59951784125227,5.61704161942237,-0.0175237781701023
0.333,5.67466894598435,5.69188530982304,-0.0172163638386964
0.3332,5.749801647676,5.76668870588863,-0.0168870582126264
0.3334,5.8248584766421,5.84147090759722,-0.0166124309551225
0.3336,5.89989894273853,5.91623008085171,-0.0163311381131814
0.3338,5.97493139082034,5.99101260257225,-0.0160812117519145
0.334,6.04991391694586,6.0657507309874,-0.0158368140415446
0.3342,6.12486753499064,6.14044634414617,-0.0155788091555298
0.3344,6.19976979709593,6.21508212055319,-0.0153123234572572
0.3346,6.27460601411746,0.00650129444647618,-0.0150805875086064
0.3348,0.0661921121111213,0.0810378542501677,-0.0148457421390464
0.335,0.140977053738562,0.155597303550813,-0.0146202498122512
0.3352,0.215781951486217,0.230193223139113,-0.0144112716528956
0.3354,0.290622120567736,0.304861212368152,-0.0142390918004158
0.3356,0.365514580312195,0.379588545400574,-0.0140739650883795
0.3358,0.440459579910778,0.454407955999151,-0.0139483760883732
0.336,0.515407875850373,0.529263692738815,-0.0138558168884417
0.3362,0.590364778749266,0.60417504403172,-0.0138102652824544
0.3364,0.665357657546286,0.679107964354079,-0.0137503068077938
0.3366,0.740397471462318,0.754091884599014,-0.0136944131366957
0.3368,0.815513967169783,0.829147504573932,-0.0136335374041489
0.337,0.890633199996303,0.904248880745268,-0.0136156807489656
0.3372,0.965746997411333,0.979415823735801,-0.0136688263244675
0.3374,1.04082483196882,1.05460234508542,-0.0137775131166034
0.3376,1.11588756825139,1.12985942157146,-0.0139718533200648
0.3378,1.19096134781123,1.20516199019539,-0.0142006423841592
0.338,1.26606385280934,1.2805049845376,-0.0144411317282545
0.3382,1.34114845532219,1.35586233949036,-0.0147138841681724
0.3384,1.41623133359702,1.43123691346519,-0.0150055798681727
0.3386,1.49131129706736,1.50663545104172,-0.0153241539743638
0.3388,1.56638268707394,1.5820342709962,-0.015651583922262
0.339,1.64138748252489,1.65743094946332,-0.0160434669384346
0.3392,1.71638387093153,1.73281478380839,-0.016430912876862
0.3394,1.79136917845282,1.80817935920533,-0.0168101807525112
0.3396,1.86637711640299,1.88353721907645,-0.017160102673466
0.3398,1.94136820252086,1.95886009900228,-0.0174918964814215
0.34,2.01631220414582,2.03412998812557,-0.0178177839797522
0.3402,2.09120415370082,2.10936836359798,-0.0181642098971602
0.3404,2.16613384699396,2.18461236587246,-0.018478518878501
0.3406,2.2410872786135,2.25976810830919,-0.0186808296956911
0.3408,2.31603771495217,2.33486605382076,-0.0188283388685968
0.341,2.39098834771884,2.40988236214133,-0.0188940144224836
0.3412,2.46594678101113,2.48486261131474,-0.0189158303036159
0.3414,2.54095106476733,2.55982654319185,-0.0188754784245191
0.3416,2.6159355398961,2.63467921530212,-0.0187436754060277
0.3418,2.69089612101495,2.70948312464892,-0.0185870036339675
0.342,2.76586515689574,2.7842809253716,-0.0184157684758555
0.3422,2.84085942814244,2.85904127073695,-0.0181818425945175
0.3424,2.91585813458414,2.93378229382874,-0.0179241592445991
0.3426,2.99087222271016,3.00851895040684,-0.0176467276966852
0.3428,3.06590489992459,3.08319218060312,-0.0172872806785271
0.343,3.14095744217896,3.15783861983602,-0.016881177657059
0.3432,3.21608780243688,3.23251637241744,-0.0164285699805666
0.3434,3.29122219104163,3.30717749969971,-0.0159553086580804
0.3436,3.36637520980211,3.38186203146776,-0.0154868216656565
0.3438,3.44152542669483,3.45652782581855,-0.015002399123722
0.344,3.51669711379263,3.53122096747496,-0.0145238536823289
0.3442,3.59187679540126,3.6059399712148,-0.0140631758135328
0.3444,3.66704217585554,3.68064147895094,-0.0135993030953951
0.3446,3.74212602542134,3.75536894571053,-0.0132429202891911
0.3448,3.81718627232868,3.83018685028038,-0.0130005779516997
0.345,3.89222429382127,3.90513429980592,-0.0129100059846503
0.3452,3.96727770056475,3.98013190805618,-0.0128542074914288
0.3454,4.04231774196424,4.05519401055335,-0.0128762685891095
0.3456,4.11732317577706,4.13032429129446,-0.0130011155173912
0.3458,4.19226275375631,4.20551860860748,-0.0132558548511685
0.346,4.26714105866433,4.28074330683974,-0.0136022481754177
0.3462,4.34202179603509,4.35602791865034,-0.0140061226152426
0.3464,4.41689811996815,4.43134132401173,-0.0144432040435873
0.3466,4.49179461443816,4.50668327177927,-0.014888657341106
0.3468,4.56673578837743,4.58206415672301,-0.0153283683455836
0.347,4.64172064818245,4.65746069743475,-0.0157400492522957
0.3472,4.71669680790066,4.73285902207925,-0.0161622141785909
0.3474,4.79166999114359,4.80824492450699,-0.0165749333634047
0.3476,4.86667102267796,4.88361106052275,-0.0169400378447913
0.3478,4.94171073479156,4.95894588917279,-0.017235154381229
0.348,5.01675728346009,5.03424907712128,-0.0174917936611845
0.3482,5.09180612992764,5.10952622622967,-0.0177200963020319
0.3484,5.16682662085131,5.18474201626082,-0.017915395409517
0.3486,5.24184810664896,5.25993618939779,-0.0180880827488306
0.3488,5.31694845437927,5.33508813697189,-0.0181396825926123
0.349,5.3920605566262,5.41018639599711,-0.0181258393709181
0.3492,5.46717997275568,5.48524394865625,-0.0180639759005663
0.3494,5.54229293009945,5.56025762723171,-0.0179646971322613
0.3496,5.61741735080728,5.63523363796594,-0.0178162871586638
0.3498,5.69253975148689,5.7101401429081,-0.017600391421202
0.35,5.76764700384915,5.78501979214772,-0.0173727882985677
0.3502,5.84268009635412,5.85983414281965,-0.0171540464655271
0.3504,5.91770470337258,5.9346133722528,-0.016908668880216
0.3506,5.99271904627181,6.00941002519976,-0.0166909789279455
0.3508,6.06775309468235,6.08421939822199,-0.0164663035396355
0.351,6.14277617719697,6.15906010650165,-0.0162839293046817
0.3512,6.21776695454248,6.23387006983605,-0.0161031152935713
0.3514,0.00950856871303074,0.0254962282593553,-0.0159876595463246
0.3516,0.0844165076317889,0.100271159783851,-0.0158546521520619
0.3518,0.15932882940611,0.17502471267805,-0.0156958832719399
0.352,0.234227415591234,0.249738862960615,-0.0155114473693807
0.3522,0.309138256694281,0.324474293350228,-0.0153360366559479
0.3524,0.384086558115859,0.399204835455991,-0.0151182773401318
0.3526,0.458999792865397,0.4739503899756,-0.0149505971102039
0.3528,0.533900039450409,0.54873135488544,-0.0148313154350307
0.353,0.608804241748459,0.623577305083262,-0.0147730633348031
0.3532,0.683728009603686,0.698457048096064,-0.0147290384923786
0.3534,0.75867972533408,0.773367843308184,-0.014688117974104
0.3536,0.833639962807705,0.848325875399559,-0.0146859125918538
0.3538,0.908616320624093,0.923320840492058,-0.0147045198679651
0.354,0.983553638451501,0.9983794198037,-0.014825781352199
0.3542,1.05850032286367,1.07349852491568,-0.0149982020520039
0.3544,1.13352781057956,1.14869032221483,-0.0151625116352636
0.3546,1.20856415018863,1.2239369623489,-0.0153728121602712
0.3548,1.28362464424817,1.29924069705964,-0.0156160528114664
0.355,1.3586835826808,1.37458946844313,-0.0159058857623351
0.3552,1.43376014608354,1.4499568152578,-0.0161966691742652
0.3554,1.50890178906728,1.52534903028047,-0.0164472412131902
0.3556,1.5840371942397,1.60074774480583,-0.0167105505661296
0.3558,1.65909101215818,1.67614335503513,-0.0170523428769471
0.356,1.73413599463223,1.75152890145838,-0.0173929068261565
0.3562,1.80916915521121,1.82687871771281,-0.0177095625016057
0.3564,1.88421284411923,1.90220951145201,-0.0179966673327812
0.3566,1.95923177120077,1.97752165920265,-0.0182898880018807
0.3568,2.03420657048709,2.05277758733361,-0.0185710168465167
0.357,2.10911056449789,2.12792736282856,-0.0188167983306693
0.3572,2.18395427438683,2.20302124726224,-0.0190669728754109
0.3574,2.25880673738715,2.27804441705776,-0.0192376796706077
0.3576,2.33366154806007,2.35302447902882,-0.0193629309687484
0.3578,2.40853751735869,2.42797621255866,-0.0194386951999665
0.358,2.48344940278823,2.502849638725,-0.0194002359367702
0.3582,2.55839023967254,2.57771868802265,-0.0193284483501035
0.3584,2.63330652823315,2.65254622774016,-0.0192396995070077
0.3586,2.70821373550686,2.72732554310131,-0.0191118075944532
0.3588,2.78314884637252,2.80205989706728,-0.0189110506947556
0.359,2.85813634462419,2.87679393248851,-0.0186575878643223
0.3592,2.93314310075694,2.95148581583556,-0.01834271507862
0.3594,3.00816068804839,3.02614892431198,-0.0179882362635935
0.3596,3.08315982593974,3.10072478816799,-0.0175649622282568
0.3598,3.15816932118012,3.17526649410076,-0.0170971729206353
0.36,3.23325314515693,3.24985337777132,-0.0166002326143904
0.3602,3.30834451990147,3.32444440685546,-0.0160998869539957
0.3604,3.38346223554086,3.39907790722264,-0.0156156716817768
0.3606,3.4585798544506,3.47373160317666,-0.0151517487260575
0.3608,3.53371397259758,3.54841533848513,-0.0147013658875488
0.361,3.60884577836776,3.62320443887842,-0.0143586605106596
0.3612,3.6839554113275,3.69806765858709,-0.0141122472595896
0.3614,3.75897903644883,3.77292547755987,-0.0139464411110382
0.3616,3.83398145040201,3.84781053091476,-0.0138290805127523
0.3618,3.90893115101848,3.92271039575357,-0.0137792447350873
0.362,3.98385746939426,3.99766769033776,-0.0138102209434985
0.3622,4.05877556173157,4.0727084477788,-0.013932886047229
0.3624,4.13365738477768,4.14781579166514,-0.0141584068874625
0.3626,4.20846529502498,4.22302124297223,-0.0145559479472555
0.3628,4.28328892159935,4.29827723316008,-0.0149883115607272
0.363,4.35812370695511,4.37359241549589,-0.0154687085407774
0.3632,4.43294815346324,4.44894579767571,-0.0159976442124714
0.3634,4.50779463622402,4.52432550391766,-0.0165308676936391
0.3636,4.5826869606487,4.59972373226597,-0.0170367716172777
0.3638,4.65754915276691,4.67512214532744,-0.0175729925605319
0.364,4.73240167256471,4.75051946803031,-0.0181177954656002
0.3642,4.8072705017141,4.82591161201918,-0.0186411103050803
0.3644,4.88217436165051,4.90129212470285,-0.0191177630523436
0.3646,4.95712783923232,4.97665103147001,-0.0195231922376964
0.3648,5.03209816812471,5.05197880554575,-0.019880637421041
0.365,5.10708009255012,5.12729076220566,-0.0202106696555457
0.3652,5.182131893504,5.20257499749088,-0.0204431039868789
0.3654,5.25723707634608,5.27780270708503,-0.0205656307389495
0.3656,5.33238504813386,5.3529668690343,-0.0205818209004427
0.3658,5.40751802894705,5.4280592330198,-0.0205412040727442
0.366,5.4826396468085,5.50310191790648,-0.0204622710979789
0.3662,5.5577565677011,5.57806110171685,-0.0203045340157475
0.3664,5.63289133759959,5.65302242701102,-0.0201310894114295
0.3666,5.70808803146212,5.72797328951977,-0.0198852580576441
0.3668,5.78327239076707,5.80285373982903,-0.0195813490619656
0.367,5.858365204476,5.87762762936308,-0.0192624248870805
0.3672,5.93343773213824,5.95235149220683,-0.0189137600685916
0.3674,6.00845824934605,6.02696529828737,-0.0185070489413182
0.3676,6.08344838679054,6.10153081776006,-0.0180824309695184
0.3678,6.15841432979811,6.17609556904547,-0.0176812392473504
0.368,6.23332520880743,6.25061202163287,-0.0172868128254366
0.3682,0.024962590258478,0.0419177391338609,-0.0169551488753829
0.3684,0.0997954382850863,0.116442661085128,-0.0166472228000415
0.3686,0.174646514064114,0.191027873758182,-0.0163813596940679
0.3688,0.249514266130611,0.265619931844844,-0.0161056657142329
0.369,0.324395098619252,0.340235431529438,-0.015840332910186
0.3692,0.399310957864543,0.414938704320106,-0.0156277464555629
0.3694,0.474199588649257,0.489667142237709,-0.0154675535884513
0.3696,0.54907398260873,0.564392855700209,-0.0153188730914795
0.3698,0.623952868701819,0.639190597093583,-0.0152377283917646
0.37,0.698852545124915,0.714040369866066,-0.0151878247411508
0.3702,0.773790423891388,0.788982316838479,-0.0151918929470907
0.3704,0.848739635310947,0.863996815998634,-0.0152571806876876
0.3706,0.923701698197527,0.939073179630901,-0.0153714814333739
0.3708,0.998693400109282,1.01419420444965,-0.0155008043403676
0.371,1.07375265519234,1.08937761347443,-0.0156249582820893
0.3712,1.14887774857382,1.16463037859066,-0.0157526300168329
0.3714,1.22400017316863,1.23991452608104,-0.0159143529124115
0.3716,1.29911296402213,1.315225536837,-0.0161125728148659
0.3718,1.3742676117288,1.39057670161422,-0.0163090898854164
0.372,1.44943391953739,1.46594569343435,-0.0165117738969571
0.3722,1.52463636150049,1.54133224218181,-0.0166958806813198
0.3724,1.59983225363913,1.61673089517129,-0.0168986415321617
0.3726,1.67495086708183,1.6921261189965,-0.0171752519146644
0.3728,1.75005281317173,1.76750547517688,-0.0174526620051414
0.373,1.82509521023613,1.84285739687652,-0.0177621866403874
0.3732,1.90009783277393,1.91817229277406,-0.0180744600001366
0.3734,1.97506777298034,1.99344357397098,-0.0183758009906381
0.3736,2.04997859850253,2.06865894382084,-0.0186803453183138
0.3738,2.1248033254152,2.14378792447861,-0.0189845990634172
0.374,2.19956610791708,2.21885940875255,-0.019293300835471
0.3742,2.27434671720689,2.29385572995792,-0.0195090127510387
0.3744,2.34913656701242,2.36876874965968,-0.0196321826472619
0.3746,2.42393541594829,2.44365315724039,-0.0197177412920992
0.3748,2.49875350226456,2.51843158522108,-0.0196780829565197
0.375,2.57352737554391,2.59314213149688,-0.0196147559529725
0.3752,2.64831398123073,2.66786399772642,-0.0195500164956903
0.3754,2.72315776718745,2.74254142753939,-0.0193836603519406
0.3756,2.79803109851477,2.81712071027406,-0.0190896117592954
0.3758,2.87295496637508,2.89169345579816,-0.0187384894230815
0.376,2.94790105087947,2.96624317248024,-0.0183421216007686
0.3762,3.02285883981748,3.04080248631264,-0.0179436464951608
0.3764,3.09783848674115,3.11539595522986,-0.0175574684887088
0.3766,3.17288230491609,3.18996985148878,-0.0170875465726876
0.3768,3.24796093288316,3.26456122971881,-0.0166002968356511
0.377,3.32305199804956,3.33914357860277,-0.0160915805532134
0.3772,3.39815318081466,3.41376895372046,-0.0156157729057984
0.3774,3.47330577671548,3.48844385364597,-0.0151380769304912
0.3776,3.54847267018988,3.56315677506121,-0.0146841048713289
0.3778,3.62368179951635,3.63798255609928,-0.0143007565829274
0.378,3.69886968565111,3.7128714393486,-0.0140017536974941
0.3782,3.77396324390055,3.78777883181246,-0.0138155879119068
0.3784,3.8490317764018,3.86276874841298,-0.0137369720111851
0.3786,3.92404003384007,3.93780578573622,-0.0137657518961536
0.3788,3.99901048205211,4.01288376238709,-0.0138732803349857
0.379,4.07395093106732,4.08802244448935,-0.0140715134220253
0.3792,4.14883282830632,4.16319625451594,-0.0143634262096173
0.3794,4.22362645975168,4.23840988307178,-0.014783423320095
0.3796,4.29835547150523,4.31364935092146,-0.0152938794162303
0.3798,4.37312250752086,4.38893948236544,-0.0158169748445873
0.38,4.44793234501104,4.46427166464837,-0.0163393196373312
0.3802,4.52274677705855,4.53962080600022,-0.0168740289416682
0.3804,4.59757909490866,4.61500270942752,-0.0174236145188615
0.3806,4.67237269960369,4.69039817084847,-0.018025471244786
0.3808,4.74718157170723,4.76579627584151,-0.0186147041342828
0.381,4.82204218453891,4.84118901424564,-0.0191468297067345
0.3812,4.89695867312562,4.91656420828469,-0.0196055351590703
0.3814,4.97196618203748,4.99191612451844,-0.0199499424809533
0.3816,5.04698638444719,5.06723329820635,-0.0202469137591557
0.3818,5.12201865956421,5.14250970843759,-0.0204910488733763
0.382,5.19708128219829,5.2177572279202,-0.0206759457219112
0.3822,5.27220714250317,5.29296208225182,-0.0207549397486524
0.3824,5.34735228830889,5.36812695678719,-0.0207746684783023
0.3826,5.42250565253811,5.4432204431397,-0.0207147906015956
0.3828,5.49764950178237,5.51828063897103,-0.0206311371886665
0.383,5.57282390626333,5.59327050045272,-0.0204465941893961
0.3832,5.64800677309937,5.66818710880206,-0.0201803357026948
0.3834,5.72319255526416,5.74306292343478,-0.019870368170622
0.3836,5.79832730346212,5.81786838472646,-0.0195410812643377
0.3838,5.87338573951123,5.89257103949612,-0.0191852999848878
0.384,5.94842237496269,5.96725232613269,-0.0188299511700052
0.3842,6.0233913414173,6.04184730160964,-0.0184559601923446
0.3844,6.09832056004248,6.11640485607319,-0.0180842960307031
0.3846,6.17322704306216,6.1909879728461,-0.0177609297839432
0.3848,6.24808628268272,6.265541733708,-0.0174554510252811
0.385,0.0396800612832546,0.0568032742159923,-0.0171232129327377
0.3852,0.114396056635514,0.131208717496343,-0.0168126608608295
0.3854,0.189147018270476,0.205689475201227,-0.0165424569307505
0.3856,0.263937651971077,0.280209592941302,-0.0162719409702246
0.3858,0.33873278820927,0.354761654911016,-0.016028866701746
0.386,0.413546743158191,0.429391839886974,-0.0158450967287829
0.3862,0.488319241715816,0.504083856706966,-0.0157646149911499
0.3864,0.563099242940012,0.578836176239788,-0.0157369332997753
0.3866,0.637921745173396,0.653666971763934,-0.0157452265905386
0.3868,0.712794584294234,0.728598271795574,-0.0158036875013404
0.387,0.787758130413758,0.803616515094207,-0.0158583846804485
0.3872,0.862735161321642,0.878700133684791,-0.0159649723631489
0.3874,0.937722820021423,0.95384728527493,-0.0161244652535074
0.3876,1.01273840792608,1.02902715171893,-0.0162887437928487
0.3878,1.0878173527685,1.10424519469871,-0.0164278419302089
0.388,1.16292175844306,1.17950102066151,-0.0165792622184575
0.3882,1.23807016597916,1.25481058330253,-0.0167404173233641
0.3884,1.31322156499862,1.33015160375119,-0.0169300387525675
0.3886,1.38840995047703,1.40552141927813,-0.0171114688011027
0.3888,1.46361233227674,1.48091138757839,-0.0172990553016421
0.389,1.53881902053077,1.55630650133304,-0.0174874808022729
0.3892,1.61396852831419,1.63170452861684,-0.0177360003026517
0.3894,1.68909932890897,1.70709922364343,-0.0179998947344557
0.3896,1.76420068186249,1.78248010078176,-0.0182794189192759
0.3898,1.83921530938279,1.85783435626287,-0.0186190468800833
0.39,1.9141881738491,1.93316568130169,-0.0189775074525818
0.3902,1.98914397834386,2.00846995243892,-0.0193259740950571
0.3904,2.06405605462182,2.08374438279824,-0.0196883281764246
0.3906,2.13890038847564,2.15893618862805,-0.0200358001524101
0.3908,2.2136697220077,2.23406244317704,-0.0203927211693391
0.391,2.2884435287493,2.30917980177139,-0.0207362730220848
0.3912,2.36323239291451,2.38419433532581,-0.0209619424112937
0.3914,2.4380299879378,2.45915039337296,-0.0211204054351608
0.3916,2.51285233620818,2.53403070228882,-0.0211783660806408
0.3918,2.58763708542867,2.60877808415958,-0.0211409987309072
0.392,2.66242889721515,2.68347159395778,-0.0210426967426298
0.3922,2.7372583443954,2.75814988558469,-0.0208915411892909
0.3924,2.81213886534789,2.83281619493118,-0.0206773295832865
0.3926,2.88711140077681,2.9074846071917,-0.0203732064148832
0.3928,2.96210350615404,2.98212656133566,-0.020023055181623
0.393,3.03711395784664,3.05670941638229,-0.0195954585356528
0.3932,3.11211536212958,3.13119372631291,-0.0190783641833234
0.3934,3.18712738892308,3.20568115145358,-0.0185537625304963
0.3936,3.26217242487116,3.28021136512552,-0.018038940254359
0.3938,3.33726522042866,3.35476748689143,-0.0175022664627678
0.394,3.4123563798592,3.42931105733131,-0.0169546774721105
0.3942,3.48748154979697,3.50390209278378,-0.0164205429868138
0.3944,3.56262322116534,3.57850537730577,-0.0158821561404321
0.3946,3.63781068048758,3.65322631475843,-0.0154156342708474
0.3948,3.71298425245362,3.72803794528521,-0.0150536928315876
0.395,3.78805114539497,3.80287091161128,-0.0148197662163181
0.3952,3.86306771319535,3.87777175413387,-0.0147040409385188
0.3954,3.93800366387521,3.95271274690209,-0.0147090830268817
0.3956,4.01290150735188,4.02771107628994,-0.014809568938059
0.3958,4.08778669300308,4.10280270026592,-0.0150160072628465
0.396,4.16264776399079,4.17794355650267,-0.015295792511882
0.3962,4.23743313841883,4.25311939528131,-0.0156862568624794
0.3964,4.31212063221221,4.32833169899699,-0.0162110667847761
0.3966,4.38682251330073,4.40357018887319,-0.0167476755724572
0.3968,4.46155350485908,4.4788689255046,-0.0173154206455139
0.397,4.53630617741434,4.55420814303619,-0.0179019656218546
0.3972,4.61112216990294,4.62958459505157,-0.0184624251486216
0.3974,4.68601863744513,4.70498159352533,-0.0189629560801974
0.3976,4.76091819932122,4.78037768784297,-0.0194594885217558
0.3978,4.83584043038515,4.8557580719047,-0.0199176415195437
0.398,4.91077125101419,4.93110822346935,-0.0203369724551576
0.3982,4.98568313536922,5.00643677090064,-0.0207536355314266
0.3984,5.0606141879885,5.08172450342628,-0.0211103154377765
0.3986,5.13556803702437,5.1569478498297,-0.0213798128053346
0.3988,5.21054507456386,5.23212819424706,-0.0215831196832017
0.399,5.28557362894713,5.30723244552586,-0.0216588165787233
0.3992,5.36061503079216,5.38227785392165,-0.0216628231294917
0.3994,5.43568936745665,5.45725102817954,-0.0215616607228863
0.3996,5.51076040923667,5.53214253975647,-0.0213821305197959
0.3998,5.58586544565165,5.60696861207549,-0.0211031664238357
0.4,5.66097827784602,5.6817370146195,-0.0207587367734838
0.4002,5.73611891828513,5.75651753500274,-0.0203986167176087
0.4004,5.81122963461005,5.83126421094838,-0.0200345763383272
0.4006,5.88630421610688,5.90595688770561,-0.0196526715987249
0.4008,5.96135164646002,5.9806590232443,-0.0193073767842868
0.401,6.03634413490922,6.05532440773805,-0.0189802728288271
0.4012,6.11131596715672,6.12997044952241,-0.0186544823656893
0.4014,6.18625377365212,6.20461599441818,-0.0183622207660585
0.4016,6.26114264748116,6.27929014718716,-0.0181474997059992
0.4018,0.0528063577711926,0.0708061976157627,-0.0179998398445701
0.402,0.127663483312254,0.145460015421197,-0.0177965321089434
0.4022,0.202515296225196,0.220069068348748,-0.0175537721235518
0.4024,0.277351708443433,0.29468261470543,-0.0173309062619964
0.4026,0.352180730922442,0.369290234324839,-0.0171095034023975
0.4028,0.426955545028691,0.443923668590313,-0.016968123561622
0.403,0.501693554036853,0.518597199950446,-0.0169036459135926
0.4032,0.576458177079478,0.593303398623095,-0.0168452215436173
0.4034,0.651269130824933,0.668019296071748,-0.0167501652468153
0.4036,0.726128965445509,0.74280940280114,-0.0166804373556317
0.4038,0.801070796952843,0.817687091859205,-0.0166162949063617
0.404,0.876039158733019,0.89263086628081,-0.0165917075477914
0.4042,0.951021953766528,0.967658448117787,-0.0166364943512592
0.4044,1.0260312313754,1.04274260994964,-0.0167113785742452
0.4046,1.10110231363531,1.11791695865967,-0.016814645024364
0.4048,1.17619533885453,1.19315025588513,-0.0169549170305954
0.405,1.25132177565231,1.26844160319107,-0.0171198275387578
0.4052,1.32643346721817,1.34377616883827,-0.0173427016200998
0.4054,1.4015622724471,1.41914933265125,-0.0175870602041466
0.4056,1.47669008636987,1.4945475271156,-0.0178574407457255
0.4058,1.55181754282574,1.5699471604074,-0.018129617581659
0.406,1.62689194697985,1.64533871816064,-0.0184467711807916
0.4062,1.70188744318582,1.72070788098546,-0.0188204377996435
0.4064,1.77685827037515,1.79605639381702,-0.0191981234418657
0.4066,1.85177210937816,1.87137815952228,-0.0196060501441171
0.4068,1.92664841515718,1.94665895704789,-0.0200105418907108
0.407,2.00147212728338,2.0219061767256,-0.0204340494422151
0.4072,2.07623418217575,2.09712599259106,-0.0208918104153044
0.4074,2.15095174547551,2.17228317838323,-0.0213314329077194
0.4076,2.22568485096468,2.24735070769406,-0.021665856729387
0.4078,2.30043524644706,2.32238415948277,-0.0219489130357129
0.408,2.37520167961743,2.39734082364532,-0.0221391440278884
0.4082,2.44998742937843,2.47226387572904,-0.0222764463506144
0.4084,2.52482836918549,2.54721691338686,-0.0223885442013705
0.4086,2.5996689814056,2.62205908329371,-0.0223901018881048
0.4088,2.67451147106767,2.69681841350655,-0.0223069424388744
0.409,2.74939070663433,2.77149373621887,-0.0221030295845352
0.4092,2.82432580615059,2.84612278197275,-0.0217969758221521
0.4094,2.89934898611273,2.92074937941597,-0.0214003933032463
0.4096,2.97437676588949,2.99532323930617,-0.0209464734166813
0.4098,3.04940521974072,3.06987835114747,-0.0204731314067463
0.41,3.1244094037646,3.14436827885216,-0.0199588750875606
0.4102,3.19940783820446,3.2188356508206,-0.0194278126161351
0.4104,3.27442200275676,3.2933027840415,-0.0188807812847394
0.4106,3.34946914972361,3.36780736725739,-0.0183382175337798
0.4108,3.42450506281689,3.44231084796479,-0.0178057851479037
0.411,3.49956655054497,3.51685914523842,-0.0172925946934441
0.4112,3.5746326954489,3.59142763696988,-0.0167949415209789
0.4114,3.64969769144553,3.66600103035198,-0.0163033389064524
0.4116,3.72470529451184,3.74066842964436,-0.0159631351325209
0.4118,3.79970944485014,3.81544565234125,-0.015736207491118
0.412,3.87469890908831,3.89031348661559,-0.0156145775272742
0.4122,3.94962472307457,3.96521228117573,-0.015587558101168
0.4124,4.02451730647992,4.04016638599102,-0.0156490795110953
0.4126,4.09939177021375,4.11522312294488,-0.0158313527311362
0.4128,4.1742377713506,4.19037408501222,-0.0161363136616171
0.413,4.24903009295899,4.26563228795867,-0.0166021949996731
0.4132,4.32382883494296,4.3409618132268,-0.0171329782838407
0.4134,4.39863817729406,4.4163109031528,-0.0176727258587395
0.4136,4.47345676518675,4.4916900598094,-0.0182332946226564
0.4138,4.54828912261031,4.56708380601137,-0.0187946834010608
0.414,4.62317095488704,4.64247496557448,-0.0193040106874358
0.4142,4.6980407784445,4.71787260100939,-0.0198318225648881
0.4144,4.77289251155428,4.79326797341598,-0.0203754618616996
0.4146,4.84775914417455,4.86865938772766,-0.0209002435531138
0.4148,4.9226670626697,4.94403318157607,-0.021366118906375
0.415,4.99760068623766,5.0193993273002,-0.0217986410625377
0.4152,5.07256470925585,5.09474000971864,-0.0221753004627834
0.4154,5.14755173191229,5.17001239170236,-0.0224606597900658
0.4156,5.22255827422766,5.2452464356775,-0.0226881614498371
0.4158,5.29761097872942,5.32041445795115,-0.022803479221726
0.416,5.37267368417493,5.39552205567429,-0.022848371499359
0.4162,5.44777045385141,5.47056914772548,-0.0227986938740727
0.4164,5.52286796355326,5.54555084891088,-0.0226828853576233
0.4166,5.59798587959057,5.620479071545,-0.0224931919544318
0.4168,5.67312046534922,5.69530994621287,-0.0221894808636556
0.417,5.74825732922125,5.77010498285845,-0.0218476536371988
0.4172,5.82332633787774,5.84482686905264,-0.0215005311749001
0.4174,5.89837440503739,5.91948058624122,-0.0211061812038285
0.4176,5.97339057147865,5.99407773028122,-0.0206871588025699
0.4178,6.04832927497383,6.0685784302,-0.020249155226173
0.418,6.12322321033139,6.14303797252796,-0.0198147621965665
0.4182,6.19806411346586,6.21744598341697,-0.0193818699511095
0.4184,6.27284435416415,0.00863650765117545,-0.0189774606666067
0.4186,0.064376722882594,0.082895408256115,-0.018518685373521
0.4188,0.139012121695409,0.157141892294517,-0.0181297705991081
0.419,0.213668550559719,0.231466824255684,-0.0177982736959649
0.4192,0.288351887539503,0.305865317519333,-0.0175134299798303
0.4194,0.363051862432739,0.38041041771484,-0.0173585552821012
0.4196,0.437815553271733,0.45514053026285,-0.0173249769911171
0.4198,0.512665129112795,0.529966557868106,-0.0173014287553107
0.42,0.587521987499189,0.604849069423286,-0.017327081924097
0.4202,0.662397195597777,0.679793413781886,-0.0173962181841096
0.4204,0.737268202793216,0.75474435169356,-0.0174761489003443
0.4206,0.812106093540061,0.829733305073229,-0.0176272115331675
0.4208,0.886967718056887,0.904770801037841,-0.0178030829809536
0.421,0.96183890185378,0.979865985439039,-0.0180270835852598
0.4212,1.03671421397023,1.05498602569547,-0.0182718117252434
0.4214,1.11167124561867,1.1301778219512,-0.0185065763325241
0.4216,1.18665768879113,1.20543468488769,-0.0187769960965605
0.4218,1.26169145342083,1.28074936091778,-0.0190579074969595
0.422,1.33673912272686,1.3560910731676,-0.0193519504407438
0.4222,1.41182105341066,1.43145966835642,-0.0196386149457586
0.4224,1.48691276665851,1.50685247319101,-0.0199397065325091
0.4226,1.56199386081633,1.58224940102099,-0.0202555402046556
0.4228,1.63700182011483,1.65765206269866,-0.0206502425838333
0.423,1.71199649182363,1.73304791160414,-0.0210514197805085
0.4232,1.78697953987313,1.80842116708953,-0.0214416272164033
0.4234,1.86191279649781,1.88378099639344,-0.0218681998956303
0.4236,1.93682808798391,1.95910973350337,-0.0222816455194597
0.4238,2.01173313219044,2.03437371643989,-0.0226405842494519
0.424,2.08660785431003,2.10961090567294,-0.0230030513629145
0.4242,2.16151452191343,2.18480766901564,-0.0232931471022142
0.4244,2.23644003519643,2.25987767161284,-0.0234376364164048
0.4246,2.31133083230226,2.33485568853697,-0.0235248562347103
0.4248,2.38619312695961,2.40971136781568,-0.0235182408560748
0.425,2.46100676221258,2.48441900818552,-0.0234122459729345
0.4252,2.53578088389131,2.55909436206731,-0.0233134781760032
0.4254,2.61055054978634,2.63370444341742,-0.023153893631084
0.4256,2.68533244171982,2.70826062979283,-0.0229281880730143
0.4258,2.76015032357702,2.78273717897137,-0.0225868553943456
0.426,2.83501999835529,2.85714959573365,-0.0221295973783655
0.4262,2.90991867980892,2.93156964359599,-0.0216509637870672
0.4264,2.98484661231854,3.0060006873507,-0.021154075032165
0.4266,3.05983337783943,3.08052809382026,-0.0206947159808344
0.4268,3.13488497304312,3.15512378756981,-0.0202388145266941
0.427,3.21000455262793,3.22973121421565,-0.0197266615877125
0.4272,3.28513208093591,3.30432404345503,-0.0191919625191264
0.4274,3.36029275002074,3.37896089951406,-0.0186681494933265
0.4276,3.43545773361119,3.45358996071338,-0.0181322271021909
0.4278,3.51064060709035,3.52823822778495,-0.0175976206945996
0.428,3.58578884633556,3.60289435249558,-0.0171055061600236
0.4282,3.66087756719474,3.6775894105353,-0.0167118433405609
0.4284,3.73589863512639,3.75229538757264,-0.0163967524462487
0.4286,3.81090319291614,3.82707435603523,-0.0161711631190986
0.4288,3.88587956968209,3.90196953138966,-0.0160899617075687
0.429,3.96078439184702,3.97691132210383,-0.0161269302568128
0.4292,4.03564803073593,4.05191346547065,-0.0162654347347155
0.4294,4.11045603850556,4.12696634910773,-0.01651031060217
0.4296,4.18519714160029,4.20205741803822,-0.0168602764379324
0.4298,4.25987100108543,4.27717619181739,-0.0173051907319639
0.43,4.33454249585422,4.3523804973504,-0.0178380014961848
0.4302,4.40924379709464,4.42763249414856,-0.0183886970539175
0.4304,4.48397282329432,4.50293133564719,-0.018958512352877
0.4306,4.55874177736796,4.57828029151728,-0.0195385141493185
0.4308,4.63355909601654,4.65365774997314,-0.0200986539565946
0.431,4.70836842778078,4.72905237269018,-0.020683944909397
0.4312,4.78317288908712,4.80444762944997,-0.0212747403628493
0.4314,4.85800725526632,4.87982446126415,-0.0218172059978334
0.4316,4.93289185652142,4.95516172070935,-0.0222698641879235
0.4318,5.00780238020019,5.03045832571606,-0.0226559455158704
0.432,5.08273427844416,5.10571430472447,-0.0229800262803099
0.4322,5.15767354247501,5.18089180422608,-0.0232182617510661
0.4324,5.23261877572603,5.25601819230743,-0.0233994165814089
0.4326,5.3076055906651,5.33106701052675,-0.0234614198616434
0.4328,5.38261010908669,5.40605236636409,-0.0234422572773996
0.433,5.45766110869461,5.48097436625146,-0.0233132575568531
0.4332,5.53271821618856,5.55580289101852,-0.0230846748299536
0.4334,5.60778781510122,5.63057087151468,-0.0227830564134601
0.4336,5.68285474329845,5.7052520141345,-0.0223972708360503
0.4338,5.75790463328713,5.77987300479574,-0.0219683715086125
0.434,5.83287694923201,5.85442197605963,-0.0215450268276216
0.4342,5.9078312225189,5.92894248664797,-0.0211112641290754
0.4344,5.98276700314337,6.00346697938096,-0.0206999762375935
0.4346,6.05764373070851,6.07795802296586,-0.0203142922573489
0.4348,6.13249198940425,6.15245738098424,-0.0199653915799889
0.435,6.20729584918824,6.2269296880414,-0.0196338388531645
0.4352,6.28203825596482,0.0182848001327868,-0.0194318513475515
0.4354,0.0736205644573911,0.0929377433535667,-0.0193171788961757
0.4356,0.148404688996132,0.167574587088072,-0.01916989809194
0.4358,0.223184037720691,0.242200729871932,-0.0190166921512403
0.436,0.297991380800108,0.316881509935829,-0.0188901291357214
0.4362,0.372851997249046,0.391510826487337,-0.0186588292382916
0.4364,0.447688619429067,0.466055585562874,-0.018366966133807
0.4366,0.522520704628804,0.540649335184307,-0.0181286305555031
0.4368,0.597365380075612,0.615302069213503,-0.017936689137891
0.437,0.672236716620735,0.690017212276464,-0.017780495655729
0.4372,0.747139955000918,0.764862066190523,-0.0177221111896049
0.4374,0.822052265811409,0.839771425279991,-0.0177191594685826
0.4376,0.896981339283225,0.914748074130534,-0.0177667348473088
0.4378,0.971923976126709,0.989818264833052,-0.0178942887063427
0.438,1.0468793923972,1.06496453419814,-0.0180851418009425
0.4382,1.12187365738188,1.1401876680294,-0.0183140106475155
0.4384,1.19687371735187,1.21545113503138,-0.0185774176795004
0.4386,1.27190719826993,1.2907626123787,-0.0188554141087736
0.4388,1.34693934893403,1.36610544620796,-0.0191660972739343
0.439,1.42198198496869,1.44146976019619,-0.0194877752275051
0.4392,1.49702055891606,1.51686297828076,-0.0198424193646971
0.4394,1.57203981343494,1.59226205883592,-0.0202222454009784
0.4396,1.64698037043973,1.66765617284507,-0.0206758024053417
0.4398,1.72190439638412,1.74303339892844,-0.02112900254432
0.44,1.79681225117521,1.81838026716534,-0.0215680159901339
0.4402,1.87173615586428,1.8937020432376,-0.0219658873733133
0.4404,1.94664220651499,1.96900048150605,-0.0223582749910549
0.4406,2.0215099879582,2.04423768724697,-0.0227276992887671
0.4408,2.09631703577263,2.11937936611624,-0.0230623303436119
0.441,2.17107944924043,2.19448811621937,-0.0234086669789386
0.4412,2.24586642699315,2.26954688294391,-0.0236804559507635
0.4414,2.32066670544669,2.34458559338158,-0.0239188879348888
0.4416,2.3954951797778,2.41962447247005,-0.0241292926922516
0.4418,2.47036934643408,2.49456755895371,-0.024198212519623
0.442,2.54521308591067,2.56943453880416,-0.0242214528934928
0.4422,2.62004767815815,2.64418763764097,-0.0241399594828224
0.4424,2.69489167512555,2.71885568996059,-0.0239640148350477
0.4426,2.7697626506766,2.79343237697066,-0.0236697262940533
0.4428,2.84466815055039,2.86796036220522,-0.0232922116548275
0.443,2.91958218444333,2.94244107188155,-0.0228588874382125
0.4432,2.99450569101821,3.01683403636496,-0.0223283453467551
0.4434,3.06943230924622,3.091106649831,-0.0216743405847799
0.4436,3.14436582177827,3.16537012925505,-0.0210043074767841
0.4438,3.21937745088962,3.23969313073593,-0.0203156798463069
0.444,3.29440405793318,3.31402163710467,-0.0196175791714905
0.4442,3.36945767173472,3.38839292155813,-0.018935249823417
0.4444,3.44450473267324,3.46278728497674,-0.0182825523034951
0.4446,3.51956024920828,3.53727283771767,-0.0177125885093927
0.4448,3.59457489400853,3.61183407113611,-0.0172591771275821
0.445,3.66953029245036,3.68647009173086,-0.0169397992804994
0.4452,3.74442474970932,3.76115861053362,-0.0167338608242997
0.4454,3.81931364297619,3.83594124470705,-0.0166276017308595
0.4456,3.89418779498581,3.9108475550469,-0.0166597600610889
0.4458,3.9690815318292,3.98579644676989,-0.0167149149406889
0.446,4.04396585798124,4.06080854139327,-0.0168426834120297
0.4462,4.1188205302053,4.13589958538082,-0.01707905517552
0.4464,4.19361745921283,4.21106858717279,-0.017451127959963
0.4466,4.26836516804845,4.28626587424866,-0.0179007062002112
0.4468,4.3431284499302,4.36153302662056,-0.0184045766903536
0.447,4.41789725085187,4.43684243782824,-0.0189451869763708
0.4472,4.4926916749439,4.51218661573444,-0.0194949407905325
0.4474,4.56753368867153,4.5875623048151,-0.0200286161435708
0.4476,4.64234778592099,4.66295026406509,-0.0206024781440997
0.4478,4.71715227806967,4.73834678909838,-0.0211945110287104
0.448,4.7919632253069,4.81373996693269,-0.0217767416257928
0.4482,4.86679974155782,4.88911702964818,-0.0223172880903508
0.4484,4.94167346562467,4.96446172283544,-0.0227882572107685
0.4486,5.01656098025815,5.03977642800434,-0.0232154477461926
0.4488,5.09146141479228,5.1150610338891,-0.0235996190968217
0.449,5.16636422679668,5.19027096890998,-0.0239067421132937
0.4492,5.2412713764955,5.26544795622269,-0.0241765797271913
0.4494,5.3162557097236,5.34056489289404,-0.0243091831704358
0.4496,5.39125699553008,5.41559656752104,-0.024339571990958
0.4498,5.46628855674416,5.49055330750053,-0.0242647507563696
0.45,5.54131595315814,5.56542339957921,-0.0241074464210742
0.4502,5.61635289957055,5.64023998911246,-0.0238870895419154
0.4504,5.69134916619642,5.71493258488881,-0.0235834186923931
0.4506,5.76628592086045,5.78954810093941,-0.0232621800789614
0.4508,5.84116028686905,5.86407757130394,-0.0229172844348993
0.451,5.9160264669612,5.93855456106981,-0.0225280941086146
0.4512,5.99087579163962,6.01305560021562,-0.0221798085759959
0.4514,6.06574475930063,6.08757030036523,-0.0218255410645973
0.4516,6.1406059620041,6.16211498301626,-0.0215090210121591
0.4518,6.21543866844492,6.23661846433472,-0.0211797958898021
0.452,0.00702745355096468,0.0278273722570932,-0.0207999187061285
0.4522,0.0817500023313232,0.102183754096343,-0.0204337517650193
0.4524,0.156486180427849,0.176576380788945,-0.0200902003610964
0.4526,0.231227678190874,0.250960597778956,-0.0197329195880829
0.4528,0.305996239051809,0.325397543543336,-0.019401304491527
0.453,0.380813903586179,0.39997007225325,-0.0191561686670715
0.4532,0.455677361784784,0.474624491492933,-0.0189471297081492
0.4534,0.530530237246889,0.549300207214253,-0.0187699699673635
0.4536,0.605373522650826,0.624046724971693,-0.0186732023208667
0.4538,0.680236875949437,0.698856339628682,-0.0186194636792445
0.454,0.755140243743922,0.77376439161374,-0.0186241478698179
0.4542,0.830057590699504,0.848728153174077,-0.0186705624745733
0.4544,0.904982966438268,0.923711719271339,-0.0187287528330708
0.4546,0.979858872619532,0.998734879219432,-0.0188760065999
0.4548,1.05474066699739,1.07381276907853,-0.0190721020811464
0.455,1.12970874077418,1.14897452645276,-0.0192657856785838
0.4552,1.20469541824166,1.22419696189303,-0.0195015436513668
0.4554,1.27971324757686,1.29947888225636,-0.0197656346794906
0.4556,1.35472967330399,1.37480909687097,-0.020079423566975
0.4558,1.42975812162263,1.4501667798564,-0.0204086582337724
0.456,1.50478343251604,1.52555715813742,-0.0207737256213791
0.4562,1.57979218706706,1.60095571652803,-0.0211635294609658
0.4564,1.6547255404591,1.67635119330042,-0.0216256528413252
0.4566,1.72964797325909,1.75173689895421,-0.0220889256951236
0.4568,1.80452565853823,1.82710081347313,-0.0225751549348985
0.457,1.87938708899081,1.90244189436169,-0.0230548053708819
0.4572,1.95425176648356,1.97775781617373,-0.0235060496901669
0.4574,2.02909572742423,2.05302649949051,-0.0239307720662825
0.4576,2.1038796225294,2.12820682659141,-0.0243272040620028
0.4578,2.17864590815043,2.20331503654945,-0.0246691283990201
0.458,2.25341899959758,2.27831853746287,-0.0248995378652888
0.4582,2.3281837858838,2.3532024711395,-0.0250186852556973
0.4584,2.40294315301354,2.42795081771529,-0.0250076647017492
0.4586,2.47771038449467,2.50260423001933,-0.0248938455246637
0.4588,2.55245615308117,2.57722270674211,-0.0247665536609394
0.459,2.62719979308545,2.65175836662546,-0.0245585735400113
0.4592,2.70195368346986,2.72623393551411,-0.0242802520442464
0.4594,2.77673682737093,2.80064116796352,-0.0239043405925914
0.4596,2.85155898717317,2.87502167402197,-0.0234626868488079
0.4598,2.92639547354474,2.94937964548554,-0.0229841719407977
0.46,3.00124796977289,3.02375022805408,-0.0225022582811825
0.4602,3.07614738766494,3.09815057699233,-0.022003189327386
0.4604,3.15110055850121,3.17252991234394,-0.0214293538427288
0.4606,3.22610755486148,3.2469247742786,-0.0208172194171135
0.4608,3.30110567772009,3.32128590111175,-0.0201802233916673
0.461,3.37609514320238,3.3956718492182,-0.0195767060158216
0.4612,3.4510877287493,3.47011155343057,-0.0190238246812755
0.4614,3.52611054277919,3.54466425152831,-0.0185537087491183
0.4616,3.60111020665749,3.61928858624391,-0.0181783795864154
0.4618,3.67606149115827,3.69396595227414,-0.0179044611158679
0.462,3.75095615152168,3.76865456950334,-0.0176984179816611
0.4622,3.82585287368524,3.8434019038996,-0.0175490302143597
0.4624,3.90074186623332,3.91825474334533,-0.0175128771120105
0.4626,3.97565115950465,3.99318535989153,-0.0175342003868724
0.4628,4.05054586503943,4.0681919178626,-0.0176460528231628
0.463,4.12540076168421,4.14325840623992,-0.0178576445557095
0.4632,4.20018734152386,4.2184186922869,-0.0182313507630365
0.4634,4.27499793571674,4.29362803755178,-0.0186301018350381
0.4636,4.34982465707036,4.36889984957566,-0.0190751925053076
0.4638,4.42463945342919,4.44421609010193,-0.0195766366727437
0.464,4.49947013323916,4.51956807437139,-0.0200979411322306
0.4642,4.57434182060304,4.59495399931316,-0.0206121787101168
0.4644,4.64917953075806,4.67034725192409,-0.0211677211660239
0.4646,4.72400070358928,4.74574412537459,-0.0217434217853176
0.4648,4.79881691033069,4.82113075302373,-0.0223138426930456
0.465,4.87364145826735,4.896498967517,-0.0228575092496461
0.4652,4.94849790160858,4.97183874277776,-0.0233408411691798
0.4654,5.02336753984919,5.04714259997463,-0.0237750601254385
0.4656,5.09825622706724,5.12242268735027,-0.0241664602830216
0.4658,5.1731103251866,5.19763791670993,-0.0245275915233272
0.466,5.24797855882281,5.27278666600125,-0.0248081071784378
0.4662,5.3229325615386,5.34787762608688,-0.0249450645482758
0.4664,5.39790179119068,5.42289245504424,-0.0249906638535684
0.4666,5.47290147568082,5.49782950568271,-0.0249280300018864
0.4668,5.54790178553142,5.57267355219401,-0.024771766662588
0.467,5.62291661506692,5.64751232331241,-0.0245957082454877
0.4672,5.69788347818686,5.72228279962397,-0.0243993214371017
0.4674,5.77280137145666,5.79697897486036,-0.0241776034036931
0.4676,5.8476690104763,5.871587364466,-0.0239183539897025
0.4678,5.92253458204608,5.94612002224298,-0.0235854401968965
0.468,5.9973805165553,6.02057556427699,-0.0231950477216927
0.4682,6.07223705809046,6.09498880333685,-0.0227517452463877
0.4684,6.14707691839367,6.1694024395592,-0.0223255211655262
0.4686,6.22188328394604,6.24378806752041,-0.0219047835743691
0.4688,0.0134418908933522,0.0350091391310662,-0.0215672482377139
0.469,0.0882068519933823,0.109431897651322,-0.0212250456579396
0.4692,0.16297980854282,0.183859831189049,-0.0208800226462289
0.4694,0.237738798600869,0.258270751213406,-0.0205319526125377
0.4696,0.312521014683474,0.332726006295673,-0.0202049916121989
0.4698,0.38735173043755,0.407199315301729,-0.0198475848641791
0.47,0.462148483422864,0.481706076436814,-0.0195575930139499
0.4702,0.536924811752887,0.55623728348882,-0.0193124717359333
0.4704,0.611708647127125,0.630857205996569,-0.0191485588694446
0.4706,0.686528606405848,0.705575105617631,-0.0190464992117828
0.4708,0.761394200695307,0.780417689508917,-0.0190234888136095
0.471,0.836275751814682,0.855334095941917,-0.0190583441272346
0.4712,0.91116507124871,0.930363294346278,-0.0191982230975677
0.4714,0.986086617670338,1.00549477340264,-0.0194081557323069
0.4716,1.061052866624,1.08067672622593,-0.0196238596019334
0.4718,1.13607801417979,1.15592033170263,-0.0198423175228433
0.472,1.2111101484435,1.23119525240685,-0.0200851039633529
0.4722,1.28614758043875,1.30650347380358,-0.0203558933648234
0.4724,1.36118860308223,1.38185503638026,-0.0206664332980364
0.4726,1.43624642996555,1.45721461406564,-0.0209681841000908
0.4728,1.51131122197638,1.53259247734564,-0.0212812553692641
0.473,1.5863155746718,1.60799033876361,-0.0216747640918185
0.4732,1.66123800444852,1.68339121434346,-0.0221532098949415
0.4734,1.73615003567887,1.75878067777546,-0.0226306420965874
0.4736,1.81102368740563,1.83414006766764,-0.0231163802620045
0.4738,1.885890259607,1.90946155966033,-0.0235713000533366
0.474,1.96076108879095,1.98473910089053,-0.0239780120995849
0.4742,2.03560140418627,2.05995908505708,-0.0243576808708084
0.4744,2.11036943147757,2.13508341838841,-0.0247139869108439
0.4746,2.18507654007593,2.2101494163934,-0.0250728763174708
0.4748,2.25979939859844,2.28513950068916,-0.0253401020907256
0.475,2.33453707268702,2.36008011745781,-0.0255430447707887
0.4752,2.40929190996315,2.43496242349806,-0.0256705135349091
0.4754,2.48408287004135,2.50974464233836,-0.0256617722970103
0.4756,2.55884262492875,2.58445673543,-0.0256141105012451
0.4758,2.63358105916293,2.65904828077688,-0.0254672216139524
0.476,2.70830963174012,2.73354447989504,-0.025234848154926
0.4762,2.78304937285452,2.8079437410815,-0.0248943682269762
0.4764,2.85781390933762,2.88229424519727,-0.0244803358596517
0.4766,2.93258276529127,2.95660241190776,-0.0240196466164906
0.4768,3.00736064350327,3.03081270926606,-0.0234520657627924
0.477,3.08209623322677,3.10489937432458,-0.0228031410978109
0.4772,3.15684955756863,3.17902166633352,-0.0221721087648969
0.4774,3.23170305530226,3.25325579004786,-0.0215527347455993
0.4776,3.30658718152674,3.32755022793459,-0.0209630464078527
0.4778,3.3814972733742,3.40191596444445,-0.0204186910702506
0.478,3.45647298076547,3.47634099383654,-0.0198680130710698
0.4782,3.53148332128453,3.55088353320351,-0.0194002119189847
0.4784,3.60655850954146,3.62559702507514,-0.0190385155336763
0.4786,3.68163189187615,3.70037292581244,-0.018741033936287
0.4788,3.75662770022566,3.77518934308461,-0.0185616428589443
0.479,3.83160750962441,3.85006544902652,-0.0184579394021163
0.4792,3.90656755951401,3.92501175372109,-0.0184441942070848
0.4794,3.98153509775033,4.00001145347702,-0.01847635572669
0.4796,4.05647096192242,4.07508090010147,-0.0186099381790479
0.4798,4.13134990934124,4.15020784292269,-0.0188579335814518
0.48,4.20614587284941,4.22539460401108,-0.0192487311616691
0.4802,4.28087568534283,4.30061462949895,-0.0197389441561233
0.4804,4.3556127403464,4.37589883895656,-0.0202860986101596
0.4806,4.43034888681517,4.45122430773329,-0.0208754209181139
0.4808,4.50508874025141,4.52656613649317,-0.0214773962417594
0.481,4.57984958834365,4.60194440705246,-0.0220948187088155
0.4812,4.65457173977511,4.67733440071199,-0.0227626609368761
0.4814,4.7292774002413,4.75273222612079,-0.0234548258794902
0.4816,4.80399619475744,4.82813278088188,-0.0241365861244374
0.4818,4.87875315848737,4.90351941751639,-0.0247662590290272
0.482,4.95356839676935,4.97888943541892,-0.0253210386495653
0.4822,5.02841207328915,5.05423543941676,-0.0258233661276144
0.4824,5.10327962323407,5.12955940656728,-0.0262797833332096
0.4826,5.17823053413917,5.20484488187732,-0.0266143477381542
0.4828,5.25325219584968,5.28005451837952,-0.0268023225298437
0.483,5.32833839160662,5.35517985066715,-0.0268414590605301
0.4832,5.40343014878173,5.43020654915369,-0.0267764003719595
0.4834,5.4785470890363,5.50514123631486,-0.0265941472785576
0.4836,5.55364748026049,5.57996458892629,-0.0263171086658058
0.4838,5.62873660982659,5.65473696561465,-0.0260003557880539
0.484,5.7037521159431,5.72942139879166,-0.0256692828485576
0.4842,5.77869579015556,5.80401821480581,-0.0253224246502466
0.4844,5.8535691317285,5.87854063669329,-0.0249715049647969
0.4846,5.92843219235152,5.95301932883764,-0.0245871364861179
0.4848,6.00327380382641,6.0274321295301,-0.0241583257036861
0.485,6.07812496851462,6.10181476278767,-0.0236897942730518
0.4852,6.15295769611739,6.17620666020042,-0.0232489640830273
0.4854,6.22775256573257,6.25055643241845,-0.0228038666858792
0.4856,0.0192964022016477,0.0416160354079586,-0.0223196332063108
0.4858,0.0939720783661405,0.115840155256397,-0.0218680768902568
0.486,0.168665509874882,0.19012533524009,-0.0214598253652087
0.4862,0.243370738319,0.264418319982089,-0.0210475816630891
0.4864,0.318096828541544,0.338735092475838,-0.0206382639342938
0.4866,0.392862498811574,0.413146398383352,-0.0202838995717787
0.4868,0.467603480867881,0.487625657114594,-0.0200221762467138
0.487,0.542333649730837,0.562134454706015,-0.0198008049751777
0.4872,0.617075210112754,0.636721188462878,-0.0196459783501238
0.4874,0.691849024593941,0.711372540049759,-0.0195235154558178
0.4876,0.766672548590329,0.786137731275995,-0.019465182685666
0.4878,0.841511633230925,0.860986357135749,-0.0194747239048242
0.488,0.916356475473722,0.93588933520887,-0.0195328597351482
0.4882,0.991235816397429,1.01089949886015,-0.0196636824627254
0.4884,1.06616519945657,1.08598969500012,-0.019824495543544
0.4886,1.14115959148081,1.16116865036938,-0.0200090588885704
0.4888,1.21616754721298,1.23642407106091,-0.0202565238479369
0.489,1.29118630309382,1.31172167218693,-0.0205353690931087
0.4892,1.36620908072975,1.38707354660136,-0.0208644658716071
0.4894,1.44124491537714,1.46246380697401,-0.0212188915968685
0.4896,1.51622334670968,1.53786306607707,-0.0216397193673863
0.4898,1.5911388159958,1.61326052588468,-0.0221217098888786
0.49,1.66598685406221,1.68864277902075,-0.0226559249585416
0.4902,1.740823239572,1.76399813628359,-0.0231748967115832
0.4904,1.81563554345769,1.83930564879292,-0.0236701053352295
0.4906,1.89045714599434,1.91457255567451,-0.0241154096801608
0.4908,1.96526433784963,1.98979923082354,-0.0245348929739115
0.491,2.0400409332354,2.06496856344879,-0.0249276302133903
0.4912,2.11475824797403,2.14004491090259,-0.0252866629285622
0.4914,2.18942367862852,2.21505310755111,-0.0256294289225911
0.4916,2.26410309232749,2.28997158141869,-0.0258684890911987
0.4918,2.33878899279202,2.3648187135124,-0.0260297207203783
0.492,2.41349422481151,2.43964669946991,-0.0261524746583914
0.4922,2.48824311897274,2.51441855463519,-0.026175435662446
0.4924,2.56304596816298,2.58917234148139,-0.0261263733184074
0.4926,2.63783845307523,2.66386681077565,-0.0260283577004232
0.4928,2.71261982568568,2.73849283518611,-0.0258730095004296
0.493,2.78741624808886,2.81305150778014,-0.0256352596912786
0.4932,2.86225120329856,2.88759318170019,-0.02534197840163
0.4934,2.93709654418418,2.96209645469042,-0.0249999105062431
0.4936,3.01194928742347,3.03659045678446,-0.02464116936099
0.4938,3.08675562167705,3.11096486799396,-0.0242092463169095
0.494,3.16157265899522,3.18529524389141,-0.0237225848961882
0.4942,3.23648190196318,3.25967208120652,-0.023190179243338
0.4944,3.31141699622455,3.33403495254541,-0.0226179563208571
0.4946,3.38636262274575,3.40836672403513,-0.0220041012893804
0.4948,3.46131333418723,3.48271331798126,-0.0213999837940211
0.495,3.53628175987581,3.55707929753874,-0.0207975376629355
0.4952,3.6113077582537,3.63157578345786,-0.0202680252041643
0.4954,3.68632117765741,3.70615136831736,-0.0198301906599427
0.4956,3.76124769179692,3.78073961081561,-0.0194919190186917
0.4958,3.83615655367506,3.85538525842723,-0.0192287047521664
0.496,3.91101107859717,3.93007558823464,-0.0190645096374613
0.4962,3.98583504057244,4.00484874831239,-0.0190137077399584
0.4964,4.06064733198104,4.0797298227206,-0.0190824907395593
0.4966,4.13542924791782,4.15470306515168,-0.0192738172338567
0.4968,4.21014681079151,4.22978664134781,-0.0196398305562999
0.497,4.28480607703537,4.30492985396595,-0.0201237769305767
0.4972,4.35947358938726,4.38015803576394,-0.020684446376686
0.4974,4.43414379975175,4.45546732776381,-0.0213235280120632
0.4976,4.50884093533072,4.53083106556011,-0.0219901302293906
0.4978,4.58358557262959,4.60622616013414,-0.0226405875045534
0.498,4.65830012081772,4.68162763820926,-0.0233275173915404
0.4982,4.73300102135942,4.75702420100282,-0.0240231796433976
0.4984,4.80771084488981,4.83240534694614,-0.0246945020563292
0.4986,4.88244893601691,4.90775236140871,-0.0253034253918036
0.4988,4.95723321422101,4.9830599489207,-0.0258267346996899
0.499,5.03203439789752,5.0583196213506,-0.0262852234530868
0.4992,5.10685143302849,5.13352052285202,-0.0266690898235282
0.4994,5.18174866621248,5.20867446329351,-0.0269257970810299
0.4996,5.25671567940233,5.28376975985562,-0.0270540804532891
0.4998,5.33174360258536,5.35879330034648,-0.0270496977611279
0.5,5.40676955022966,5.43373884571715,-0.0269692954874925
0.5002,5.48178797431741,5.50862199705323,-0.0268340227358168
0.5004,5.55679824008733,5.58340881937327,-0.0266105792859399
0.5006,5.63182077798212,5.65820953647007,-0.0263887584879496
0.5008,5.70689211660279,5.73303627209836,-0.0261441554955741
0.501,5.78195655174533,5.8077780882665,-0.0258215365211649
0.5012,5.85693697620994,5.88240333793146,-0.0254663617215209
0.5014,5.93190356496154,5.95698388335725,-0.0250803183957107
0.5016,6.00682343002309,6.03146087081507,-0.0246374407919783
0.5018,6.08171576183069,6.105888180943,-0.0241724191123138
0.502,6.15658518239133,6.18030638666183,-0.0237212042705037
0.5022,6.23140153525382,6.25467378190815,-0.0232722466543329
0.5024,0.022947842646925,0.0458069657019404,-0.0228591230550155
0.5026,0.0976140652151357,0.120025033228375,-0.0224109680132391
0.5028,0.172214749686961,0.194210220728487,-0.021995471041526
0.503,0.2468234173371,0.268445560728712,-0.0216221433916122
0.5032,0.321465689247492,0.342743249575325,-0.0212775603278327
0.5034,0.396149332591122,0.417132051125878,-0.0209827185347554
0.5036,0.470807682802364,0.491584021558525,-0.0207763387561606
0.5038,0.545458762838895,0.566065007451543,-0.0206062446126479
0.504,0.620125986201107,0.640632056038186,-0.0205060698370788
0.5042,0.694827218106291,0.71529287585175,-0.0204656577454589
0.5044,0.769578092987691,0.790065761690382,-0.020487668702691
0.5046,0.844346724950631,0.864915386621758,-0.0205686616711263
0.5048,0.919128818179788,0.939816850479075,-0.0206880322992871
0.505,0.993958189898369,1.01482503180297,-0.020866841904598
0.5052,1.06885175635145,1.08991702319851,-0.0210652668470579
0.5054,1.1438201387889,1.16510617294589,-0.0212860341569885
0.5056,1.21880363087909,1.24037945487018,-0.0215758239910879
0.5058,1.29379144587131,1.31569558447014,-0.0219041385988279
0.506,1.36877283672855,1.39105740976644,-0.0222845730378842
0.5062,1.44375978296726,1.46644786912578,-0.0226880861585188
0.5064,1.518797827801,1.5418503480903,-0.0230525202893035
0.5066,1.59382214576329,1.61724712599074,-0.023424980227448
0.5068,1.66876039799151,1.69262635617805,-0.0238659581865468
0.507,1.74368173788194,1.76798301714504,-0.0243012792630917
0.5072,1.81854784689407,1.84330637681645,-0.02475852992238
0.5074,1.89337894242485,1.91859147267312,-0.0252125302482673
0.5076,1.96818974791022,1.99383486224424,-0.0256451143340153
0.5078,2.04296205567952,2.06902290971472,-0.0260608540352036
0.508,2.11766911108854,2.14412228676583,-0.0264531756772945
0.5082,2.19232590787741,2.21916305992765,-0.0268371520502435
0.5084,2.26702336742425,2.29416768718051,-0.0271443197562573
0.5086,2.34176327405566,2.36905104463368,-0.0272877705780172
0.5088,2.41651439026992,2.44385462618608,-0.0273402359161561
0.509,2.4912993390646,2.51854406802982,-0.0272447289652211
0.5092,2.56606325221372,2.59316748350366,-0.027104231289949
0.5094,2.64081873328517,2.6677290515292,-0.0269103182440316
0.5096,2.71557929056698,2.74222589471757,-0.0266466041505877
0.5098,2.79035831832596,2.81661626198861,-0.026257943662646
0.51,2.86517300153606,2.89097950743076,-0.0258065058947006
0.5102,2.93999647526597,2.9653124053673,-0.0253159301013355
0.5104,3.01483037712785,3.03971017768867,-0.0248798005608148
0.5106,3.08974155045849,3.11415918031153,-0.0244176298530383
0.5108,3.16472264542764,3.18857079525788,-0.0238481498302434
0.511,3.23976730414536,3.26299828446254,-0.0232309803171766
0.5112,3.31481177045849,3.33742356298674,-0.0226117925282465
0.5114,3.38984531507374,3.41184860014503,-0.0220032850712935
0.5116,3.46486072266234,3.48627881305455,-0.0214180903922077
0.5118,3.5398765092286,3.56067255990169,-0.0207960506730926
0.512,3.61483511873915,3.63507048596474,-0.0202353672255895
0.5122,3.68973951299281,3.70957060332555,-0.0198310903327386
0.5124,3.76458700419564,3.7841415546669,-0.0195545504712591
0.5126,3.83943073843392,3.85882601531308,-0.0193952768791648
0.5128,3.91422288236145,3.93358614826451,-0.019363265903058
0.513,3.98898844098971,4.00842331738499,-0.019434876395283
0.5132,4.06374405269645,4.0833624572758,-0.019618404579349
0.5134,4.13846696999555,4.15838183470486,-0.0199148647093059
0.5136,4.21312717817805,4.23350724232201,-0.0203800641439615
0.5138,4.28781986913325,4.30869083807254,-0.0208709689392892
0.514,4.36253922534635,4.38394099134807,-0.0214017660017261
0.5142,4.43725640366867,4.45923490993823,-0.0219785062695639
0.5144,4.51198647963464,4.53455075895166,-0.0225642793170211
0.5146,4.58675182528882,4.60991214811506,-0.0231603228262367
0.5148,4.66148843750028,4.68530016382451,-0.023811726324233
0.515,4.73620954342357,4.7606979967929,-0.0244884533693348
0.5152,4.81093514595231,4.83608978651055,-0.0251546405582399
0.5154,4.8856834611069,4.91145303687667,-0.0257695757697656
0.5156,4.96047303460359,4.9867790446458,-0.0263060100422097
0.5158,5.03527543910808,5.06205211572714,-0.0267766766190647
0.516,5.1100880323848,5.13725273496101,-0.0271647025762087
0.5162,5.18497186837095,5.21239327855845,-0.0274214101874986
0.5164,5.25991680080981,5.28747750031462,-0.0275606995048108
0.5166,5.33492155479019,5.36250627798174,-0.0275847231915511
0.5168,5.40993368100895,5.43745588399399,-0.027522202985045
0.517,5.48495135349428,5.51234942140118,-0.0273980679068977
0.5172,5.55996674956699,5.5871196175243,-0.0271528679573079
0.5174,5.63499038494484,5.66178151507826,-0.0267911301334207
0.5176,5.71001900962265,5.73639609760566,-0.0263770879830076
0.5178,5.784995012076,5.81093363403825,-0.0259386219622479
0.518,5.85990012351635,5.88535896074781,-0.0254588372314659
0.5182,5.93479664147972,5.95975682958858,-0.0249601881088664
0.5184,6.0096396796678,6.03406535116181,-0.024425671494007
0.5186,6.08445045549604,6.10833352051957,-0.0238830650235267
0.5188,6.15924194196403,6.18262429609666,-0.0233823541326341
0.519,6.23399006442373,6.2569028576555,-0.022912793231769
0.5192,0.0254788347745194,0.047994306111486,-0.0225154713369666
0.5194,0.100096535102245,0.122272820185307,-0.0221762850830624
0.5196,0.174656374836414,0.196522742767999,-0.0218663679315848
0.5198,0.24923085395035,0.270809731637252,-0.0215788776869017
0.52,0.32384301693436,0.345155084055426,-0.0213120671210659
0.5202,0.398495508824171,0.419632566430693,-0.0211370576065223
0.5204,0.473189619109272,0.494223698100789,-0.0210340789915172
0.5206,0.547902454116106,0.56885847792637,-0.0209560238102642
0.5208,0.622658298314991,0.643563894230263,-0.0209055959152722
0.521,0.697437141310819,0.718346406807974,-0.0209092654971551
0.5212,0.772263585177971,0.793228462514644,-0.0209648773366738
0.5214,0.847108068045268,0.868175228880503,-0.0210671608352359
0.5216,0.921957001059804,0.943129422855408,-0.021172421795604
0.5218,0.996749723741511,1.01811773684711,-0.0213680131055962
0.522,1.07154520115828,1.09318325367252,-0.0216380525142492
0.5222,1.14642943572204,1.1683399200213,-0.0219104842992683
0.5224,1.2213374886026,1.24357263327913,-0.022235144676533
0.5226,1.29625329126037,1.31885153930419,-0.0225982480438218
0.5228,1.3711720150104,1.39418617021733,-0.0230141552069321
0.523,1.44610994765683,1.46954605471989,-0.0234361070630535
0.5232,1.52109892273952,1.54492959883133,-0.0238306760918152
0.5234,1.59608101689645,1.62032884098258,-0.0242478240861317
0.5236,1.6709781644338,1.69572717430067,-0.0247490098668717
0.5238,1.74585803771663,1.77111174933019,-0.025253711613564
0.524,1.82068594731105,1.84646747058776,-0.0257815232767051
0.5242,1.8954855806488,1.92179154952248,-0.0263059688736851
0.5244,1.9702718381556,1.99707530632036,-0.026803468164758
0.5246,2.04502340205461,2.07229595865483,-0.0272725566002157
0.5248,2.11970845900808,2.14741253103431,-0.027704072026232
0.525,2.19433847571154,2.22241160357183,-0.0280731278602881
0.5252,2.26898360081119,2.29728310359862,-0.0282995027874313
0.5254,2.34363660591652,2.37202821306815,-0.0283916071516312
0.5256,2.41830583423335,2.44670400350716,-0.0283981692738111
0.5258,2.49300793040868,2.52127479680173,-0.0282668663930492
0.526,2.56767731720192,2.59575040921591,-0.0280730920139907
0.5262,2.64233054432246,2.6701556540424,-0.0278251097199411
0.5264,2.71699489675561,2.74452580700236,-0.0275309102467531
0.5266,2.79169424716669,2.81883326363,-0.0271390164633116
0.5268,2.86644529923637,2.89314238271076,-0.0266970834743883
0.527,2.94121219051729,2.96740477436259,-0.0261925838453028
0.5272,3.01598786497903,3.04157177929062,-0.0255839143115875
0.5274,3.0908365333896,3.11574268024016,-0.0249061468505616
0.5276,3.16575411477027,3.18992363750064,-0.0241695227303675
0.5278,3.24074072035426,3.26416720774938,-0.0234264873951195
0.528,3.31573924965132,3.33845344899624,-0.0227141993449185
0.5282,3.3907427700108,3.4127835316951,-0.0220407616843064
0.5284,3.46574233017078,3.4871663709456,-0.0214240407748179
0.5286,3.54074958093092,3.56165783333532,-0.0209082524044022
0.5288,3.61569851919066,3.63617845795057,-0.0204799387599128
0.529,3.69058670849721,3.71075984385845,-0.0201731353612371
0.5292,3.76541138048707,3.78539733066687,-0.0199859501798061
0.5294,3.8402294798689,3.8601498909841,-0.0199204111151929
0.5296,3.91502676219134,3.93502864801477,-0.0200018858234357
0.5298,3.98983078660496,4.00996557244859,-0.0201347858436267
0.53,4.06460916750001,4.08497315422944,-0.0203639867294267
0.5302,4.13934108857699,4.16004032792523,-0.020699239348243
0.5304,4.21400265489032,4.23517060714961,-0.0211679522592929
0.5306,4.28861233883341,4.31034191349643,-0.0217295746630226
0.5308,4.36324843914515,4.38558091543377,-0.0223324762886188
0.531,4.43791846168949,4.46088995147912,-0.0229714897896276
0.5312,4.51260333738483,4.53623219892331,-0.0236288615384757
0.5314,4.58732190777165,4.61160933395707,-0.0242874261854222
0.5316,4.66201728563095,4.68700288808163,-0.0249856024506734
0.5318,4.73673743482584,4.76240107503462,-0.025663640208772
0.532,4.81151026688003,4.83779479480108,-0.0262845279210513
0.5322,4.8862979160705,4.91316411687071,-0.0268662008002183
0.5324,4.96112268526653,4.9885049978512,-0.0273823125846659
0.5326,5.03596435670711,5.06380603196159,-0.0278416752544794
0.5328,5.11081727287228,5.13904600063332,-0.0282287277610429
0.533,5.18573758866452,5.21422685376706,-0.0284892651025332
0.5332,5.26071576093862,5.28933774344126,-0.0286219825026421
0.5334,5.3357539607534,5.36437153414522,-0.0286175733918217
0.5336,5.41080065099566,5.43930993177357,-0.0285092807779126
0.5338,5.48585172775386,5.51418913777512,-0.0283374100212637
0.534,5.56089709800171,5.58894501190826,-0.0280479139065406
0.5342,5.63590864675302,5.66356337171682,-0.0276547249638037
0.5344,5.71084464653014,5.7381014292758,-0.0272567827456536
0.5346,5.78572437708516,5.81254765070628,-0.0268232736211163
0.5348,5.86053161056997,5.88687845679757,-0.0263468462276011
0.535,5.93532128811898,5.96119726552848,-0.0258759774095045
0.5352,6.01008901009389,6.03549172956075,-0.0254027194668591
0.5354,6.08487305315805,6.10977063704635,-0.0248975838882988
0.5356,6.15964530406024,6.1840733590415,-0.0244280549812572
0.5358,6.2343816752978,6.2583605458043,-0.0239788705064994
0.536,0.0258650128294713,0.0494532085998957,-0.0235881957704244
0.5362,0.100477616502086,0.123773386806303,-0.0232957703042176
0.5364,0.175127777838086,0.198152682320327,-0.0230249044822413
0.5366,0.249821801095186,0.272547049723973,-0.0227252486287864
0.5368,0.324530140478638,0.346963272800734,-0.0224331323220954
0.537,0.399273557528264,0.421395399269715,-0.0221218417414515
0.5372,0.473994259118323,0.495871264055829,-0.0218770049375062
0.5374,0.548704182858148,0.570367242415312,-0.0216630595571649
0.5376,0.623419752964197,0.644944421438235,-0.0215246684740381
0.5378,0.698158999886237,0.719600765161271,-0.0214417652750344
0.538,0.772941019489604,0.794358620350118,-0.0214176008605137
0.5382,0.847734543999673,0.869207636082877,-0.0214730920832039
0.5384,0.922533047236173,0.944147043051321,-0.0216139958151477
0.5386,0.997351219083363,1.01915601826911,-0.0218047991857474
0.5388,1.07223681535397,1.09424187521405,-0.0220050598600794
0.539,1.14720398832089,1.1694113158588,-0.0222073275379169
0.5392,1.22219446049056,1.24464706872608,-0.0224526082355161
0.5394,1.29719986748758,1.31992040798994,-0.0227205405023596
0.5396,1.37220800330942,1.39525138881861,-0.0230433855091838
0.5398,1.4472259298104,1.47062434129531,-0.0233984114849053
0.54,1.52218308729706,1.54601495803634,-0.0238318707392855
0.5402,1.59707228451664,1.62141294157886,-0.0243406570622284
0.5404,1.67188639484718,1.69680205971452,-0.0249156648673354
0.5406,1.74668230078537,1.77216905120309,-0.0254867504177183
0.5408,1.82145318173113,1.8474882044864,-0.0260350227552635
0.541,1.89623852073998,1.92276019818391,-0.0265216774439336
0.5412,1.97101318110287,1.9979787077271,-0.0269655266242304
0.5414,2.04575251977058,2.07312383837309,-0.0273713186025071
0.5416,2.1204212806569,2.14816366393834,-0.0277423832814416
0.5418,2.19502920705806,2.22312722403104,-0.0280980169729803
0.542,2.26961057304207,2.29800079853245,-0.0283902254903761
0.5422,2.34419787458744,2.37276974760101,-0.028571873013564
0.5424,2.41880854389168,2.44750218547676,-0.0286936415850834
0.5426,2.49345550240752,2.52216206647748,-0.0287065640699637
0.5428,2.56807596977706,2.59673395150936,-0.0286579817322981
0.543,2.64269059987021,2.67120805082901,-0.0285174509588035
0.5432,2.71732495565338,2.74560220911056,-0.0282772534571789
0.5434,2.79199883140662,2.8199008567165,-0.0279020253098783
0.5436,2.86672967543744,2.89419703410437,-0.0274673586669256
0.5438,2.94148590358013,2.96846256835498,-0.0269766647748546
0.544,3.01626015919301,3.04264712642232,-0.0263869672293029
0.5442,3.09110861850827,3.11683372399076,-0.0257251054824912
0.5444,3.16601855818432,3.19101359430833,-0.0249950361240088
0.5446,3.24098994984716,3.26523471428579,-0.0242447644386314
0.5448,3.3159738756964,3.33948153737836,-0.0235076616819612
0.545,3.3909709292736,3.41376309566329,-0.0227921663896891
0.5452,3.46597202010955,3.48809603388517,-0.0221240137756147
0.5454,3.54098283730879,3.56257136261377,-0.0215885253049786
0.5456,3.61603021727313,3.63718856916729,-0.0211583518941585
0.5458,3.69105675350695,3.7118652616605,-0.0208085081535496
0.546,3.76598709534128,3.78657193798383,-0.0205848426425495
0.5462,3.84089237518452,3.86132473116415,-0.0204323559796324
0.5464,3.91574190076654,3.93610591678096,-0.0203640160144207
0.5466,3.99056253655793,4.01095991419494,-0.0203973776370074
0.5468,4.06536893141519,4.0859117343268,-0.0205428029116144
0.547,4.1401365530426,4.16093961446817,-0.0208030614255765
0.5472,4.21483103642126,4.23605770394285,-0.0212266675215904
0.5474,4.28946468802812,4.31122434370773,-0.0217596556796105
0.5476,4.36411104916155,4.38647081656963,-0.0223597674080853
0.5478,4.43876635405643,4.4617878341081,-0.0230214800516642
0.548,4.51344123254138,4.53713629316161,-0.0236950606202226
0.5482,4.58815319305149,4.61251745422573,-0.0243642611742336
0.5484,4.66283579542279,4.68791402220841,-0.0250782267856202
0.5486,4.73750260462231,4.76331086144818,-0.0258082568258615
0.5488,4.81217666231149,4.83869750882559,-0.0265208465141038
0.549,4.88687887645102,4.91405525315082,-0.0271763766998001
0.5492,4.96162640227527,4.98937720092082,-0.0277507986455499
0.5494,5.03638650732235,5.06465294846487,-0.0282664411425193
0.5496,5.1111552807059,5.13987745487838,-0.0287221741724784
0.5498,5.1859508416491,5.21506158260954,-0.0291107409604425
0.55,5.26081984620243,5.29017330202291,-0.0293534558204867
0.5502,5.33577061307879,5.365194755214,-0.0294241421352091
0.5504,5.41073910137352,5.440103979066,-0.0293648776924824
0.5506,5.48571524973401,5.51496238005233,-0.0292471303183186
0.5508,5.56071799595312,5.58974603526886,-0.0290280393157403
0.551,5.63573008664843,5.66448762802994,-0.02875754138151
0.5512,5.71079079238794,5.73921550968609,-0.0284247172981482
0.5514,5.7858371240037,5.8138718547838,-0.0280347307801003
0.5516,5.8607966910594,5.88842379161944,-0.0276271005600384
0.5518,5.93573801997303,5.96292540619539,-0.0271873862223533
0.552,6.01062280513793,6.03730932461079,-0.02668651947286
0.5522,6.08547005367477,6.11163459652381,-0.0261645428490382
0.5524,6.16028858127549,6.18595222966672,-0.0256636483912294
0.5526,6.23505286379231,6.26022917567244,-0.0251763118801325
0.5528,0.0265494764747345,0.051286560003253,-0.0247370835285186
0.553,0.101171330274382,0.12540683337924,-0.024235503104858
0.5532,0.175717912734318,0.199441418351152,-0.0237235056168334
0.5534,0.250259389158025,0.273532840337948,-0.023273451179923
0.5536,0.324837484883615,0.347693368984869,-0.0228558841012539
0.5538,0.399452351212414,0.42198417834086,-0.0225318271284461
0.554,0.474110752695792,0.496395242750307,-0.0222844900545155
0.5542,0.548798832113346,0.57086880799587,-0.0220699758825239
0.5544,0.623542940490476,0.645436663730993,-0.0218937232405174
0.5546,0.698318302001243,0.720103746262162,-0.0217854442609194
0.5548,0.77314556484316,0.794887570055883,-0.0217420052127233
0.555,0.847996718214648,0.86976567035575,-0.0217689521411019
0.5552,0.922862373296471,0.944721159095812,-0.0218587857993403
0.5554,0.997750595695496,1.01971787285392,-0.0219672771584269
0.5556,1.07269882296744,1.0947935320854,-0.0220947091179553
0.5558,1.14770992168009,1.16997225283666,-0.0222623311565682
0.556,1.22271922077238,1.24523851588483,-0.0225192951124513
0.5562,1.29772004962379,1.32055100531598,-0.0228309556921835
0.5564,1.37270851768211,1.39591092903151,-0.0232024113493976
0.5566,1.44766495331574,1.47129073095867,-0.0236257776429303
0.5568,1.5225215980851,1.54668289633979,-0.0241612982546868
0.557,1.5973333869082,1.62208093739706,-0.0247475504888575
0.5572,1.67208779987342,1.69746495200182,-0.0253771521284043
0.5574,1.74682307596256,1.77281952914152,-0.0259964531789592
0.5576,1.82153094315159,1.84813191386267,-0.0266009707110733
0.5578,1.89625474765785,1.92340803020814,-0.0271532825502954
0.558,1.97096838598549,1.99864957965578,-0.027681193670287
0.5582,2.04564950876939,2.07383940953486,-0.0281899007654678
0.5584,2.1202696121279,2.1489386186987,-0.0286690065707922
0.5586,2.19484231385122,2.22398168666268,-0.0291393728114593
0.5588,2.2694574874384,2.29897832077176,-0.029520833333351
0.559,2.34411236293521,2.37384217386385,-0.0297298109286417
0.5592,2.4187684015516,2.44862164839026,-0.0298532468386576
0.5594,2.49344427296251,2.52330160558472,-0.0298573326222078
0.5596,2.56808999861575,2.59789031501638,-0.0298003164006291
0.5598,2.64273139085613,2.6723950754933,-0.0296636846371761
0.56,2.71739688289715,2.74683853700644,-0.0294416541092861
0.5602,2.79210796997425,2.82119252095949,-0.0290845509852429
0.5604,2.8668773819472,2.89552735559746,-0.0286499736502668
0.5606,2.94166307046287,2.9698016778221,-0.0281386073592236
0.5608,3.01645117889141,3.04397520722549,-0.0275240283340796
0.561,3.09130368606817,3.11815554663752,-0.0268518605693515
0.5612,3.1662219084545,3.19235007515301,-0.0261281666985185
0.5614,3.24121474531324,3.26660145977033,-0.0253867144570936
0.5616,3.3162292759866,3.34087572793346,-0.0246464519468641
0.5618,3.39125442236022,3.41516826927443,-0.0239138469142088
0.562,3.46627223659157,3.48948590629995,-0.0232136697083805
0.5622,3.54128670405362,3.56382733810555,-0.0225406340519285
0.5624,3.61629007934826,3.63819095157697,-0.0219008722287084
0.5626,3.69122116384766,3.71263469895205,-0.0214135351043896
0.5628,3.76606260316284,3.78714060356635,-0.0210780004035014
0.563,3.84088576942887,3.86176317980127,-0.0208774103723965
0.5632,3.91566056323649,3.93646892591709,-0.0208083626806004
0.5634,3.99042071137146,4.01126352499025,-0.0208428136187866
0.5636,4.06518217222916,4.08617518870847,-0.0209930164793093
0.5638,4.13991414758296,4.16117955369948,-0.0212654061165241
0.564,4.21457554999617,4.23628388848616,-0.0217083384899857
0.5642,4.28917647894523,4.31143659438016,-0.0222601154349231
0.5644,4.3637915121054,4.3866661917546,-0.0228746796491937
0.5646,4.43841762005444,4.46196887690926,-0.0235512568548177
0.5648,4.51306503561535,4.53730573147358,-0.0242406958582269
0.565,4.58775112307089,4.61268008489563,-0.024928961824739
0.5652,4.66240965098381,4.68807320065784,-0.0256635496740305
0.5654,4.73705371731687,4.76347056784641,-0.026416850529535
0.5656,4.8117054932578,4.83885954202647,-0.0271540487686677
0.5658,4.88638607019317,4.91422117784703,-0.0278351076538623
0.566,4.96111388908418,4.9895492786303,-0.0284353895461251
0.5662,5.0358565256464,5.06482592825085,-0.0289694026044538
0.5664,5.11060779974557,5.1400166200882,-0.0294088203426286
0.5666,5.18543005051476,5.2151428584285,-0.0297128079137448
0.5668,5.26031859638254,5.29020307576219,-0.0298844793796524
0.567,5.33527673305011,5.36518947474926,-0.0299127416991549
0.5672,5.41025155617406,5.44007212871121,-0.0298205725371492
0.5674,5.48523683434875,5.51486863604071,-0.0296318016919548
0.5676,5.5602204352052,5.58955748689633,-0.0293370516911304
0.5678,5.63521088844082,5.66417841148295,-0.0289675230421276
0.568,5.71020431230627,5.73874644812685,-0.0285421358205857
0.5682,5.7851426490266,5.81322192338061,-0.028079274354007
0.5684,5.86000793262286,5.88758421789783,-0.0275762852749768
0.5686,5.93486428087738,5.96193040661812,-0.0270661257407454
0.5688,6.00966942325382,6.03619973966675,-0.0265303164129325
0.569,6.08444635701728,6.11043518295901,-0.0259888259417274
0.5692,6.15920808495816,6.18469184504551,-0.0254837600873579
0.5694,6.23392935153329,6.25892779632209,-0.0249984447888014
0.5696,0.0253928267380585,0.0499639171442035,-0.0245710904061449
0.5698,0.0999856328400744,0.124256163055076,-0.0242705302150012
0.57,0.174598107240166,0.198593552184589,-0.0239954449444223
0.5702,0.249224508039341,0.272943232424462,-0.023718724385121
0.5704,0.323871782728985,0.347324004759008,-0.0234522220300229
0.5706,0.398555645771177,0.421717999724827,-0.0231623539536494
0.5708,0.473210019558506,0.496143949665307,-0.0229339301068009
0.571,0.547849070651628,0.570581868810909,-0.0227327981592806
0.5712,0.622496062518834,0.645102840802987,-0.0226067782841525
0.5714,0.697172539359378,0.71971108009694,-0.0225385407375618
0.5716,0.771896521720394,0.79442840679389,-0.0225318850734957
0.5718,0.846634814537569,0.86924755590244,-0.0226127413648707
0.572,0.921380863311156,0.944163531723133,-0.0227826684119773
0.5722,0.996149902459893,1.01913957200516,-0.0229896695452643
0.5724,1.07098877988883,1.09420063200171,-0.0232118521128855
0.5726,1.14590966600501,1.16935582937374,-0.0234461633687275
0.5728,1.22085338220056,1.24458519884452,-0.02373181664396
0.573,1.29581228999955,1.31985680285836,-0.0240445128588056
0.5732,1.37077567047857,1.39519269570287,-0.0244170252242997
0.5734,1.4457521640721,1.47057606383181,-0.024823899759713
0.5736,1.52068393830165,1.54597569190087,-0.0252917535992174
0.5738,1.59555365825157,1.62137319143073,-0.0258195331791524
0.574,1.67035740556372,1.69676409974719,-0.0264066941834789
0.5742,1.74515057206374,1.77213935975873,-0.0269887876949935
0.5744,1.81991763800567,1.84747008066862,-0.0275524426629463
0.5746,1.89468869730633,1.92275325561899,-0.0280645583126555
0.5748,1.96943474177353,1.99798495632988,-0.0285502145563536
0.575,2.04413463741496,2.07314589838026,-0.0290112609653042
0.5752,2.11876158470823,2.14820236823357,-0.0294407835253407
0.5754,2.19333295981952,2.22315545723393,-0.0298224974144121
0.5756,2.26794508402262,2.29805103817686,-0.0301059541542403
0.5758,2.34260151197393,2.37285135924539,-0.0302498472714601
0.576,2.41726727202435,2.44760165202546,-0.03033438000111
0.5762,2.49196224994966,2.52227552569755,-0.0303132757478948
0.5764,2.56663538020236,2.59686792223337,-0.0302325420310092
0.5766,2.64130728944443,2.67136532710521,-0.0300580376607837
0.5768,2.71599777472658,2.74577376734238,-0.0297759926158045
0.577,2.79072245302325,2.82007228663005,-0.0293498336068025
0.5772,2.86549809597401,2.89436068560289,-0.0288625896288837
0.5774,2.94029542049878,2.96862119839422,-0.0283257778954451
0.5776,3.01511024636754,3.04280546125313,-0.0276952148855862
0.5778,3.0900002924758,3.11698669660462,-0.026986404128825
0.578,3.16495044508395,3.19114258724448,-0.0261921421605291
0.5782,3.23995392486884,3.26531494914771,-0.0253610242788698
0.5784,3.31495454248844,3.3394936690092,-0.0245391265207555
0.5786,3.38995083831255,3.4137013097341,-0.0237504714215482
0.5788,3.46493906958268,3.4879602120844,-0.0230211425017202
0.579,3.53993339347051,3.5623342526607,-0.0224008591901859
0.5792,3.61493013118931,3.63679478490312,-0.0218646537138061
0.5794,3.68986808649622,3.71133670352416,-0.0214686170279328
0.5796,3.76472661546539,3.78593662087741,-0.0212100054120157
0.5798,3.83957043120212,3.86063913672415,-0.0210687055220289
0.58,3.91436181678491,3.93539692997947,-0.0210351131945585
0.5802,3.9891303961426,4.0102150924271,-0.0210846962844999
0.5804,4.06389453535134,4.08513470791509,-0.0212401725637514
0.5806,4.13862959922051,4.16014439184855,-0.0215147926280368
0.5808,4.21329896992812,4.23525586811879,-0.0219568981906706
0.581,4.28791246323176,4.31040564375312,-0.0224931805213622
0.5812,4.36246291528112,4.38562102985892,-0.0231581145777922
0.5814,4.4370216382631,4.46091418164724,-0.0238925433841395
0.5816,4.51161453863177,4.53624479734757,-0.0246302587157921
0.5818,4.58624873314441,4.61161445511266,-0.0253657219682548
0.582,4.66085559209759,4.68700485772336,-0.0261492656257687
0.5822,4.73548463241758,4.7624035786581,-0.026918946240519
0.5824,4.81017172113397,4.83780057174445,-0.0276288506104763
0.5826,4.88488431083063,4.91317439797792,-0.0282900871472904
0.5828,4.95964383801431,4.98851888152392,-0.0288750435096041
0.583,5.03442536061532,5.06382135705924,-0.0293959964439159
0.5832,5.10921925496896,5.13904062874213,-0.0298213737731698
0.5834,5.18401303169052,5.21415245016353,-0.0301394184730084
0.5836,5.25881374048017,5.28919019773387,-0.0303764572537037
0.5838,5.33369718081314,5.36414813505,-0.0304509542368594
0.584,5.40860232767974,5.43899406728986,-0.0303917396101268
0.5842,5.48351227662387,5.51376584367588,-0.0302535670520045
0.5844,5.55842056964029,5.58841740313262,-0.0299968334923291
0.5846,5.63334446006573,5.66299678166954,-0.0296523216038169
0.5848,5.7082814027555,5.73754873928456,-0.0292673365290606
0.585,5.78316911878476,5.81201126658716,-0.028842147802397
0.5852,5.85798518716013,5.88635632529147,-0.028371138131341
0.5854,5.93279175731564,5.96068445891715,-0.0278927016015116
0.5856,6.00757683996801,6.0349736697639,-0.0273968297958858
0.5858,6.08236763299155,6.10922935692067,-0.0268617239291205
0.586,6.15713612047601,6.18349984272717,-0.0263637222511584
0.5862,6.23186822399151,6.25775845589001,-0.0258902318985008
0.5864,0.0233550194786627,0.048813394640252,-0.0254583751615893
0.5866,0.0979781512098121,0.122963881199875,-0.0249857299900631
0.5868,0.172540575450235,0.197080310911154,-0.0245397354609186
0.587,0.247110468692966,0.271247578797676,-0.02413711010471
0.5872,0.321713850833589,0.345486103686342,-0.0237722528527534
0.5874,0.396359126877766,0.419874238968628,-0.0235151120908622
0.5876,0.471049839495664,0.494389261073223,-0.0233394215775586
0.5878,0.545726739229,0.568916069394271,-0.0231893301652709
0.588,0.620396858264363,0.643506276714937,-0.0231094184505743
0.5882,0.695090336504228,0.718172266929036,-0.0230819304248087
0.5884,0.769829823851117,0.792933750234094,-0.0231039263829769
0.5886,0.844582861517491,0.867779300575008,-0.0231964390575169
0.5888,0.91934228656202,0.942704878062624,-0.0233625915006036
0.589,0.994122344226021,1.01767974824588,-0.023557404019861
0.5892,1.06897046580031,1.09273843784576,-0.0237679720454471
0.5894,1.143902365551,1.16789861138366,-0.0239962458326612
0.5896,1.21886366828484,1.24314180417854,-0.0242781358936996
0.5898,1.29384802969155,1.31842979171388,-0.0245817620223308
0.59,1.36884074933762,1.39376699540527,-0.0249262460676436
0.5902,1.44384349796797,1.46913442533987,-0.0252909273719018
0.5904,1.51879353504924,1.54452671994762,-0.0257331848983777
0.5906,1.59367222784141,1.61992441431691,-0.0262521864755034
0.5908,1.66847676720062,1.69531125207842,-0.0268344848777979
0.591,1.74326458304905,1.77067937190363,-0.0274147888545846
0.5912,1.81799429750425,1.84601825993617,-0.0280239624319183
0.5914,1.89270025381149,1.92132590893972,-0.0286256551282285
0.5916,1.9674058601109,1.99659956526529,-0.0291937051543973
0.5918,2.04208635592818,2.07181880294063,-0.0297324470124574
0.592,2.11670352331357,2.14693811831964,-0.0302345950060694
0.5922,2.1912672793237,2.22193675866382,-0.0306694793401228
0.5924,2.26584807322,2.2968003404649,-0.0309522672449014
0.5926,2.34043588502119,2.37153240901046,-0.0310965239892629
0.5928,2.41503637905314,2.44619880962389,-0.0311624305707423
0.593,2.48967186501113,2.52079185890221,-0.0311199938910742
0.5932,2.56436191723279,2.59532652656062,-0.0309646093278313
0.5934,2.63905732282763,2.66978107018053,-0.0307237473528952
0.5936,2.71376645403965,2.74417172687493,-0.0304052728352824
0.5938,2.78851270404742,2.81846517797005,-0.029952473922628
0.594,2.86330941795544,2.89273270341498,-0.0294232854595471
0.5942,2.93811995489583,2.96694251856201,-0.028822563666179
0.5944,3.01293886023836,3.04106068735834,-0.0281218271199757
0.5946,3.08782798535876,3.11518887674633,-0.027360891387572
0.5948,3.16277586378113,3.18932370936132,-0.0265478455801866
0.595,3.23777727448886,3.26350666468094,-0.0257293901920757
0.5952,3.31277741158009,3.33771438918275,-0.0249369776026573
0.5954,3.3877760808608,3.41195356662162,-0.0241774857608248
0.5956,3.46276964046828,3.48622685796043,-0.0234572174921488
0.5958,3.53773384718341,3.56049425264251,-0.0227604054591075
0.596,3.61259839804756,3.63480509557664,-0.0222066975290871
0.5962,3.68742159659194,3.70922392912306,-0.0218023325311134
0.5964,3.76219633667846,3.78372507392266,-0.021528737244203
0.5966,3.83696880409049,3.85835405305192,-0.0213852489614239
0.5968,3.91172309210556,3.93311780166897,-0.0213947095634111
0.597,3.98648985091828,4.00794703286517,-0.0214571819468956
0.5972,4.0612406057583,4.08285679864995,-0.0216161928916483
0.5974,4.13595559271142,4.15784668064057,-0.0218910879291503
0.5976,4.21060679435909,4.23294433322667,-0.0223375388675811
0.5978,4.28520521760035,4.30811405647243,-0.0229088388720768
0.598,4.35981855810384,4.38335996209468,-0.023541403990845
0.5982,4.43443703524045,4.4586747899732,-0.0242377547327575
0.5984,4.50906954664225,4.53402111727839,-0.0249515706361381
0.5986,4.58373880971172,4.60940205379597,-0.0256632440842504
0.5988,4.65838588524989,4.68479980539569,-0.0264139201457985
0.599,4.73302751576963,4.76019625180083,-0.0271687360311974
0.5992,4.80768465231988,4.83557923977018,-0.0278945874502972
0.5994,4.88237468063338,4.9109311536435,-0.0285564730101227
0.5996,4.95711280795335,4.98624513973751,-0.0291323317841599
0.5998,5.03186585223951,5.06151338821167,-0.0296475359721562
0.6,5.10662818281816,5.13673494782202,-0.0301067650038602
