t_s,theta_pll_rad,theta_ref_rad,theta_err_rad
0,0,0,0
0.0002,0.0753982236861784,0.075398223686155,2.3411828031783e-14
0.0004,0.150252523515417,0.15079644737231,-0.000543923856893336
0.0006,0.225286528200611,0.226194671058465,-0.000908142857854399
0.0008,0.301427886722095,0.30159289474462,-0.000165008022525504
0.001,0.378303716842003,0.376991118430775,0.00131259841122738
0.0012,0.45381099498052,0.45238934211693,0.00142165286359008
0.0014,0.525734120548631,0.527787565803085,-0.00205344525445417
0.0016,0.59347742831977,0.60318578948924,-0.00970836116947038
0.0018,0.658026177276308,0.678584013175395,-0.0205578358990871
0.002,0.720355075035306,0.75398223686155,-0.0336271618262441
0.0022,0.780308165110311,0.829380460547705,-0.049072295437394
0.0024,0.83681003282491,0.904778684233861,-0.0679686514089507
0.0026,0.889635029756681,0.980176907920016,-0.090541878163335
0.0028,0.940298633975094,1.05557513160617,-0.115276497631077
0.003,0.990897927469169,1.13097335529233,-0.140075427823156
0.0032,1.04240590352339,1.20637157897848,-0.163965675455086
0.0034,1.09460824619742,1.28176980266464,-0.187161556467213
0.0036,1.14741575419177,1.35716802635079,-0.209752272159016
0.0038,1.20163744582626,1.43256625003695,-0.230928804210683
0.004,1.25842453306491,1.5079644737231,-0.249539940658188
0.0042,1.31779866481088,1.58336269740926,-0.265564032598371
0.0044,1.37877425099314,1.65876092109541,-0.279986670102268
0.0046,1.4402021713803,1.73415914478157,-0.293956973401269
0.0048,1.50173686969099,1.80955736846772,-0.307820498776729
0.005,1.56390050619787,1.88495559215388,-0.321055085956004
0.0052,1.62722954180575,1.96035381584003,-0.333124274034278
0.0054,1.69157387834132,2.03575203952619,-0.344178161184868
0.0056,1.75645939086681,2.11115026321234,-0.354690872345533
0.0058,1.82161024578122,2.1865484868985,-0.364938241117278
0.006,1.88736545274698,2.26194671058465,-0.374581257837674
0.0062,1.95417924848183,2.33734493427081,-0.383165685788976
0.0064,2.02205491046187,2.41274315795696,-0.390688247495096
0.0066,2.09057693265889,2.48814138164312,-0.397564448984225
0.0068,2.15931224220057,2.56353960532927,-0.404227363128704
0.007,2.22817455770075,2.63893782901543,-0.410763271314678
0.0072,2.29731252382292,2.71433605270158,-0.417023528878657
0.0074,2.36690859789111,2.78973427638774,-0.422825678496624
0.0076,2.43695338789102,2.86513250007389,-0.428179112182873
0.0078,2.50743971954177,2.94053072376005,-0.433091004218277
0.008,2.57845070035957,3.0159289474462,-0.437478247086637
0.0082,2.65005871608875,3.09132717113236,-0.44126845504361
0.0084,2.72220242976148,3.16672539481851,-0.444522965057033
0.0086,2.79483414758293,3.24212361850467,-0.447289470921739
0.0088,2.86787392547676,3.31752184219082,-0.449647916714064
0.009,2.94112274726457,3.39292006587698,-0.451797318612404
0.0092,3.01432355518786,3.46831828956313,-0.453994734375276
0.0094,3.08740985072059,3.54371651324929,-0.456306662528696
0.0096,3.16065848427738,3.61911473693544,-0.458456252658059
0.0098,3.23453111634131,3.6945129606216,-0.459981844280287
0.01,3.30934602988933,3.76991118430775,-0.460565154418419
0.0102,3.38509488090178,3.84530940799391,-0.460214527092132
0.0104,3.46150704799502,3.92070763168006,-0.459200583685043
0.0106,3.5384506770493,3.99610585536622,-0.457655178316918
0.0108,3.6158876544691,4.07150407905237,-0.455616424583276
0.011,3.69373156052641,4.14690230273853,-0.45317074221212
0.0112,3.77176742079698,4.22230052642468,-0.450533105627701
0.0114,3.84974826534914,4.29769875011084,-0.4479504847617
0.0116,3.92760452590564,4.37309697379699,-0.445492447891352
0.0118,4.00566950439173,4.44849519748315,-0.442825693091414
0.012,4.08442901767457,4.5238934211693,-0.439464403494736
0.0122,4.1641285032596,4.59929164485546,-0.435163141595855
0.0124,4.2445775987715,4.67468986854161,-0.430112269770111
0.0126,4.32553397306047,4.75008809222777,-0.424554119167293
0.0128,4.40690120735828,4.82548631591392,-0.418585108555641
0.013,4.48867671271914,4.90088453960008,-0.412207826880935
0.0132,4.57083019965742,4.97628276328623,-0.405452563628816
0.0134,4.65321639905207,5.05168098697239,-0.398464587920317
0.0136,4.73566458334514,5.12707921065854,-0.3914146273134
0.0138,4.81817657945572,5.2024774343447,-0.384300854888978
0.014,4.90092899152871,5.27787565803085,-0.376946666502146
0.0142,4.98414629861958,5.35327388171701,-0.369127583097431
0.0144,5.06799898583643,5.42867210540316,-0.360673119566733
0.0146,5.15251719767804,5.50407032908932,-0.351553131411277
0.0148,5.23759941804177,5.57946855277547,-0.341869134733701
0.015,5.32311108344173,5.65486677646163,-0.3317556930199
0.0152,5.40896909184742,5.73026500014778,-0.321295908300367
0.0154,5.49513078915307,5.80566322383394,-0.31053243468087
0.0156,5.58151056008833,5.88106144752009,-0.299550887431763
0.0158,5.66792876773818,5.95645967120625,-0.288530903468073
0.016,5.75412756125922,6.0318578948924,-0.277730333633181
0.0162,5.83998807953676,6.10725611857856,-0.267268039041798
0.0164,5.92558010444261,6.18265434226471,-0.257074237822104
0.0166,6.01110378059644,6.25805256595087,-0.24694878535443
0.0168,6.09676388293145,6.06029276618995,0.0364711167414979
0.017,6.18269557213224,6.13944062040575,0.0432549517264933
0.0172,6.26896807272261,6.22038257582266,0.0485854968999559
0.0174,0.0723785138632511,0.0191283520435055,0.0532501618197456
0.0176,0.159188388640674,0.102346488010505,0.0568419006301696
0.0178,0.246043201629828,0.187937697046614,0.0581055045832136
0.018,0.332772910970431,0.276250909458122,0.0565220015123089
0.0182,0.419269050690281,0.366170372694985,0.0530986779952962
0.0184,0.505529289502201,0.45586514088758,0.0496641486146208
0.0186,0.591697060939244,0.544410706908644,0.0472863540306009
0.0188,0.678036604970841,0.631985865956937,0.0460507390139037
0.019,0.764724032662615,0.718998033272876,0.0457259993897385
0.0192,0.851772737124557,0.805114658491274,0.0466580786332824
0.0194,0.939119936339412,0.889499685416121,0.0496202509232913
0.0196,1.02668615288535,0.971715839095044,0.0549703137903085
0.0198,1.1143895227675,1.05210767067297,0.0622818520945321
0.02,1.20213185733081,1.13124643725888,0.0708854200719231
0.0202,1.28977600955033,1.2092911572708,0.0804848522795334
0.0204,1.37708213706098,1.28607282931143,0.0910093077495457
0.0206,1.463886140371,1.36167861563008,0.102207524740926
0.0208,1.55028551116338,1.43657464343711,0.113710867726275
0.021,1.63651452359665,1.51134002720548,0.125174496391169
0.0212,1.72286152474459,1.58654454222114,0.136316982523446
0.0214,1.8095005465612,1.66262827315189,0.146872273409313
0.0216,1.89644868720623,1.73990015671066,0.156548530495568
0.0218,1.98364319592272,1.81848633909702,0.165156856825702
0.022,2.07100626044189,1.89823630575788,0.172769954684009
0.0222,2.1584502086681,1.978831751913,0.179618456755092
0.0224,2.24580823541421,2.06018501943735,0.185623215976859
0.0226,2.33284287317828,2.1425819803849,0.190260892793378
0.0228,2.41938507124817,2.22641094216667,0.192974129081499
0.023,2.50541293651194,2.31181344184379,0.193599494668153
0.0232,2.59108692633301,2.39872414023024,0.19236278610277
0.0234,2.6766482241554,2.48711251813538,0.18953570602002
0.0236,2.7622958471445,2.57689857546686,0.185397271677638
0.0238,2.84813815289357,2.66778614547528,0.18035200741829
0.024,2.93420379169226,2.75915929381071,0.175044497881548
0.0242,3.02045769841339,2.85031965201914,0.170138046394255
0.0244,3.1067415224967,2.94062950499598,0.166112017500723
0.0246,3.19277973257508,3.02966516985046,0.163114562724626
0.0248,3.2784075386117,3.11736212423141,0.161045414380284
0.025,3.36358501195002,3.20367184348954,0.159913168460481
0.0252,3.44837304757754,3.28830368121685,0.160069366360687
0.0254,3.53287980884805,3.37112164473414,0.161758164113911
0.0256,3.61726289070295,3.45244869537985,0.164814195323099
0.0258,3.70167217904327,3.53277134024754,0.16890083879573
0.026,3.78611150677256,3.61198954568423,0.174121961088329
0.0262,3.87042110665723,3.68952780910962,0.180893297547613
0.0264,3.95446624830192,3.76491353263468,0.189552715667232
0.0266,4.03812605940981,3.83805467521116,0.200071384198651
0.0268,4.12129588005293,3.90920526868991,0.212090611363022
0.027,4.20374833414938,3.97868383679284,0.225064497356538
0.0272,4.28525928539751,4.04676540552589,0.238493879871613
0.0274,4.36566632448229,4.11387095389629,0.251795370586001
0.0276,4.44489897990627,4.18054643865075,0.264352541255525
0.0278,4.52293904780789,4.24735891706368,0.275580130744213
0.028,4.59975164947639,4.31475115734909,0.285000492127298
0.0282,4.67529202356242,4.38302599304999,0.292266030512425
0.0284,4.74955776274556,4.45249178504348,0.297065977702082
0.0286,4.82244994980408,4.52337277448096,0.299077175323128
0.0288,4.89394185689232,4.59579512031626,0.298146736576061
0.029,4.96408521792398,4.66973396926301,0.294351248660969
0.0292,5.03298129196414,4.74504652991354,0.287934762050603
0.0294,5.10075326086164,4.82151164256931,0.279241618292324
0.0296,5.16761646297826,4.89887090873271,0.268745554245552
0.0298,5.23367518967783,4.97682663580117,0.256848553876659
0.03,5.29905994089741,5.05489136357295,0.244168577324467
0.0302,5.36396857304198,5.13232163152458,0.231646941517392
0.0304,5.4284514040298,5.20841363503496,0.220037768994845
0.0306,5.49259570434778,5.28286946048798,0.209726243859802
0.0308,5.55650493183191,5.35548533426415,0.201019597567756
0.031,5.62025337508853,5.42614513611157,0.194108238976956
0.0312,5.68396950765409,5.49504006139469,0.188929446259407
0.0314,5.74780609599539,5.56265352461937,0.185152571376019
0.0316,5.81190648589324,5.62961225866358,0.182294227229658
0.0318,5.87629757814419,5.69646942782369,0.179828150320499
0.032,5.94105831578456,5.7636468056988,0.17741151008576
0.0322,6.00621890943933,5.83143163278062,0.174787276658718
0.0324,6.07178446094167,5.90012637306013,0.171658087881539
0.0326,6.13778207037693,5.9699027312394,0.167879339137522
0.0328,6.20430555959142,6.04081015660782,0.163495402983603
0.033,6.27131952931992,6.11265221627861,0.158667313041319
0.0332,0.0555990122396537,6.18508340701191,0.153700912407333
0.0334,0.123472884097514,6.25790402930296,0.148754161974141
0.0336,0.191695470930397,0.0477425137899561,0.14395295714044
0.0338,0.260238005792251,0.120846559978616,0.139391445813634
0.034,0.329061694278217,0.19392828323973,0.135133411038487
0.0342,0.398153132032327,0.267057706849377,0.13109542518295
0.0344,0.467538665402076,0.340303968232078,0.127234697169998
0.0346,0.53721501173597,0.413708793576106,0.123506218159863
0.0348,0.60718309299067,0.487212183737228,0.119970909253442
0.035,0.677409016991291,0.560791518129545,0.116617498861746
0.0352,0.747840726275317,0.634400231506026,0.11344049476929
0.0354,0.818380344831441,0.707949021247065,0.110431323584376
0.0356,0.888963454140819,0.781308526785759,0.107654927355061
0.0358,0.959530192312422,0.854484844184443,0.105045348127978
0.036,1.03000085775121,0.927622554955312,0.102378302795903
0.0362,1.10028709834886,1.00085899953523,0.0994280988136227
0.0364,1.17043007227614,1.07427164323922,0.096158429036922
0.0366,1.2403955721052,1.14788035744554,0.0925152146596568
0.0368,1.31014919393646,1.22175790021915,0.0883912937173092
0.037,1.37970054071536,1.2960782093084,0.0836223314069533
0.0372,1.44904105882282,1.37092173847965,0.0781193203431725
0.0374,1.51813679865336,1.44616029118303,0.0719765074703256
0.0376,1.58702303334711,1.52161360280484,0.065409430542273
0.0378,1.65572813055013,1.59702943554017,0.0586986950099573
0.038,1.72423210744747,1.67216579792124,0.0520663095262321
0.0382,1.79255665106768,1.74686863550691,0.0456880155607702
0.0384,1.86074075658479,1.8210596908058,0.039681065778991
0.0386,1.92882374989124,1.89470629222172,0.0341174576695114
0.0388,1.99683786397837,1.96778259922831,0.0290552647500602
0.039,2.06488881129347,2.04023238360971,0.0246564276837646
0.0392,2.13298822055541,2.11198376595069,0.021004454604725
0.0394,2.20114227035995,2.1829459807428,0.0181962896171517
0.0396,2.26944784860052,2.25299405036947,0.0164537982310473
0.0398,2.33790706337562,2.32209470504575,0.0158123583298724
0.04,2.40653124417186,2.39036055254382,0.0161706916280382
0.0402,2.47532020115811,2.45789037476609,0.0174298263920196
0.0404,2.54434108893196,2.5248724002205,0.0194686887114641
0.0406,2.61359748310245,2.59141411974572,0.022183363356727
0.0408,2.68306892552437,2.65772947376386,0.0253394517605097
0.041,2.75272872584268,2.7241555397907,0.0285731860519731
0.0412,2.82258584602225,2.79106949671298,0.0315163493092632
0.0414,2.89264465693247,2.85886641446221,0.0337782424702651
0.0416,2.96293609528486,2.92775246083983,0.0351836344450303
0.0418,3.03344436591267,2.99790090262526,0.0355434632874112
0.042,3.10423383666216,3.06933126552243,0.0349025711397335
0.0422,3.17524368917832,3.1419143670543,0.0333293221240201
0.0424,3.24647795464388,3.21550067811894,0.0309772765249363
0.0426,3.31793216682232,3.29010092270022,0.0278312441221047
0.0428,3.38960938204756,3.36593086597601,0.0236785160715507
0.043,3.46149244292828,3.44315270122074,0.0183397417075395
0.0432,3.53358793234176,3.52186791547201,0.0117200168697469
0.0434,3.60586092693102,3.60212011546183,0.00374081146918881
0.0436,3.6783429302148,3.68394942396003,-0.00560649374522271
0.0438,3.75100802971228,3.7672118310401,-0.0162038013278134
0.044,3.82386749323003,3.85144994797131,-0.0275824547412817
0.0442,3.89688353895099,3.9361360884559,-0.0392525495049036
0.0444,3.97001465707807,4.02073954180475,-0.0507248847266846
0.0446,4.04330496656225,4.10484351806653,-0.0615385515042828
0.0448,4.11673947119385,4.18805725253019,-0.0713177813363401
0.045,4.19029415973309,4.27012270092286,-0.0798285411897757
0.0452,4.26395255178833,4.35090165255407,-0.0869491007657386
0.0454,4.33766982757207,4.43034365439025,-0.0926738268181744
0.0456,4.41146756761333,4.50850975470919,-0.0970421870958607
0.0458,4.4853646753764,4.58556058947946,-0.100195914103063
0.046,4.55936201837957,4.66170098878044,-0.102338970400869
0.0462,4.63349813495502,4.73719042059311,-0.103692285638093
0.0464,4.70772918716683,4.81230031029322,-0.104571123126388
0.0466,4.7820808342004,4.88729519422599,-0.105214360025586
0.0468,4.85657815321816,4.96242463019998,-0.105846476981817
0.047,4.93125052813124,5.03793084339421,-0.10668031526297
0.0472,5.00606713882743,5.1140089415559,-0.107941802728474
0.0474,5.08106707916341,5.19081024390051,-0.109743164737097
0.0476,5.15621450969718,5.26846407280822,-0.112249563111031
0.0478,5.23153223583073,5.34693211964765,-0.11539988381692
0.048,5.3069734702163,5.42607054504402,-0.119097074827718
0.0482,5.38255377202408,5.50566613956625,-0.123112367542167
0.0484,5.45822379501289,5.58549387432903,-0.127270079316143
0.0486,5.53400049636803,5.66529670819202,-0.131296211823993
0.0488,5.60990174859737,5.74484255127564,-0.134940802678276
0.049,5.68589678028603,5.82389885207747,-0.138002071791437
0.0492,5.76202976166055,5.90224196154426,-0.14021219988371
0.0494,5.83825189088086,5.97962310182879,-0.141371210947935
0.0496,5.91450096472332,6.05607059624107,-0.141569631517753
0.0498,5.99085378234562,6.13167999254676,-0.140826210201137
0.05,6.06727700141111,6.20643831760851,-0.139161316197397
0.0502,6.14371140746928,6.28052635413757,-0.136814946668298
0.0504,6.2202299839505,0.0709557617589844,-0.133911084988075
0.0506,0.0136529538749288,0.14428646868353,-0.130633514808601
0.0508,0.0903370436737512,0.217440839718263,-0.127103796044512
0.051,0.167075266317175,0.290522925267868,-0.123447658950694
0.0512,0.243880118351389,0.363722991131849,-0.11984287278046
0.0514,0.320793845696947,0.437161845371663,-0.116367999674716
0.0516,0.397812035351576,0.510917382820454,-0.113105347468878
0.0518,0.474936360351751,0.585140053068906,-0.110203692717155
0.052,0.552195158184353,0.659870759491921,-0.107675601307568
0.0522,0.629535167746269,0.735026593507662,-0.105491425761393
0.0524,0.706990226625739,0.810629851248451,-0.103639624622712
0.0526,0.784581367110115,0.886640657085268,-0.102059289975152
0.0528,0.86228448450777,0.962914410475417,-0.100629925967647
0.053,0.940101123975918,1.03930969199358,-0.0992085680176644
0.0532,1.01797438272633,1.1157376696103,-0.0977632868839777
0.0534,1.09591332925245,1.19209908806942,-0.0961857588169646
0.0536,1.17390258575215,1.26833678369491,-0.0944341979427641
0.0538,1.25191834875665,1.34441367802399,-0.0924953292673401
0.054,1.32995721142382,1.42029395775481,-0.090336746330985
0.0542,1.40798709002622,1.49597963045242,-0.0879925404261992
0.0544,1.48604614961996,1.57146949744306,-0.085423347823093
0.0546,1.56417200666551,1.6467832673732,-0.0826112607076928
0.0548,1.64233929657105,1.72195796706242,-0.0796186704913717
0.055,1.7204897196681,1.79704635323635,-0.0765566335682444
0.0552,1.79865066831408,1.87208941270929,-0.0734387443952116
0.0554,1.87679441798862,1.94712665062584,-0.0703322326372147
0.0556,1.95486884378021,2.0222246799006,-0.0673558361203916
0.0558,2.03295197368925,2.09746273176957,-0.0645107580803237
0.056,2.11105749489687,2.17285941916596,-0.0618019242690884
0.0562,2.18917165254148,2.24841856121828,-0.0592469086768017
0.0564,2.267268470402,2.32416643827624,-0.0568979678742449
0.0566,2.34537326776981,2.40009356414831,-0.0547202963784978
0.0568,2.42347665150838,2.4761711780937,-0.0526945265853231
0.057,2.50156759302314,2.55237309631513,-0.050805503291989
0.0572,2.57969900502602,2.62869064229452,-0.0489916372685029
0.0574,2.65782521668277,2.70505928868073,-0.0472340719979618
0.0576,2.73595483561735,2.78147283186815,-0.0455179962507954
0.0578,2.81413209812882,2.85790296094275,-0.0437708628139313
0.058,2.89234362236603,2.9342671760073,-0.0419235536412668
0.0582,2.97056374319973,3.01057045990057,-0.0400067167008396
0.0584,3.04885157319095,3.08674813758546,-0.0378965643945142
0.0586,3.12714008760013,3.16269338304382,-0.0355532954436839
0.0588,3.20542983666524,3.23845452911888,-0.0330246924536395
0.059,3.28367110207813,3.31399300049297,-0.0303218984148463
0.0592,3.36185521555327,3.38935891801688,-0.0275037024636116
0.0594,3.44002718644458,3.46459712348055,-0.0245699370359667
0.0596,3.51815170203334,3.53970496261035,-0.0215532605770106
0.0598,3.596247958942,3.6147171305772,-0.0184691716352035
0.06,3.67427248735499,3.68962543533197,-0.0153529479769814
0.0602,3.75222490934195,3.76442414930864,-0.0121992399666948
0.0604,3.83011224350946,3.83918076916549,-0.00906852565602856
0.0606,3.9079196346595,3.91396448477789,-0.0060448501183874
0.0608,3.98568393790662,3.98877798405206,-0.00309404614543629
0.061,4.06336253505528,4.06362469807384,-0.000262163018559747
0.0612,4.14091586920382,4.13848131416581,0.00243455503800316
0.0614,4.21831079017656,4.21338119368606,0.00492959649050118
0.0616,4.29557312556185,4.28833352780689,0.00723959775496308
0.0618,4.37281321607549,4.36336316733018,0.00945004874530397
0.062,4.45004246383554,4.43848297795141,0.0115594858841259
0.0622,4.5272225815422,4.5136747355099,0.0135478460322958
0.0624,4.60438955919985,4.58893728878326,0.015452270416592
0.0626,4.6815626403989,4.66426837672577,0.0172942636731328
0.0628,4.75867034195528,4.73965812135776,0.0190122205975181
0.063,4.83573970424799,4.81510411887889,0.0206355853691065
0.0632,4.91276077383006,4.89060224576803,0.0221585280620324
0.0634,4.9897043291761,4.96616434727345,0.0235399819026414
0.0636,5.06660295914631,5.04177744860234,0.0248255105439741
0.0638,5.14345711790545,5.11742380991198,0.0260333079934689
0.064,5.22027316712103,5.19311994258802,0.0271532245330119
0.0642,5.29709262472402,5.268824406401,0.0282682183230207
0.0644,5.37389111114032,5.34453874606861,0.0293523650717038
0.0646,5.45069323351238,5.42027574821837,0.0304174852940058
0.0648,5.52745453516038,5.49603250116208,0.0314220339982976
0.065,5.60419720608039,5.5718273772573,0.0323698288230903
0.0652,5.68088307381187,5.64765165141453,0.0332314223973427
0.0654,5.75752986879272,5.72345327981324,0.0340765889794756
0.0656,5.83408213498357,5.79918992735051,0.0348922076330558
0.0658,5.91053837987557,5.87487563969402,0.0356627401815466
0.066,5.98690698115764,5.950534585876,0.0363723952816413
0.0662,6.06315614660334,6.02614335710779,0.0370127894955523
0.0664,6.1393151287192,6.10162518838389,0.0376899403353113
0.0666,6.21536778367719,6.17701329530673,0.0383544883704641
0.0668,0.00811645066018141,6.25234048818316,0.0389612696566068
0.067,0.0839254178970703,0.0443319016482499,0.0395935162488204
0.0672,0.159664707075876,0.119426369653539,0.040238337422337
0.0674,0.235360171738015,0.194464137721064,0.0408960340169512
0.0676,0.311003240451006,0.269474496238508,0.041528744212498
0.0678,0.38659621165635,0.344454355851528,0.0421418558048227
0.068,0.462185662672528,0.419357096926897,0.042828565745631
0.0682,0.537724963590293,0.494181128188134,0.0435438354021594
0.0684,0.613218105461895,0.568945903174058,0.0442722022878369
0.0686,0.688699851816091,0.643651513165664,0.045048338650427
0.0688,0.764149848671099,0.718343413410153,0.0458064352609466
0.069,0.839531008331862,0.793014758474024,0.0465162498578375
0.0692,0.914899675105125,0.867676765096799,0.0472229100083252
0.0694,0.990242249819058,0.942390005797185,0.0478522440218724
0.0696,1.06551416797817,1.01716510840659,0.0483490595715774
0.0698,1.14073738232615,1.09204997777862,0.0486874045475258
0.07,1.2159423424732,1.16702123790099,0.0489211045722022
0.0702,1.29114336218298,1.24208864469403,0.0490547174889502
0.0704,1.36628977331033,1.31721172650537,0.049078046804961
0.0706,1.44139890430548,1.392405256234,0.0489936480714779
0.0708,1.51643179918605,1.46767192903186,0.0487598701541887
0.071,1.59137802940322,1.54300592866355,0.0483721007396665
0.0712,1.66623784045058,1.61841478631312,0.0478230541374616
0.0714,1.74106844599463,1.69389221221632,0.0471762337783124
0.0716,1.81586339849295,1.7694228582016,0.0464405402913537
0.0718,1.89057090102666,1.84498373408039,0.045587166946266
0.072,1.96521530646492,1.92056971687565,0.0446455895892699
0.0722,2.03977910003517,1.9961781433785,0.0436009566566711
0.0724,2.11424808895294,2.07175960587831,0.0424884830746315
0.0726,2.18862006053723,2.1472654358449,0.0413546246923273
0.0728,2.2628784129536,2.22272493504358,0.040153477910017
0.073,2.33712814677859,2.29820209693424,0.0389260498443451
0.0732,2.41137453046379,2.37362061484766,0.0377539156161308
0.0734,2.48560730395294,2.44899333306427,0.0366139708886681
0.0736,2.55984560467044,2.52425326768622,0.0355923369842146
0.0738,2.63402857398598,2.59938414034911,0.0346444336368745
0.074,2.70819968594483,2.67449808586347,0.0337016000813617
0.0742,2.78238379438957,2.74954692034498,0.0328368740445955
0.0744,2.85658802665429,2.82453259945068,0.0320554272036158
0.0746,2.93079329317554,2.89947082311027,0.0313224700652621
0.0748,3.00500631894142,2.97432437254403,0.0306819463973946
0.075,3.07921846391828,3.0490279760727,0.0301904878455757
0.0752,3.15343137769448,3.12372849230943,0.0297028853850509
0.0754,3.22768079309706,3.1984435662708,0.0292372268262642
0.0756,3.30194380281501,3.27323704064097,0.0287067621740471
0.0758,3.37624641636734,3.34811056066829,0.0281358556990514
0.076,3.45054439155765,3.42300992883883,0.0275344627188234
0.0762,3.52486226746063,3.49797888827117,0.0268833791894587
0.0764,3.59916843910578,3.5729865245538,0.0261819145519828
0.0766,3.67345150842872,3.64798956739933,0.0254619410293966
0.0768,3.74764960427125,3.72301691028633,0.0246326939849135
0.077,3.82181435265702,3.79808220983325,0.0237321428237647
0.0772,3.89594418179192,3.8731397795162,0.0228044022757228
0.0774,3.97000852549422,3.94818124991643,0.0218272755777886
0.0776,4.04404990549106,4.02329671995494,0.020753185536126
0.0778,4.11805603687948,4.09846360296211,0.0195924339173672
0.078,4.19200343528571,4.17367086435627,0.0183325709294362
0.0782,4.26587106835979,4.24891088043585,0.0169601879239396
0.0784,4.33962900709627,4.32417878643986,0.0154502206564109
0.0786,4.41338383909347,4.39946332463844,0.0139205144550267
0.0788,4.48715365706747,4.47479836192044,0.0123552951470352
0.079,4.56094190022447,4.55016465896659,0.0107772412578804
0.0792,4.63479992106812,4.6255398353078,0.00926008576031823
0.0794,4.70868506483857,4.7009326180556,0.00775244678296705
0.0796,4.7825958095521,4.77633151608933,0.00626429346277035
0.0798,4.8565540131314,4.85173295894082,0.00482105419058865
0.08,4.93053265781261,4.92711347803408,0.00341917977852724
0.0802,5.00455292905845,5.00247202686667,0.00208090219177137
0.0804,5.07859144335511,5.07779713996793,0.000794303387180229
0.0806,5.15263912875163,5.15306178798455,-0.000422659232924616
0.0808,5.22670095712842,5.22828072493866,-0.00157976781024161
0.081,5.3008086206154,5.30341513817724,-0.00260651756184238
0.0812,5.37493506422745,5.37847950000436,-0.00354443577691033
0.0814,5.44911317843855,5.45349850337337,-0.00438532493481691
0.0816,5.52331117551707,5.52847244876485,-0.00516127324777571
0.0818,5.59756065990518,5.60341407544705,-0.00585341554187657
0.082,5.67182859882787,5.67829915015092,-0.00647055132304697
0.0822,5.74609884504867,5.75315658918443,-0.00705774413575799
0.0824,5.82031101846206,5.82794165379377,-0.00763063533170971
0.0826,5.8945154786438,5.90270876023048,-0.00819328158668142
0.0828,5.96871436742754,5.97747126949283,-0.00875690206528734
0.083,6.04285628335078,6.0521964273293,-0.00934014397852057
0.0832,6.1169860769967,6.12697223935204,-0.00998616235533945
0.0834,6.19112229739301,6.20180544401502,-0.010683146622017
0.0836,6.26524504141894,6.27667642195249,-0.0114313805335513
0.0838,0.0561376563801002,0.0683517708397447,-0.0122141144596445
0.084,0.130233238668822,0.143243795995628,-0.0130105573268056
0.0842,0.204354824703923,0.21817839909587,-0.0138235743919464
0.0844,0.278527319988028,0.293186664960376,-0.0146593449723477
0.0846,0.352767879031169,0.368242913672691,-0.0154750346415221
0.0848,0.427072416814884,0.443412967357644,-0.0163405505427597
0.085,0.501459985141401,0.518643806032019,-0.0171838208906177
0.0852,0.575862504954161,0.593884730326493,-0.0180222253723317
0.0854,0.650293841322404,0.669150625987344,-0.01885678466494
0.0856,0.724780465288561,0.744494255029673,-0.0197137897411126
0.0858,0.799304942327407,0.819856293116669,-0.0205513507892617
0.086,0.873860192815857,0.895228962934605,-0.021368770118748
0.0862,0.948452222883409,0.97064560835862,-0.022193385475211
0.0864,1.02308192302348,1.04607132502702,-0.0229894020035455
0.0866,1.09777794067407,1.12152282415227,-0.0237448834781979
0.0868,1.17250577373132,1.19697210060898,-0.0244663268776579
0.087,1.24728871556889,1.27242792802475,-0.0251392124558614
0.0872,1.32208595129671,1.34789431199745,-0.0258083607007356
0.0874,1.3969252812893,1.42335288387954,-0.0264276025902441
0.0876,1.47177648664804,1.49879662042772,-0.0270201337796718
0.0878,1.54666575955211,1.57421199887567,-0.0275462393235599
0.088,1.62154315582324,1.64958711104643,-0.0280439552231899
0.0882,1.69640024418661,1.7249185396545,-0.0285182954678975
0.0884,1.77123426108377,1.80020971632323,-0.0289754552394568
0.0886,1.8460075246105,1.87546915212229,-0.0294616275117958
0.0888,1.92075519693647,1.95068263024294,-0.0299274333064692
0.089,1.99549786486564,2.02583265140139,-0.0303347865357433
0.0892,2.07023009458187,2.10094726909003,-0.0307171745081614
0.0894,2.14492798243845,2.17600709370841,-0.0310791112699556
0.0896,2.21964896347554,2.25098969111663,-0.0313407276410884
0.0898,2.29439205115831,2.32594621858745,-0.0315541674291384
0.09,2.36916059080551,2.40087132491344,-0.0317107341079299
0.0902,2.44397819892262,2.47580384499704,-0.0318256460744255
0.0904,2.51886120074484,2.55082901326476,-0.0319678125199205
0.0906,2.59383094974342,2.62582616402287,-0.03199521427945
0.0908,2.66882202139562,2.70079275618675,-0.0319707347911296
0.091,2.74385228709288,2.77572763943692,-0.0318753523440383
0.0912,2.81894553199369,2.85068527921197,-0.0317397472182819
0.0914,2.89413263859081,2.92566059594446,-0.0315279573536529
0.0916,2.96934742813246,3.00064675503717,-0.0312993269047031
0.0918,3.04461317386836,3.07567625093065,-0.0310630770622851
0.092,3.11995207098089,3.15071084503307,-0.0307587740521829
0.0922,3.19533787347711,3.22572948194681,-0.0303916084697051
0.0924,3.27073555348242,3.30071745780528,-0.0299819043228644
0.0926,3.34616975332258,3.37571590701583,-0.0295461536932491
0.0928,3.42159729595583,3.45069563721435,-0.0290983412585204
0.093,3.4970478856207,3.52570736922972,-0.0286594836090144
0.0932,3.57249676007653,3.60080097297337,-0.0283042128968369
0.0934,3.64797394376484,3.67601594558818,-0.0280420018233318
0.0936,3.72342874746141,3.75123287977991,-0.027804132318507
0.0938,3.79886122017173,3.82648487900847,-0.0276236588367405
0.094,3.87426760385256,3.9018162488964,-0.0275486450438476
0.0942,3.94968235291491,3.9771357451475,-0.0274533922325921
0.0944,4.02507110663572,4.05245334137028,-0.0273822347345636
0.0946,4.10043919301501,4.12783369947889,-0.0273945064638781
0.0948,4.17577027865531,4.20325988572422,-0.027489607068909
0.095,4.25112801279659,4.27870061125679,-0.0275725984602033
0.0952,4.32651341482474,4.35416731769801,-0.0276539028732712
0.0954,4.40190380986402,4.42962656400085,-0.0277227541368266
0.0956,4.47732168039076,4.50507352985923,-0.027751849468471
0.0958,4.55278491135349,4.580516760453,-0.0277318490995109
0.096,4.62828652951997,4.65594193206383,-0.0276554025438607
0.0962,4.70384460253395,4.73134540244509,-0.0275007999111407
0.0964,4.77939527363618,4.80672164466863,-0.0273263710324496
0.0966,4.85495638862391,4.88207013445746,-0.027113745833546
0.0968,4.93054997226931,4.95739128141023,-0.0268413091409281
0.097,5.00614857456317,5.03269867554047,-0.0265501009773041
0.0972,5.08174811036989,5.10798673021678,-0.026238619846886
0.0974,5.15738154434989,5.18324542163327,-0.0258638772833875
0.0976,5.23306238512389,5.25852186940885,-0.0254594842849594
0.0978,5.30879838368101,5.33378542638325,-0.0249870427022341
0.098,5.38452857907754,5.40899750993698,-0.024468930859439
0.0982,5.46027356661497,5.48415642211455,-0.0238828554995782
0.0984,5.53600101021678,5.55926729218745,-0.0232662819706722
0.0986,5.61172699731438,5.6343859007066,-0.0226589033922204
0.0988,5.68750500346207,5.7095111547475,-0.022006151285435
0.099,5.76327040630947,5.78468081875991,-0.0214104124504422
0.0992,5.83901798149455,5.85987019066895,-0.0208522091744046
0.0994,5.91475558481416,5.93504342490472,-0.0202878400905684
0.0996,5.99046415736193,6.01025586772225,-0.0197917103603222
0.0998,6.06617642402036,6.08545694673564,-0.0192805227152775
0.1,6.14186162981766,6.16062500343062,-0.0187633736129653
0.1002,6.21749755292814,6.23572887236175,-0.0182313194336032
0.1004,0.00986983101812822,0.0276636865485897,-0.0177938555304615
0.1006,0.085438105793649,0.102785821931274,-0.0173477161376255
0.1008,0.161007457641408,0.177884418334829,-0.0168769606934208
0.101,0.236551335943363,0.252930246078339,-0.0163789101349762
0.1012,0.312098153756071,0.327980288425043,-0.0158821346689727
0.1014,0.387668853123457,0.403033763221608,-0.0153649100981517
0.1016,0.463257126979524,0.47805644066275,-0.0147993136832261
0.1018,0.53880881661728,0.553057678377955,-0.0142488617606747
0.102,0.61433865680843,0.628120744065082,-0.0137820872566522
0.1022,0.689882182580844,0.703216801910706,-0.0133346193298612
0.1024,0.765462374886258,0.778370867974234,-0.0129084930879764
0.1026,0.841045035474052,0.853542054338413,-0.0124970188643605
0.1028,0.916621153867675,0.92872385509015,-0.0121027012224745
0.103,0.992249575044686,1.00395726677904,-0.01170769173435
0.1032,1.06792108412195,1.07920735679486,-0.0112862726729195
0.1034,1.14363639693793,1.15450509297724,-0.0108686960393112
0.1036,1.21934573317112,1.22982489198316,-0.0104791588120439
0.1038,1.29505082578349,1.30515964055172,-0.01010881476823
0.104,1.37080143789011,1.38051043721076,-0.0097089993206485
0.1042,1.44655943449616,1.45588173828058,-0.00932230378441834
0.1044,1.52234900227521,1.53127299425628,-0.00892399198107441
0.1046,1.59810587742568,1.6066716275228,-0.00856575009712501
0.1048,1.67375920951026,1.68207847002563,-0.00831926051536369
0.105,1.74938055281575,1.75748750773477,-0.00810695491902691
0.1052,1.82493608975355,1.83289187677131,-0.00795578701776023
0.1054,1.9004488149723,1.9082959019689,-0.00784708699660008
0.1056,1.97592723855312,1.98370284762724,-0.00777560907412145
0.1058,2.05134101320173,2.05907946389846,-0.00773845069672285
0.106,2.12665536335638,2.13444689708313,-0.00779153372675001
0.1062,2.20196689033058,2.20983901430147,-0.00787212397089476
0.1064,2.2772986794895,2.28521735720944,-0.00791867771993449
0.1066,2.35264171374799,2.36055592593369,-0.00791421218569077
0.1068,2.42797547509256,2.43588108566652,-0.00790561057396522
0.107,2.50332378982643,2.51111715062111,-0.00779336079467807
0.1072,2.57870319780905,2.58629845820708,-0.00759526039802427
0.1074,2.65405856491101,2.66142047948088,-0.00736191456986468
0.1076,2.72939474049803,2.73647348337185,-0.00707874287382859
0.1078,2.80473467755685,2.81144268393705,-0.00670800638019831
0.108,2.88009447570094,2.88634782180848,-0.00625334610754313
0.1082,2.95544195476374,2.96121883729648,-0.00577688253273667
0.1084,3.0308181703725,3.03614321476036,-0.0053250443878623
0.1086,3.10630300721922,3.11110193877881,-0.00479893155958733
0.1088,3.18182747734089,3.18605805817484,-0.00423058083394956
0.109,3.25734993876988,3.2610347648879,-0.00368482611802179
0.1092,3.33290035525602,3.33601188679803,-0.00311153154200827
0.1094,3.40843572559516,3.41100844896013,-0.0025727233649766
0.1096,3.48398439558492,3.48600679672223,-0.00202240113731023
0.1098,3.5595217837621,3.56101408301643,-0.00149229925432426
0.11,3.63507871310371,3.63604148444543,-0.000962771341711299
0.1102,3.71060903732638,3.71109841088759,-0.000489373561218365
0.1104,3.78610865292611,3.7861724433076,-6.37903814824092e-05
0.1106,3.86157881842331,3.86127173616175,0.000307082261561398
0.1108,3.93696386331592,3.93639050265074,0.000573360665182321
0.111,4.01229380386058,4.01157306349727,0.000720740363304273
0.1112,4.08758090732403,4.08678728682902,0.000793620495011638
0.1114,4.16281212375757,4.16199423422415,0.000817889533418992
0.1116,4.23796739425988,4.23724631727758,0.00072107698230095
0.1118,4.31303404288211,4.31251890718195,0.000515135700162261
0.112,4.38809064614398,4.38779797019639,0.000292675947589416
0.1122,4.46314600504193,4.46310985006662,3.61549753078449e-05
0.1124,4.53819352573646,4.53844154987155,-0.000248024135085956
0.1126,4.61328132046898,4.61379991986544,-0.000518599396460928
0.1128,4.68836181751499,4.68917920151057,-0.000817383995579846
0.113,4.76343164976618,4.76458164605974,-0.00114999629356305
0.1132,4.83852328973557,4.8400057689367,-0.00148247920112787
0.1134,4.91361865999336,4.91543999093271,-0.00182133093935377
0.1136,4.98874389207167,4.99086727637924,-0.00212338430756986
0.1138,5.06387923164264,5.06627719251501,-0.00239796087237121
0.114,5.13901962666992,5.14168551001638,-0.00266588334646656
0.1142,5.21417413376447,5.21707470412391,-0.00290057035943825
0.1144,5.28937833049602,5.29242371084012,-0.00304538034409685
0.1146,5.36459958514718,5.3677694961468,-0.00316991099962305
0.1148,5.43985616327622,5.44310509581735,-0.00324893254113068
0.115,5.515100095515,5.51842234007792,-0.00332224456291996
0.1152,5.59035725124408,5.59367706610024,-0.00331981485616684
0.1154,5.66560265539665,5.66887136957115,-0.00326871417449315
0.1156,5.74086837427713,5.74404914191018,-0.00318076763305353
0.1158,5.81610473231271,5.81908176460516,-0.00297703229245894
0.116,5.89123210352774,5.89400311786585,-0.00277101433810856
0.1162,5.9663151706328,5.96889189788359,-0.00257672725078351
0.1164,6.04132120188102,6.04369099493984,-0.0023697930588229
0.1166,6.11628319803429,6.11846991460907,-0.00218671657478531
0.1168,6.191216353504,6.19328592321403,-0.00206956971002992
0.117,6.26610762008353,6.26811293481185,-0.00200531472831766
0.1172,0.0577474829697593,0.0597048999839755,-0.0019574170142162
0.1174,0.13257201458592,0.134512069641178,-0.00194005505525802
0.1176,0.207404527420368,0.209369110383617,-0.00196458296324886
0.1178,0.282267448266766,0.284273851220941,-0.00200640295417526
0.118,0.357172187392194,0.359192924350785,-0.00202073695859095
0.1182,0.432110006889558,0.434112776523169,-0.00200276963361168
0.1184,0.507030552088169,0.5090835120746,-0.00205295998643074
0.1186,0.581947395033473,0.584098899399719,-0.00215150436624656
0.1188,0.656897492279379,0.659131553676895,-0.00223406139751636
0.119,0.731860920657859,0.734203586204992,-0.0023426655471338
0.1192,0.80685816828688,0.809355288247172,-0.00249711996029223
0.1194,0.881865232943853,0.884564596972767,-0.00269936402891457
0.1196,0.95687706896718,0.959784015085394,-0.00290694611821452
0.1198,1.03190367124882,1.0350346392781,-0.00313096802927926
0.12,1.10697731681573,1.11032163191346,-0.00334431509772792
0.1202,1.18206171229469,1.18563206350428,-0.00357035120959015
0.1204,1.25717512938742,1.26097953939651,-0.00380441000909237
0.1206,1.33227363457287,1.33634628256985,-0.00407264799697926
0.1208,1.40738590445812,1.41172928275186,-0.00434337829374587
0.121,1.48248565463876,1.48711632777871,-0.0046306731399528
0.1212,1.55760284277371,1.56251165544279,-0.00490881266907839
0.1214,1.63268799514648,1.63790944931703,-0.00522145417055109
0.1216,1.70773458043458,1.71330016721373,-0.0055655867791502
0.1218,1.78274261351008,1.78868269325768,-0.00594007974760702
0.122,1.85767626015961,1.86405052124374,-0.00637426108413131
0.1222,1.9325680102308,1.93939121595533,-0.00682320572453787
0.1224,2.00740780512604,2.01472132396122,-0.00731351883518006
0.1226,2.08218723044853,2.09005918741734,-0.00787195696880927
0.1228,2.15696230801765,2.16539411175997,-0.00843180374232411
0.123,2.2317678548523,2.24067620182137,-0.00890834696906895
0.1232,2.30659450730757,2.31594020738697,-0.00934570007939728
0.1234,2.38144014615128,2.39113608346227,-0.00969593731099261
0.1236,2.45630624012792,2.46629879326296,-0.00999255313503289
0.1238,2.53122791487313,2.54144700043491,-0.0102190855617796
0.124,2.60621018462373,2.61655982705809,-0.0103496424343592
0.1242,2.68117190968504,2.69166494301728,-0.0104930333322373
0.1244,2.75613573168094,2.76675722015632,-0.0106214884753837
0.1246,2.83109564681212,2.84175022124654,-0.0106545744344171
0.1248,2.90602209162652,2.91674190793793,-0.0107198163114099
0.125,2.98097785324467,2.99167883364585,-0.0107009804011775
0.1252,3.05595776819126,3.06646768487832,-0.0105099166870573
0.1254,3.13095428340308,3.14124334698201,-0.0102890635789277
0.1256,3.20599093188945,3.21602377556913,-0.0100328436796735
0.1258,3.28102754112065,3.29078473055561,-0.00975718943495485
0.126,3.35608565372046,3.36557520858156,-0.00948955486110092
0.1262,3.43113261390198,3.44037967968153,-0.00924706577954826
0.1264,3.50620712082661,3.51524974908361,-0.0090426282570002
0.1266,3.58128207521307,3.59015214504959,-0.00887006983652627
0.1268,3.65637960775448,3.66511469245637,-0.00873508470189055
0.127,3.73144712538313,3.7401131091986,-0.00866598381546879
0.1272,3.80649002820171,3.81516125277585,-0.0086712245741376
0.1274,3.88151885083214,3.89029237564033,-0.00877352480818594
0.1276,3.95657593210044,3.96547023789411,-0.00889430579366435
0.1278,4.03161413124112,4.04068694815459,-0.00907281691346462
0.128,4.10659372030337,4.11593239644432,-0.00933867614095174
0.1282,4.18150668783048,4.19121077951357,-0.0097040916830915
0.1284,4.25644264855374,4.26650760832769,-0.0100649597739473
0.1286,4.33138547267524,4.34185637752423,-0.0104709048489893
0.1288,4.40630662621078,4.41722571098945,-0.0109190847786724
0.129,4.48121369661123,4.49262384071637,-0.0114101441051346
0.1292,4.5561260918124,4.56803481358456,-0.011908721772163
0.1294,4.63109029491431,4.64344130045419,-0.0123510055398821
0.1296,4.70605511375716,4.71884305421096,-0.0127879404538058
0.1298,4.78102291397912,4.79423123817657,-0.0132083241974446
0.13,4.85602510173485,4.86960637596704,-0.0135812742321928
0.1302,4.9310733535351,4.94497354344859,-0.0139001899134881
0.1304,5.00613544200372,5.02034311241952,-0.0142076704157965
0.1306,5.08120889899287,5.09569655411943,-0.0144876551265627
0.1308,5.15632845655213,5.17100617885786,-0.0146777223057271
0.131,5.23150584237628,5.24630685147818,-0.0148010091019053
0.1312,5.30674468238913,5.32157260371398,-0.014827921324855
0.1314,5.38198134133231,5.3967828618057,-0.0148015204733936
0.1316,5.45723760030802,5.47195280800424,-0.0147152076962245
0.1318,5.53248402751194,5.54708804948709,-0.0146040219751464
0.132,5.6077361502025,5.62218584025835,-0.0144496900558542
0.1322,5.68294410839045,5.69715235099575,-0.0142082426053065
0.1324,5.7580869136002,5.77209435905778,-0.0140074454575778
0.1326,5.83316219152538,5.84706243994766,-0.013900248422277
0.1328,5.90822901951879,5.92201167240453,-0.0137826528857383
0.133,5.98328404372694,5.99697923472334,-0.0136951909963985
0.1332,6.05828898892878,6.07190503102123,-0.0136160420924503
0.1334,6.13327325848899,6.14680311947783,-0.0135298609888359
0.1336,6.20823973808972,6.22169854031276,-0.0134588022230382
0.1338,6.28316765928155,0.013441351367402,-0.0134589992654348
0.134,0.0749222380221903,0.0883723801501089,-0.0134501421279185
0.1342,0.149859145377216,0.163290189055819,-0.0134310436786027
0.1344,0.224783492035,0.23817576507889,-0.0133922730438902
0.1346,0.299730385263382,0.313091945959451,-0.0133615606960696
0.1348,0.374720231132251,0.388058919677113,-0.0133386885448617
0.135,0.449747369160033,0.463104930544718,-0.0133575613846849
0.1352,0.524759481429407,0.538171692063915,-0.0134122106345078
0.1354,0.599763389218053,0.613281305060245,-0.0135179158421929
0.1356,0.674790633863105,0.688410978705234,-0.0136203448421289
0.1358,0.749867649276631,0.763545863922111,-0.0136782146454801
0.136,0.824965523291655,0.838694468960632,-0.0137289456689774
0.1362,0.900079168651919,0.913894543596434,-0.0138153749445149
0.1364,0.975240495040436,0.989174786517741,-0.0139342914773054
0.1366,1.05046225444306,1.06445632482676,-0.0139940703836994
0.1368,1.12575610160773,1.13976558547374,-0.0140094838660065
0.137,1.20106845338894,1.21510175118928,-0.0140332978003403
0.1372,1.27642176209332,1.29046268178872,-0.0140409196953963
0.1374,1.35182868780211,1.36582613542767,-0.0139974476255633
0.1376,1.42724663494313,1.44120145017757,-0.0139548152344435
0.1378,1.50270863985055,1.51659356510379,-0.0138849252532429
0.138,1.57819169488545,1.59199129405348,-0.0137995991680266
0.1382,1.6536264923919,1.66739054585048,-0.0137640534585763
0.1384,1.72901187747349,1.74277952402488,-0.0137676465513996
0.1386,1.80433901032646,1.81814832929821,-0.0138093189717499
0.1388,1.87964229235849,1.89350859836746,-0.013866306008965
0.139,1.95489366156106,1.96885709106289,-0.013963429501832
0.1392,2.03007934013325,2.04416096304005,-0.0140816229068061
0.1394,2.10517863963857,2.1193811513561,-0.0142025117175364
0.1396,2.18020701678984,2.19455512630169,-0.0143481095118543
0.1398,2.25523764696989,2.2696648914691,-0.0144272444992031
0.14,2.33026806119376,2.34474375366937,-0.0144756924756071
0.1402,2.40530959796888,2.41983541273147,-0.0145258147625951
0.1404,2.48038154245378,2.49486494921251,-0.0144834067587309
0.1406,2.55549381504544,2.5698688347676,-0.0143750197221584
0.1408,2.63059200353705,2.64483759582053,-0.0142455922834812
0.141,2.70569185340948,2.71977669912297,-0.0140848457134823
0.1412,2.78082855264995,2.79474396797106,-0.0139154153211094
0.1414,2.8560189003737,2.86975336538907,-0.0137344650153635
0.1416,2.9312214017642,2.94470260711469,-0.0134812053504869
0.1418,3.00642672876229,3.01962630115327,-0.0131995723909872
0.142,3.08167298194761,3.09458003057668,-0.0129070486290654
0.1422,3.15698136962289,3.16957271875278,-0.0125913491298988
0.1424,3.23236078522124,3.2446116408484,-0.0122508556271632
0.1426,3.30774467140148,3.31964799774561,-0.0119033263441279
0.1428,3.38314301781865,3.39470143876203,-0.0115584209433766
0.143,3.45851149400264,3.4697002088437,-0.0111887148410577
0.1432,3.53385848034141,3.54470869599141,-0.0108502156500032
0.1434,3.60923515579562,3.61975920808705,-0.0105240522914247
0.1436,3.68458177025811,3.69479843471325,-0.0102166644551356
0.1438,3.75983315233041,3.76982490075083,-0.00999174842042638
0.144,3.83506661252499,3.8448733679694,-0.00980675544441256
0.1442,3.91024904675622,3.91992007486112,-0.00967102810490639
0.1444,3.98540099631125,3.9949872669382,-0.00958627062694317
0.1446,4.06053499035428,4.07011369432635,-0.00957870397207383
0.1448,4.13562911286684,4.14529272967452,-0.00966361680767847
0.145,4.21065208006893,4.22053130800811,-0.0098792279391775
0.1452,4.28569434341946,4.29580370042005,-0.0101093570005837
0.1454,4.3607710247822,4.37111444933315,-0.0103434245509542
0.1456,4.4358734555011,4.44645319932604,-0.0105797438249446
0.1458,4.51099739164778,4.52181931551538,-0.0108219238675975
0.146,4.58616590879216,4.59721330670241,-0.0110473979102501
0.1462,4.66137343678122,4.67261225940598,-0.0112388226247653
0.1464,4.73655674120958,4.74800957458434,-0.0114528333747632
0.1466,4.81171956903275,4.82340091405114,-0.0116813450183901
0.1468,4.88689034216857,4.89877717758579,-0.0118868354172248
0.147,4.96208862734844,4.97412769554383,-0.0120390681953859
0.1472,5.03727905914662,5.04944757484302,-0.0121685156963967
0.1474,5.11249525596793,5.12476495650447,-0.0122697005365389
0.1476,5.18781403439154,5.20005390805639,-0.0122398736648446
0.1478,5.26317137736937,5.27530696460937,-0.0121355872400004
0.148,5.33853242204917,5.35053479373146,-0.0120023716822901
0.1482,5.41388643836912,5.42572019041256,-0.0118337520434419
0.1484,5.48923155733149,5.50090379744708,-0.0116722401155895
0.1486,5.56461191798511,5.57606318188876,-0.0114512639036501
0.1488,5.64000010465244,5.65127775353247,-0.0112776488800277
0.149,5.71542330513731,5.72653616838806,-0.0111128632507551
0.1492,5.79083363849022,5.80174260937619,-0.010908970885966
0.1494,5.86615457074999,5.87688781385422,-0.0107332431042284
0.1496,5.94145269408108,5.95200952937696,-0.0105568352958807
0.1498,6.01669403010666,6.02709935424535,-0.010405324138687
0.15,6.09190054901892,6.10216778458999,-0.0102672355710665
0.1502,6.16707681012624,6.17720740690301,-0.0101305967767722
0.1504,6.24218990722707,6.25215416604119,-0.00996425881411778
0.1506,0.0340202495612525,0.0437893610383037,-0.00976911147705126
0.1508,0.108957543973287,0.118564156603745,-0.00960661263045791
0.151,0.18389495112382,0.193372752578603,-0.00947780145478291
0.1512,0.25882745202638,0.268166293949549,-0.00933884192316919
0.1514,0.333763126356168,0.342944933825579,-0.0091818074694105
0.1516,0.408720259952987,0.417758591731282,-0.00903833177829566
0.1518,0.483710042262448,0.492650806517272,-0.00894076425482421
0.152,0.558711689431727,0.567570784962741,-0.00885909553101394
0.1522,0.63374793962956,0.642534180359951,-0.00878624073039036
0.1524,0.708838350941315,0.717593473230025,-0.00875512228870967
0.1526,0.784014089666302,0.792731449534726,-0.00871735986842403
0.1528,0.859191228826163,0.86789207718215,-0.00870084835598695
0.153,0.934370267038575,0.943017179359893,-0.00864691232131798
0.1532,1.00957489935461,1.01817423657912,-0.00859933722450812
0.1534,1.08484492632451,1.09341063660416,-0.00856571027964126
0.1536,1.16017995052065,1.16871787269468,-0.00853792217402405
0.1538,1.23550993647831,1.24405089574168,-0.00854095926337339
0.154,1.31082184191153,1.31941197252392,-0.00859013061238678
0.1542,1.38616032747398,1.39480043737899,-0.0086401099050073
0.1544,1.46149483658261,1.47019402923849,-0.00869919265587882
0.1546,1.53685484179686,1.54559088466446,-0.00873604286760754
0.1548,1.61219726046052,1.62098891634465,-0.00879165588413522
0.155,1.6874440239301,1.69638449897528,-0.00894047504517093
0.1552,1.76265225942435,1.7717752927474,-0.0091230333230472
0.1554,1.83778176249258,1.84715009142874,-0.00936832893616546
0.1556,1.91286215644479,1.9225051388294,-0.00964298238460715
0.1558,1.98791059651191,1.99784161978062,-0.00993102326870643
0.156,2.0629143982172,2.07317805537005,-0.010263657152854
0.1562,2.13784921392529,2.14846558220814,-0.0106163682828564
0.1564,2.21278398872959,2.22372842375196,-0.0109444350223664
0.1566,2.28773304055936,2.29900272939254,-0.0112696888331842
0.1568,2.36269904569243,2.37418830919802,-0.0114892635055912
0.157,2.43768233897744,2.44931536034144,-0.0116330213640046
0.1572,2.5126921778682,2.52433971388316,-0.0116475360149595
0.1574,2.58766070619199,2.59930421478412,-0.0116435085921269
0.1576,2.66263888809274,2.67428145880094,-0.0116425707081915
0.1578,2.73766355036578,2.74922063939644,-0.0115570890306631
0.158,2.81273473540766,2.82414824469935,-0.0114135092916885
0.1582,2.88788018142764,2.89908616002267,-0.0112059785950245
0.1584,2.9630154142025,2.97399226223317,-0.0109768480306749
0.1586,3.03814022914869,3.04883341042408,-0.0106931812753905
0.1588,3.11327919127257,3.12365125717607,-0.0103720659034972
0.159,3.18847158595034,3.19843906134899,-0.00996747539864806
0.1592,3.26368054039817,3.27324961400667,-0.00956907360850501
0.1594,3.33892480568133,3.34806845104987,-0.00914364536853762
0.1596,3.41416365844949,3.42293167722681,-0.00876801877731204
0.1598,3.48942999412488,3.49785068490364,-0.00842069077875962
0.16,3.56469894521856,3.57276101767787,-0.00806207245931478
0.1602,3.63999762964386,3.64775911686162,-0.00776148721775405
0.1604,3.71527394992462,3.72283871544427,-0.00756476551964536
0.1606,3.79051886896341,3.79794255959468,-0.00742369063126214
0.1608,3.86573266424532,3.87309659419557,-0.00736392995024993
0.161,3.94086522084319,3.94827850468675,-0.00741328384355722
0.1612,4.01595619943365,4.02350004736956,-0.00754384793590912
0.1614,4.09102302678219,4.09878289183299,-0.00775986505080173
0.1616,4.16604958892204,4.1740756029052,-0.00802601398315428
0.1618,4.24100874389746,4.24940160214108,-0.00839285824362257
0.162,4.31596385085908,4.32475145416717,-0.00878760330809492
0.1622,4.39092079950788,4.40009326547069,-0.0091724659628154
0.1624,4.46587655586897,4.47544957469283,-0.00957301882385586
0.1626,4.54083388780514,4.55081441990954,-0.00998053210440464
0.1628,4.61583109332378,4.62618804539018,-0.0103569520663989
0.163,4.69081549429192,4.70157993807171,-0.0107644437797898
0.1632,4.76579090751057,4.77698020255508,-0.0111892950445087
0.1634,4.84079414734231,4.85238854394673,-0.0115943966044236
0.1636,4.91584950763638,4.9277971432387,-0.0119476356023176
0.1638,4.99099611614564,5.00320032375792,-0.012204207612279
0.164,5.06616423423417,5.07858270370253,-0.0124184694683667
0.1642,5.14134636728152,5.15392405874367,-0.0125776914621429
0.1644,5.21654817917982,5.22923825678569,-0.0126900776058667
0.1646,5.29179564392231,5.30449576873558,-0.0127001248132714
0.1648,5.36704790984336,5.37974366558304,-0.0126957557396823
0.165,5.44232561919205,5.45494412134343,-0.0126185021513772
0.1652,5.51759140333567,5.53006643734297,-0.012475034007303
0.1654,5.59287802827062,5.60511770119165,-0.0122396729210328
0.1656,5.66815661223591,5.68007606764208,-0.011919455406173
0.1658,5.74341522670679,5.75499161879464,-0.0115763920878562
0.166,5.81859683910012,5.82988288641766,-0.0112860473175358
0.1662,5.89375135292117,5.90473504533324,-0.010983692412065
0.1664,5.96887593381744,5.97959117356814,-0.010715239750704
0.1666,6.0439272222805,6.05439652664482,-0.0104693043643227
0.1668,6.11893648237927,6.1291741996624,-0.010237717283136
0.167,6.19389350740307,6.20395487539534,-0.0100613679922654
0.1672,6.26878875608614,6.27878021113515,-0.00999145504901566
0.1674,0.0604546683825431,0.0704759261951026,-0.0100212578125595
0.1676,0.135323919304819,0.145380133586065,-0.0100562142812454
0.1678,0.210212631215271,0.220300336990961,-0.0100877057756902
0.168,0.285116070217229,0.295248543486247,-0.0101324732690176
0.1682,0.360034620085598,0.370230391872606,-0.0101957717870079
0.1684,0.43500392584309,0.445257671869638,-0.0102537460265475
0.1686,0.510039694911,0.520346970380399,-0.0103072754693988
0.1688,0.585069445453765,0.595452717469597,-0.0103832720158321
0.169,0.660111228928558,0.670541354624289,-0.0104301256957317
0.1692,0.735193966721332,0.745626586599982,-0.0104326198786509
0.1694,0.810297492296334,0.820724745140151,-0.0104272528438171
0.1696,0.885421499258317,0.895876452957423,-0.0104549536991061
0.1698,0.960558628823552,0.971093508433428,-0.0105348796098755
0.17,1.03570798840773,1.04632755526763,-0.0106195668598961
0.1702,1.11089739331582,1.12157547901273,-0.0106780856969118
0.1704,1.18609131350609,1.19684287250951,-0.0107515590034148
0.1706,1.26131387942266,1.27215718424221,-0.0108433048195529
0.1708,1.33652937133091,1.34750570310299,-0.0109763317720732
0.171,1.41177116703374,1.42288557291689,-0.0111144058831494
0.1712,1.48701071170196,1.4982830712456,-0.011272359543639
0.1714,1.56223746080514,1.57368112109326,-0.0114436602881147
0.1716,1.63739552301318,1.64907762864608,-0.0116821056328988
0.1718,1.71253496689093,1.72446440241397,-0.011929435523041
0.172,1.78764932896746,1.79984536128913,-0.0121960323216685
0.1722,1.86276449940723,1.87521804099819,-0.0124535415909557
0.1724,1.93783648745289,1.95056179180181,-0.0127253043489179
0.1726,2.01283915321461,2.02586850015736,-0.0130293469427563
0.1728,2.08777635051399,2.10115600625014,-0.0133796557361472
0.173,2.16266515857721,2.17643196538954,-0.0137668068123307
0.1732,2.237569513556,2.25162459098,-0.0140550774240005
0.1734,2.31247949221892,2.32676760178261,-0.0142881095636955
0.1736,2.38739073148639,2.40183883163233,-0.0144481001459482
0.1738,2.46231510512421,2.47689597147505,-0.0145808663508382
0.174,2.53730317730377,2.55199210860464,-0.0146889313008685
0.1742,2.61236986369318,2.6270136267494,-0.0146437630562164
0.1744,2.68743587892951,2.70199347353687,-0.014557594607354
0.1746,2.76251918067425,2.77692363554529,-0.0144044548710434
0.1748,2.83764111176151,2.85180230276041,-0.0141611909989003
0.175,2.91277215725317,2.92669632222602,-0.0139241649728454
0.1752,2.98790824298569,3.00160155143712,-0.0136933084514257
0.1754,3.06308409591583,3.0765263609065,-0.013442264990672
0.1756,3.13831350387191,3.15145720197498,-0.0131436981030761
0.1758,3.21360106304938,3.22639341158648,-0.012792348537102
0.176,3.28888233673153,3.30129798794157,-0.0124156512100395
0.1762,3.36417836837727,3.37622114772915,-0.0120427793518783
0.1764,3.43946077102794,3.45111777585668,-0.0116570048287485
0.1766,3.51474830747896,3.52603191292586,-0.0112836054468999
0.1768,3.59003140406319,3.60096476051066,-0.0109333564474721
0.177,3.66529579086391,3.67587387826847,-0.0105780874045545
0.1772,3.74047983860138,3.75079981488622,-0.0103199762848476
0.1774,3.81564299867368,3.82579537036813,-0.0101523716944554
0.1776,3.89078684956002,3.9008768786432,-0.0100900290831838
0.1778,3.96594982445632,3.97599130079408,-0.0100414763377588
0.178,4.04110358240378,4.05111013763033,-0.0100065552265516
0.1782,4.11622542443501,4.12625617321305,-0.0100307487780409
0.1784,4.19128104467243,4.20144677822679,-0.0101657335543557
0.1786,4.26634987924393,4.27665548812167,-0.0103056088777418
0.1788,4.34141434973544,4.35193614812086,-0.010521798385418
0.179,4.41644744455476,4.42725303896511,-0.0108055944103471
0.1792,4.4914844689036,4.50259737391901,-0.01111290501541
0.1794,4.5665569578622,4.57797276605206,-0.011415808189863
0.1796,4.64159301490182,4.65336065061247,-0.0117676357106502
0.1798,4.71661668660084,4.72875726871826,-0.012140582117417
0.18,4.79165134414348,4.80414905104271,-0.0124977068992393
0.1802,4.86671782632075,4.87952306016804,-0.0128052338472848
0.1804,4.94182199144402,4.95487451435849,-0.0130525229144718
0.1806,5.01693328393735,5.03020464282371,-0.0132713588863584
0.1808,5.09204893200456,5.10550173401937,-0.0134528020148101
0.181,5.16716191697836,5.1807291294451,-0.0135672124667385
0.1812,5.24227828404267,5.2559424830365,-0.0136641989938324
0.1814,5.3174714543029,5.3311278137392,-0.0136563594363013
0.1816,5.39267849981519,5.40626364052736,-0.0135851407121681
0.1818,5.46790924985215,5.48136020677433,-0.0134509569221857
0.182,5.54312705538909,5.55641947188021,-0.0132924164911206
0.1822,5.61834599210484,5.63144314332902,-0.0130971512241773
0.1824,5.69355526349735,5.70640221821888,-0.0128469547215344
0.1826,5.76874594097385,5.78135218212814,-0.012606241154284
0.1828,5.84386273127878,5.8562465157538,-0.0123837844750243
0.183,5.91896609058814,5.93111317215505,-0.0121470815669076
0.1832,5.99405196644128,6.00602645595328,-0.011974489511994
0.1834,6.06915045592184,6.08096670861252,-0.0118162526906787
0.1836,6.14422770108366,6.15594004576755,-0.0117123446838843
0.1838,6.21926270051576,6.23093452608073,-0.0116718255649664
0.184,0.0111224574138777,0.0228165123394716,-0.0116940549255939
0.1842,0.0861915396933286,0.0978665189979271,-0.0116749793045985
0.1844,0.161259487621292,0.17288631503189,-0.0116268274105975
0.1846,0.23631432137554,0.247895655674248,-0.0115813342987073
0.1848,0.31139156314263,0.322941149021286,-0.0115495858786553
0.185,0.38650881928383,0.397986868514982,-0.0114780492311523
0.1852,0.461652809126004,0.472994112767907,-0.0113413036419027
0.1854,0.53676310657047,0.547968570037167,-0.0112054634666969
0.1856,0.611850948197407,0.62299028142069,-0.0111393332232835
0.1858,0.686953179726588,0.698034369043717,-0.0110811893171292
0.186,0.762098554037604,0.773144909657741,-0.0110463556201364
0.1862,0.837259608209254,0.848295810664296,-0.0110362024550424
0.1864,0.912430272874047,0.923466777654233,-0.0110365047801857
0.1866,0.987666822607557,0.998694615419078,-0.0110277928115208
0.1868,1.06295410568106,1.0739399479248,-0.0109858422437372
0.187,1.13828675052617,1.14923058323025,-0.0109438327040767
0.1872,1.2136106368793,1.22453814062635,-0.0109275037470555
0.1874,1.28892508174432,1.29986179863251,-0.0109367168881902
0.1876,1.36422654437679,1.37520353341041,-0.0109769890336211
0.1878,1.43952809250855,1.45055888714186,-0.0110307946333157
0.188,1.51476441696838,1.52593664134148,-0.0111722243730987
0.1882,1.58993496155074,1.60133366133839,-0.0113986997876547
0.1884,1.66503958407061,1.67674609285068,-0.0117065087800641
0.1886,1.7401379502859,1.75216225604664,-0.0120243057607441
0.1888,1.81521984708161,1.82755499920571,-0.0123351521240982
0.189,1.89031594491007,1.90293913788637,-0.0126231929763012
0.1892,1.9653935853339,1.97831088454314,-0.0129172992092397
0.1894,2.04042536552444,2.05363412999422,-0.0132087644697729
0.1896,2.11537709330391,2.12889109994553,-0.0135140066416226
0.1898,2.19033911809667,2.20412303269781,-0.0137839146011469
0.19,2.26530910990018,2.2792949926847,-0.013985882784517
0.1902,2.3402678907661,2.35443815188984,-0.0141702611237426
0.1904,2.41524781917769,2.42956611702419,-0.0143182978464971
0.1906,2.49027041878649,2.50460140821065,-0.0143309894241574
0.1908,2.56525653753595,2.5795741097921,-0.0143175722561564
0.191,2.64022337994132,2.65448961536329,-0.0142662354219718
0.1912,2.71519424575987,2.72934385807763,-0.0141496123177651
0.1914,2.79018688040905,2.80413636230233,-0.0139494818932846
0.1916,2.8652174333337,2.87892230260888,-0.0137048692751809
0.1918,2.9402560048145,2.95367840326894,-0.0134223984544395
0.192,3.01530088451966,3.02837400857042,-0.0130731240507544
0.1922,3.09038619617969,3.10306117675311,-0.0126749805734137
0.1924,3.16552648125966,3.17776907262909,-0.0122425913694264
0.1926,3.24073026306581,3.25253934796865,-0.0118090849028492
0.1928,3.31594039752434,3.32730696955797,-0.011366572033634
0.193,3.3911537896096,3.40212830113062,-0.010974511521022
0.1932,3.46642064439154,3.47701055088941,-0.0105899064978696
0.1934,3.54170456416414,3.55191016498649,-0.0102056008223523
0.1936,3.61702017372594,3.62689259139939,-0.00987241767344083
0.1938,3.69231662407881,3.7019315112072,-0.00961488712838454
0.194,3.76752147703484,3.77695220411187,-0.00943072707703152
0.1942,3.8427043442145,3.85199490555337,-0.00929056133887762
0.1944,3.91786195090012,3.92710920800137,-0.00924725710124985
0.1946,3.99302072110932,4.0022766609096,-0.00925593980028205
0.1948,4.06814534713142,4.07750345226675,-0.00935810513533486
0.195,4.14321224638453,4.15276898917818,-0.00955674279364693
0.1952,4.21819126608308,4.22807106291642,-0.00987979683334039
0.1954,4.2930945247133,4.30338354794627,-0.0102890232329678
0.1956,4.36799628415624,4.3787392337179,-0.0107429495616556
0.1958,4.44289593715052,4.45411739183089,-0.0112214546803733
0.196,4.51780844683087,4.52949525267255,-0.011686805841677
0.1962,4.59275497960603,4.60489797437663,-0.0121429947706053
0.1964,4.66774352634152,4.68030138672808,-0.0125578603865595
0.1966,4.74274597623425,4.75569896560601,-0.0129529893717582
0.1968,4.8177768378173,4.83109137317779,-0.0133145353604966
0.197,4.89284439461769,4.90647867439398,-0.0136342797762969
0.1972,4.96798368288195,4.98185129994607,-0.0138676170641183
0.1974,5.04311577275642,5.05720381738553,-0.0140880446291085
0.1976,5.11824448188617,5.13257117451996,-0.0143266926337917
0.1978,5.19339635024633,5.20793560963806,-0.0145392593917331
0.198,5.26861401640546,5.28325000446076,-0.0146359880552929
0.1982,5.34388249720743,5.35851883929779,-0.0146363420903652
0.1984,5.41915487688843,5.4337399950835,-0.0145851181950691
0.1986,5.49442738751861,5.50895741133975,-0.0145300238211412
0.1988,5.56974206765512,5.58414231913906,-0.0144002514839459
0.199,5.64505944074347,5.65934012435097,-0.014280683607498
0.1992,5.72039815159551,5.73454100035874,-0.0141428487632265
0.1994,5.79571158459644,5.80971485297306,-0.0140032683766211
0.1996,5.87099707044702,5.88486640973924,-0.0138693392922233
0.1998,5.94625627737157,5.95995325410225,-0.0136969767306789
0.2,6.02143708953554,6.0349160553699,-0.0134789658343504
0.2002,6.09657602046994,6.10983837747203,-0.0132623570020893
0.2004,6.17169038630298,6.18475030193455,-0.0130599156315618
0.2006,6.24675002646005,6.25951486694747,-0.0127648404874208
0.2008,0.0385312380273941,0.0509618218487688,-0.0124305838213747
0.201,0.11341956811685,0.125564063791982,-0.0121444956751323
0.2012,0.188328843790856,0.200249953884592,-0.0119211100937364
0.2014,0.263267309417474,0.27493566217546,-0.0116683527579864
0.2016,0.338204694455575,0.349619153449588,-0.0114144589940125
0.2018,0.413160037157261,0.424321547966144,-0.0111615108088824
0.202,0.488076496140609,0.499104764971496,-0.0110282688308871
0.2022,0.563004127508729,0.573965216696547,-0.0109610891878178
0.2024,0.637975806261441,0.64888608054708,-0.0109102742856387
0.2026,0.71299897591193,0.723894100992629,-0.010895125080699
0.2028,0.788105893501013,0.798984298853952,-0.0108784053529387
0.203,0.863215482581601,0.874118702973722,-0.0109032203921211
0.2032,0.938327216016457,0.94925415761218,-0.0109269415957237
0.2034,1.01346265986994,1.02442253544772,-0.0109598755777782
0.2036,1.08866026703286,1.09964030860672,-0.0109800415738568
0.2038,1.16388330610125,1.17490159712595,-0.0110182910246968
0.204,1.2391500231411,1.2502184369674,-0.0110684138263024
0.2042,1.31441825643207,1.32556098715281,-0.0111427307207339
0.2044,1.38972050041757,1.40093713306228,-0.0112166326447063
0.2046,1.46503283102497,1.47633421726086,-0.0113013862358833
0.2048,1.5403820531983,1.55173627421391,-0.0113542210156117
0.205,1.61571299413801,1.62713156811149,-0.0114185739734847
0.2052,1.69094081311192,1.70251120347597,-0.0115703903640523
0.2054,1.76612609945913,1.77787764656727,-0.0117515471081449
0.2056,1.84123410541383,1.85322322755596,-0.0119891221421311
0.2058,1.91629576842336,1.9285415763585,-0.0122458079351426
0.206,1.99132679766886,2.00383179909282,-0.0125050014239618
0.2062,2.0663151815236,2.07910947122242,-0.01279428969882
0.2064,2.14123787887753,2.15430930862764,-0.0130714297501062
0.2066,2.2161612080804,2.22947937330687,-0.0133181652264711
0.2068,2.29109406788386,2.30466369506478,-0.013569627180916
0.207,2.36603681396114,2.37978393661859,-0.0137471226574517
0.2072,2.44099351776535,2.45487205441267,-0.013878536647324
0.2074,2.51597764203192,2.52988924114287,-0.0139115991109446
0.2076,2.59091847676308,2.60484451859717,-0.0139260418340874
0.2078,2.6658585586853,2.67981160055704,-0.0139530418717362
0.208,2.7408318498362,2.7547778545709,-0.0139460047347004
0.2082,2.81585286379956,2.82974563358089,-0.013892769781334
0.2084,2.89096005523172,2.90473483945957,-0.0137747842278535
0.2086,2.96608908601379,2.97972399353317,-0.0136349075193825
0.2088,3.04123827482463,3.05465782268631,-0.0134195478616892
0.209,3.11641663128762,3.12956709229746,-0.0131504610098387
0.2092,3.19165135944273,3.20443597361868,-0.0127846141759504
0.2094,3.26689887078177,3.27931481451987,-0.0124159437380982
0.2096,3.34217425287321,3.35419973254918,-0.0120254796759798
0.2098,3.41743548639071,3.42904832188561,-0.011612835494903
0.21,3.4927174212067,3.503925687458,-0.0112082662512929
0.2102,3.56800007952591,3.57881842604667,-0.010818346520757
0.2104,3.6432791082993,3.65372286649352,-0.0104437581942238
0.2106,3.71849672542134,3.72870634900111,-0.0102096235797688
0.2108,3.79369368404342,3.80373662280865,-0.0100429387652339
0.211,3.86885958787128,3.87877230002911,-0.00991271215782641
0.2112,3.94393680646501,3.95380475421169,-0.00986794774668054
0.2114,4.01897163767705,4.02889604979412,-0.00992441211707362
0.2116,4.09398864138431,4.10406923327203,-0.0100805918877231
0.2118,4.16897192960955,4.17927635660825,-0.0103044269987009
0.212,4.24389009442756,4.25455727207,-0.0106671776424365
0.2122,4.31880326883415,4.3298649841714,-0.0110617153372488
0.2124,4.393717987985,4.40517019679489,-0.0114522088098905
0.2126,4.46863427651461,4.4805214250685,-0.0118871485538872
0.2128,4.54355886848927,4.55589444425928,-0.0123355757700105
0.213,4.61853384072743,4.63127186292686,-0.012738022199434
0.2132,4.69350766774431,4.7066659915812,-0.0131583238368975
0.2134,4.76848117963344,4.78206428250774,-0.0135831028743061
0.2136,4.8434855446153,4.85746142439053,-0.0139758797752307
0.2138,4.91853978681741,4.93284688059079,-0.0143070937733718
0.214,4.99368073270792,5.00822717267351,-0.0145464399655912
0.2142,5.06885058687596,5.08359253008472,-0.0147419432087688
0.2144,5.14403219192267,5.15890052237981,-0.0148683304571442
0.2146,5.21923022779174,5.23417702785662,-0.0149468000648874
0.2148,5.29447356759,5.30940788734716,-0.0149343197571605
0.215,5.3697246064684,5.38462673953964,-0.0149021330712307
0.2152,5.44500618641866,5.45979217969854,-0.0147859932798813
0.2154,5.52028165579666,5.53488231977328,-0.0146006639766201
0.2156,5.59558262590138,5.60991531193599,-0.0143326860346118
0.2158,5.67087773413587,5.68487246922633,-0.0139947350904555
0.216,5.74615261783141,5.75979776123514,-0.0136451434037346
0.2162,5.82134758652515,5.83463669550626,-0.0132891089811107
0.2164,5.89651439904957,5.90943313226457,-0.0129187332149998
0.2166,5.97164775554655,5.98424144578518,-0.0125936902386234
0.2168,6.04670415013492,6.05899230377674,-0.0122881536418209
0.217,6.12171654402986,6.13370262970349,-0.0119860856736294
0.2172,6.19667716976625,6.20840810111712,-0.0117309313508711
0.2174,6.27157826271996,6.28315428398675,-0.011576021266789
0.2176,0.0632315608658143,0.0747310073678931,-0.0114994465020788
0.2178,0.138066416885092,0.149481350667804,-0.0114149337827118
0.218,0.212925619190904,0.224232441363788,-0.0113068221728836
0.2182,0.287801185949854,0.299014807727188,-0.0112136217773335
0.2184,0.362694033768364,0.373850823156755,-0.0111567893883913
0.2186,0.437650320171326,0.448853103759352,-0.0112027835880265
0.2188,0.512683085281349,0.523931723812042,-0.0112486385306927
0.219,0.587709385867841,0.599009999032042,-0.0113006131642003
0.2192,0.662746453217572,0.67408705204593,-0.0113405988283577
0.2194,0.737822060605651,0.749215946293562,-0.0113938856879114
0.2196,0.81297386002895,0.824400771098536,-0.0114269110695859
0.2198,0.8881405386805,0.8996159922733,-0.0114754535928001
0.22,0.9633029671382,0.974878717091243,-0.0115757499530427
0.2202,1.03846792352075,1.05014868300562,-0.0116807594848718
0.2204,1.11370340581133,1.12545795056966,-0.0117545447583334
0.2206,1.18894265701816,1.20079546183843,-0.0118528048202613
0.2208,1.26420020766776,1.27616255816775,-0.0119623504999937
0.221,1.33944889842534,1.35153540729534,-0.0120865088699982
0.2212,1.41470915985582,1.42691768899047,-0.0122085291346525
0.2214,1.48997318957686,1.50231526424951,-0.0123420746726446
0.2216,1.56522826890444,1.57771233378604,-0.0124840648816031
0.2218,1.64041212460345,1.65311400877139,-0.0127018841679374
0.222,1.71557918580107,1.72851157247483,-0.0129323866737565
0.2222,1.79072356334043,1.80390245571558,-0.013178892375151
0.2224,1.86580473324912,1.87928545119911,-0.0134807179499843
0.2226,1.94085922561052,1.95465256377295,-0.0137933381624324
0.2228,2.01587558152033,2.02999227963226,-0.014116698111927
0.223,2.09083267975223,2.10532424951182,-0.014491569759588
0.2232,2.16580686497795,2.18065672492911,-0.0148498599511617
0.2234,2.24078200440155,2.25589843380966,-0.0151164294081076
0.2236,2.31573771241838,2.33108214635807,-0.0153444339396858
0.2238,2.39068639702291,2.40618208236657,-0.0154956853436583
0.224,2.4656435773949,2.48125408216883,-0.0156105047739277
0.2242,2.54064750213945,2.55636301427813,-0.0157155121386765
0.2244,2.61564050213264,2.63136735534011,-0.0157268532074735
0.2246,2.69062354929575,2.70629774010972,-0.0156741908139639
0.2248,2.76563151879329,2.78115414692605,-0.0155226281327647
0.225,2.84068203119049,2.85594785383195,-0.0152658226414624
0.2252,2.91574965897466,2.93071779204924,-0.0149681330745768
0.2254,2.99083634086754,3.00547381705685,-0.0146374761893018
0.2256,3.06593769484599,3.08016504616984,-0.0142273513238451
0.2258,3.14105347311837,3.15484294582644,-0.0137894727080727
0.226,3.21620725813414,3.22953380923226,-0.0133265510981144
0.2262,3.29136172430445,3.30423164834915,-0.0128699240446992
0.2264,3.36654405901589,3.37898550124672,-0.0124414422308314
0.2266,3.44172445662324,3.45374397393126,-0.0120195173080164
0.2268,3.51692008298427,3.52853939611474,-0.0116193131304745
0.227,3.59211667796145,3.6034248814496,-0.0113082034881535
0.2272,3.66733027772488,3.67839794217721,-0.0110676644523329
0.2274,3.74250249417482,3.75337565894106,-0.0108731647662439
0.2276,3.81764155611838,3.82840671544411,-0.0107651593257305
0.2278,3.89275663444498,3.90352856893478,-0.0107719344897976
0.228,3.96788935132015,3.97868575657074,-0.0107964052505909
0.2282,4.04300245823917,4.05384168704228,-0.0108392288031158
0.2284,4.11806851458567,4.12901960571211,-0.0109510911264419
0.2286,4.19306100678376,4.20424023873489,-0.011179231951127
0.2288,4.26807398517933,4.27947580307026,-0.0114018178909294
0.229,4.34310039010603,4.35477634727349,-0.0116759571674656
0.2292,4.41811433510137,4.43010649602831,-0.0119921609269449
0.2294,4.4931456517342,4.50546089007648,-0.012315238342274
0.2296,4.56821882313572,4.58084807704071,-0.0126292539049944
0.2298,4.64332949773964,4.65624573803049,-0.0129162402908456
0.23,4.71842359671105,4.73164395040604,-0.013220353694992
0.2302,4.79350619608678,4.80703329584764,-0.0135270997608643
0.2304,4.86860654273196,4.88240665289974,-0.0138001101677867
0.2306,4.94373932444807,4.9577634856244,-0.0140241611763257
0.2308,5.01887469006419,5.03309286127241,-0.0142181712082188
0.231,5.09400919688182,5.10840795158878,-0.0143987547069528
0.2312,5.16910446504738,5.18369333978605,-0.0145888747386609
0.2314,5.24421246882786,5.2589688263819,-0.0147563575540426
0.2316,5.31940369956853,5.33420649930818,-0.0148027997396518
0.2318,5.39460628546875,5.40937879638159,-0.014772510912838
0.232,5.46983018400981,5.48449136062258,-0.0146611766127682
0.2322,5.54504154315482,5.55954770552109,-0.0145061623662714
0.2324,5.62025469344061,5.63458042522311,-0.0143257317825025
0.2326,5.69548932617595,5.70955892200402,-0.0140695958280714
0.2328,5.7707036609744,5.78450589187329,-0.0138022308988868
0.233,5.84583828160196,5.85941150808505,-0.0135732264830883
0.2332,5.92096318109627,5.93430264780918,-0.0133394667129174
0.2334,5.99607508480095,6.00923957370703,-0.013164488906078
0.2336,6.07120103732672,6.08419957804394,-0.0129985407172244
0.2338,6.14630440547771,6.15918266577683,-0.0128782602991251
0.234,6.22136019945912,6.23412124887538,-0.0127610494162651
0.2342,0.0131525421835095,0.0259026437402403,-0.0127501015567308
0.2344,0.0881412424292438,0.100880670978489,-0.0127394285492447
0.2346,0.163134777641893,0.17583116224729,-0.0126963846053963
0.2348,0.238111644048242,0.250767883308443,-0.0126562392602009
0.235,0.313102815137472,0.325738295799844,-0.0126354806623719
0.2352,0.388128566306464,0.400633224981851,-0.012504658675387
0.2354,0.463109583185479,0.475423168351189,-0.0123135851657104
0.2356,0.538068142992151,0.550220905654655,-0.0121527626625038
0.2358,0.613037835404205,0.62510184020394,-0.0120640047997342
0.236,0.688045824738251,0.700009500618684,-0.0119636758804329
0.2362,0.763110251419963,0.774935071553959,-0.0118248201339956
0.2364,0.838196713888577,0.84992413693427,-0.0117274230456932
0.2366,0.913295906591587,0.924981552663736,-0.0116856460721494
0.2368,0.988435063284895,1.00014084581837,-0.0117057825334774
0.237,1.06362186797301,1.07535161062361,-0.0117297426506002
0.2372,1.13885937525236,1.15061710951517,-0.0117577342628132
0.2374,1.21408803132993,1.22590539527771,-0.0118173639477752
0.2376,1.2893070592897,1.30122165812856,-0.0119145988388563
0.2378,1.36451972777522,1.37658018095733,-0.0120604531821049
0.238,1.43974397137307,1.45195717004908,-0.0122131986760123
0.2382,1.51495833767902,1.52735592513821,-0.0123975874591837
0.2384,1.59014565266826,1.60275498909509,-0.0126093364268296
0.2386,1.6652459282209,1.67814737998162,-0.012901451760716
0.2388,1.74032564262443,1.7535287235285,-0.0132030809040669
0.239,1.81535267948923,1.82888906346309,-0.013536383973862
0.2392,1.89035455809203,1.90422980484485,-0.0138752467528152
0.2394,1.96534506025814,1.97954515145643,-0.0142000911982931
0.2396,2.04029741417762,2.05480754471833,-0.0145101305407018
0.2398,2.11517726092613,2.12999112226306,-0.0148138613369277
0.24,2.19007684329108,2.2051563259016,-0.0150794826105156
0.2402,2.26499230861519,2.28026645433279,-0.0152741457176035
0.2404,2.33990265279653,2.35534819313754,-0.0154455403410187
0.2406,2.41484250916734,2.43042211896696,-0.0155796097996186
0.2408,2.48983750093421,2.50542452646847,-0.0155870255342605
0.241,2.56488068270574,2.58043983830872,-0.0155591556029768
0.2412,2.63994037142372,2.65549180007657,-0.0155514286528455
0.2414,2.7150253041611,2.73048513905796,-0.0154598348968604
0.2416,2.79010427556373,2.80538932408262,-0.0152850485188942
0.2418,2.86520402981476,2.88027075495287,-0.0150667251381131
0.242,2.94031018917778,2.95511425658585,-0.0148040674080692
0.2422,3.01542623856578,3.02997845016111,-0.0145522115953356
0.2424,3.09061327828898,3.10490083460571,-0.0142875563167344
0.2426,3.16585545022376,3.17983337605436,-0.013977925830607
0.2428,3.24114118495406,3.2547724456451,-0.0136312606910431
0.243,3.31640957247602,3.32965402436326,-0.013244451887239
0.2432,3.39165939014468,3.4045229447089,-0.0128635545642251
0.2434,3.46689276349383,3.47939817744635,-0.0125054139525265
0.2436,3.54213140561303,3.55428419148689,-0.0121527858738615
0.2438,3.61737594784424,3.62912409430439,-0.0117481464601479
0.244,3.69256586772714,3.70400932916614,-0.0114434614389953
0.2442,3.7677502990112,3.77894163589087,-0.0111913368796634
0.2444,3.84293155189404,3.85390179044775,-0.0109702385537158
0.2446,3.91805482321475,3.92886958089942,-0.0108147576846704
0.2448,3.99315223612675,4.00389352001452,-0.0107412838877656
0.245,4.06823315851941,4.07899421598836,-0.0107610574689501
0.2452,4.14326009890831,4.15413988015476,-0.0108797812464507
0.2454,4.21819341142118,4.2293336105387,-0.0111401991175244
0.2456,4.29305100134249,4.30456260322774,-0.0115116018852497
0.2458,4.367913680029,4.37986316406732,-0.011949484038321
0.246,4.44278027505794,4.45520658685512,-0.0124263117971815
0.2462,4.51766220295683,4.530559596891,-0.0128973939341668
0.2464,4.59257906707279,4.6059404536627,-0.0133613865899056
0.2466,4.66753934030704,4.68133428500939,-0.0137949447023535
0.2468,4.74251574221195,4.75673240631148,-0.0142166640995329
0.247,4.81752454196555,4.83213009450377,-0.01460555253822
0.2472,4.89254148839864,4.90750963109015,-0.0149681426915098
0.2474,4.96759271324113,4.98286188633263,-0.0152691730914913
0.2476,5.04265221082107,5.05817827069616,-0.0155260598750866
0.2478,5.11770976856358,5.13346014815207,-0.015750379588483
0.248,5.19277576961021,5.20872012016342,-0.015944350553216
0.2482,5.26789531115679,5.28393027874816,-0.0160349675913638
0.2484,5.34308273599071,5.3590967285781,-0.016013992587391
0.2486,5.41828235978356,5.43422767058573,-0.0159453108021745
0.2488,5.49348974009994,5.50936301699042,-0.0158732768904795
0.249,5.56875002768068,5.58445770954687,-0.0157076818661972
0.2492,5.64402395177069,5.65953424699184,-0.0155102952211452
0.2494,5.71932750897788,5.73462025123305,-0.0152927422551699
0.2496,5.79461011010757,5.8096411061021,-0.0150309959945298
0.2498,5.86979717678019,5.88457590619615,-0.0147787294159585
0.25,5.94495604387026,5.95946765359343,-0.0145116097231703
0.2502,6.02005321318903,6.03425530710339,-0.0142020939143537
0.2504,6.09511436135606,6.10900922970733,-0.0138948683512705
0.2506,6.17014828354871,6.18377810935072,-0.0136298258020036
0.2508,6.24512385357913,6.2584990504388,-0.0133751968596716
0.251,0.0368217840365865,0.0499662473110267,-0.0131444632744401
0.2512,0.111713065268824,0.124650144008568,-0.0129370787397442
0.2514,0.186624509509885,0.199376764587307,-0.0127522550774223
0.2516,0.261548492869377,0.27410146682991,-0.0125529739605326
0.2518,0.336481705345263,0.348845941059783,-0.0123642357145198
0.252,0.411436131279522,0.423669784675715,-0.0122336533961926
0.2522,0.486348510040034,0.498535750038805,-0.0121872399987709
0.2524,0.561240526519104,0.573403513833191,-0.0121629873140869
0.2526,0.636141470834508,0.648333822215852,-0.0121923513813441
0.2528,0.711108169957135,0.723363639155777,-0.0122554691986417
0.253,0.786164238119319,0.798473176477721,-0.0123089383584017
0.2532,0.861215036208146,0.873621150139367,-0.0124061139312206
0.2534,0.936299355932912,0.948774137055722,-0.0124747811228101
0.2536,1.01145564348348,1.02396032316488,-0.012504679681407
0.2538,1.08666554800578,1.09918746223633,-0.0125219142305462
0.254,1.16189584663685,1.1744594416267,-0.0125635949898548
0.2542,1.23712431978345,1.24979164204101,-0.0126673222575622
0.2544,1.31234480511925,1.32514176054016,-0.0127969554209095
0.2546,1.38759796373459,1.40051551238474,-0.0129175486501485
0.2548,1.4628528832324,1.47589322964982,-0.0130403464174198
0.255,1.53813691605445,1.55128442705182,-0.0131475109973718
0.2552,1.61340287429868,1.62668362322184,-0.0132807489231574
0.2554,1.68864225173465,1.7020814772182,-0.0134392254835507
0.2556,1.76385249878072,1.77746808639529,-0.0136155876145689
0.2558,1.83898188477665,1.85282930236036,-0.0138474175837053
0.256,1.91406964839538,1.9281648714405,-0.0140952230451192
0.2562,1.98910847858331,2.00348835752158,-0.0143798789382699
0.2564,2.06408127737343,2.07879840490166,-0.0147171275282343
0.2566,2.13900166292039,2.15400913225006,-0.0150074693296691
0.2568,2.21385504919981,2.22916669706204,-0.0153116478622288
0.257,2.28873733607998,2.3043173069263,-0.0155799708463227
0.2572,2.36365896894894,2.379402900867,-0.0157439319180663
0.2574,2.43858427080553,2.45445130455451,-0.0158670337489824
0.2576,2.51355320223645,2.52944722355349,-0.0158940213170387
0.2578,2.58851669760459,2.60431939492836,-0.0158026973237719
0.258,2.66347662062365,2.67915573917638,-0.0156791185527356
0.2582,2.73847246496034,2.75400615625101,-0.0155336912906723
0.2584,2.81348841705288,2.82877005856834,-0.0152816415154562
0.2586,2.88848811866612,2.90350696923256,-0.0150188505664453
0.2588,2.96350888155409,2.97822104372778,-0.0147121621736965
0.259,3.03855284866764,3.05283525048846,-0.0142824018208247
0.2592,3.11361634609089,3.12742653880363,-0.0138101927127474
0.2594,3.18873003108256,3.2020108758327,-0.0132808447501356
0.2596,3.26386485576959,3.27663295018665,-0.0127680944170607
0.2598,3.33900157219797,3.35129813231824,-0.0122965601202654
0.26,3.41414011606802,3.42602004590892,-0.0118799298409038
0.2602,3.4893193505527,3.50079813017059,-0.0114787796178972
0.2604,3.56450051356868,3.57565742430976,-0.0111569107410805
0.2606,3.63970658838605,3.65063432965089,-0.0109277412648412
0.2608,3.71489364736194,3.72564475478822,-0.0107511074262754
0.261,3.79006261696222,3.80068899517137,-0.0106263782091438
0.2612,3.86521698161696,3.87580290575425,-0.0105859241372896
0.2614,3.94030275918379,3.95094881254686,-0.0106460533630672
0.2616,4.01535232500242,4.0261313365108,-0.0107790115083848
0.2618,4.09037549501704,4.10137568871273,-0.0110001936956907
0.262,4.16535054287004,4.17664056423194,-0.0112900213618961
0.2622,4.24024934090421,4.25196815751954,-0.0117188166153275
0.2624,4.31514032258476,4.32731385567577,-0.0121735330910155
0.2626,4.39003832051153,4.40265114638338,-0.0126128258718579
0.2628,4.46494816259902,4.47802840923795,-0.0130802466389257
0.263,4.53987585044599,4.55342033999537,-0.0135444895493739
0.2632,4.61483572935216,4.62882038560483,-0.0139846562526706
0.2634,4.68975781659412,4.70422223617101,-0.0144644195768819
0.2636,4.76468482377146,4.77961766565796,-0.0149328418864974
0.2638,4.8396487529884,4.85501046040613,-0.0153617074177337
0.264,4.91465996566026,4.93039754323014,-0.0157375775698796
0.2642,4.98969260159624,5.00578787623613,-0.0160952746398921
0.2644,5.06474961385963,5.08116920272801,-0.0164195888683834
0.2646,5.13986597956378,5.15651707572546,-0.016651096161679
0.2648,5.21505284901525,5.23184279557964,-0.0167899465643906
0.265,5.29028304248995,5.30713063886058,-0.0168475963706376
0.2652,5.36552851928569,5.38240133344284,-0.0168728141571526
0.2654,5.44081662465552,5.45760706320853,-0.0167904385530102
0.2656,5.51609961416238,5.53272252503232,-0.0166229108699474
0.2658,5.59140194394886,5.607765253395,-0.0163633094461408
0.266,5.6666973625715,5.68272221398796,-0.016024851416466
0.2662,5.74197977039965,5.75764650513872,-0.0156667347390647
0.2664,5.8171924152539,5.83255148718622,-0.015359071932318
0.2666,5.89237977893374,5.90741204758069,-0.0150322686469488
0.2668,5.96753515866646,5.98226298528192,-0.014727826615462
0.267,6.04261627550883,6.05704796278991,-0.0144316872810828
0.2672,6.11765675585236,6.13179458698268,-0.0141378311303146
0.2674,6.19264568319703,6.20653649532033,-0.0138908121232983
0.2676,6.26756914382468,6.28129273055307,-0.0137235867283856
0.2678,0.0592537473495289,0.0728115448005376,-0.0135577974510087
0.268,0.134127141116698,0.147513388922435,-0.0133862478057366
0.2682,0.209003475577322,0.222219251969818,-0.0132157763924955
0.2684,0.283881372194651,0.296938413486254,-0.0130570412916023
0.2686,0.358769928402404,0.37170797571882,-0.0129380473164159
0.2688,0.43371564590411,0.446578150958114,-0.0128625050540039
0.269,0.508671223097753,0.52151538832716,-0.0128441652294075
0.2692,0.583638930420345,0.596498159331063,-0.0128592289107183
0.2694,0.658646966992486,0.671480539805235,-0.0128335728127492
0.2696,0.733706753996498,0.74652269008129,-0.012815936084792
0.2698,0.808846324993601,0.821647928448387,-0.0128016034547862
0.27,0.883981083864769,0.89680708876168,-0.012826004896911
0.2702,0.959107522825953,0.972002177393323,-0.0128946545673706
0.2704,1.03424219164305,1.04722912614373,-0.0129869345006757
0.2706,1.10941609065717,1.12251805599391,-0.0131019653367317
0.2708,1.18459352324747,1.19782305200173,-0.0132295287542656
0.271,1.25979863019523,1.27316326178347,-0.0133646315882447
0.2712,1.33499374790895,1.34851806615317,-0.0135243182442213
0.2714,1.41019184272672,1.42388968016791,-0.013697837441188
0.2716,1.4853890922153,1.49928298375305,-0.013893891537752
0.2718,1.56058175308845,1.57467922280009,-0.0140974697116392
0.272,1.63571394297556,1.65007865366539,-0.0143647106898313
0.2722,1.71084084605058,1.72547171210651,-0.0146308660559338
0.2724,1.78595182138897,1.80085843822734,-0.0149066168383662
0.2726,1.86099882792357,1.87623590228605,-0.0152370743624766
0.2728,1.93601260335481,1.9515788607858,-0.015566257430992
0.273,2.01100534031748,2.02685831721194,-0.0158529768944611
0.2732,2.08596216238807,2.10211959697178,-0.0161574345837159
0.2734,2.16093826732061,2.17736039025291,-0.0164221229322932
0.2736,2.23593782454036,2.25252785740403,-0.016590032863665
0.2738,2.31093276521625,2.32766394101347,-0.0167311757972262
0.274,2.38595821294187,2.40277823718029,-0.0168200242384171
0.2742,2.46103203601172,2.47780653568435,-0.0167744996726302
0.2744,2.53606457709329,2.55280421812526,-0.0167396410319696
0.2746,2.61106799910613,2.62771360334569,-0.0166456042395526
0.2748,2.68606155685016,2.70255479581871,-0.0164932389685504
0.275,2.76106817278618,2.77737731690301,-0.0163091441168333
0.2752,2.83610303380913,2.85220791546927,-0.0161048816601412
0.2754,2.91114895493519,2.92702175842562,-0.0158728034904274
0.2756,2.98621600782393,3.00182443654924,-0.015608428725316
0.2758,3.06130348648791,3.07657782802331,-0.0152743415354006
0.276,3.13641320766877,3.15135729621778,-0.0149440885490102
0.2762,3.21161066297229,3.22618770772544,-0.0145770447531479
0.2764,3.28682788089733,3.30103803220833,-0.0142101513110027
0.2766,3.36207541824651,3.37590344898598,-0.0138280307394645
0.2768,3.43732079476266,3.45073337989371,-0.0134125851310558
0.277,3.51258059020227,3.52558294457161,-0.0130023543693372
0.2772,3.58784397663878,3.60045685066494,-0.0126128740261588
0.2774,3.66309583476049,3.67530876154433,-0.0122129267838398
0.2776,3.73827144203897,3.75017153573977,-0.0119000937007967
0.2778,3.81342224375026,3.82509075836352,-0.0116685146132651
0.278,3.8885376946388,3.90006571401883,-0.011528019380028
0.2782,3.9635707255722,3.97505780858325,-0.0114870830110534
0.2784,4.03855347830212,4.05010633441559,-0.0115528561134628
0.2786,4.11347875086311,4.12521618177666,-0.0117374309135476
0.2788,4.18833995332196,4.20037583260765,-0.0120358792856825
0.279,4.26313454040217,4.27556341161814,-0.0124288712159766
0.2792,4.33792248737408,4.35082480910789,-0.0129023217338071
0.2794,4.41273440666733,4.42611807859373,-0.0133836719264071
0.2796,4.48758858112616,4.50144205492739,-0.0138534738012321
0.2798,4.56249465016094,4.57679413953756,-0.0142994893766168
0.28,4.63744479089077,4.65216996957622,-0.0147251786854499
0.2802,4.71245677714202,4.72756540550115,-0.0151086283591235
0.2804,4.78746530646398,4.80295923373751,-0.0154939272735373
0.2806,4.86248954017752,4.87833726302226,-0.0158477228447369
0.2808,4.93755618890448,4.95368220261367,-0.016126013709191
0.281,5.01264290479813,5.02899445345354,-0.0163515486554031
0.2812,5.08774429054891,5.10426302745763,-0.016518736908715
0.2814,5.16284646427786,5.17944987463586,-0.0166034103580017
0.2816,5.23794831496121,5.25461315023037,-0.016664835269161
0.2818,5.31312063449299,5.32973167049243,-0.0166110359994454
0.282,5.38830413063309,5.40478409069911,-0.0164799600660155
0.2822,5.46351548618396,5.47979052176052,-0.0162750355765606
0.2824,5.53872250274278,5.55476269366538,-0.0160401909225962
0.2826,5.6139380777053,5.62970383159477,-0.0157657538894735
0.2828,5.68914708109728,5.70457987018214,-0.0154327890848567
0.283,5.76433548406639,5.7794419558233,-0.0151064717569103
0.2832,5.83944442212123,5.85424318117586,-0.0147987590546315
0.2834,5.91453231453165,5.92901340045364,-0.0144810859219833
0.2836,5.98959455689345,6.00382791436792,-0.0142333574744713
0.2838,6.06466368838715,6.07866707999106,-0.0140033916039179
0.284,6.13971189457411,6.15353902980012,-0.0138271352260091
0.2842,6.21472417823886,6.22838881662749,-0.0136646383886356
0.2844,0.00649048930338925,0.0200767359647153,-0.0135862466613261
0.2846,0.0814673514432301,0.0949625608646671,-0.013495209421437
0.2848,0.156453627340384,0.169841055460193,-0.0133874281198088
0.285,0.23142052074972,0.24471609754215,-0.0132955767924301
0.2852,0.306399496743299,0.31963219696912,-0.0132327002258213
0.2854,0.381416652230867,0.394571326412499,-0.0131546741816321
0.2856,0.456468179170123,0.469556138073693,-0.0130879589035705
0.2858,0.531501196606987,0.544533807113672,-0.0130326105066858
0.286,0.606523797532278,0.619540431800557,-0.0130166342682786
0.2862,0.681569047558561,0.694541748713827,-0.0129727011552659
0.2864,0.756660318763986,0.769539067305462,-0.0128787485414764
0.2866,0.83176183774401,0.844560348970161,-0.0127985112261514
0.2868,0.906865087301856,0.91960223076488,-0.0127371434630233
0.287,0.98192883375196,0.994668475332353,-0.0127396415803923
0.2872,1.05700335464497,1.06978076755487,-0.0127774129099023
0.2874,1.13215970463698,1.14497167766862,-0.0128119730316432
0.2876,1.20732912131285,1.22022035257278,-0.0128912312599376
0.2878,1.28252493766133,1.29552599410509,-0.0130010564437537
0.288,1.35771414272769,1.37087550416577,-0.0131613614380786
0.2882,1.43290934095555,1.44624549994176,-0.0133361589862044
0.2884,1.5080957649292,1.52164107058076,-0.0135453056515582
0.2886,1.58326262700575,1.59704027371592,-0.0137776467101745
0.2888,1.65835353445453,1.67243567892467,-0.0140821444701345
0.289,1.73343272148895,1.74782267686405,-0.0143899553751032
0.2892,1.80849289790063,1.82318460590836,-0.0146917080077364
0.2894,1.88356072525145,1.89853211310011,-0.0149713878486619
0.2896,1.95860647741791,1.97387548843473,-0.0152690110168199
0.2898,2.03361137094019,2.0491759395096,-0.0155645685694044
0.29,2.1085449358351,2.12441787180477,-0.0158729359696714
0.2902,2.18349178112192,2.19963765887829,-0.0161458777563674
0.2904,2.25844116152998,2.27477360928935,-0.0163324477593663
0.2906,2.33337103471383,2.34981461923512,-0.016443584521292
0.2908,2.40831641072665,2.42480535715891,-0.0164889464322591
0.291,2.48330299005203,2.49973277262108,-0.0164297825690567
0.2912,2.55825417385382,2.57463763213188,-0.0163834582780584
0.2914,2.63319005615921,2.64951264136422,-0.0163225852050162
0.2916,2.70813860093823,2.72435585497885,-0.0162172540406162
0.2918,2.78312183958755,2.79916513056684,-0.0160432909792867
0.292,2.85815648958864,2.87398050218571,-0.0158240125970655
0.2922,2.93321030727046,2.94876040576526,-0.0155500984948032
0.2924,3.00827701058583,3.02352551221562,-0.0152485016297925
0.2926,3.08338474035101,3.09829299604288,-0.01490825569187
0.2928,3.15853947808955,3.17301975092742,-0.0144802728378677
0.293,3.2337419392341,3.24775166870393,-0.0140097294698247
0.2932,3.30893218518994,3.32244257047721,-0.0135103852872724
0.2934,3.38411171993838,3.39714433836664,-0.0130326184282614
0.2936,3.45928710958302,3.47187618656471,-0.0125890769816905
0.2938,3.53447851556417,3.54662402754685,-0.0121455119826828
0.294,3.6096506723855,3.62137311780816,-0.0117224454226568
0.2942,3.68476307280118,3.69618999968195,-0.0114269268807785
0.2944,3.7598052692517,3.77102902370133,-0.0112237544496283
0.2946,3.83484021745347,3.84593151023535,-0.0110912927818831
0.2948,3.9098584290467,3.92096506443237,-0.0111066353856724
0.295,3.98488824780224,3.99604597717318,-0.0111577293709355
0.2952,4.05989769181303,4.071176091562,-0.0112783997489672
0.2954,4.13486490495202,4.14635886493002,-0.0114939599780008
0.2956,4.20976029966854,4.2215940109236,-0.0118337112550568
0.2958,4.28459404494799,4.29684067710426,-0.0122466321562671
0.296,4.35943626345965,4.37214544048802,-0.0127091770283707
0.2962,4.43428302512037,4.44748879658719,-0.0132057714668239
0.2964,4.50915899759755,4.52285844233539,-0.0136994447378394
0.2966,4.58408543046275,4.5982517301589,-0.0141662996961518
0.2968,4.65905624394141,4.67364792505023,-0.0145916811088238
0.297,4.73400905565466,4.74904505344709,-0.0150359977924328
0.2972,4.80894462027978,4.82443592469313,-0.0154913044133522
0.2974,4.88388941154317,4.89981271743626,-0.0159233058930841
0.2976,4.95886750166375,4.9751675116878,-0.0163000100240511
0.2978,5.03385129654108,5.0504934308021,-0.016642134261021
0.298,5.10883902325451,5.12579313778098,-0.0169541145264676
0.2982,5.18386577717359,5.20103863489851,-0.0171728577249173
0.2984,5.25894865195535,5.27623274194413,-0.0172840899887845
0.2986,5.33409885119462,5.35138381394563,-0.017284962751007
0.2988,5.40925959307016,5.42649456432076,-0.0172349712505993
0.299,5.48442531188401,5.50160634356915,-0.0171810316851335
0.2992,5.55964343914846,5.57668759680813,-0.0170441576596643
0.2994,5.63487671924466,5.65177893133268,-0.0169022120880209
0.2996,5.7101407129387,5.72686557540698,-0.0167248624682754
0.2998,5.78538577839129,5.80187522153976,-0.0164894431484779
0.3,5.86053946912147,5.87684715853488,-0.0163076894134146
0.3002,5.93586856062733,5.95586228464708,-0.0199937240197592
0.3004,6.0117675472014,6.03709553904634,-0.0253279918449412
0.3006,6.08857849575136,6.11940708381071,-0.0308285880593537
0.3008,6.1660661476335,6.20110349904506,-0.0350373514115638
0.301,6.24360355002203,6.28090740279459,-0.0373038527725642
0.3012,0.0378614514775997,0.0752592412918702,-0.0373977898142705
0.3014,0.115227882270769,0.15071606122129,-0.035488178950521
0.3016,0.192750527312441,0.224345904400124,-0.0315953770876831
0.3018,0.270435226125695,0.2961855343845,-0.0257503082588047
0.302,0.348163552969288,0.366160531215836,-0.0179969782465481
0.3022,0.425772622090325,0.43435405586412,-0.00858143377379461
0.3024,0.50304871411508,0.500775616405266,0.00227309770981377
0.3026,0.579726555272604,0.565504247980873,0.0142223072917308
0.3028,0.655631476404273,0.628734454233583,0.0268970221706905
0.303,0.730764390995766,0.690794915695975,0.0399694752997902
0.3032,0.805224530043222,0.752063897194075,0.0531606328491471
0.3034,0.879211732379246,0.812921428578704,0.0662903038005415
0.3036,0.952898860354591,0.873722168361979,0.0791766919926119
0.3038,1.02641439085003,0.93468773133297,0.0917266595170634
0.304,1.09986008848076,0.996057558432243,0.103802530048516
0.3042,1.17335079158662,1.0580879708095,0.115262820777115
0.3044,1.2468785789374,1.12093792759905,0.125940651338347
0.3046,1.32041947329249,1.18477188850793,0.135647584784553
0.3048,1.39401547970464,1.2498653113521,0.144150168352549
0.305,1.46763953660043,1.31648965573472,0.151149880865708
0.3052,1.54130228358971,1.38503081990196,0.156271463687755
0.3054,1.61495807022572,1.45574680643246,0.159211263793255
0.3056,1.68849189239139,1.52873330358122,0.159758588810172
0.3058,1.76175841726103,1.60400641980926,0.157751997451778
0.306,1.83465481626496,1.68155019904392,0.153104617221039
0.3062,1.90717958407238,1.76132756084681,0.145852023225574
0.3064,1.97933738833769,1.8433186341439,0.136018754193784
0.3066,2.05124319759228,1.92747296021206,0.123770237380217
0.3068,2.12306175147001,2.01362345881051,0.109438292659506
0.307,2.19485847190248,2.10159630875349,0.0932621631489905
0.3072,2.26667247262009,2.1911388929019,0.0755335797181909
0.3074,2.33854427601783,2.28175585043028,0.0567884255875439
0.3076,2.41046281806194,2.37287758080774,0.0375852372542052
0.3078,2.48238233183781,2.4639408173512,0.0184415144866121
0.308,2.55429426345729,2.5542348750175,5.93884397970257e-05
0.3082,2.62612340978606,2.64303988555552,-0.0169164757694666
0.3084,2.69780639200393,2.72967763876989,-0.0318712467659683
0.3086,2.76930918386902,2.81370877385605,-0.0443995899870337
0.3088,2.84071945158545,2.89500461823292,-0.0542851666474706
0.309,2.91205814068707,2.97336862380425,-0.0613104831171776
0.3092,2.98329072123553,3.04861353685852,-0.0653228156229901
0.3094,3.05449898488745,3.12070354524441,-0.0662045603569532
0.3096,3.12566480187746,3.18968607839997,-0.0640212765225017
0.3098,3.19682689895696,3.25569116808501,-0.0588642691280481
0.31,3.26793851837806,3.31875225951672,-0.0508137411386591
0.3102,3.33900775367552,3.37892935678296,-0.0399216031074401
0.3104,3.41003073900439,3.43637417534678,-0.0263434363423896
0.3106,3.48100333797816,3.49130769176021,-0.0103043537820486
0.3108,3.55191408067703,3.54397913787685,0.00793494280017937
0.311,3.62277945499259,3.59451224935213,0.0282672056404594
0.3112,3.69356377268254,3.64295710175891,0.0506066709236319
0.3114,3.76429666543524,3.68957029601211,0.0747263694231375
0.3116,3.83503633006338,3.73449902288347,0.100537307179916
0.3118,3.90572411382707,3.77783374579567,0.127890368031398
0.312,3.97637146187217,3.81987819308977,0.156493268782393
0.3122,4.04703650462203,3.86076887064615,0.186267633975879
0.3124,4.1177016741209,3.90069154241334,0.217010131707558
0.3126,4.18838482320712,3.93977733511632,0.248607488090801
0.3128,4.2590499209929,3.97815476461591,0.280895156376987
0.313,4.32970869452819,4.01595315236464,0.313755542163551
0.3132,4.4003239705479,4.05318315038189,0.347140820166002
0.3134,4.4709032304477,4.08998422752578,0.380919002921918
0.3136,4.54142338446136,4.12668842175336,0.414734962708004
0.3138,4.61191890849008,4.1634923436428,0.448426564847276
0.314,4.68235793489393,4.20055407640959,0.481803858484334
0.3142,4.75276381406504,4.23824521253676,0.514518601528284
0.3144,4.82318328666831,4.27696105044546,0.546222236222849
0.3146,4.89357949386006,4.31704079188974,0.576538701970318
0.3148,4.96403114583685,4.3588565266318,0.605174619205048
0.315,5.03449577462275,4.40305524366127,0.631440530961476
0.3152,5.10490067364912,4.45027576616064,0.654624907488482
0.3154,5.17527706853842,4.50126934926,0.674007719278415
0.3156,5.24562708933847,4.55715833609374,0.688468753244726
0.3158,5.31593307752476,4.61903442948132,0.69689864804344
0.316,5.38622503346077,4.68793318091145,0.698291852549319
0.3162,5.45649252249438,4.764865190298,0.691627332196381
0.3164,5.52672260663044,4.85060480840404,0.67611779822639
0.3166,5.59690693253905,4.94529050688079,0.651616425658265
0.3168,5.66708593190662,5.03697076236838,0.630115169538241
0.317,5.73728674647638,5.11293200818511,0.624354738291265
0.3172,5.80749374865971,5.17225779451289,0.635235954146816
0.3174,5.87766908460195,5.22220269244284,0.655466392159107
0.3176,5.94781188908602,5.27117923130826,0.676632657777764
0.3178,6.01790862942788,5.32183000207617,0.696078627351717
0.318,6.08795589403821,5.37408375802328,0.713872136014936
0.3182,6.15794327700526,5.42680729502203,0.731135981983225
0.3184,6.22788790232598,5.47967492344485,0.748212978881135
0.3186,0.0145655109678948,5.53413937548071,0.763611442666773
0.3188,0.0844439746058745,5.59174322196178,0.775886059823678
0.319,0.154336452246191,5.65374533468277,0.783776424743003
0.3192,0.224167524108322,5.72131618043835,0.78603665084956
0.3194,0.29395594697359,5.79536300550209,0.781778248651083
0.3196,0.363672498598901,5.87546986440796,0.771387941370524
0.3198,0.433335842363542,5.96068020362656,0.755840945916567
0.32,0.50292477232356,6.04945610076303,0.736653978740119
0.3202,0.572471266022251,6.14042050943521,0.715236063766629
0.3204,0.641943380375875,6.23211356274364,0.693015124811818
0.3206,0.711366824469916,0.0402432060238367,0.671123618446079
0.3208,0.780716967272469,0.130474350588094,0.650242616684375
0.321,0.850010195533508,0.220453628513337,0.629556567020172
0.3212,0.919213145175683,0.311485510203114,0.607727634972569
0.3214,0.988361461490895,0.403401380245454,0.584960081245441
0.3216,1.05743003096232,0.495001847535826,0.56242818342649
0.3218,1.12639546158801,0.583729217507157,0.542666244080848
0.322,1.1953674956499,0.667447177414185,0.527920318235716
0.3222,1.26431184613433,0.745597336062502,0.518714510071832
0.3224,1.33319361077459,0.819207221185887,0.513986389588702
0.3226,1.40204332898072,0.889148133463456,0.512895195517262
0.3228,1.47085488818068,0.956850099807396,0.514004788373279
0.323,1.53957822439416,1.02404924526967,0.515528979124492
0.3232,1.60820775456391,1.09204049683882,0.516167257725092
0.3234,1.6767646680255,1.161409172324,0.515355495701503
0.3236,1.74524816589102,1.2321997295855,0.513048436305521
0.3238,1.81368055220283,1.3045708991764,0.509109653026427
0.324,1.88206944948276,1.37832770441945,0.503741745063309
0.3242,1.95040763550179,1.45285980318876,0.497547832313028
0.3244,2.01870030514594,1.5278881085009,0.490812196645039
0.3246,2.08693395759674,1.60326603438445,0.483667923212294
0.3248,2.15516677366893,1.67901796707648,0.476148806592456
0.325,2.2233736633584,1.75519567570671,0.468177987651685
0.3252,2.29150676038056,1.83182005590143,0.459686704479129
0.3254,2.3595950446486,1.90868694727452,0.450908097374075
0.3256,2.42761333050085,1.98570880874649,0.441904521754359
0.3258,2.49558068451864,2.06298705387307,0.432593630645572
0.326,2.56347717949938,2.1398974345521,0.423579744947282
0.3262,2.63127188224089,2.21615365100958,0.415118231231311
0.3264,2.69900990923549,2.29182949119359,0.407180418041893
0.3266,2.76674130022297,2.36737703064425,0.399364269578724
0.3268,2.83443137324529,2.4424070371554,0.392024336089888
0.327,2.90203189529343,2.51689181382357,0.385140081469864
0.3272,2.96960763626523,2.59135372860378,0.378253907661452
0.3274,3.0371744578252,2.66604252645911,0.371131931366084
0.3276,3.1047167350962,2.74045428349864,0.364262451597551
0.3278,3.17219005257763,2.8149516452909,0.35723840728673
0.328,3.2396368079939,2.88916684011848,0.350469967875414
0.3282,3.30703929841146,2.96263388646702,0.344405411944436
0.3284,3.37438727464754,3.03601162865978,0.338375645987756
0.3286,3.44168056706581,3.10925799980351,0.332422567262296
0.3288,3.50893945186937,3.18183715929782,0.327102292571555
0.329,3.57615400901723,3.25398136609357,0.322172642923658
0.3292,3.64333264730323,3.32521713615133,0.318115511151897
0.3294,3.71047213637586,3.3961617315736,0.31431040480226
0.3296,3.77761117670525,3.46734181116255,0.310269365542699
0.3298,3.84475136430299,3.53887441429779,0.305876950005202
0.33,3.91183988359974,3.61092276636217,0.300917117237571
0.3302,3.97891530661105,3.68407540089974,0.294839905711309
0.3304,4.04604246493656,3.75783574177533,0.288206723161236
0.3306,4.11316110254474,3.83188491474523,0.281276187799513
0.3308,4.18024648920591,3.90658404207748,0.273662447128427
0.331,4.2473199393781,3.98151911468616,0.265800824691937
0.3312,4.31436349445043,4.05696813732148,0.257395357128955
0.3314,4.38136013409907,4.13276842381369,0.248591710285384
0.3316,4.44827638958912,4.20876179053906,0.23951459905006
0.3318,4.51516485075788,4.28494421359132,0.230220637166564
0.332,4.58201134299835,4.36117896197179,0.220832381026558
0.3322,4.64883946859629,4.43712837011999,0.211711098476294
0.3324,4.71562732008611,4.51286373871581,0.202763581370305
0.3326,4.78240556144538,4.58854561847727,0.193859942968108
0.3328,4.84921055247831,4.66415083711943,0.185059715358874
0.333,4.91600078964877,4.73958134297146,0.176419446677302
0.3332,4.98273333474713,4.81479244455772,0.16794089018941
0.3334,5.0494689588707,4.88974914069061,0.159719818180085
0.3336,5.1162450224781,4.96418563299165,0.152059389486452
0.3338,5.18301078938419,5.03797550608728,0.145035283296908
0.334,5.24971450017352,5.11106189106009,0.138652609113431
0.3342,5.31640467612492,5.18338816265004,0.133016513474878
0.3344,5.38310227072559,5.25479295142689,0.128309319298698
0.3346,5.44976097223356,5.3253203610149,0.124440611218666
0.3348,5.51633953045441,5.3948574326613,0.121482097793107
0.335,5.58285168252162,5.46364498727282,0.119206695248794
0.3352,5.64936161106619,5.53231401647021,0.117047594595978
0.3354,5.71587670779537,5.59994876162442,0.11592794617095
0.3356,5.78237834864333,5.66666035546856,0.115717993174772
0.3358,5.8488952650687,5.73331797474318,0.115577290325524
0.336,5.91542447080761,5.79970688676293,0.115717584044677
0.3362,5.98192336996507,5.86591302013843,0.116010349826644
0.3364,6.04839323569611,5.93229538342523,0.116097852270885
0.3366,6.11488713848488,5.99906261139192,0.115824527092953
0.3368,6.18139611970596,6.0653181566717,0.11607796303426
0.337,6.24786351936328,6.13127701724638,0.116586502116897
0.3372,0.031140697094683,6.19732957177655,0.116996432497722
0.3374,0.0975979410325459,6.26364694930913,0.117136298903003
0.3376,0.16402724607626,0.0462362625848853,0.117790983491375
0.3378,0.230385936304239,0.111344259264824,0.119041677039415
0.338,0.296650442559922,0.176210417753779,0.120440024806143
0.3382,0.362883059672408,0.241617571717099,0.121265487955309
0.3384,0.429073388166442,0.307772831293414,0.121300556873027
0.3386,0.495246836706236,0.374228501848877,0.121018334857359
0.3388,0.561445390731849,0.441408527473712,0.120036863258137
0.339,0.627689504914039,0.509133366590502,0.118556138323537
0.3392,0.693924444935005,0.577210225064795,0.11671421987021
0.3394,0.760100403300567,0.645600618169588,0.114499785130979
0.3396,0.826274759625661,0.714805615078663,0.111469144546998
0.3398,0.892488190007972,0.784898594419367,0.107589595588605
0.34,0.958691764897817,0.855430127491992,0.103261637405826
0.3402,1.02483394818098,0.926613491386459,0.0982204567945226
0.3404,1.09096318854647,0.998581239337509,0.092381949208961
0.3406,1.15706840428671,1.07117429662492,0.0858941076617958
0.3408,1.22314539488766,1.14459452567011,0.0785508692175516
0.341,1.28916013990243,1.21872246862988,0.0704376712725578
0.3412,1.35508584740367,1.29353587946449,0.0615499679391767
0.3414,1.42096974867387,1.36874533441097,0.0522244142628991
0.3416,1.48688804059859,1.44406718353083,0.0428208570677626
0.3418,1.55279162468502,1.5194170240157,0.0333746006693139
0.342,1.61868792912601,1.59480914034524,0.0238787887807657
0.3422,1.68463260371213,1.67027404126276,0.0143585624493667
0.3424,1.75057606457981,1.74574969555387,0.00482636902593514
0.3426,1.81649961935216,1.82121679367073,-0.00471717431857033
0.3428,1.88244922202007,1.89656457673306,-0.0141153547129884
0.343,1.94841868057785,1.97140677475593,-0.0229880941780796
0.3432,2.01433871309554,2.04521567337695,-0.0308769602814154
0.3434,2.08015819401821,2.1182684880465,-0.0381102940282956
0.3436,2.14599285251987,2.19098461514851,-0.0449917626286349
0.3438,2.21186519099623,2.26296999033788,-0.0511047993416454
0.344,2.27771330955236,2.33374988325858,-0.0560365737062209
0.3442,2.34348967386628,2.40351951881277,-0.0600298449464867
0.3444,2.40924575772535,2.47307123173951,-0.0638254740141582
0.3446,2.47502499637057,2.54246114168136,-0.0674361453107926
0.3448,2.54078869394626,2.61177145828857,-0.0709827643423053
0.345,2.60649322763661,2.68104446627328,-0.074551238636678
0.3452,2.67218788785839,2.75032221898096,-0.078134331122576
0.3454,2.7379302967393,2.81934282163034,-0.081412524891042
0.3456,2.80368195230292,2.88776651498826,-0.0840845626853426
0.3458,2.86939091537114,2.95593489466329,-0.0865439792921459
0.346,2.93514001122148,3.02398688052906,-0.0888468693075852
0.3462,3.00089991900807,3.09118798198333,-0.0902880629752536
0.3464,3.06661509950631,3.15756769665689,-0.0909525971505856
0.3466,3.13227072544313,3.22447244509891,-0.0922017196557849
0.3468,3.19795522889781,3.29208347690493,-0.0941282480071228
0.347,3.26365434569122,3.35944173056937,-0.095787384878149
0.3472,3.32932046621663,3.42651760361054,-0.0971971373939078
0.3474,3.39494623133676,3.49383973129774,-0.0988934999609836
0.3476,3.46059816132706,3.56222573503815,-0.101627573711091
0.3478,3.52630280279048,3.63115296348261,-0.104850160692129
0.348,3.59200080392598,3.69997696607325,-0.107976162147274
0.3482,3.65767559556698,3.76935400829839,-0.111678412731413
0.3484,3.72337488431075,3.83942641608583,-0.116051531775085
0.3486,3.78910777767476,3.91007476769107,-0.120966990016306
0.3488,3.85482465774339,3.98122082576125,-0.126396168017862
0.349,3.92050376412491,4.05265201863514,-0.132148254510226
0.3492,3.98620328429297,4.12439207126924,-0.138188786976266
0.3494,4.05193835579621,4.19708574803567,-0.145147392239457
0.3496,4.11769623501305,4.27070310870234,-0.153006873689284
0.3498,4.18350067376947,4.3452347016519,-0.161734027882429
0.35,4.24931807463347,4.42046793388528,-0.171149859251802
0.3502,4.31510500894663,4.49587307736383,-0.180768068417204
0.3504,4.38085213276769,4.57140988576908,-0.190557753001393
0.3506,4.44656139438341,4.64696389672097,-0.200402502337559
0.3508,4.51233744582157,4.72242168085854,-0.210084235036968
0.351,4.57816144138512,4.79771922026403,-0.219557778878902
0.3512,4.64397215698331,4.87288372286901,-0.2289115658857
0.3514,4.70973009532702,4.94794933467118,-0.238219239344165
0.3516,4.77554891242583,5.02305120539323,-0.2475022929674
0.3518,4.84142234395614,5.09795873540414,-0.256536391448008
0.352,4.90729695085561,5.17241101019895,-0.265114059343346
0.3522,4.97313418200546,5.24641316675956,-0.273278984754094
0.3524,5.03898908543414,5.31965645473897,-0.280667369304834
0.3526,5.10490462670089,5.3917742227183,-0.286869596017409
0.3528,5.17083753489834,5.46278164620777,-0.291944111309433
0.353,5.23674033022122,5.53275965109477,-0.29601932087355
0.3532,5.30266272360028,5.60169806378655,-0.299035340186268
0.3534,5.36859318642181,5.66956362943516,-0.300970443013348
0.3536,5.43452540904204,5.73627498387171,-0.30174957482967
0.3538,5.50042529918638,5.8016076222636,-0.30118232307722
0.354,5.56629899630594,5.86606395893244,-0.299764962626507
0.3542,5.63220523424836,5.93065605634695,-0.298450822098586
0.3544,5.69814940637251,5.99589930867839,-0.297749902305886
0.3546,5.76411085526979,6.06249658017678,-0.298385724906994
0.3548,5.83016040398753,6.1295596288167,-0.299399224829172
0.355,5.89625901547367,6.19646260314326,-0.300203587669591
0.3552,5.96237823623643,6.26326833782905,-0.30089010159262
0.3554,6.02853603721947,0.0463632392004661,-0.301012509160582
0.3556,6.09474174146705,0.112061287024199,-0.300504852736733
0.3558,6.1609587525928,0.177446603053657,-0.29967315764044
0.356,6.22714745122227,0.24297146497283,-0.299009320930143
0.3562,0.0101031500252811,0.308833116982035,-0.298729966956754
0.3564,0.0762631988730226,0.374719127277852,-0.298455928404829
0.3566,0.142435622981502,0.44059839029507,-0.298162767313568
0.3568,0.208598552729569,0.50684992029027,-0.298251367560701
0.357,0.27473707747968,0.573650601301752,-0.298913523822072
0.3572,0.340894965435112,0.641373677961389,-0.300478712526276
0.3574,0.407106955250405,0.709396774369807,-0.302289819119402
0.3576,0.47333475955068,0.777517639708714,-0.304182880158034
0.3578,0.539529683271272,0.846076586990852,-0.306546903719579
0.358,0.605799890451709,0.91568783553422,-0.309887945082511
0.3582,0.672133154602168,0.986150114928742,-0.314016960326574
0.3584,0.738469642674343,1.05732798965732,-0.318858346982974
0.3586,0.804839968477268,1.12950897200273,-0.324669003525459
0.3588,0.871278885921404,1.20299809788705,-0.331719211965646
0.359,0.937741201408321,1.277277280099,-0.33953607869068
0.3592,1.00417917470208,1.35200254468305,-0.347823369980977
0.3594,1.07056987786924,1.42699897101084,-0.356429093141609
0.3596,1.13697948038941,1.50216939032336,-0.36518990993395
0.3598,1.20340166601379,1.57749036383025,-0.374088697816467
0.36,1.26980137835518,1.65299693985264,-0.383195561497458
0.3602,1.33617729171722,1.72850645412838,-0.392329162411156
0.3604,1.40256668585516,1.80388243794159,-0.401315752086431
0.3606,1.46903198674158,1.87914322076962,-0.410111234028035
0.3608,1.53551884015792,1.95430585908483,-0.41878701892691
0.361,1.60203406014617,2.02934814426844,-0.427314084122268
0.3612,1.66863255016745,2.10415333924832,-0.435520789080871
0.3614,1.73526509127792,2.17853846253486,-0.443273371256942
0.3616,1.80191306585083,2.25251847771546,-0.450605411864636
0.3618,1.86862256721667,2.32540319772869,-0.456780630512027
0.362,1.9353878740433,2.39696271762239,-0.461574843579094
0.3622,2.00215411116665,2.46761470287426,-0.465460591707607
0.3624,2.06888564185399,2.53782870012652,-0.468943058272534
0.3626,2.13564202651141,2.60733905246065,-0.471697025949239
0.3628,2.20241576059705,2.67620934788168,-0.473793587284634
0.363,2.26917220253075,2.74460415583603,-0.475431953305274
0.3632,2.33590052259737,2.81201813233249,-0.476117609735128
0.3634,2.40267020364833,2.87839376913049,-0.475723565482165
0.3636,2.46950980000636,2.94464154152516,-0.475131741518792
0.3638,2.53637455489252,3.01100938067524,-0.474634825782721
0.364,2.60321251523069,3.0780638764161,-0.474851361185415
0.3642,2.67010110382947,3.14535343297557,-0.475252329146101
0.3644,2.73705719530315,3.21211662342036,-0.475059428117202
0.3646,2.80403945324168,3.2783989826383,-0.474359529396624
0.3648,2.87100392169395,3.34432763520998,-0.473323713516033
0.365,2.93800034407781,3.410201162025,-0.472200817947198
0.3652,3.00507002480645,3.47625272665147,-0.471182701845028
0.3654,3.07216918417421,3.54259965468651,-0.470430470512295
0.3656,3.13925012768051,3.60947480507589,-0.470224677395378
0.3658,3.20628979880349,3.67688593689762,-0.470596138094132
0.366,3.27335427793462,3.74459516055612,-0.471240882621506
0.3662,3.34043708427576,3.81227181906261,-0.471834734786849
0.3664,3.40752740043702,3.88011686349252,-0.472589463055493
0.3666,3.47464814444737,3.94913432283963,-0.474486178392258
0.3668,3.54185403778093,4.01931518112611,-0.477461143345181
0.367,3.60908922013604,4.08989658900108,-0.480807368865033
0.3672,3.6763609553052,4.16102343014495,-0.484662474839745
0.3674,3.74372342210567,4.23267775530761,-0.488954333201938
0.3676,3.81112814895261,4.30480681607223,-0.493678667119616
0.3678,3.8785260173058,4.37743051813802,-0.498904500832226
0.368,3.94592362034444,4.4507168405343,-0.504793220189864
0.3682,4.01338414406736,4.52495443708616,-0.511570293018806
0.3684,4.08090617411692,4.59988294420969,-0.518976770092777
0.3686,4.14843578735936,4.67512045293977,-0.526684665580404
0.3688,4.21593712349382,4.75051512104519,-0.534577997551366
0.369,4.28346938912982,4.8259627937391,-0.542493404609279
0.3692,4.35102443910585,4.90144551408407,-0.550421074978227
0.3694,4.41856742450988,4.97691749875034,-0.558350074240459
0.3696,4.48615729275067,5.05204172243765,-0.565884429686983
0.3698,4.55383688774611,5.12667447427827,-0.572837586532156
0.37,4.6215555622441,5.20095074436684,-0.579395182122736
0.3702,4.68925919907455,5.27523061773781,-0.585971418663255
0.3704,4.75704884221953,5.34963890273757,-0.592590060518042
0.3706,4.82490686293579,5.42442962246742,-0.599522759531634
0.3708,4.89278172742792,5.49894489889071,-0.606163171462788
0.371,4.960639539959,5.57279966102399,-0.612160121064986
0.3712,5.0285354047264,5.64543231834006,-0.616896913613653
0.3714,5.09646135501847,5.71620623026036,-0.619744875241889
0.3716,5.16443047695732,5.78541435195784,-0.620983875000523
0.3718,5.23240906090741,5.85320076609199,-0.620791705184579
0.372,5.30036369294537,5.9198441395062,-0.619480446560833
0.3722,5.36835139551744,5.98580787343289,-0.617456477915445
0.3724,5.4363619512292,6.05136771829056,-0.615005767061358
0.3726,5.50435967466259,6.11660391882632,-0.61224424416373
0.3728,5.57239786196616,6.18233441701915,-0.609936555052988
0.373,5.6405352367102,6.24794132925823,-0.60740609254803
0.3732,5.70870961144097,0.0301227651136422,-0.604598460852262
0.3734,5.77692430742353,0.0964380219882877,-0.602699021744343
0.3736,5.84523218462874,0.163562865814727,-0.601515988365575
0.3738,5.91358280627179,0.230308782326475,-0.599911283234272
0.374,5.98192952910531,0.296222862098969,-0.597478640173248
0.3742,6.05027986420971,0.362513258893947,-0.595418701863824
0.3744,6.1186958856291,0.429983129906572,-0.594472551457056
0.3746,6.18717447737036,0.497432028858544,-0.593442858667769
0.3748,6.25566110143806,0.564557684521039,-0.592081890262563
0.375,0.0409345574708251,0.631977269447534,-0.591042711976709
0.3752,0.109424685249205,0.699859522778485,-0.59043483752928
0.3754,0.177937851519728,0.767516081195628,-0.5895782296759
0.3756,0.246451435601311,0.835768178040104,-0.589316742438793
0.3758,0.315020631471448,0.905403566837181,-0.590382935365733
0.376,0.383667219632558,0.976194463111505,-0.592527243478948
0.3762,0.452344772545833,1.04744905353391,-0.595104280988075
0.3764,0.521004384679732,1.11936234274237,-0.598357958062637
0.3766,0.589748849114096,1.19201986537723,-0.602271016263138
0.3768,0.658566398378873,1.26490172486767,-0.6063353264888
0.377,0.727401965481126,1.33808767480713,-0.610685709326
0.3772,0.796216791282769,1.41183179709017,-0.6156150058074
0.3774,0.865066152771864,1.48630568436845,-0.621239531596588
0.3776,0.933992024730562,1.5614170627727,-0.627425038042142
0.3778,1.00295040458583,1.63691757201281,-0.633967167426977
0.378,1.07189359218679,1.712603633348,-0.64071004116121
0.3782,1.14079853934282,1.7883172740673,-0.647518734724477
0.3784,1.20973104075903,1.86398276953364,-0.654251728774602
0.3786,1.27868412603175,1.93952107982195,-0.660836953790194
0.3788,1.34764432834548,2.01467593448408,-0.667031606138601
0.379,1.41663483776152,2.08944442580355,-0.67280958804203
0.3792,1.48571146064479,2.16371489184727,-0.678003431202487
0.3794,1.5548181524013,2.23757173653773,-0.682753584136428
0.3796,1.62396193890294,2.31153392812803,-0.687571989225085
0.3798,1.69319953892044,2.3863324985592,-0.693132959638758
0.38,1.76248173608621,2.46146187392355,-0.698980137837346
0.3802,1.83178938072925,2.5360747875919,-0.704285406862648
0.3804,1.90116744035913,2.60975242857982,-0.70858498822069
0.3806,1.97060811361562,2.68206523088823,-0.711457117272615
0.3808,2.04005628212489,2.75219096804783,-0.71213468592294
0.381,2.1094766209276,2.8208542385839,-0.711377617656299
0.3812,2.17892888407573,2.88918768207789,-0.710258798002154
0.3814,2.24840514318389,2.95727367730608,-0.708868534122191
0.3816,2.31788363284383,3.02366301285648,-0.705779380012657
0.3818,2.38734906725945,3.08837433470182,-0.701025267442368
0.382,2.45684497275028,3.15311498520222,-0.696270012451941
0.3822,2.52640712701385,3.21898644436707,-0.692579317353222
0.3824,2.59599745179558,3.28538978609578,-0.689392334300201
0.3826,2.66556874712408,3.35188969490266,-0.686320947778581
0.3828,2.7352250081299,3.41965844774839,-0.68443343961849
0.383,2.80495553984117,3.48799561237247,-0.683040072531301
0.3832,2.87470362325846,3.55592939428863,-0.681225771030162
0.3834,2.9445003133146,3.62369732138661,-0.679197008072003
0.3836,3.01437587138388,3.69189467201319,-0.677518800629312
0.3838,3.08428307724073,3.75970177520632,-0.675418697965589
0.384,3.15417454236847,3.82747501871582,-0.673300476347345
0.3842,3.224100856603,3.89611501869779,-0.67201416209479
0.3844,3.29405082933894,3.96554111082538,-0.671490281486437
0.3846,3.36398923619755,4.03544376413545,-0.671454527937891
0.3848,3.43391542390331,4.1054367531862,-0.67152132928289
0.385,3.50386652178279,4.17615297908739,-0.6722864573046
0.3852,3.573904795826,4.24777892933365,-0.673874133507649
0.3854,3.6439756433873,4.32010751916414,-0.676131875776842
0.3856,3.71408558336385,4.39333000240159,-0.679244419037743
0.3858,3.78428671674036,4.46719316825942,-0.682906451519053
0.386,3.85452916247449,4.54138747928902,-0.686858316814534
0.3862,3.92476859745078,4.61580545046426,-0.691036853013478
0.3864,3.99501270072201,4.69072888492012,-0.695716184198106
0.3866,4.06532160205458,4.76623289793116,-0.700911295876582
0.3868,4.13568925603771,4.84214513192943,-0.706455875891717
0.387,4.20606122648094,4.9183315576412,-0.71227033116026
0.3872,4.2764752902942,4.99444750169408,-0.717972211399881
0.3874,4.3469290823076,5.06990781946217,-0.722978737154575
0.3876,4.41739677791038,5.14462815031219,-0.72723137240181
0.3878,4.48783660913574,5.21860626303298,-0.730769653897244
0.388,4.55832643571313,5.29205575032745,-0.733729314614322
0.3882,4.62887410314704,5.36563129790312,-0.73675719475608
0.3884,4.69943729679068,5.43950298144097,-0.740065684650295
0.3886,4.76997358868487,5.51414619166687,-0.744172602981999
0.3888,4.84059767640314,5.58908644859195,-0.74848877218881
0.389,4.91129805563888,5.66393243641612,-0.752634380777239
0.3892,4.98201383618367,5.73895980477197,-0.756945968588303
0.3894,5.05277588422881,5.81358712324249,-0.760811239013683
0.3896,5.1236148983291,5.88668133118425,-0.763066432855156
0.3898,5.19448433931371,5.95867142292636,-0.764187083612647
0.39,5.26533718248046,6.02921230173188,-0.763875119251418
0.3902,5.33622397777407,6.09779591560517,-0.761571937831096
0.3904,5.40716421576571,6.16457893508726,-0.757414719321552
0.3906,5.47811035229661,6.23040864455685,-0.752298292260241
0.3908,5.54902089554418,0.0120135142971645,-0.746177925932571
0.391,5.61990944454378,0.075856978410358,-0.739132841046164
0.3912,5.69084039429878,0.140162392720317,-0.732507305601125
0.3914,5.76182224884011,0.205732125207347,-0.727095183546828
0.3916,5.83283940570355,0.27356767437985,-0.723913575855883
0.3918,5.9039607410651,0.342402062713077,-0.721626628827559
0.392,5.97514288504853,0.411461095360457,-0.719503517491518
0.3922,6.04635643945552,0.480924379376893,-0.717753247100962
0.3924,6.11763962195391,0.549959550488113,-0.715505235713785
0.3926,6.18896758686581,0.618032998405979,-0.712250718719758
0.3928,6.26026926806982,0.685715336867104,-0.708631375976875
0.393,0.0483601378613505,0.754091967624003,-0.705731829762652
0.3932,0.11970162343748,0.823344743072583,-0.703643119635103
0.3934,0.191106524319089,0.893410468952745,-0.702303944633656
0.3936,0.262510930269919,0.96443979474151,-0.701928864471591
0.3938,0.333943407338098,1.03670468125337,-0.702761273915267
0.394,0.405436679490456,1.10957248610898,-0.704135806618521
0.3942,0.476954364959637,1.18227625111026,-0.705321886150621
0.3944,0.548450587342296,1.25500663538,-0.706556048037702
0.3946,0.61996778722674,1.32829916611848,-0.708331378891735
0.3948,0.691566068219048,1.40235447755821,-0.710788409339165
0.395,0.763207996344365,1.47691656818644,-0.713708571842073
0.3952,0.834841727580955,1.55197754496239,-0.71713581738143
0.3954,0.906559420765642,1.62746864916427,-0.72090922839863
0.3956,0.97831402458172,1.70327511104707,-0.72496108646535
0.3958,1.05003734157653,1.77936051312208,-0.72932317154555
0.396,1.12171969843793,1.85580054389218,-0.734080845454257
0.3962,1.19345825358666,1.93228415358893,-0.73882590000227
0.3964,1.26525407343329,2.00804122167072,-0.742787148237433
0.3966,1.33706026309919,2.08281479778915,-0.745754534689961
0.3968,1.40888993431367,2.15671744980011,-0.747827515486437
0.397,1.48079923231936,2.23019238923536,-0.749393156915995
0.3972,1.55273434112776,2.3037067103444,-0.750972369216638
0.3974,1.62470352270739,2.37728371437516,-0.752580191667766
0.3976,1.69675984490332,2.45122180567048,-0.754461960767159
0.3978,1.76885416058347,2.52563997245109,-0.75678581186762
0.398,1.84094226685136,2.60022993025839,-0.759287663407026
0.3982,1.91305672917777,2.67518014515801,-0.762123415980245
0.3984,1.98525915709743,2.75052792209319,-0.765268764995757
0.3986,2.05749410542145,2.82525532122765,-0.767761215806197
0.3988,2.12971031372978,2.89852329164554,-0.768812977915763
0.399,2.20195687070476,2.97107090106856,-0.769114030363804
0.3992,2.27423688019447,3.0424205061768,-0.768183625982332
0.3994,2.34652511265939,3.11069736441245,-0.764172251753063
0.3996,2.41878006204334,3.17679942426422,-0.758019362220879
0.3998,2.49104965926275,3.2429347981683,-0.751885138905547
0.4,2.56337807307919,3.30933657415291,-0.745958501073718
0.4002,2.63601364664513,3.46285787887554,-0.826844232230412
0.4004,2.71743666171117,3.74733190525625,-1.02989524354508
0.4006,2.80988331300079,4.04634502532492,-1.23646171232414
0.4008,2.90771032795957,4.26783550576884,-1.36012517780927
0.401,3.00626429291432,4.41856243607188,-1.41229814315757
0.4012,3.10388881029485,4.53172521596089,-1.42783640566604
0.4014,3.20062827417605,4.6247949581553,-1.42416668397925
0.4016,3.2978089718084,4.70537233390932,-1.40756336210092
0.4018,3.39510610705136,4.77814486526983,-1.38303875821847
0.402,3.49192135962768,4.84608056726072,-1.35415920763304
0.4022,3.58911044372666,4.91069011915185,-1.3215796754252
0.4024,3.68706756515322,4.97307149246629,-1.28600392731307
0.4026,3.78503182534055,5.03605564258624,-1.25102381724569
0.4028,3.88171861367613,5.10391460638856,-1.22219599271243
0.403,3.97648789783529,5.17951378633332,-1.20302588849803
0.4032,4.07005452719529,5.26275464471356,-1.19270011751827
0.4034,4.16359523559186,5.35202743794476,-1.18843220235289
0.4036,4.25760484329921,5.44930941505603,-1.19170457175682
0.4038,4.35190191403321,5.56226812510864,-1.21036621107543
0.404,4.44658973141354,5.69875347908942,-1.25216374767589
0.4042,4.54216770176722,5.85883212176813,-1.31666442000092
0.4044,4.63892080844318,6.03109163888328,-1.3921708304401
0.4046,4.7364869777347,6.19904430559548,-1.46255732786078
0.4048,4.83419499595956,0.0695132879746218,-1.51850359919464
0.405,4.93163754068927,0.20772908984598,-1.55927685633629
0.4052,5.02881043981622,0.333278363179119,-1.58765323054248
0.4054,5.12595768024169,0.449935337441053,-1.60716296437895
0.4056,5.2232891720318,0.561120202685004,-1.62101633783279
0.4058,5.32125075965562,0.670232853787991,-1.63216740131195
0.406,5.42043893626828,0.778703260644802,-1.6414496315561
0.4062,5.52100801104602,0.884896441365554,-1.64707373749912
0.4064,5.62209521557298,0.985783414221243,-1.64687350582785
0.4066,5.72265053558744,1.08036256300549,-1.64089733459763
0.4068,5.82241755508642,1.17026629149382,-1.63103404358699
0.407,5.92223995589684,1.25779620718545,-1.6187415584682
0.4072,6.02346949035922,1.34371909044437,-1.60343490726473
0.4074,6.12682560193474,1.42725008447881,-1.58360978972365
0.4076,6.23220392277126,1.50742167525289,-1.55840305966122
0.4078,0.0559079034815122,1.5839499566654,-1.52804205318388
0.408,0.164194920733394,1.65699198839092,-1.49279706765752
0.4082,0.274252904651082,1.7266541507214,-1.45240124607032
0.4084,0.386421224085595,1.79302498654697,-1.40660376246137
0.4086,0.500719150763431,1.85633284399499,-1.35561369323156
0.4088,0.617005097004239,1.91694374815994,-1.2999386511557
0.409,0.735192615113039,1.97521349071434,-1.2400208756013
0.4092,0.855088466055665,2.03159861665912,-1.17651015060346
0.4094,0.976264550845271,2.08692507573895,-1.11066052489368
0.4096,1.09826045981129,2.14236726436332,-1.04410680455203
0.4098,1.22088475963385,2.19888103589079,-0.977996276256941
0.41,1.3441438073054,2.25674849220961,-0.912604684904208
0.4102,1.46815440504119,2.31584815462188,-0.847693749580689
0.4104,1.59281794226994,2.37629066524573,-0.783472722975797
0.4106,1.71801131491722,2.43881727932965,-0.720805964412435
0.4108,1.84381350369088,2.50447121674584,-0.660657713054959
0.411,1.97042410582312,2.57384540859624,-0.603421302773118
0.4112,2.09788915947403,2.64722371686792,-0.549334557393895
0.4114,2.22616109667945,2.72502896791356,-0.498867871234115
0.4116,2.3551473553517,2.80710596897119,-0.451958613619487
0.4118,2.48469898622521,2.89333136404705,-0.408632377821839
0.412,2.61472000115608,2.98382786208461,-0.369107860928533
0.4122,2.74508150942191,3.07844735345115,-0.333365844029237
0.4124,2.87562123442998,3.17716170939584,-0.301540474965869
0.4126,3.00632903640091,3.28007558109824,-0.273746544697329
0.4128,3.13740746769828,3.38696614496763,-0.249558677269349
0.413,3.26899543523442,3.49677156987253,-0.227776134638102
0.4132,3.40087470739332,3.60776147037644,-0.206886762983112
0.4134,3.53274894623436,3.7183224932019,-0.185573546967542
0.4136,3.66446363178196,3.82730537782844,-0.162841746046481
0.4138,3.79596966863024,3.93394728295085,-0.137977614320608
0.414,3.92718999665582,4.03763248557607,-0.11044248892025
0.4142,4.05797314249053,4.13772671580116,-0.0797535733106267
0.4144,4.18825730713695,4.23376256048526,-0.0455052533483125
0.4146,4.31806097365004,4.32569562105657,-0.00763464740652786
0.4148,4.44750773950646,4.41371283809731,0.0337949014091459
0.415,4.57668986279741,4.49815761053569,0.0785322522617191
0.4152,4.70551924704477,4.57937195670519,0.126147290339583
0.4154,4.83392534958949,4.65772120333722,0.176204146252274
0.4156,4.96181631425019,4.73360180434351,0.228214509906678
0.4158,5.08899660629089,4.80737450499576,0.28162210129513
0.416,5.21519229037072,4.87932468780749,0.335867602563223
0.4162,5.34026908466973,4.94988380140156,0.390385283268163
0.4164,5.46461387562028,5.01962126728483,0.444992608335442
0.4166,5.58853764825351,5.08899545817013,0.499542190083385
0.4168,5.71196525268609,5.15949022456622,0.552475028119871
0.417,5.83480710371215,5.23490671722912,0.599900386483037
0.4172,5.95705503124095,5.31729717993395,0.639757851306997
0.4174,6.07869287925972,5.40507568827869,0.673617190981031
0.4176,6.19961183549429,5.49541573390924,0.70419610158505
0.4178,0.0364047933446994,5.58737660907233,0.732213491451956
0.418,0.155487264314886,5.68130436758807,0.757368203906402
0.4182,0.273746339348609,5.77778988003805,0.779141766490145
0.4184,0.391437291843907,5.87637727694286,0.798245322080638
0.4186,0.508688713623696,5.9763379050106,0.815536115792685
0.4188,0.62559270189893,6.07827527369027,0.830502735388241
0.419,0.742144722276246,6.18229987322812,0.843030156227712
0.4192,0.858173578163449,0.00291907371023581,0.855254504453213
0.4194,0.973410112749101,0.102940130652882,0.870469982096218
0.4196,1.08759465706421,0.19721961802011,0.890375039044097
0.4198,1.20069005945227,0.286530644448875,0.914159415003395
0.42,1.31322923918784,0.373201790406245,0.940027448781596
0.4202,1.42537987269417,0.457889519333358,0.96749035336081
0.4204,1.5371434248334,0.538843492672779,0.998299932160624
0.4206,1.64859190178691,0.614695579314472,1.03389632247243
0.4208,1.7597615905513,0.686591794190355,1.07316979636094
0.421,1.87054678421577,0.757587734033683,1.11295905018208
0.4212,1.98074320892608,0.830502160824697,1.15024104810139
0.4214,2.09025779664553,0.906125557924906,1.18413223872062
0.4216,2.19916667800894,0.983790351542357,1.21537632646658
0.4218,2.30756239813194,1.06229044949214,1.2452719486398
0.422,2.41561338122713,1.14078085880222,1.27483252242491
0.4222,2.52339236733056,1.21873266124616,1.3046597060844
0.4224,2.6310561591261,1.29579878773679,1.33525737138931
0.4226,2.73867485723243,1.37196246252524,1.36671239470718
0.4228,2.84608882327664,1.44757723826429,1.39851158501235
0.423,2.95300620210001,1.52303128945311,1.4299749126469
0.4232,3.05928602513859,1.59843613026418,1.46084989487441
0.4234,3.16526351840633,1.67380416456983,1.4914593538365
0.4236,3.27113304286089,1.74934904304757,1.52178399981331
0.4238,3.37691148484274,1.8255967480004,1.55131473684233
0.424,3.48263674852196,1.90313585052365,1.57950089799831
0.4242,3.5883858337993,1.98232127039323,1.60606456340607
0.4244,3.69417586674756,2.06326667223825,1.63090919450931
0.4246,3.79989238682154,2.14612254606448,1.65376984075706
0.4248,3.90536433609041,2.23119259529415,1.67417174079625
0.425,4.01052675131964,2.31878545402796,1.69174129729168
0.4252,4.11545703672996,2.40892496220187,1.70653207452809
0.4254,4.22034123853252,2.50161568698558,1.71872555154695
0.4256,4.32529580736924,2.5968583201017,1.72843748726754
0.4258,4.43044066798022,2.69438174885608,1.73605891912414
0.426,4.5358463901231,2.7933508920113,1.74249549811181
0.4262,4.64146758379321,2.89246626904466,1.74900131474855
0.4264,4.7471376063872,2.99003597306846,1.75710163331874
0.4266,4.85270825333106,3.08483317427461,1.76787507905645
0.4268,4.95822752451503,3.17667875668749,1.78154876782755
0.427,5.0638237139756,3.26599594682492,1.79782776715068
0.4272,5.16961346868285,3.352472847739,1.81714062094385
0.4274,5.27573151471405,3.43522933158574,1.84050218312831
0.4276,5.38226776440755,3.51378044910401,1.86848731530353
0.4278,5.48906512708564,3.58831176660566,1.90075336047997
0.428,5.59605979851714,3.65924650249157,1.93681329602557
0.4282,5.70327295321552,3.7271916634918,1.97608128972372
0.4284,5.81081081849755,3.79296679933383,2.01784401916372
0.4286,5.91878656814402,3.85713773515533,2.06164883298869
0.4288,6.02726768522339,3.92011507208624,2.10715261313715
0.429,6.13620851858801,3.98228982956815,2.15391868901986
0.4292,6.24547647478105,4.04387619019922,2.20160028458183
0.4294,0.0718242569943008,4.10506420576279,2.2499453584111
0.4296,0.181709893950722,4.16623640402709,2.29865879710321
0.4298,0.292128724931642,4.22798188777225,2.34733214433898
0.43,0.403250006304633,4.29082812860424,2.39560718487998
0.4302,0.515131404606863,4.35519079182147,2.44312591996498
0.4304,0.627644139385214,4.42138222548981,2.48944722107499
0.4306,0.740647316354589,4.4895740470934,2.53425857644077
0.4308,0.854112513381694,4.55991712996133,2.57738069059995
0.431,0.968012979357583,4.63244441595251,2.61875387058466
0.4312,1.08244992964669,4.70691460693507,2.6587206298912
0.4314,1.19762763280989,4.78288603180289,2.69792690818658
0.4316,1.31366884635085,4.85985559712035,2.73699855641009
0.4318,1.4305231232848,4.93727768950004,2.77643074096434
0.432,1.54802021948926,5.0145206490948,2.81668487757404
0.4322,1.66601997892885,5.09097276115407,2.85823252495437
0.4324,1.78450279224112,5.16620791337434,2.90148018604636
0.4326,1.90362011372368,5.24005894751718,2.94674647338609
0.4328,2.02351413785244,5.31202308702317,2.99467635800885
0.433,2.1443651940549,5.38114396852374,3.04640653271075
0.4332,2.26625115454018,5.4471372600691,3.10229920165067
0.4334,2.38911079471298,5.51045513606766,-3.12134434135467
0.4336,2.51286761683225,5.57145592392663,-3.05858830709439
0.4338,2.63763135296682,5.63032769432968,-2.99269634136286
0.434,2.7635589949627,5.68725014594275,-2.92369115098005
0.4342,2.8908222213949,5.74262539636188,-2.85180317496698
0.4344,3.01948511171145,5.79705208799677,-2.77756697628533
0.4346,3.14953824415759,5.85083800743809,-2.7012997632805
0.4348,3.2809142041122,5.90439324642757,-2.62347904231537
0.435,3.41351106648446,5.95805586832252,-2.54454480183806
0.4352,3.54724407662169,6.01210028750262,-2.46485621088092
0.4354,3.68219080628153,6.06670944362944,-2.38451863734791
0.4356,3.81847902282282,6.12216955072173,-2.30369052789891
0.4358,3.95623361555859,6.17888524982974,-2.22265163427115
0.436,4.0954400387614,6.2371067069382,-2.1416666681768
0.4362,4.23608247802407,0.0135695897496357,-2.06067241890515
0.4364,4.37816346853301,0.0750089382667785,-1.98003077691335
0.4366,4.52173451745716,0.139006957175383,-1.9004577468978
0.4368,4.66684512797161,0.205763397416904,-1.82210357662488
0.437,4.81350544693985,0.275237307033148,-1.74491716727289
0.4372,4.96175107812035,0.347326504163253,-1.66876073322249
0.4374,5.11153515443584,0.421748338896396,-1.59339849164014
0.4376,5.2627933877869,0.498121455194342,-1.51851337458703
0.4378,5.41538281821719,0.576027951977854,-1.44383044094025
0.438,5.56917436513125,0.65554565159938,-1.36955659364771
0.4382,5.72406414359722,0.736692421924556,-1.29581358550692
0.4384,5.8799199062903,0.819323949327904,-1.22258935021719
0.4386,6.03664328777277,0.903054488562199,-1.14959650796902
0.4388,6.19412129462079,0.987286209243829,-1.07635022180262
0.439,0.0690017454920691,1.07152383224441,-1.00252208675234
0.4392,0.227475240277403,1.15524166959333,-0.927766429315928
0.4394,0.386242800588658,1.23790578790048,-0.85166298731182
0.4396,0.545252344450778,1.31914098093122,-0.77388863648044
0.4398,0.704441287277503,1.39883979906298,-0.694398511785473
0.44,0.863655526770326,1.47699471872183,-0.613339191951503
0.4402,1.02272947342569,1.55354948795547,-0.530820014529782
0.4404,1.18149571297677,1.62851489020724,-0.447019177230469
0.4406,1.33978660528098,1.70199828591326,-0.362211680632284
0.4408,1.49752843130242,1.77415573690595,-0.276627305603531
0.441,1.65465563199015,1.84520099412365,-0.190545362133502
0.4412,1.81113371221471,1.91541772433236,-0.104284012117642
0.4414,1.96699603840219,1.98519214376962,-0.0181961053674282
0.4416,2.12225853311307,2.05485682099735,0.0674017121157187
0.4418,2.27679548292019,2.12477842559033,0.152017057329861
0.442,2.43044528628706,2.1952541202653,0.23519116602176
0.4422,2.58311902021524,2.26652775675944,0.316591263455801
0.4424,2.73477358572032,2.33888020213375,0.395893383586571
0.4426,2.88546199713453,2.41258609430157,0.47287590283296
0.4428,3.03527232870083,2.48781812978071,0.54745419892012
0.443,3.18430287290577,2.56480724185506,0.619495631050716
0.4432,3.33249816931387,2.64393229881492,0.688565870498948
0.4434,3.47981132058962,2.72550729385523,0.754304026734394
0.4436,3.6262136284702,2.80929493821219,0.816918690258013
0.4438,3.77170415686137,2.89507849471976,0.876625662141612
0.444,3.91628128574732,2.9827833174,0.933497968347321
0.4442,4.05992312502025,3.07223098141841,0.987692143601837
0.4444,4.20258327249385,3.16312400809054,1.0394592644033
0.4446,4.34426380875274,3.25491961759205,1.08934419116069
0.4448,4.48498841765065,3.3470982896772,1.13789012797345
0.445,4.6247400410381,3.43894411859199,1.18579592244611
0.4452,4.76355306266902,3.52978246675209,1.23377059591693
0.4454,4.90154719660092,3.61926219835074,1.28228499825018
0.4456,5.03878647910755,3.70711203955249,1.33167443955506
0.4458,5.17539384458017,3.79310730565018,1.38228653893
0.446,5.31145345508336,3.87716051083546,1.4342929442479
0.4462,5.44697171405095,3.95936949060843,1.48760222344252
0.4464,5.58195641716803,4.03989734640397,1.54205907076406
0.4466,5.71653684278593,4.11897706548129,1.59755977730465
0.4468,5.85079888663453,4.1968487241801,1.65395016245443
0.447,5.98475646503781,4.27365150000715,1.71110496503067
0.4472,6.11847831781551,4.34956933537904,1.76890898243647
0.4474,6.25193247561972,4.42484841845154,1.82708405716818
0.4476,0.101850903137426,4.49973422627808,1.88530198403893
0.4478,0.23455276452023,4.57449352933904,1.94324454236077
0.448,0.366827935035388,4.64939757006512,2.00061567214986
0.4482,0.498702621429028,4.72465201814255,2.05723591046606
0.4484,0.630268846539613,4.80039825730743,2.11305589641177
0.4486,0.761595736270926,4.87674635581001,2.1680346876405
0.4488,0.892723038030104,4.95378955567454,2.22211878953515
0.449,1.02370387111449,5.03162513529033,2.27526404300374
0.4492,1.15468613204611,5.11036810849585,2.32750333072985
0.4494,1.28582068785546,5.19008858898981,2.37891740604524
0.4496,1.41719980014615,5.27079339254605,2.42959171477968
0.4498,1.54889123675629,5.35240744393044,2.47966910000543
0.45,1.68098398037145,5.43483936322575,2.52932992432528
0.4502,1.81354755013646,5.51798297515578,2.57874988216027
0.4504,1.94670142914659,5.6017465132106,2.62814022311558
0.4506,2.0804597467585,5.68607868631467,2.67756636762341
0.4508,2.21483357952093,5.77082378705236,2.72719509964816
0.451,2.34987514119944,5.85561395853921,2.77744648983981
0.4512,2.48567216035722,5.93998760229156,2.82886986524524
0.4514,2.62226873148851,6.02347833992682,2.88197569874127
0.4516,2.75968971981313,6.1055810999227,2.93729392707001
0.4518,2.89798758300616,6.18588626987543,2.99528662031033
0.452,3.03724322405072,6.26414948652782,3.05627904470249
0.4522,3.17757309206558,0.0571025462449228,3.12047054582066
0.4524,3.31907237049687,0.131022632875137,-3.09513556955785
0.4526,3.46191484271835,0.202662175546878,-3.02393264000811
0.4528,3.60624707654108,0.272077233072586,-2.94901546371109
0.453,3.75219952923265,0.339442907866345,-2.87042868581328
0.4532,3.89988971600123,0.404863773738123,-2.78815936491648
0.4534,4.0493921515878,0.468581750682428,-2.70237490627422
0.4536,4.20068749154783,0.530930699542433,-2.61342851517419
0.4538,4.35378972091803,0.59234475065072,-2.52174033691227
0.454,4.50872054079114,0.653196904617354,-2.4276616710058
0.4542,4.66546632758848,0.71389875810421,-2.33161773769532
0.4544,4.82402165697632,0.774996842403688,-2.23416049260695
0.4546,4.98436455289027,0.836987933667029,-2.13580868795635
0.4548,5.14640269094597,0.900190710853642,-2.03697332708726
0.455,5.3100064102795,0.964907264067834,-1.93808616096792
0.4552,5.47503339733125,1.03142916499921,-1.83958107484755
0.4554,5.64142698293693,1.09983779784524,-1.7415961220879
0.4556,5.80897187382371,1.17005935460341,-1.64427278795929
0.4558,5.9774312651637,1.24194647881225,-1.54770052082814
0.456,6.14663862937418,1.31523830678066,-1.45178498458607
0.4562,0.0332767387473316,1.38962457130675,-1.35634783255942
0.4564,0.203669524287542,1.46475254314537,-1.26108301885783
0.4566,0.374542709761531,1.54021248028609,-1.16566977052455
0.4568,0.545632517666099,1.61556198485579,-1.06992946718969
0.457,0.716613001006644,1.69039189391036,-0.973778892903715
0.4572,0.88721189158214,1.7643835396406,-0.877171648058457
0.4574,1.0573097565524,1.83737242065513,-0.780062664102732
0.4576,1.22694977564394,1.90925978747293,-0.682310011828995
0.4578,1.3961115424569,1.97990982198233,-0.583798279525428
0.458,1.56463802194389,2.04920373784053,-0.484565715896637
0.4582,1.73234989946571,2.11716014685175,-0.38481024738604
0.4584,1.8990424691425,2.18383889313488,-0.284796423992375
0.4586,2.06445289743502,2.24944800883178,-0.184995111396758
0.4588,2.22847221738409,2.31439928335068,-0.0859270659665876
0.459,2.39111957231803,2.37900308563111,0.012116486686915
0.4592,2.55248754092596,2.4437563004648,0.108731240461167
0.4594,2.71273145494219,2.50873985803676,0.203991596905426
0.4596,2.87173461872049,2.57391112372222,0.297823494998274
0.4598,3.02936027555466,2.63940438606108,0.389955889493579
0.46,3.18542625042891,2.70532810408882,0.48009814634009
0.4602,3.33967967205414,2.77176984934013,0.567909822714006
0.4604,3.4920535544835,2.83931242223276,0.652741132250735
0.4606,3.64315072440845,2.90847262512977,0.734678099278682
0.4608,3.79328845558182,2.97939223822411,0.813896217357707
0.461,3.94235284110407,3.0522015017742,0.890151339329865
0.4612,4.09024488254629,3.12712470295832,0.963120179587971
0.4614,4.23691996718938,3.20425502118824,1.03266494600114
0.4616,4.38228545364381,3.28348573958539,1.09879971405841
0.4618,4.52640781069857,3.36450658355412,1.16190122714445
0.462,4.66955918276632,3.44696456273791,1.2225946200284
0.4622,4.81195949029913,3.53046204925097,1.28149744104816
0.4624,4.95376639868261,3.61486261405339,1.33890378462922
0.4626,5.09480044101939,3.69998841466579,1.3948120263536
0.4628,5.23495068996229,3.78544181726207,1.44950887270022
0.463,5.37417317322763,3.87082231339195,1.50335085983568
0.4632,5.51240588341177,3.9557858463126,1.55662003709917
0.4634,5.64974957306492,4.03938252919188,1.61036704387304
0.4636,5.78682711733743,4.12111227974006,1.66571483759736
0.4638,5.92395132183869,4.20119022709963,1.72276109473907
0.464,6.06091315441856,4.27994784913517,1.78096530528339
0.4642,6.19751257512723,4.35756714708989,1.83994542803735
0.4644,0.0504880588995329,4.43416359036845,1.89950977571067
0.4646,0.186456296539203,4.50990370918156,1.95973789453723
0.4648,0.322606136286088,4.58510337486185,2.02068806860383
0.465,0.459297406016089,4.66015128416303,2.08233142903264
0.4652,0.596690896355068,4.7354708186183,2.14440538491635
0.4654,0.734610044410417,4.81143762049607,2.20635773109393
0.4656,0.872839644353945,4.88836797011364,2.26765698141989
0.4658,1.01127459398963,4.966429059021,2.32803084214821
0.466,1.15015015929996,5.04560279207976,2.38773267439979
0.4662,1.28997477606844,5.12579463213305,2.44736545111498
0.4664,1.43090344840169,5.20691428275689,2.50717447282438
0.4666,1.57296215111905,5.28878565627016,2.56736180202847
0.4668,1.71613810860622,5.37121468315256,2.62810873263325
0.467,1.86029057373433,5.45382400869287,2.68965187222105
0.4672,2.00531272478449,5.53589428552536,2.75260374643872
0.4674,2.15127111368596,5.61655638506573,2.81790003579981
0.4676,2.29843502998901,5.69517360248402,2.88644673468457
0.4678,2.44706358303268,5.77156738561433,2.95868150459794
0.468,2.59730286150754,5.84574385686284,3.03474431182429
0.4682,2.74919269243994,5.91788906047784,3.11448893914168
0.4684,2.90260319085659,5.98806400136268,-3.08546081050609
0.4686,3.05743152004866,6.05613427925307,-2.99870275920441
0.4688,3.21387901288417,6.12228441493374,-2.90840540204957
0.469,3.3720127049821,6.18705108065802,-2.81503837567591
0.4692,3.53188197916518,6.25083570850493,-2.71895372933974
0.4694,3.69356481073692,0.0307189140714292,-2.6203394105141
0.4696,3.85699947573279,0.0934689958601953,-2.51965482730699
0.4698,4.02199288251117,0.156641605690834,-2.41783403035925
0.47,4.18846860349849,0.221001008033635,-2.31571771171473
0.4702,4.35651274012165,0.286976726211735,-2.21364929326967
0.4704,4.52618819378777,0.354537743737638,-2.11153485712946
0.4706,4.69745082512475,0.423433456869039,-2.00916793892388
0.4708,4.87016521085975,0.493232132716186,-1.90625222903602
0.471,5.04401081070787,0.563532849968974,-1.80270734644069
0.4712,5.21862191480116,0.6352274967955,-1.69979088917392
0.4714,5.39416961900071,0.70865371647273,-1.59766940465161
0.4716,5.57060221075785,0.783271375219712,-1.49585447164145
0.4718,5.7477836553204,0.858509129441039,-1.39391078130022
0.472,5.92560842481286,0.934007349523946,-1.29158423189067
0.4722,6.10380329003235,1.00959618302067,-1.18897820016791
0.4724,6.28190403893038,1.08523777961212,-1.08651904786132
0.4726,0.176580088442718,1.16101859806088,-0.984438509618158
0.4728,0.354258994518657,1.23683079250374,-0.882571797985084
0.473,0.531711715040272,1.31253489539752,-0.780823180357245
0.4732,0.708765906835227,1.38812930323017,-0.679363396394941
0.4734,0.885171664333884,1.4636580016548,-0.57848633732092
0.4736,1.06052194273748,1.53912841101992,-0.478606468282432
0.4738,1.23440292811742,1.61452633467577,-0.380123406558353
0.474,1.40719050647018,1.68993499361484,-0.28274448714466
0.4742,1.57902575094892,1.76544177742999,-0.18641602648107
0.4744,1.74978933785403,1.8410808203732,-0.0912914825191746
0.4746,1.91940171930095,1.91681582030684,0.00258589899411321
0.4748,2.08767211835781,1.99250930020656,0.0951628181512514
0.475,2.25420014148879,2.06823949581548,0.185960645673305
0.4752,2.41895438732587,2.14437592186213,0.27457846546374
0.4754,2.58219774638923,2.22131438973713,0.360883356652104
0.4756,2.74435030646911,2.29893833301276,0.44541197345635
0.4758,2.90539717586584,2.37676828172923,0.528628894136616
0.476,3.06522105019769,2.45443181967724,0.61078923052045
0.4762,3.22359075908537,2.53183465468003,0.691756104405346
0.4764,3.38016509414227,2.60895627540143,0.771208818740833
0.4766,3.53498227166415,2.68643245619883,0.848549815465326
0.4768,3.68889098799697,2.76463474560063,0.924256242396336
0.477,3.84201834125375,2.84317140481588,0.998846936437867
0.4772,3.99432000162441,2.92150368957499,1.07281631204941
0.4774,4.14574031283592,2.99962324449814,1.14611706833778
0.4776,4.29607825823094,3.07755947226295,1.218518785968
0.4778,4.44513727863797,3.15474157982459,1.29039569881337
0.478,4.59330781529687,3.23026792047467,1.3630398948222
0.4782,4.74105574888463,3.30394667906443,1.43710906982019
0.4784,4.88857855003696,3.37639608420628,1.51218246583068
0.4786,5.03585326337409,3.44842227072588,1.58743099264821
0.4788,5.18275323534221,3.52065751540366,1.66209571993856
0.479,5.32902975773863,3.59323888674331,1.73579087099532
0.4792,5.4745797040981,3.66463970680618,1.80993999729192
0.4794,5.6201507004143,3.73398824573704,1.88616245467726
0.4796,5.76597490600467,3.80176232487287,1.9642125811318
0.4798,5.91209483977025,3.86848454870057,2.04361029106968
0.48,6.05856742803444,3.93512677299447,2.12344065503997
0.4802,6.2052995534652,4.00285347235257,2.20244608111263
0.4804,0.0688310329635424,4.07179058563001,2.28022575451312
0.4806,0.21576017381152,4.14134338763575,2.35760209335536
0.4808,0.363281662467013,4.21137774148612,2.43508922816048
0.481,0.511648567535192,4.28205505826736,2.51277881644742
0.4812,0.660976379571692,4.35360281009402,2.59055887665725
0.4814,0.811291971635003,4.42609035291099,2.6683869259036
0.4816,0.962436264400028,4.49950349132122,2.74611808025839
0.4818,1.1142330879272,4.57387000099672,2.82354839411006
0.482,1.26716469239475,4.64895296960328,2.90139702997106
0.4822,1.42142016891069,4.72432935699782,2.98027611909246
0.4824,1.57707461981355,4.79961793860485,3.06064198838828
0.4826,1.7342564318549,4.87463058331489,-3.14037415145999
0.4828,1.89296112998812,4.94940231434487,-3.05644118435675
0.483,2.05295620916964,5.02377765353959,-2.97082144436995
0.4832,2.21433313009352,5.09713302082203,-2.88279989072851
0.4834,2.37734319819007,5.16900445426188,-2.79166125607181
0.4836,2.54210397190954,5.2392024543299,-2.69709848242037
0.4838,2.70868361119388,5.30807781889448,-2.5993942077006
0.484,2.87707750333318,5.37627864274296,-2.49920113940978
0.4842,3.04704804229501,5.44447284242422,-2.3974248001292
0.4844,3.21835971795851,5.51253621894653,-2.29417650098801
0.4846,3.39131049937128,5.58039041723773,-2.18907991786646
0.4848,3.56588033141579,5.64818988253387,-2.08230955111809
0.485,3.74200640371244,5.71602255403129,-1.97401615031885
0.4852,3.91966480163026,5.78411053823236,-1.8644457366021
0.4854,4.09862738305778,5.85283641421628,-1.7542090311585
0.4856,4.27857230237399,5.92248561423462,-1.64391331186063
0.4858,4.4593787582541,5.99382331176494,-1.53444455351084
0.486,4.6410927927706,6.06731992816117,-1.42622713539056
0.4862,4.82353020549556,6.14310699381568,-1.31957678832012
0.4864,5.00653880777833,6.22058834004884,-1.21404953227051
0.4866,5.18985581687644,0.01548838622078,-1.10881787652393
0.4868,5.37294982018346,0.0939626473555879,-1.00419813435171
0.487,5.55583265405689,0.174140636371667,-0.901493289494365
0.4872,5.73854341988533,0.256057613540296,-0.800699500834554
0.4874,5.92079089748692,0.339667068758948,-0.702061478451611
0.4876,6.10243236536917,0.424951577600696,-0.605704519411113
0.4878,0.000141901060049854,0.510612157352592,-0.510470256292543
0.488,0.179879944952194,0.59514081977532,-0.415260874823126
0.4882,0.358571035786287,0.678951284728373,-0.320380248942086
0.4884,0.536300391075664,0.761925938064503,-0.225625546988839
0.4886,0.712812859095765,0.843872861528018,-0.131060002432253
0.4888,0.888019040862425,0.924859659899766,-0.0368406190373411
0.489,1.06188817595514,1.00500218766534,0.056885988289805
0.4892,1.2341641265486,1.08417896997771,0.149985156570896
0.4894,1.40466368636851,1.16213920830273,0.242524478065777
0.4896,1.5738954322546,1.23895047129151,0.334944960963091
0.4898,1.74175722283463,1.31487135561231,0.426885867222325
0.49,1.90815520065495,1.39015997138205,0.517995229272898
0.4902,2.07316722992146,1.46516693162863,0.608000298292832
0.4904,2.23674229531572,1.54028264786712,0.6964596474486
0.4906,2.39857621378804,1.61572520313486,0.782851010653181
0.4908,2.5590665675735,1.69166034720158,0.867406220371913
0.491,2.71855223530067,1.76833128663009,0.950220948670581
0.4912,2.87696099824506,1.84599916414149,1.03096183410357
0.4914,3.03436997646476,1.92500390614737,1.1093660703174
0.4916,3.19084848612692,2.00556976981911,1.18527871630782
0.4918,3.34621384985876,2.08741287501824,1.25880097484052
0.492,3.50050477736181,2.17017497373211,1.3303298036297
0.4922,3.65431077588933,2.25341344215267,1.40089733373666
0.4924,3.80763881678824,2.33682936262215,1.47080945416609
0.4926,3.96049409129856,2.42030196726006,1.54019212403849
0.4928,4.11297349445223,2.50392754692262,1.60904594752961
0.493,4.26502679072949,2.58782850740651,1.67719828332298
0.4932,4.41649549316335,2.67120702224816,1.74528847091519
0.4934,4.56775348514527,2.75240630842406,1.81534717672122
0.4936,4.71917824052091,2.83102452813846,1.88815371238245
0.4938,4.87076407605471,2.90689550392201,1.9638685721327
0.494,5.02259849348387,2.9799903761047,2.04260811737916
0.4942,5.17475451033876,3.05074791640514,2.12400659393362
0.4944,5.327083674473,3.11970969300936,2.20737398146365
0.4946,5.47967760837653,3.18641334040533,2.2932642679712
0.4948,5.63303997851302,3.25100247480068,2.38203750371234
0.495,5.78721538338109,3.31385943611729,2.4733559472638
0.4952,5.94227110778131,3.37499768261429,2.56727342516702
0.4954,6.09833953497243,3.4344584643248,2.66388107064763
0.4956,6.2553813435534,3.49240102239208,2.76298032116132
0.4958,0.130103138219972,3.54988990812219,2.86339853727737
0.496,0.289112320293308,3.60845191241632,2.96384571505658
0.4962,0.449552638447748,3.66847629401272,3.06426165161462
0.4964,0.611442174731716,3.73003268999576,-3.11859051526404
0.4966,0.774849903334722,3.79298679181426,-3.01813688847954
0.4968,0.939798176182306,3.85700475373959,-2.91720657755728
0.497,1.1060763983131,3.92222137787897,-2.81614497956587
0.4972,1.27391833002509,3.98987408145745,-2.71595575143236
0.4974,1.44357848282643,4.060194382366,-2.61661589953957
0.4976,1.61496759929342,4.1329539616154,-2.51798636232198
0.4978,1.78810425149453,4.20773366932681,-2.41962941783228
0.498,1.96300751375995,4.28394204276854,-2.32093452900859
0.4982,2.13942569187513,4.3612212936447,-2.22179560176958
0.4984,2.31740503251191,4.4392768292262,-2.12187179671429
0.4986,2.49699925789883,4.51724305917987,-2.02024380128104
0.4988,2.67804665907892,4.59464301748797,-1.91659635840905
0.499,2.86041598297654,4.67118140881417,-1.81076542583762
0.4992,3.04400626052381,4.74661500400523,-1.70260874348142
0.4994,3.2284927446446,4.82072181538731,-1.59222907074271
0.4996,3.4137643779259,4.89326782074169,-1.47950344281579
0.4998,3.59989371252715,4.96446938376001,-1.36457567123286
0.5,3.78648350524423,5.03474858266227,-1.24826507741804
0.5002,3.97325662214694,5.10440226502408,-1.13114564287715
0.5004,4.16009078923407,5.17358106316571,-1.01349027393163
0.5006,4.34667988441316,5.24247672262966,-0.895796838216497
0.5008,4.53309299352385,5.31150164218199,-0.77840864865814
0.501,4.71923975018748,5.38116266046179,-0.66192291027431
0.5012,4.90467979849148,5.45212322076343,-0.547443422271943
0.5014,5.08915252355683,5.52468622291541,-0.435533699358581
0.5016,5.2725695373328,5.59898139631478,-0.326411858981982
0.5018,5.45468060022198,5.67549987234883,-0.22081927212685
0.502,5.63571737004433,5.75547809691323,-0.119760726868897
0.5022,5.81575061978682,5.83859283584902,-0.022842216062199
0.5024,5.99435305758914,5.92401721565156,0.0703358419375784
0.5026,6.17133769011618,6.01130930852536,0.16002838159082
0.5028,0.0635415400367725,6.10023987979941,0.246486967416947
0.503,0.237221477666273,6.19078480154299,0.329621983302865
0.5032,0.409468628721013,7.11772017616184e-05,0.409397451519252
0.5034,0.580362699171448,0.0941779471946635,0.486184751976784
0.5036,0.749817503197103,0.187686555886369,0.562130947310734
0.5038,0.917717586252182,0.279559520818943,0.638158065433238
0.504,1.08412627445559,0.369699967334333,0.714426307121253
0.5042,1.24903574006282,0.458061243655847,0.790974496406968
0.5044,1.41235745654069,0.544209038970142,0.868148417570544
0.5046,1.57470438091372,0.627861298791827,0.946843082121897
0.5048,1.73610958793035,0.708707696203355,1.027401891727
0.505,1.89642846303786,0.786941851382404,1.10948661165546
0.5052,2.05573866805537,0.863109907206386,1.19262876084898
0.5054,2.21410358114575,0.937808015092489,1.27629556605326
0.5056,2.37135432712848,1.0111758319602,1.36017849516828
0.5058,2.52799761812463,1.08281298856569,1.44518462955894
0.506,2.6843910482828,1.15346883251861,1.53092221576418
0.5062,2.84040897853424,1.22400246507364,1.6164065134606
0.5064,2.9960670643971,1.29484449729546,1.70122256710165
0.5066,3.15144906511452,1.36638214427087,1.78506692084365
0.5068,3.30647176427062,1.43889004997043,1.86758171430019
0.507,3.46128356186293,1.512489959379,1.94879360248393
0.5072,3.61647314828604,1.58746654983508,2.02900659845097
0.5074,3.7720133821065,1.66401581044989,2.10799757165661
0.5076,3.92787438946478,1.74201034483033,2.18586404463445
0.5078,4.08416280882679,1.82127346236307,2.26288934646373
0.508,4.24088673286908,1.90161005685603,2.33927667601305
0.5082,4.39785797173793,1.98266388543401,2.41519408630392
0.5084,4.55552078262297,2.06369205999545,2.49182872262751
0.5086,4.71426871645076,2.14383078454956,2.5704379319012
0.5088,4.87406135294179,2.22222553794871,2.65183581499307
0.509,5.03495280582655,2.29866123986401,2.73629156596255
0.5092,5.19700598400615,2.37326000776338,2.82374597624277
0.5094,5.36007522301043,2.44550240105496,2.91457282195548
0.5096,5.52453078029606,2.51365722535735,3.01087355493871
0.5098,5.69070108323077,2.57768613241535,3.11301495081542
0.51,5.85850238625844,2.63869100874116,-3.06337392966231
0.5102,6.02794266594808,2.69746361696623,-2.95270625819774
0.5104,6.1990523388844,2.75457317734832,-2.83870614564351
0.5106,0.0884678562716799,2.81018098871463,-2.72171313244295
0.5108,0.26274920285954,2.86374953589125,-2.60100033303171
0.511,0.438868268284211,2.91528971242825,-2.47642144414404
0.5112,0.616750989939882,2.96660825243084,-2.34985726249096
0.5114,0.79628330112684,3.01934781945498,-2.22306451832814
0.5116,0.977395382919087,3.07355619279442,-2.09616080987533
0.5118,1.1598383561114,3.12941117850538,-1.96957282239398
0.512,1.34365727566265,3.187787131141,-1.84412985547836
0.5122,1.52897121925065,3.24886213815004,-1.71989091889939
0.5124,1.71540607589465,3.3129441292777,-1.59753805338305
0.5126,1.90271681221269,3.38076328893322,-1.47804647672053
0.5128,2.09079809973683,3.45216244127348,-1.36136434153665
0.513,2.27934064113743,3.52696012604445,-1.24761948490702
0.5132,2.4684623515709,3.60611871732146,-1.13765636575056
0.5134,2.65808674804681,3.68904954743231,-1.0309627993855
0.5136,2.8476575360141,3.77494545405108,-0.92728791803698
0.5138,3.0368382511402,3.86237481069767,-0.825536559557474
0.514,3.22545879938915,3.95027714652837,-0.724818347139224
0.5142,3.41317941963025,4.03806372751586,-0.624884307885616
0.5144,3.60022782494573,4.12553457558333,-0.525306750637597
0.5146,3.78660544485261,4.21213434955425,-0.425528904701637
0.5148,3.97179484830057,4.29739026844958,-0.325595420149007
0.515,4.15552982055516,4.38055321795437,-0.225023397399217
0.5152,4.33774916344669,4.46159191241413,-0.12384274896744
0.5154,4.51824902382013,4.54071517543503,-0.0224661516148972
0.5156,4.69744705039049,4.61812755206674,0.0793194983237431
0.5158,4.87546933507946,4.69423881506026,0.181230520019207
0.516,5.05189832340484,4.76945238329044,0.282445940114404
0.5162,5.22657965658034,4.84422100523584,0.382358651344496
0.5164,5.39955234720062,4.91902116488943,0.480531182311192
0.5166,5.57069973387545,4.99430480725624,0.576394926619208
0.5168,5.74054070892839,5.07078265739018,0.669758051538205
0.517,5.90930617104269,5.14888515453637,0.760421016506322
0.5172,6.07668914775095,5.22898889557971,0.847700252171243
0.5174,6.24261884664956,5.31119864677846,0.931420199871104
0.5176,0.12399998395185,5.39559609090377,1.01158920022767
0.5178,0.287135577188695,5.4822802788734,1.08804060549488
0.518,0.449387106120199,5.57146854704238,1.1611038662574
0.5182,0.611043866739125,5.66284383620876,1.23138533770996
0.5184,0.771867627267706,5.75599285239834,1.29906008204895
0.5186,0.931825083141891,5.849357645755,1.36565274456647
0.5188,1.091035823912,5.9422683793248,1.43195275176679
0.519,1.24947432847938,6.03468039122289,1.49797924443608
0.5192,1.40707705390614,6.12552924680663,1.56473311427909
0.5194,1.56455381688599,6.21378338963957,1.63395573442601
0.5196,1.72193996330931,0.0158950591351579,1.70604490417416
0.5198,1.87914730491039,0.0975333292409883,1.7816139756694
0.52,2.03628162604794,0.17549984054583,1.86078178550211
0.5202,2.19340293553635,0.250502191884726,1.94290074365163
0.5204,2.35033837621667,0.322763474127993,2.02757490208868
0.5206,2.50758997531797,0.391196560088263,2.11639341522971
0.5208,2.66555216578559,0.456092385363811,2.20945978042178
0.521,2.82415367907646,0.518214327774685,2.30593935130177
0.5212,2.98343227263938,0.578672651804699,2.40475962083468
0.5214,3.14345320826772,0.638135817638735,2.50531739062899
0.5216,3.30410130458659,0.697014011522737,2.60708729306386
0.5218,3.46583857519582,0.755241323262515,2.71059725193331
0.522,3.62904492219546,0.813207197603919,2.81583772459155
0.5222,3.79363330283814,0.871377226500725,2.92225607633742
0.5224,3.95959335939283,0.931201127825505,3.02839223156733
0.5226,4.12695311004886,0.993087665714359,3.13386544433451
0.5228,4.29556862946528,1.05701894889849,-3.04463562661279
0.523,4.46558567918472,1.12317850976121,-2.94077813775607
0.5232,4.63715262097573,1.19171947966267,-2.83775216586653
0.5234,4.81049231756663,1.26248386008075,-2.7351768496937
0.5236,4.98556690969624,1.33529889983175,-2.63291729731509
0.5238,5.16235117220691,1.40968704081224,-2.53052117578491
0.524,5.34069029978304,1.48488961538814,-2.42738462278469
0.5242,5.52037564634569,1.56040400886756,-2.32321366970145
0.5244,5.70187165678357,1.63553541466066,-2.21684906505667
0.5246,5.88501144343838,1.70954061941697,-2.10771448315817
0.5248,6.0695594515578,1.78180312249596,-1.99542897811775
0.525,6.2554273523997,1.85213899572351,-1.8798969505034
0.5252,0.159192663522639,1.92052028073901,-1.76132761721637
0.5254,0.347274091465233,1.98689485805419,-1.63962076658895
0.5256,0.536380181694813,2.05135011166512,-1.51496992997031
0.5258,0.72624697179462,2.11401471546528,-1.38776774367067
0.526,0.916524979996613,2.17509371876311,-1.2585687387665
0.5262,1.10696014910402,2.23578460172014,-1.12882445261612
0.5264,1.29718807587058,2.29686614910487,-0.999678073234296
0.5266,1.48741938264702,2.35896239383908,-0.87154301119206
0.5268,1.67762064856225,2.42226545273256,-0.744644804170311
0.527,1.86719235694413,2.48701280799282,-0.619820451048688
0.5272,2.05576604357829,2.55360987334281,-0.497843829764521
0.5274,2.24321206124162,2.62279562414654,-0.37958356290492
0.5276,2.4292861376107,2.69520513444865,-0.265918996837951
0.5278,2.61434927381466,2.77188027968845,-0.157531005873785
0.528,2.79843225279346,2.85238565647898,-0.0539534036855125
0.5282,2.98100035991876,2.93645063933545,0.0445497205833147
0.5284,3.16181482263535,3.02420894450777,0.13760587812758
0.5286,3.34088040015697,3.11492749161091,0.22595290854606
0.5288,3.5180637421376,3.20800110754763,0.310062634589972
0.529,3.69387552629372,3.30332669953463,0.390548826759083
0.5292,3.8684816646683,3.39973535627518,0.468746308393116
0.5294,4.04147996620154,3.49620293051657,0.545277035684969
0.5296,4.21273675821031,3.59210022210857,0.620636536101733
0.5298,4.38231538886745,3.68584419341369,0.696471195453754
0.53,4.55013845460347,3.77690162617071,0.77323682843276
0.5302,4.71680384978914,3.86500803522281,0.851795814566328
0.5304,4.88259731986855,3.95032772233531,0.932269597533247
0.5306,5.04723300634501,4.03301508840375,1.01421791794126
0.5308,5.21064114270877,4.11325297961081,1.09738816309796
0.531,5.37290890723191,4.19110300915748,1.18180589807443
0.5312,5.53397615539181,4.26691538718244,1.26706076820937
0.5314,5.69441500397323,4.3409290318611,1.35348597211213
0.5316,5.85453267158897,4.41396168137296,1.44057099021602
0.5318,6.01410515597051,4.48665175102687,1.52745340494364
0.532,6.17311356695997,4.55947429152187,1.6136392754381
0.5322,0.0485016608971964,4.63299912017651,1.69868784790027
0.5324,0.206615692124998,4.70764095080292,1.78216004850166
0.5326,0.364402005291143,4.78374887300505,1.86383843946568
0.5328,0.52211894637793,4.86163853867533,1.94366571488218
0.533,0.680073510966719,4.94150516443735,2.02175365370895
0.5332,0.838240272378734,5.02342122102043,2.09800435853789
0.5334,0.996689357626283,5.10689485726466,2.17297980754121
0.5336,1.15545359673798,5.19161166322994,2.24702724068762
0.5338,1.31435573537316,5.27725565064412,2.32028539190862
0.534,1.47390953615266,5.36277597133933,2.39431887199291
0.5342,1.63451623133697,5.44731309983084,2.47038843868571
0.5344,1.79610773854592,5.53014352236575,2.54914952335975
0.5346,1.95872655217866,5.61013959835137,2.63177226100687
0.5348,2.12242459346818,5.68708519030852,2.71852471033925
0.535,2.28704775203556,5.76076834317477,2.80946471604038
0.5352,2.45304200405184,5.82978374171602,2.90644356951541
0.5354,2.62077566362482,5.89423619815621,3.00972477264819
0.5356,2.79014671746036,5.95438393051553,3.11894809412441
0.5358,2.96112583940483,6.01079692674153,-3.04967108733671
0.536,3.13370083755809,6.06477428877255,-2.93107345121446
0.5362,3.30766554192866,6.11680815622717,-2.80914261429851
0.5364,3.48323156538579,6.16678996208778,-2.68355839670199
0.5366,3.66073735384249,6.21534436108472,-2.55460700724223
0.5368,3.83999589844304,6.26295236425999,-2.42295646581695
0.537,4.02088563477133,0.0267028436843897,-2.28900251609265
0.5372,4.20336314502075,0.0748892811661317,-2.15471144332497
0.5374,4.38717407066048,0.125305026810691,-2.0213162633298
0.5376,4.57253381879465,0.178732278377085,-1.88938376676202
0.5378,4.75947861876627,0.23534816331629,-1.75905485172961
0.538,4.94757080256835,0.295359690199325,-1.63097419481056
0.5382,5.13656926203551,0.359012123591365,-1.50562816873544
0.5384,5.32633859765114,0.426937762814325,-1.38378447234277
0.5386,5.51649830750624,0.499290137419629,-1.26597713709298
0.5388,5.70719499984627,0.576553555862432,-1.15254386319575
0.539,5.89835827327535,0.657606714938938,-1.04243374884317
0.5392,6.08942178301927,0.741519874437505,-0.935283398597818
0.5394,6.28006060429968,0.827661555383262,-0.830786258263172
0.5396,0.186914917915176,0.914937835486609,-0.728022917571434
0.5398,0.375978960028906,1.00237426508431,-0.626395305055405
0.54,0.564333016620414,1.08934774526645,-0.525014728646036
0.5402,0.751964957847273,1.17502026657493,-0.423055308727659
0.5404,0.938338350616336,1.25890160862931,-0.320563258012977
0.5406,1.12320699289429,1.34088721223832,-0.217680219344032
0.5408,1.3065080052051,1.42079280938726,-0.114284804182155
0.541,1.48845446029792,1.49852790288961,-0.010073442591692
0.5412,1.66949969827619,1.57455231310401,0.094947385172174
0.5414,1.84921173119457,1.6493167373196,0.199894993874977
0.5416,2.02719484551599,1.7232661526586,0.303928692857381
0.5418,2.20338576855839,1.79688629509938,0.406499473459007
0.542,2.37776697152289,1.87086988718284,0.506897084340059
0.5422,2.55079857069183,1.9459892684282,0.604809302263634
0.5424,2.72262999364096,2.02275305420814,0.699876939432822
0.5426,2.89310425182456,2.10141564836982,0.791688603454745
0.5428,3.06198488013468,2.18231086069861,0.879674019436074
0.543,3.22929014832375,2.26582887753578,0.96346127078797
0.5432,3.39508332722877,2.35180668068087,1.0432766465479
0.5434,3.55936998700422,2.44053416735241,1.11883581965181
0.5436,3.72282421600708,2.5322855720654,1.19053864394167
0.5438,3.88546616296395,2.62644674643007,1.25901941653389
0.544,4.04706973317731,2.72228553858281,1.32478419459449
0.5442,4.20770577577101,2.81925127520913,1.38845450056189
0.5444,4.36751408945941,2.91564845464497,1.45186563481444
0.5446,4.52640788158104,3.01061025316712,1.51579762841393
0.5448,4.68497176837315,3.10328608814065,1.58168568023249
0.545,4.84355498626707,3.19318375353705,1.65037123273002
0.5452,5.00198262260931,3.2798494525767,1.72213317003261
0.5454,5.16023631123073,3.36304497949374,1.79719133173699
0.5456,5.31837499462475,3.44233961314632,1.87603538147843
0.5458,5.47630340477754,3.51768482681419,1.95861857796335
0.546,5.63454957508241,3.58853488411949,2.04601469096292
0.5462,5.79353030147983,3.65570453016141,2.13782577131842
0.5464,5.95313226305356,3.71996605930265,2.23316620375091
0.5466,6.11334201247426,3.78181540660633,2.33152660586793
0.5468,6.27422842667962,3.84234108934269,2.43188733733693
0.547,0.152531456508693,3.90222231673321,2.53349444695507
0.5472,0.314358758405671,3.9616932451805,2.63585082040476
0.5474,0.477077837833526,4.02078148220471,2.7394816628084
0.5476,0.641143127081949,4.08010880272741,2.84421963153412
0.5478,0.806503038534312,4.14023133009445,2.94945701561945
0.548,0.973190338805769,4.20225669763711,3.05411894834825
0.5482,1.14121253950551,4.26629982238658,-3.12508728288107
0.5484,1.31033469067227,4.33231546293987,-3.0219807722676
0.5486,1.48098174844725,4.40073232651271,-2.91975057806546
0.5488,1.65350792555733,4.47148390575329,-2.81797598019596
0.549,1.82781038088917,4.54421349092464,-2.71640311003547
0.5492,2.003857651211,4.6184417807925,-2.61458412958149
0.5494,2.18156706050774,4.69355918614694,-2.5119921256392
0.5496,2.36060804142531,4.76892479316447,-2.40831675173916
0.5498,2.54130628942182,4.84374889759871,-2.30244260817689
0.55,2.72388307033815,4.91727539125846,-2.1933923209203
0.5502,2.90803942758864,4.98890135868912,-2.08086193110048
0.5504,3.09355825997665,5.05817196553961,-1.96461370556296
0.5506,3.28023404151195,5.1252545914192,-1.84502054990725
0.5508,3.46762257548131,5.19030022239595,-1.72267764691464
0.551,3.65591710099663,5.25317319618352,-1.5972560951869
0.5512,3.84512669634981,5.31422598307891,-1.46909928672911
0.5514,4.03478002924837,5.37375700810027,-1.3389769788519
0.5516,4.22464434781409,5.43194908963808,-1.20730474182399
0.5518,4.41457701018472,5.49018442345552,-1.07560741327081
0.552,4.60459653716396,5.54919910881915,-0.944602571655189
0.5522,4.7945439032339,5.60938338348543,-0.814839480251531
0.5524,4.984187241574,5.67109951905613,-0.68691227748213
0.5526,5.17301867097919,5.73476503497773,-0.561746363998544
0.5528,5.36079555509181,5.80070945027997,-0.439913895188158
0.553,5.5473449580588,5.87016322933208,-0.322818271273282
0.5532,5.73312220160145,5.94464317209652,-0.211520970495074
0.5534,5.9181722015391,6.02347295352372,-0.105300751984625
0.5536,6.10186501016692,6.10599260141826,-0.0041275912513381
0.5538,0.000640211681095515,6.19220356614536,0.0916219527153261
0.554,0.180815145854651,6.28211913923211,0.181881313802126
0.5542,0.359128810613369,0.0917557905665818,0.267373020046787
0.5544,0.536166917572563,0.187300126125629,0.348866791446934
0.5546,0.71209575812393,0.284475905767794,0.427619852356135
0.5548,0.886407118317555,0.38192053160765,0.504486586709906
0.555,1.05885025063153,0.478752105433135,0.580098145198394
0.5552,1.22948260353598,0.574474798670392,0.655007804865583
0.5554,1.39833068183993,0.667458187277683,0.730872494562244
0.5556,1.56607880766976,0.75701930694243,0.809059500727327
0.5558,1.73299904994137,0.843655755279246,0.889343294662128
0.556,1.89870872865854,0.927570649480518,0.971138079178018
0.5562,2.06305162925125,1.00888648290065,1.05416514635059
0.5564,2.22610802209813,1.0879589279955,1.13814909410263
0.5566,2.38788005700091,1.16481110906079,1.22306894794012
0.5568,2.54901221973843,1.2396077562242,1.30940446351422
0.557,2.7098524334609,1.31329755207017,1.39655488139073
0.5572,2.87016410674875,1.38663836211545,1.4835257446333
0.5574,3.02987349217225,1.46017627823017,1.56969721394208
0.5576,3.189050529794,1.53445382736644,1.65459670242756
0.5578,3.34764601825082,1.60989685367753,1.73774916457329
0.558,3.505421665415,1.68683602675693,1.81858563865807
0.5582,3.66298366668064,1.76564980600049,1.89733386068015
0.5584,3.82077687534757,1.8465422775463,1.97423459780126
0.5586,3.97871306842505,1.92947408846298,2.04923897996207
0.5588,4.13682701660008,2.01395579045415,2.12287122614593
0.559,4.29518527064025,2.09966000268601,2.19552526795423
0.5592,4.4536574826431,2.18621401559959,2.26744346704351
0.5594,4.61277835703053,2.27264026874113,2.34013808828939
0.5596,4.77295558595959,2.35804931006156,2.41490627589804
0.5598,4.93412124726523,2.44166433701247,2.49245691025277
0.56,5.09630413689903,2.52275487272314,2.57354926417589
0.5602,5.25953581394627,2.60063501686227,2.658900797084
0.5604,5.42365594649713,2.67561349868531,2.74804244781182
0.5606,5.58852733143222,2.7467730338963,2.84175429753592
0.5608,5.75489640327383,2.81306243168086,2.94183397159298
0.561,5.92293972370031,2.87473486164069,3.04820486205962
0.5612,6.09255516991884,2.9322773015585,-3.12290743881924
0.5614,6.26370082623835,2.98711136199527,-3.00659584293651
0.5616,0.153055065636439,3.040190053273,-2.88713498763656
0.5618,0.326639486355091,3.09176087037632,-2.76512138402123
0.562,0.501708070909217,3.14155862984845,-2.63985055893923
0.5622,0.67863203650166,3.1901391837751,-2.51150714727344
0.5624,0.857294219655621,3.23810300581607,-2.38080878616044
0.5626,1.03763851701003,3.28735124602313,-2.24971272901309
0.5628,1.21951601636146,3.33832897660512,-2.11881296024367
0.563,1.40247113559244,3.39111271189191,-1.98864157629947
0.5632,1.58676296850856,3.44688696189518,-1.86012399338662
0.5634,1.77253986531352,3.50606596497794,-1.73352609966441
0.5636,1.95945371876594,3.56868471091392,-1.60923099214798
0.5638,2.14726086712052,3.63463196471222,-1.48737109759169
0.564,2.33567932964029,3.70488168599114,-1.36920235635084
0.5642,2.52481536315516,3.77986126633155,-1.2550459031764
0.5644,2.71453209761562,3.85876957059427,-1.14423747297865
0.5646,2.9044756877829,3.94066892782914,-1.03619324004624
0.5648,3.09424284846839,4.0249601575943,-0.930717309125911
0.565,3.28362344692374,4.11089765299137,-0.827274206067629
0.5652,3.47234596329377,4.19716831202315,-0.724822348729383
0.5654,3.66073999994301,4.28306526048027,-0.622325260537267
0.5656,3.84873933462962,4.36773207482955,-0.518992740199928
0.5658,4.03563794009905,4.45060385469701,-0.414965914597954
0.566,4.22103668193535,4.53151307911393,-0.310476397178578
0.5662,4.40488088426011,4.61043794455167,-0.205557060291561
0.5664,4.58705540288003,4.68730738662911,-0.100251983749078
0.5666,4.76806982339938,4.76245785736975,0.00561196602962877
0.5668,4.94797313172901,4.8363511571615,0.111621974567505
0.567,5.12618042964137,4.90941860498448,0.216761824656897
0.5672,5.30244470517116,4.9821274245813,0.320317280589854
0.5674,5.47683548002438,5.05491516297593,0.421920317048442
0.5676,5.64933508405254,5.12855909739696,0.52077598665558
0.5678,5.820593727302,5.20404407323431,0.61654965406769
0.568,5.99083111032523,5.28161194236415,0.709219167961077
0.5682,6.15962479736852,5.36144092156752,0.798183875801
0.5684,0.0436135722416413,5.44388004282762,0.882918836593609
0.5686,0.209208069046656,5.52905831536509,0.963335060861153
0.5688,0.373164898343503,5.61705282525541,1.03929738026768
0.569,0.53614185099366,5.70818047371598,1.11114668445727
0.5692,0.698470021863884,5.80200111905553,1.17965420998794
0.5694,0.859879272046169,5.89770442128508,1.24536015794068
0.5696,1.02029128687356,5.99445439704648,1.30902219700666
0.5698,1.17978209542106,6.09033725816452,1.37263014443613
0.57,1.33830020481939,6.18455934484068,1.4369261671583
0.5702,1.49643991173176,6.27657496986479,1.50305024904655
0.5704,1.65453308447041,0.0829508757989561,1.57158220867146
0.5706,1.81236892086374,0.169585669687823,1.64278325117592
0.5708,1.96992261669859,0.25284785588452,1.71707476081407
0.571,2.12731196622663,0.332154344024643,1.79515762220199
0.5712,2.28451088012682,0.408095445889416,1.8764154342374
0.5714,2.44126951094967,0.481108791286273,1.9601607196634
0.5716,2.59815031397449,0.550446179522033,2.04770413445246
0.5718,2.75557769634617,0.616651048292671,2.1389266480535
0.572,2.91347544117644,0.680428914705634,2.23304652647081
0.5722,3.07189448216501,0.742851970928688,2.32904251123632
0.5724,3.23090291341825,0.804512276021365,2.42639063739689
0.5726,3.39035707156484,0.865641165923694,2.52471590564114
0.5728,3.55073396916675,0.926324932399146,2.62440903676761
0.573,3.71245200561706,0.987211908993161,2.7252400966239
0.5732,3.87544905119489,1.04893294674252,2.82651610445237
0.5734,4.03974227094523,1.11261018956746,2.92713208137776
0.5736,4.20535125191153,1.1783834034223,3.02696784848923
0.5738,4.37210384654178,1.24598400748657,3.12611983905521
0.574,4.5396738105405,1.31548107023148,-3.05899256687056
0.5742,4.70863773822404,1.3870641420773,-2.96161171103285
0.5744,4.87945377925475,1.46040666624593,-2.86413819417077
0.5746,5.05198105439633,1.53502648321745,-2.7662307360007
0.5748,5.22609748464777,1.6104136625225,-2.66750148505431
0.575,5.40164685739017,1.68598673827094,-2.56752518806035
0.5752,5.57826692164778,1.7611835812455,-2.46610196677731
0.5754,5.75636636578914,1.83508488203303,-2.36190382342348
0.5756,5.93626495147027,1.90697036796303,-2.25389072367235
0.5758,6.11778662586372,1.97637580974337,-2.14177449105923
0.576,0.0176302107677193,2.04345874456088,-2.02582853379316
0.5762,0.201949428406572,2.10849551180058,-1.90654608339401
0.5764,0.387037493195653,2.1715976687132,-1.78456017551755
0.5766,0.573125041083252,2.23259019948619,-1.65946515840293
0.5768,0.760311579140199,2.29172537355633,-1.53141379441613
0.577,0.948178963578279,2.34919492593737,-1.40101596235909
0.5772,1.13643274473758,2.40568683722652,-1.26925409248894
0.5774,1.32477252564955,2.46289750240093,-1.13812497675138
0.5776,1.51347950482408,2.52170402868099,-1.00822452385691
0.5778,1.7024947670206,2.58206394367833,-0.879569176657728
0.578,1.89115519337194,2.64410659839501,-0.752951405023071
0.5782,2.07905971860697,2.70817409981031,-0.629114381203345
0.5784,2.26608948141983,2.77455753890889,-0.508468057489062
0.5786,2.45203754732371,2.84458250309634,-0.392544955772637
0.5788,2.637296713629,2.91964850602553,-0.282351792396531
0.579,2.82183252006124,2.99900272055671,-0.177170200495462
0.5792,3.00496037599884,3.08205621522004,-0.0770958392211982
0.5794,3.18631329425719,3.16890245013503,0.0174108441221605
0.5796,3.36587733662507,3.25948213967746,0.106395196947609
0.5798,3.54358839055202,3.35272046804194,0.190867922510086
0.58,3.72002083550898,3.44811460562899,0.27190622987999
0.5802,3.89528611349489,3.54444930988799,0.350836803606899
0.5804,4.06886258400295,3.6405301709067,0.42833241309625
0.5806,4.24055452354464,3.73556697809549,0.504987545449144
0.5808,4.4104621042014,3.82844751394874,0.58201459025266
0.581,4.57858969131773,3.91872127512416,0.659868416193569
0.5812,4.74560462345313,4.00602790127941,0.739576722173723
0.5814,4.91177387213107,4.09062374898294,0.821150123148124
0.5816,5.07673276781319,4.1726938642859,0.904038903527291
0.5818,5.24032897668428,4.25244285419498,0.987886122489308
0.582,5.40258979930987,4.33004388012256,1.0725459191873
0.5822,5.56343398271054,4.4059446929145,1.15748928979604
0.5824,5.72347624007324,4.48053179396716,1.24294444610608
0.5826,5.88305811399295,4.55459519980315,1.32846291418981
0.5828,6.04195574821333,4.62877066962886,1.41318507858447
0.583,6.20012583110848,4.70356710627846,1.49655872483001
0.5832,0.074482190483053,4.77945296048556,1.57821453717708
0.5834,0.231362523867585,4.85676965392374,1.65777817712343
0.5836,0.387340211743639,4.93583451649577,1.73469100242745
0.5838,0.543020478883668,5.01699383090332,1.80921195515994
0.584,0.698828227554916,5.100316640064,1.8816968946705
0.5842,0.854660724884963,5.18566119128292,1.95218484078163
0.5844,1.01055305675031,5.27214521065743,2.02159315327246
0.5846,1.16656833507867,5.35936324102235,2.09039040123591
0.5848,1.32256442240966,5.44703417887123,2.15871555071802
0.585,1.47907594497803,5.53402126628027,2.22823998587735
0.5852,1.63650793565407,5.61947102256639,2.30022222026726
0.5854,1.79479186733673,5.70269769016452,2.37527948435179
0.5856,1.95395985456418,5.78258700330671,2.45455815843706
0.5858,2.1140493162398,5.85904976296709,2.53818486045229
0.586,2.2749111175007,5.93273870775667,2.62535771692362
0.5862,2.43625534747082,6.00338180138493,2.71605885326547
0.5864,2.59869772972288,6.06924835512519,2.81263468177727
0.5866,2.76273125983274,6.13058154565153,2.91533502136079
0.5868,2.92825681192995,6.18890577843307,3.02253634067646
0.587,3.09520420639773,6.24495724474389,3.13343226883343
0.5872,3.26348892552049,0.0160397011499787,-3.03573608280907
0.5874,3.43283970225173,0.0689306618576271,-2.91927626678549
0.5876,3.60371642661499,0.12018283542838,-2.79965171599297
0.5878,3.77650311624381,0.17013371485183,-2.6768159057876
0.588,3.95110768267012,0.219237198389141,-2.55131482289861
0.5882,4.12749866733348,0.269501139607825,-2.42518777945393
0.5884,4.3055626083759,0.321525660938029,-2.29914835974171
0.5886,4.48490029572699,0.375506759487145,-2.17379177093974
0.5888,4.66578565928663,0.432550008166997,-2.04994965605996
0.589,4.84839522631398,0.492907255121235,-1.92769733598684
0.5892,5.03240379466483,0.556635676365156,-1.80741718887991
0.5894,5.21757730117737,0.62435660311063,-1.68996460911285
0.5896,5.40367355467574,0.695642454167599,-1.57515420667145
0.5898,5.59019943596937,0.770000721892849,-1.46298659310307
0.59,5.77733967046846,0.847923237546972,-1.3537688742581
0.5902,5.96510163817064,0.928581260185634,-1.24666492919458
0.5904,6.15301808864699,1.01116843747152,-1.14133565600412
0.5906,0.05768169658894,1.09493019164266,-1.03724849505372
0.5908,0.245326761855647,1.178556026762,-0.933229264906351
0.591,0.432341133800944,1.26128150115764,-0.828940367356697
0.5912,0.618939725586879,1.34281525296999,-0.723875527383106
0.5914,0.805053828830582,1.42272227414149,-0.617668445310908
0.5916,0.990140638184223,1.50079731735193,-0.510656679167706
0.5918,1.17397933339562,1.57697868094002,-0.402999347544407
0.592,1.35648202145184,1.65137072329226,-0.294888701840418
0.5922,1.53817371310559,1.7244265855237,-0.186252872418117
0.5924,1.71912905163099,1.79656993617142,-0.0774408845404349
0.5926,1.89874464427196,1.86819832838947,0.0305463158824981
0.5928,2.07667109666804,1.93975779317905,0.13691330348899
0.593,2.25286713329111,2.01168733159293,0.241179801698183
0.5932,2.42726644117612,2.08489577205204,0.342370669124081
0.5934,2.60045829201401,2.16046544237573,0.439992849638281
0.5936,2.77263201818078,2.23845621777907,0.534175800401705
0.5938,2.94329542436324,2.31884971025441,0.624445714108831
0.594,3.112186683686,2.40190995242725,0.710276731258749
0.5942,3.27936006322428,2.48747410517156,0.791885958052722
0.5944,3.44486663627486,2.57558780328009,0.869278832994769
0.5946,3.60881058512934,2.66674019638336,0.942070388745978
0.5948,3.77190615242608,2.76063846868051,1.01126768374557
0.595,3.93393871512667,2.85625879296833,1.07767992215834
0.5952,4.09468666594862,2.95270152589337,1.14198514005525
0.5954,4.25426193966183,3.04812512027335,1.20613681938848
0.5956,4.41278987941658,3.1421886236974,1.27060125571918
0.5958,4.57014814417386,3.2348478077763,1.33530033639756
0.596,4.72694602996735,3.32494018639462,1.40200584357273
0.5962,4.88354791780233,3.41192027999029,1.47162763781204
0.5964,5.03976672989825,3.49555493526059,1.54421179463766
0.5966,5.19555038031351,3.57531482382404,1.62023555648947
0.5968,5.35090987650309,3.65171828317532,1.69919159332777
0.597,5.50572078228394,3.72528527861597,1.78043550366796
0.5972,5.66049317785614,3.7954600170395,1.86503316081664
0.5974,5.81573038122398,3.862782002341,1.95294837888298
0.5976,5.97135214849073,3.92799051870765,2.04336162978308
0.5978,6.12732926968692,3.99211211103699,2.13521715864992
0.598,0.000512220172694811,4.05571541661845,2.22798211073383
0.5982,0.157175799102747,4.11926096234494,2.3211001439374
0.5984,0.313881324223526,4.1831346543287,2.41393197707441
0.5986,0.471217662033546,4.24738067286094,2.50702229635219
0.5988,0.629668682571368,4.3124692473158,2.60038474243515
0.599,0.789194031150711,4.37937534316562,2.69300399516468
0.5992,0.949818593497594,4.44820834640587,2.78479555427131
0.5994,1.11154544384115,4.51874599511363,2.87598475590711
0.5996,1.27416306537889,4.59093427824167,2.9664140943168
0.5998,1.43746517429812,4.66478098789458,3.05586949358312
0.6,1.60219093683609,4.74001654998991,-3.13782561315383
