t_s,theta_pll_rad,theta_ref_rad,theta_err_rad
0,0,0,0
0.0002,0.0753982236904548,0.075398223686155,4.29981050764638e-12
0.0004,0.150252522571033,0.15079644737231,-0.000543924801277462
0.0006,0.225286517532296,0.226194671058465,-0.000908153526169131
0.0008,0.301427885947628,0.30159289474462,-0.000165008796991939
0.001,0.378303750726308,0.376991118430775,0.00131263229553297
0.0012,0.453811037208451,0.45238934211693,0.00142169509152046
0.0014,0.525734107104207,0.527787565803085,-0.00205345869887819
0.0016,0.593477292821791,0.60318578948924,-0.00970849666744966
0.0018,0.658025912681921,0.678584013175395,-0.0205581004934741
0.002,0.720354737179688,0.75398223686155,-0.0336274996818622
0.0022,0.780307787354998,0.829380460547705,-0.0490726731927074
0.0024,0.836809597463889,0.904778684233861,-0.0679690867699718
0.0026,0.889634512546184,0.980176907920016,-0.0905423953738312
0.0028,0.940298068570089,1.05557513160617,-0.115277063036082
0.003,0.990897421513946,1.13097335529233,-0.14007593377838
0.0032,1.04240553347426,1.20637157897848,-0.163966045504225
0.0034,1.09460795749499,1.28176980266464,-0.187161845169645
0.0036,1.14741541622497,1.35716802635079,-0.209752610125825
0.0038,1.20163699303219,1.43256625003695,-0.230929257004755
0.004,1.25842403187035,1.5079644737231,-0.249540441852755
0.0042,1.31779822882215,1.58336269740926,-0.265564468587103
0.0044,1.37877390591062,1.65876092109541,-0.279987015184788
0.0046,1.44020184348443,1.73415914478157,-0.29395730129714
0.0048,1.50173649878236,1.80955736846772,-0.307820869685362
0.005,1.56390013580863,1.88495559215388,-0.321055456345244
0.0052,1.62722928704299,1.96035381584003,-0.333124528797036
0.0054,1.69157381306659,2.03575203952619,-0.344178226459597
0.0056,1.75645948718692,2.11115026321234,-0.354690776025421
0.0058,1.82161043088527,2.1865484868985,-0.364938056013222
0.006,1.88736569899537,2.26194671058465,-0.374581011589278
0.0062,1.95417958855378,2.33734493427081,-0.383165345717025
0.0064,2.02205537561767,2.41274315795696,-0.390687782339292
0.0066,2.09057750317724,2.48814138164312,-0.397563878465874
0.0068,2.15931286921654,2.56353960532927,-0.404226736112728
0.007,2.22817521649995,2.63893782901543,-0.410762612515481
0.0072,2.29731323112245,2.71433605270158,-0.417022821579132
0.0074,2.36690938405276,2.78973427638774,-0.422824892334976
0.0076,2.43695426594205,2.86513250007389,-0.42817823413184
0.0078,2.50744068269257,2.94053072376005,-0.43309004106748
0.008,2.5784517381478,3.0159289474462,-0.437477209298399
0.0082,2.65005982511263,3.09132717113236,-0.441267346019729
0.0084,2.72220361283388,3.16672539481851,-0.44452178198463
0.0086,2.79483541339218,3.24212361850467,-0.447288205112489
0.0088,2.86787528687195,3.31752184219082,-0.449646555318868
0.009,2.94112420664082,3.39292006587698,-0.451795859236157
0.0092,3.01432508561209,3.46831828956313,-0.453993203951042
0.0094,3.08741140472349,3.54371651324929,-0.456305108525792
0.0096,3.16066003611779,3.61911473693544,-0.458454700817649
0.0098,3.23453269156127,3.6945129606216,-0.459980269060326
0.01,3.30934768202676,3.76991118430775,-0.460563502280996
0.0102,3.38509663927863,3.84530940799391,-0.460212768715274
0.0104,3.46150889721791,3.92070763168006,-0.459198734462151
0.0106,3.53845259037572,3.99610585536622,-0.457653264990492
0.0108,3.61588963621735,4.07150407905237,-0.455614442835026
0.011,3.69373364154423,4.14690230273853,-0.453168661194302
0.0112,3.77176961117924,4.22230052642468,-0.450530915245445
0.0114,3.84975052320783,4.29769875011084,-0.447948226903007
0.0116,3.92760678604856,4.37309697379699,-0.445490187748435
0.0118,4.00567174145027,4.44849519748315,-0.442823456032878
0.012,4.08443127003589,4.5238934211693,-0.439462151133411
0.0122,4.16413083200603,4.59929164485546,-0.435160812849431
0.0124,4.24458003195218,4.67468986854161,-0.43010983658943
0.0126,4.32553649754366,4.75008809222777,-0.424551594684111
0.0128,4.40690380352922,4.82548631591392,-0.418582512384698
0.013,4.48867938297407,4.90088453960008,-0.412205156626004
0.0132,4.57083295615397,4.97628276328623,-0.405449807132265
0.0134,4.65321923329824,5.05168098697239,-0.398461753674145
0.0136,4.73566746103273,5.12707921065854,-0.391411749625811
0.0138,4.81817946558602,5.2024774343447,-0.384297968758678
0.014,4.90093187932982,5.27787565803085,-0.376943778701033
0.0142,4.98414921420824,5.35327388171701,-0.369124667508772
0.0144,5.06800196344642,5.42867210540316,-0.360670141956741
0.0146,5.15252025349731,5.50407032908932,-0.351550075592009
0.0148,5.23760254510566,5.57946855277547,-0.341866007669811
0.015,5.32311426544219,5.65486677646163,-0.331752511019437
0.0152,5.40897231887619,5.73026500014778,-0.321292681271593
0.0154,5.49513406102398,5.80566322383394,-0.310529162809961
0.0156,5.58151387787718,5.88106144752009,-0.299547569642912
0.0158,5.66793212319171,5.95645967120625,-0.288527548014541
0.016,5.7541309364214,6.0318578948924,-0.277726958471002
0.0162,5.83999145815614,6.10725611857856,-0.267264660422414
0.0164,5.92558348438966,6.18265434226471,-0.257070857875049
0.0166,6.01110717582142,6.25805256595087,-0.246945390129452
0.0168,6.09676730972952,6.06029460090016,0.0364727088293648
0.017,6.18269903403624,6.139442515617,0.0432565184192413
0.0172,6.26897155834396,6.22038451713401,0.0485870412099549
0.0174,0.0723820091983782,0.0191303138844645,0.0532516953139137
0.0176,0.159191890569344,0.102348462135641,0.0568434284337031
0.0178,0.246046718813952,0.187939721693541,0.0581069971204103
0.018,0.332776452039429,0.276253028971158,0.056523423068271
0.0182,0.419272613198185,0.366172592262006,0.053100020936179
0.0184,0.505532863111656,0.455867422666067,0.049665440445589
0.0186,0.591700639708115,0.544412999121253,0.0472876405868623
0.0188,0.678040191678113,0.631988142400094,0.0460520492780189
0.019,0.76472763182236,0.719000289392775,0.0457273424295855
0.0192,0.851776348060129,0.805116881134926,0.0466594669252024
0.0194,0.939123553512745,0.889501844852552,0.0496217086601931
0.0196,1.02668977198657,0.971717909007739,0.0549718629788332
0.0198,1.11439314439696,1.05210965867687,0.0622834857200898
0.02,1.20213548510794,1.13124838415911,0.0708871009488361
0.0202,1.28977964423755,1.20929309808254,0.0804865461550113
0.0204,1.37708577379576,1.28607476841741,0.0910110053783424
0.0206,1.46388977191775,1.36168054209781,0.102209229819946
0.0208,1.55028913262792,1.43657655770911,0.11371257491881
0.021,1.63651813686352,1.51134194482203,0.125176192041494
0.0212,1.72286513694642,1.58654647761558,0.136318659330834
0.0214,1.80950416416814,1.66263023463364,0.146873929534505
0.0216,1.89645231225655,1.73990215707366,0.156550155182893
0.0218,1.98364682581552,1.81848839706665,0.165158428748871
0.022,2.07100989054489,1.89823842706636,0.17277146347853
0.0222,2.15845383520478,1.97883391385471,0.179619921350073
0.0224,2.24581185529661,2.06018718938345,0.185624665913162
0.0226,2.33284648138067,2.14258415330262,0.190262328078052
0.0228,2.41938866042433,2.22641314679838,0.192975513625945
0.023,2.50541650172299,2.31181570233562,0.193600799387371
0.0232,2.59109047057268,2.39872644576735,0.192364024805328
0.0234,2.67665175845179,2.4871148496324,0.189536908819394
0.0236,2.76229938361019,2.57690095535463,0.185398428255562
0.0238,2.84814169619605,2.66778863147318,0.180353064722872
0.024,2.93420733647658,2.75916190906669,0.175045427409889
0.0242,3.02046123494523,2.85032233673761,0.170138898207622
0.0244,3.10674504445429,2.94063215335028,0.16611289110401
0.0246,3.19278323851554,3.02966771183138,0.163115526684159
0.0248,3.27841102628049,3.11736455963542,0.161046466645071
0.025,3.36358847505478,3.20367420089172,0.159914274163063
0.0252,3.44837648000662,3.28830596344743,0.160070516559194
0.0254,3.53288321200901,3.37112383110874,0.161759380900263
0.0256,3.61726627446317,3.45245079093099,0.164815483532178
0.0258,3.70167555481517,3.53277339815547,0.168902156659702
0.026,3.78611487995841,3.61199162539263,0.174123254565777
0.0262,3.87042447445804,3.68952991864356,0.180894555814473
0.0264,3.95446960332865,3.76491562656036,0.189553976768289
0.0266,4.0381293945914,3.83805670576221,0.200072688829193
0.0268,4.12129919046666,3.90920722517317,0.212091965293488
0.027,4.20375161571919,3.97868573595796,0.225065879761229
0.0272,4.28526253333835,4.04676725936118,0.238495273977169
0.0274,4.36566953417545,4.11387275949847,0.251796774676985
0.0276,4.44490214821617,4.18054819736889,0.264353950847276
0.0278,4.5229421727994,4.24736065132757,0.275581521471831
0.028,4.5997547282087,4.31475290176041,0.285001826448291
0.0282,4.67529504996756,4.38302777081827,0.292267279149289
0.0284,4.74956072781353,4.45249359779481,0.297067130018718
0.0286,4.82245284449351,4.5233746151075,0.299078229386018
0.0288,4.89394467526906,4.59579698805571,0.298147687213347
0.029,4.96408795816303,4.66973586862012,0.294352089542911
0.0292,5.03298395553675,4.74504846133448,0.287935494202268
0.0294,5.10075584944017,4.82151360198095,0.279242247459218
0.0296,5.16761897760413,4.89887289329094,0.26874608431319
0.0298,5.23367763141734,4.97682863987612,0.256848991541221
0.03,5.29906231185178,5.05489336731549,0.244168944536287
0.0302,5.36397087569854,5.13232360112983,0.231647274568713
0.0304,5.42845363994133,5.20841554080387,0.220038099137462
0.0306,5.49259787321209,5.2828712915402,0.209726581671893
0.0308,5.55650703272377,5.35548709207061,0.201019940653165
0.031,5.62025540905732,5.42614681914345,0.194108589913865
0.0312,5.6839714794036,5.49504166484922,0.188929814554378
0.0314,5.74780801277448,5.56265505757524,0.185152955199245
0.0316,5.81190835534732,5.629613752011,0.182294603336318
0.0318,5.87629940638846,5.69647091546762,0.17982849092084
0.032,5.94106010616203,5.76364829832842,0.177411807833609
0.0322,6.00622066336288,5.8314331163875,0.174787546975375
0.0324,6.07178617863592,5.90012783705927,0.171658341576648
0.0326,6.13778375195997,5.96990419050164,0.167879561458328
0.0328,6.20430720645512,6.04081163934297,0.163495567112149
0.033,6.27132114463524,6.11265373504019,0.158667409595056
0.0332,0.0556006001279128,6.18508494846615,0.153700958841354
0.0334,0.123474448915782,6.25790557443963,0.148754181655742
0.0336,0.191697016063114,0.0477440626249204,0.143952953438193
0.0338,0.26023953288607,0.12084813065746,0.139391402228609
0.034,0.329063203438686,0.193929888277328,0.135133315161358
0.0342,0.398154622049228,0.26705933598982,0.131095286059408
0.0344,0.467540135362303,0.340305598271725,0.127234537090578
0.0346,0.537216462704178,0.413710411419763,0.123506051284415
0.0348,0.607184528351935,0.487213794777738,0.119970733574198
0.035,0.677410441063851,0.560793132008845,0.116617309055006
0.0352,0.747842142044001,0.634401848109438,0.113440293934563
0.0354,0.818381752430691,0.707950634740013,0.110431117690678
0.0356,0.888964851586695,0.781310139584252,0.107654712002443
0.0358,0.959531577521491,0.854486468288182,0.10504510923331
0.036,1.0300022288094,0.927624199280196,0.102378029529203
0.0362,1.10028845264103,1.00086065975347,0.0994277928875553
0.0364,1.17043140580196,1.07427330647503,0.0961580993269262
0.0366,1.24039688110988,1.14788201523076,0.0925148658791191
0.0368,1.31015047670971,1.22175955413692,0.0883909225727912
0.037,1.37970179821989,1.29607986505366,0.0836219331662251
0.0372,1.4490422927769,1.37092339858772,0.0781188941891779
0.0374,1.51813800919692,1.44616195409138,0.0719760551055446
0.0376,1.58702421858787,1.52161526538942,0.0654089531984574
0.0378,1.65572928787682,1.59703109405256,0.0586981938242661
0.038,1.72423323536315,1.67216744641629,0.052065788946863
0.0382,1.79255774915531,1.74687026677284,0.0456874823824682
0.0384,1.86074182497011,1.82106130110322,0.0396805238668874
0.0386,1.92882478950197,1.8947078834966,0.0341169060053665
0.0388,1.99683887726749,1.96778417486255,0.0290547024049479
0.039,2.064889802611,2.04023394361409,0.0246558589969088
0.0392,2.13298919493289,2.11198530771212,0.0210038872207776
0.0394,2.20114323146569,2.18294750338686,0.0181957280788305
0.0396,2.269448798151,2.25299555477011,0.0164532433808979
0.0398,2.33790800225651,2.32209618801466,0.0158118142418502
0.04,2.4065321734381,2.39036200393926,0.016170169498837
0.0402,2.47532112175698,2.45789178385127,0.0174293379057069
0.0404,2.54434200102596,2.52487376670279,0.019468234323178
0.0406,2.6135983868638,2.59141545755908,0.0221829293047233
0.0408,2.68306982235511,2.65773080187603,0.0253390204790795
0.041,2.75272961913995,2.72415687086196,0.0285727482779916
0.0412,2.82258673932672,2.79107083649459,0.0315159028321226
0.0414,2.89264555234238,2.85886777018698,0.0337777821553957
0.0416,2.96293699359235,2.92775384650389,0.0351831470884538
0.0418,3.03344526755265,2.997902331712,0.0355429358406436
0.042,3.10423474314734,3.06933274049863,0.0349020026487135
0.0422,3.17524460228373,3.14191587809495,0.0333287241887708
0.0424,3.2464788749563,3.21550221333091,0.0309766616253935
0.0426,3.31793309407283,3.2901024782874,0.0278306157854269
0.0428,3.38961031616795,3.36593244735399,0.0236778688139556
0.043,3.46149338493661,3.44315431593133,0.018339069005286
0.0432,3.5335888837948,3.52186956796927,0.0117193158255304
0.0434,3.60586188840325,3.60212180859019,0.00374007981305935
0.0436,3.67834390102373,3.68395116205801,-0.00560726103427722
0.0438,3.75100900944867,3.76721361810662,-0.0162046086579428
0.044,3.82386848281595,3.85145178125932,-0.0275832984433659
0.0442,3.89688454030548,3.93613795470582,-0.0392534144003451
0.0444,3.97001567173094,4.02074142254014,-0.0507257508091992
0.0446,4.04330599472809,4.10484539728705,-0.0615394025589593
0.0448,4.11674051289532,4.1880591205837,-0.0713186076883803
0.045,4.19029521520736,4.27012455223611,-0.0798293370287482
0.0452,4.26395362156943,4.35090348267957,-0.0869498611101394
0.0454,4.33767091153506,4.43034546027067,-0.0926745487356122
0.0456,4.41146866433927,4.50851153602727,-0.0970428716879974
0.0458,4.48536578328084,4.58556234890688,-0.10019656562604
0.046,4.55936313704186,4.66170273095301,-0.102339593911156
0.0462,4.63349926538466,4.73719215095405,-0.103692885569386
0.0464,4.70773033094977,4.81230203547096,-0.104571704521196
0.0466,4.78208199256643,4.88729692213838,-0.105214929571948
0.0468,4.85657932678422,4.96242636915408,-0.10584704236986
0.047,4.93125171795606,5.03793260070566,-0.106680882749599
0.0472,5.00606834638227,5.11401072315112,-0.107942376768847
0.0474,5.08106830565857,5.19081205476914,-0.109743749110565
0.0476,5.15621575550373,5.26846591715119,-0.112250161647456
0.0478,5.23153350016567,5.34693399887678,-0.11540049871111
0.048,5.30697475178829,5.42607245579885,-0.119097704010561
0.0482,5.38255506972217,5.50566807391403,-0.123113004191863
0.0484,5.45822510845917,5.58549582244451,-0.127270713985335
0.0486,5.53400182559419,5.6652986617981,-0.131296836203917
0.0488,5.60990309421648,5.7448445048608,-0.13494141064432
0.049,5.68589814333015,5.82390080172786,-0.138002658397707
0.0492,5.76203114290242,5.90224390352518,-0.140212760622763
0.0494,5.83825329095945,5.97962503144185,-0.141371740482398
0.0496,5.91450238345973,6.05607250817955,-0.141570124719822
0.0498,5.99085521893252,6.13168188215053,-0.140826663218005
0.05,6.06727845546516,6.20644018127952,-0.139161725814365
0.0502,6.14371287876947,6.2805281897038,-0.136815310934326
0.0504,6.22023147216692,0.0709575697345002,-0.133911404747163
0.0506,0.0136544586675615,0.144288252617468,-0.130633793949907
0.0508,0.0903385648528246,0.217442606037957,-0.127104041185133
0.051,0.167076804318161,0.290524680649259,-0.123447876331098
0.0512,0.243881673970595,0.363724740275103,-0.119843066304508
0.0514,0.320795419059416,0.437163590813277,-0.116368171753861
0.0516,0.397813626131498,0.510919126057667,-0.113105499926169
0.0518,0.474937968377811,0.585141796122964,-0.110203827745153
0.052,0.552196784147299,0.65987250571381,-0.107675721566512
0.0522,0.629536813149495,0.735028345734225,-0.105491532584729
0.0524,0.706991892364356,0.810631609920499,-0.103639717556143
0.0526,0.784583052345123,0.886642420734606,-0.102059368389483
0.0528,0.862286188091828,0.962916177649348,-0.10062998955752
0.053,0.940102845256095,1.0393114625141,-0.0992086172580087
0.0532,1.01797612202709,1.115739443761,-0.0977633217339122
0.0534,1.09591508630418,1.19210086547478,-0.0961857791705973
0.0536,1.17390435915231,1.26833856253479,-0.0944342033824757
0.0538,1.25192013667955,1.34441545591654,-0.0924953192369891
0.054,1.32995901301623,1.42029573285017,-0.0903367198339442
0.0542,1.40798890593287,1.49598140162767,-0.0879924956947939
0.0544,1.48604798043548,1.57147126436438,-0.085423283928894
0.0546,1.56417385206835,1.64678503043431,-0.0826111783659569
0.0548,1.64234115588216,1.72195972722919,-0.0796185713470308
0.055,1.72049159246091,1.79704811201887,-0.0765565195579672
0.0552,1.79865255465201,1.87209117157729,-0.0734386169252834
0.0554,1.8767963179376,1.94712841075738,-0.0703320928197868
0.0556,1.95487075619713,2.02222644255303,-0.0673556863558993
0.0558,2.03295389708339,2.09746449877282,-0.0645106016894341
0.056,2.11105942837604,2.17286119249488,-0.0618017641188406
0.0562,2.18917359598935,2.24842034219016,-0.0592467462008126
0.0564,2.26727042420669,2.32416822715254,-0.0568978029458527
0.0566,2.34537523220722,2.40009536078457,-0.0547201285773489
0.0568,2.42347862634521,2.47617298274397,-0.0526943563987587
0.057,2.50156957807056,2.55237490943128,-0.0508053313607189
0.0572,2.57970100015012,2.62869246347717,-0.048991463327051
0.0574,2.65782722182676,2.70506111606236,-0.0472338942355948
0.0576,2.73595685073343,2.78147466228087,-0.0455178115474331
0.0578,2.81413412300219,2.85790479165366,-0.0437706686514741
0.058,2.89234565652933,2.93426900546625,-0.04192334893692
0.0582,2.97056578631471,3.01057228674955,-0.0400065004348447
0.0584,3.04885362467049,3.08674996077634,-0.0378963361058551
0.0586,3.12714214707186,3.16269520083219,-0.0355530537603359
0.0588,3.20543190398421,3.23845634015956,-0.0330244361753582
0.059,3.28367317662488,3.31399480467131,-0.0303216280464325
0.0592,3.36185729617565,3.38936071588289,-0.0275034197072404
0.0594,3.44002927171798,3.46459891583046,-0.0245696441124781
0.0596,3.51815379119453,3.53970674997362,-0.0215529587790808
0.0598,3.59625005232582,3.6147189131918,-0.0184688608659767
0.06,3.67427458558613,3.68962721368204,-0.0153526280959109
0.0602,3.75222701201946,3.76442592389017,-0.012198911870704
0.0604,3.83011434916829,3.83918253997305,-0.00906819080476096
0.0606,3.90792174152835,3.91396625158771,-0.00604451005935402
0.0608,3.98568604515712,3.98877974731715,-0.0030937021600268
0.061,4.06336464288218,4.06362645896034,-0.00026181607815623
0.0612,4.14091797748288,4.13848307441401,0.00243490306886773
0.0614,4.21831289768249,4.21338295430486,0.00492994337762287
0.0616,4.29557523095447,4.28833528917259,0.00723994178187848
0.0618,4.37281531858038,4.36336492942197,0.00945038915840701
0.062,4.45004456442913,4.43848474087221,0.0115598235569241
0.0622,4.52722468181994,4.5136764997112,0.0135481821087389
0.0624,4.6043916599477,4.5889390545008,0.0154526054468995
0.0626,4.68156474154143,4.66427014389354,0.0172945976478864
0.0628,4.75867244301846,4.73965988997471,0.0190125530437548
0.063,4.83574180457998,4.81510588886948,0.0206359157104981
0.0632,4.91276287264044,4.89060401711953,0.0221588555209129
0.0634,4.9897064256939,4.96616612004955,0.0235403056443539
0.0636,5.06660505225098,5.04177922271349,0.0248258295374884
0.0638,5.14345920702582,5.11742558513512,0.0260336218906998
0.064,5.22027525255636,5.19312171865103,0.0271535339053282
0.0642,5.29709470688067,5.26882618268873,0.0282685241919349
0.0644,5.37389319063982,5.34454052197788,0.0293526686619341
0.0646,5.45069531064747,5.42027752369998,0.0304177869474973
0.0648,5.52745660967771,5.496034276894,0.03142233278371
0.065,5.60419927735472,5.57182915396307,0.03237012339165
0.0652,5.68088514104465,5.64765342915579,0.0332317118888605
0.0654,5.75753193100048,5.72345505801362,0.0340768729868586
0.0656,5.83408419149799,5.79919170484981,0.0348924866481761
0.0658,5.9105404302825,5.87487741560192,0.0356630146805772
0.066,5.98690902505536,5.95053635940483,0.0363726656505303
0.0662,6.06315818348054,6.02614512746704,0.0370130560134987
0.0664,6.13931715776881,6.10162695479947,0.0376902029693351
0.0666,6.21536980451475,6.1770150570515,0.038354747463254
0.0668,0.00811846329057175,6.25234224534751,0.0389615251226436
0.067,0.0839274224298983,0.0443336548004194,0.039593767629479
0.0672,0.159666703092162,0.119428119085944,0.0402385840062182
0.0674,0.2353621588825,0.194465883449868,0.0408962754326317
0.0676,0.311005219000041,0.269476238610327,0.0415289803897148
0.0678,0.386598182657525,0.344456095692113,0.0421420869654123
0.068,0.462187627331874,0.419358835204258,0.042828792127615
0.0682,0.537726922331729,0.494182864809951,0.0435440575217778
0.0684,0.613220057504595,0.568947636930875,0.0442724205737202
0.0686,0.688701796175563,0.643653242772005,0.0450485534035586
0.0688,0.764151784838265,0.718345138711935,0.0458066461263298
0.069,0.83953293660208,0.793016480579229,0.0465164560228513
0.0692,0.914901595574691,0.867678485683755,0.0472231098909359
0.0694,0.990244162090025,0.942391725886661,0.0478524362033638
0.0696,1.06551607183948,1.0171668284685,0.0483492433709816
0.0698,1.14073927720253,1.09205169815538,0.0486875790471482
0.07,1.21594422827545,1.16702295916104,0.0489212691144132
0.0702,1.29114523923573,1.24209036744242,0.049054871793313
0.0704,1.3662916422981,1.31721345108609,0.0490781912120111
0.0706,1.44140076591882,1.39240737510955,0.0489933908092728
0.0708,1.51645327856488,1.46767733831489,0.0487759402499885
0.071,1.59143821417101,1.54301300215638,0.0484252120146309
0.0712,1.66632894545518,1.61842167487713,0.0479072705780434
0.0714,1.74118560840327,1.69389750340377,0.0472881049994998
0.0716,1.8160055055676,1.76942748035718,0.0465780252104222
0.0718,1.89074386687436,1.84499685463405,0.0457470122403165
0.072,1.96542121437387,1.92059302805455,0.0448281863193267
0.0722,2.04001431729074,1.99621166138713,0.04380265590361
0.0724,2.11451055095247,2.07180529604607,0.0427052549063993
0.0726,2.18890938427126,2.14732539299222,0.0415839912790346
0.0728,2.2631937318337,2.22278516869399,0.0404085631397018
0.073,2.33739018025589,2.2982410518034,0.039149128452491
0.0732,2.41158081798491,2.37363972132291,0.0379410966619997
0.0734,2.48577117893556,2.44900020734734,0.0367709715882212
0.0736,2.55999925286415,2.52431605343785,0.0356831994262947
0.0738,2.63421303247997,2.5995129556056,0.0347000768743677
0.074,2.7084100533576,2.67467815620914,0.0337318971484635
0.0742,2.78261907335134,2.74975294256795,0.0328661307833826
0.0744,2.85681552978845,2.82468488355739,0.032130646231054
0.0746,2.93096843718443,2.89956070758045,0.0314077296039814
0.0748,3.00513758913334,2.97436204722404,0.0307755419093003
0.075,3.07930775882112,3.04901140606351,0.0302963527576128
0.0752,3.15347300817315,3.12365258533001,0.0298204228431302
0.0754,3.22767140504416,3.19830754021967,0.0293638648244889
0.0756,3.30188376284591,3.27304503842043,0.0288387244254884
0.0758,3.37613827608213,3.34787083796807,0.0282674381140633
0.076,3.45039248471193,3.42273297977896,0.0276595049329673
0.0762,3.52467119602932,3.49767284983288,0.026998346196442
0.0764,3.59894057619513,3.57265403042545,0.0262865457696781
0.0766,3.67318658060389,3.64763766108377,0.0255489195201268
0.0768,3.74734814113367,3.72266757307529,0.0246805680583755
0.077,3.82147936616188,3.79774403551228,0.0237353306496062
0.0772,3.8955839569728,3.87282002330059,0.0227639336722056
0.0774,3.96962872732827,3.94788040364411,0.0217483236841529
0.0776,4.04364895869998,4.02300525954575,0.0206436991542249
0.0778,4.11762984725663,4.09816985564317,0.0194599916134575
0.078,4.19155372046224,4.17337115361796,0.018182566844283
0.0782,4.26540834138277,4.24862259223843,0.0167857491443391
0.0784,4.33924571343989,4.3239221609051,0.0153235525347952
0.0786,4.41308958552409,4.39923628320548,0.0138533023186032
0.0788,4.48693083017077,4.47459423227024,0.0123365979005303
0.079,4.56077563880128,4.54997536794446,0.010800270856822
0.0792,4.63467764212779,4.62535751608431,0.00932012604347321
0.0794,4.70859664138392,4.70075194817218,0.00784469321174353
0.0796,4.78253698761111,4.77615073395884,0.00638625365227519
0.0798,4.85652598082246,4.85155275379851,0.00497322702395131
0.08,4.93053639407741,4.9269390927175,0.00359730135990777
0.0802,5.0045269697464,5.00231048873018,0.0022164810162284
0.0804,5.07853215365968,5.07764536377356,0.000886789886127559
0.0806,5.15255584656031,5.15291712349061,-0.000361276930300747
0.0808,5.22659939628065,5.22814634288834,-0.00154694660768229
0.081,5.3006943934853,5.30329807042013,-0.0026036769348341
0.0812,5.37481348748872,5.37838557023015,-0.00357208274142717
0.0814,5.44898644822206,5.4534282148485,-0.00444176662644402
0.0816,5.52317805456031,5.52842045746092,-0.0052424029006124
0.0818,5.59741863679158,5.60337289717783,-0.00595426038625746
0.082,5.6716757522573,5.67826762614569,-0.00659187388839211
0.0822,5.74597065814497,5.75317434420002,-0.00720368605504973
0.0824,5.82025039173038,5.82797637312597,-0.00772598139558678
0.0826,5.89444280445961,5.90270231139897,-0.00825950693935962
0.0828,5.9686214550501,5.97743353110616,-0.0088120760560555
0.083,6.04275478670722,6.05212893466298,-0.00937414795575719
0.0832,6.11687038507327,6.12686103328659,-0.00999064821332052
0.0834,6.19097776271377,6.20163950817426,-0.0106617454604896
0.0836,6.26506231936231,6.27645508140561,-0.011392762043295
0.0838,0.0559119505462462,0.0680801979013901,-0.0121682473551439
0.084,0.129973647118765,0.142931772426168,-0.0129581253074027
0.0842,0.20406850297637,0.217834962946562,-0.0137664599701918
0.0844,0.278221000886901,0.29282159532789,-0.0146005944409888
0.0846,0.352450373962426,0.367868324052797,-0.0154179500903716
0.0848,0.426757402652896,0.443069301546732,-0.0163118988938353
0.085,0.501154833498638,0.518333027575907,-0.0171781940772692
0.0852,0.575567216386633,0.593599751571514,-0.0180325351848811
0.0854,0.650014175201266,0.668895186805279,-0.0188810116040131
0.0856,0.724522472810984,0.744273900651464,-0.0197514278404796
0.0858,0.799068825406044,0.819655922558278,-0.0205870971522342
0.086,0.873652394003856,0.895034199226359,-0.0213818052225027
0.0862,0.948269309511308,0.970451455042358,-0.0221821455310498
0.0864,1.02292280374813,1.04587611712829,-0.022953313380162
0.0866,1.09764512695183,1.12132833189763,-0.0236832049458036
0.0868,1.17239842660946,1.19678130142875,-0.0243828748192898
0.087,1.24719869955583,1.27224197226063,-0.0250432727047936
0.0872,1.32200113268595,1.34771180853193,-0.0257106758459822
0.0874,1.39683564862924,1.423168474697,-0.0263328260677582
0.0876,1.47167693047045,1.49860879809243,-0.0269318676219779
0.0878,1.54655484875236,1.57402303736998,-0.0274681886176142
0.088,1.62142182072656,1.6493999628449,-0.0279781421183478
0.0882,1.69627239180665,1.72473603013874,-0.0284636383320875
0.0884,1.7711076002667,1.80002537837716,-0.0289177781104535
0.0886,1.84589219254756,1.87527868065542,-0.0293864881078625
0.0888,1.92066063269315,1.9504854102376,-0.0298247775444564
0.089,1.99543043173573,2.02562751005264,-0.0301970783169065
0.0892,2.07019216651087,2.1007328793175,-0.0305407128066264
0.0894,2.14491707033434,2.17578750096573,-0.0308704306313943
0.0896,2.21965663938387,2.25078850850011,-0.0311318691162419
0.0898,2.29440478951335,2.32576008177571,-0.0313552922623632
0.09,2.36916411492523,2.40069146311626,-0.0315273481910294
0.0902,2.44396355609167,2.47557378148129,-0.0316102253896275
0.0904,2.51883469269206,2.55048194789282,-0.0316472552007609
0.0906,2.59380279831239,2.62537314137524,-0.0315703430628411
0.0908,2.66879635064981,2.70026920044673,-0.0314728497969252
0.091,2.74383270812051,2.77520215179468,-0.0313694436741745
0.0912,2.81893110638105,2.85019755420742,-0.0312664478263649
0.0914,2.89411847966352,2.92520002047502,-0.0310815408114924
0.0916,2.96932770282387,3.00021228062217,-0.0308845777982967
0.0918,3.04458308662231,3.07527430119615,-0.0306912145738441
0.092,3.11990909494081,3.15037089197001,-0.0304617970291972
0.0922,3.19531951516843,3.22548285411321,-0.030163338944786
0.0924,3.27075144634159,3.30055460854044,-0.0298031621988502
0.0926,3.34621830080808,3.37562333380187,-0.0294050329937905
0.0928,3.42167986443424,3.45064823645407,-0.0289683720198264
0.093,3.49715696722804,3.52568944198022,-0.0285324747521818
0.0932,3.57263769056651,3.60081340330473,-0.0281757127382232
0.0934,3.64815202631227,3.67603683336624,-0.0278848070539732
0.0936,3.72364718062169,3.75124852664859,-0.0276013460269038
0.0938,3.79911927214807,3.82648469658585,-0.0273654244377797
0.094,3.87456146273711,3.90179565394177,-0.0272341912046667
0.0942,3.9500108543237,3.97710713190678,-0.0270962775830847
0.0944,4.0254302052635,4.05245753993432,-0.0270273346708203
0.0946,4.10081599768444,4.12787966044928,-0.0270636627648342
0.0948,4.1761649377076,4.2033293171366,-0.0271643794290002
0.095,4.25152922111882,4.27875664048948,-0.0272274193706554
0.0952,4.3269002695115,4.35420083321665,-0.0273005637051495
0.0954,4.40225949615345,4.4296391696673,-0.0273796735138534
0.0956,4.47763873701946,4.50507081767804,-0.0274320806585804
0.0958,4.55306007525208,4.58050569442821,-0.0274456191761212
0.096,4.62851619855457,4.65592797605907,-0.0274117775044971
0.0962,4.70402694261973,4.73133114752093,-0.0273042049012
0.0964,4.77953394674485,4.80670705383626,-0.0271731070914081
0.0966,4.85505896665858,4.8820541669753,-0.0269952003167244
0.0968,4.93062751086377,4.95737256679331,-0.0267450559295392
0.097,5.00620977992463,5.03267788089731,-0.0264681009726866
0.0972,5.08179949693774,5.10796707566685,-0.0261675787291047
0.0974,5.15743459293356,5.18322889263119,-0.0257942996976306
0.0976,5.23313074352846,5.25850613709523,-0.0253753935667671
0.0978,5.30889038955296,5.33376577935827,-0.0248753898053087
0.098,5.38464553139751,5.40897280054318,-0.0243272691456689
0.0982,5.460414822623,5.48416544096466,-0.023750618341654
0.0984,5.53622115442988,5.55936376659835,-0.023142612168467
0.0986,5.61203445996924,5.63456690440192,-0.0225324444326809
0.0988,5.68789058787025,5.70974153399368,-0.0218509461234273
0.099,5.7637623235505,5.78494340816593,-0.0211810846154314
0.0992,5.83958063536992,5.86017883359177,-0.0205981982218475
0.0994,5.91535666463977,5.93537534886133,-0.0200186842215606
0.0996,5.99109022430054,6.01060066283075,-0.0195104385302152
0.0998,6.06681597845247,6.08581762339985,-0.0190016449473793
0.1,6.14250133569348,6.16100803472596,-0.0185066990324847
0.1002,6.21812825382234,6.23613868421756,-0.0180104303952238
0.1004,0.010489481675652,0.0280566336898023,-0.0175671520141503
0.1006,0.0859689008529246,0.103100585003934,-0.0171316841510099
0.1008,0.161451776580057,0.178152190238341,-0.0167004136582838
0.101,0.236941906141998,0.25315210281204,-0.0162101966700421
0.1012,0.312420486638009,0.328100921111211,-0.0156804344732027
0.1014,0.387909204311426,0.403019024789951,-0.0151098204785252
0.1016,0.463429285597297,0.47791353157627,-0.0144842459789729
0.1018,0.538931734020677,0.552816860815299,-0.0138851267946226
0.102,0.614430766832464,0.627796941484875,-0.0133661746524105
0.1022,0.689958698818716,0.702813728892062,-0.0128550300733457
0.1024,0.765532003384869,0.777899458547841,-0.012367455162972
0.1026,0.84110962034164,0.853025901622485,-0.011916281280845
0.1028,0.916719743622647,0.92820109170682,-0.0114813480841721
0.103,0.992436879647985,1.00344088351632,-0.0110040038683328
0.1032,1.06819905058976,1.0787039035219,-0.0105048529321461
0.1034,1.14401250513225,1.15401993610964,-0.0100074309773952
0.1036,1.21982515231557,1.22937439694004,-0.00954924462446538
0.1038,1.29564691678329,1.30475971693614,-0.00911280015284488
0.104,1.37142670275341,1.38014938779398,-0.0087226850405675
0.1042,1.44717048565151,1.45554289223589,-0.00837240658438199
0.1044,1.52292948399414,1.53094503695172,-0.00801555295757761
0.1046,1.59864205003101,1.60634384864812,-0.00770179861710174
0.1048,1.67423991370403,1.68174024201658,-0.00750032831254988
0.105,1.74980128925259,1.7571301696564,-0.00732888040380519
0.1052,1.82529783288212,1.83250984706386,-0.00721201418174533
0.1054,1.90075447189554,1.90788747507718,-0.0071330031816339
0.1056,1.97618128025948,1.98327469118935,-0.00709341092986815
0.1058,2.0515649562417,2.05867295115622,-0.00710799491452008
0.106,2.12688546060981,2.13407698975014,-0.00719152914033705
0.1062,2.20221154799535,2.20950531216124,-0.00729376416588723
0.1064,2.27756407632757,2.28492741773416,-0.00736334140658812
0.1066,2.35293711889385,2.36032505828396,-0.00738793939011773
0.1068,2.42830933581827,2.43572941756443,-0.00742008174616204
0.107,2.5037289294865,2.51114227839664,-0.00741334891013956
0.1072,2.57921857497662,2.58652624038991,-0.00730766541329064
0.1074,2.65470434334013,2.66189753647037,-0.00719319313023492
0.1076,2.73020835777231,2.73722536203093,-0.00701700425862306
0.1078,2.80571863723385,2.81243314640395,-0.00671450917010041
0.108,2.88119095355782,2.88753073118033,-0.00633977762250337
0.1082,2.95665263890984,2.96257630358703,-0.00592366467718897
0.1084,3.03210441598748,3.0375385913912,-0.00543417540372104
0.1086,3.10754842886013,3.11244491126132,-0.00489648240119056
0.1088,3.18302144659308,3.18731772210782,-0.0042962755147391
0.109,3.25853195239047,3.26220482915792,-0.00367287676745498
0.1092,3.33402152327658,3.33705773247809,-0.00303620920150882
0.1094,3.40948752903649,3.41192619479479,-0.00243866575829754
0.1096,3.48492343871707,3.48680648798977,-0.00188304927269822
0.1098,3.56034416738135,3.56170453088874,-0.00136036350738822
0.11,3.63575056948878,3.63655039331792,-0.000799823829138901
0.1102,3.71108605921776,3.71142825627493,-0.000342197057170424
0.1104,3.78640441816786,3.78635276249474,5.16556731291473e-05
0.1106,3.86170671841497,3.86132389103599,0.00038282737898232
0.1108,3.93693329741491,3.93633131165239,0.000601985762521462
0.111,4.01211727460243,4.01140041064393,0.000716863958499125
0.1112,4.08727242826403,4.0865134077584,0.00075902050562604
0.1114,4.16236634278081,4.16166748789345,0.000698854887361655
0.1116,4.23736045524176,4.23689862927667,0.000461825965093254
0.1118,4.31235056635696,4.31217481509811,0.000175751258852941
0.112,4.38736217656887,4.38749315988582,-0.000130983316949163
0.1122,4.46239051103171,4.46284730554892,-0.000456794517218917
0.1124,4.53741929806093,4.53821322348824,-0.000793925427308828
0.1126,4.61249962909718,4.61359551549099,-0.00109588639381819
0.1128,4.6875791976753,4.68898539907098,-0.00140620139567371
0.113,4.76265386566659,4.76438581603983,-0.00173195037324092
0.1132,4.83776135303501,4.83980102708499,-0.00203967404998551
0.1134,4.9129197949938,4.91522569513725,-0.00230590014344578
0.1136,4.98815412774446,4.99064426551679,-0.00249013777232054
0.1138,5.06337075951394,5.06604367765168,-0.00267291813774229
0.114,5.13856098169261,5.14143470651068,-0.00287372481806081
0.1142,5.21374557190481,5.21679876100581,-0.00305318910100283
0.1144,5.28896704455455,5.2921210100072,-0.00315396545265045
0.1146,5.36419819443857,5.36744886004014,-0.00325066560157428
0.1148,5.43946662775233,5.44277067460704,-0.00330404685471297
0.115,5.51473473639424,5.51803217853133,-0.00329744213709038
0.1152,5.59003190267217,5.59323919858343,-0.0032072959112579
0.1154,5.66532659894209,5.66839522268272,-0.00306862374062966
0.1156,5.74060477286533,5.74348654536112,-0.00288177249578769
0.1158,5.81580599969619,5.81852804531366,-0.00272204561747369
0.116,5.89097498713592,5.89355219296503,-0.0025772058291027
0.1162,5.96610589291488,5.96853029889223,-0.0024244059773455
0.1164,6.04114184312068,6.04340060798788,-0.00225876486719745
0.1166,6.11612638764342,6.1182452517978,-0.00211886415438123
0.1168,6.19108002239712,6.19311602386243,-0.00203600146530736
0.117,6.26598557696188,6.26799410264026,-0.0020085256783835
0.1172,0.0576298478154635,0.0596994542494933,-0.00206960643402973
0.1174,0.132450848601287,0.134589681168452,-0.00213883256716524
0.1176,0.207277532289239,0.209494009722602,-0.00221647743336303
0.1178,0.282113876897809,0.284446835718978,-0.00233295882116902
0.118,0.356964957976966,0.359444705455426,-0.00247974747846008
0.1182,0.4318667026474,0.434445412678996,-0.00257871003159632
0.1184,0.506760191957474,0.509484411058938,-0.00272421910146392
0.1186,0.581642117887736,0.584550510581343,-0.00290839269360743
0.1188,0.65654503047983,0.659620620182833,-0.00307558970300326
0.119,0.731492521108417,0.734754936040261,-0.00326241493184376
0.1192,0.806525498743997,0.809969906627462,-0.00344440788346501
0.1194,0.881566724052623,0.885215304135735,-0.00364858008311242
0.1196,0.956612627662631,0.960451113358504,-0.00383848569587275
0.1198,1.03167441364049,1.03570799317432,-0.00403357953383132
0.12,1.10677696132784,1.11098355485227,-0.00420659352443598
0.1202,1.1818808070489,1.1862631129956,-0.00438230594670408
0.1204,1.25701081563426,1.26155118905985,-0.00454037342559399
0.1206,1.33213285283143,1.33686574728996,-0.00473289445852854
0.1208,1.40728008426439,1.4122197623001,-0.0049396780357045
0.121,1.48242281839542,1.48759256792001,-0.00516974952459504
0.1212,1.55754816874651,1.56297979314618,-0.00543162439967348
0.1214,1.63259557677727,1.63838505338254,-0.0057894766052764
0.1216,1.70761852584511,1.71379820406493,-0.00617967821981757
0.1218,1.78261057138627,1.78921555993819,-0.00660498855191971
0.122,1.85753117191927,1.864630753147,-0.0070995812277268
0.1222,1.93241737203178,1.94002460732152,-0.00760723528973739
0.1224,2.00728498902085,2.01536295779076,-0.00807796876991551
0.1226,2.08212071363601,2.09066375253282,-0.00854303889680663
0.1228,2.15689796190829,2.16588717289388,-0.00898921098558736
0.123,2.23167952199985,2.24104371508877,-0.00936419308891878
0.1232,2.30647373270108,2.31618553813327,-0.00971180543218608
0.1234,2.38128056418772,2.39124999176892,-0.00996942758120278
0.1236,2.45610309417359,2.46622482661636,-0.0101217324427636
0.1238,2.53097617990608,2.54116212013198,-0.0101859402259001
0.124,2.60583926402373,2.61600211082382,-0.0101628468000912
0.1242,2.68068710184857,2.69077657032609,-0.0100894684775166
0.1244,2.75555149292464,2.76555572433085,-0.0100042314062061
0.1246,2.83045588455476,2.84040928249682,-0.00995339794206362
0.1248,2.90544101406987,2.91530579781981,-0.00986478374994215
0.125,2.98043878573442,2.99020896223347,-0.00977017649904477
0.1252,3.05544249174445,3.06507682153099,-0.00963432978653733
0.1254,3.13045947468351,3.1399439902135,-0.00948451552998852
0.1256,3.20551761729498,3.21479763120669,-0.00928001391171263
0.1258,3.28058089842042,3.2896922844404,-0.00911138601997985
0.126,3.35567633052065,3.36463956391446,-0.00896323339380078
0.1262,3.43077318995805,3.4396292487138,-0.00885605875575779
0.1264,3.50590878508826,3.51467464889068,-0.00876586380241884
0.1266,3.58105485637695,3.58980766187698,-0.00875280550002833
0.1268,3.65623134405837,3.66503359178389,-0.00880224772552252
0.127,3.73137639289225,3.74025109266228,-0.00887469977002908
0.1272,3.80648262573757,3.81547744128625,-0.00899481554867831
0.1274,3.88154539326533,3.89073653877198,-0.00919114550665689
0.1276,3.95660482435943,3.96598901590458,-0.00938419154514269
0.1278,4.03162414123748,4.04124187169083,-0.00961773045334713
0.128,4.10657615485636,4.11648839058988,-0.00991223573351796
0.1282,4.18146143665515,4.19173831651716,-0.0102768798620119
0.1284,4.25629777537879,4.2669789986001,-0.0106812232213036
0.1286,4.33115452760582,4.34225418882615,-0.011099661220328
0.1288,4.40602724763069,4.41754366707592,-0.0115164194452282
0.129,4.48093781859276,4.49286752252484,-0.0119297039320791
0.1292,4.55590522526428,4.56822501599537,-0.0123197907310866
0.1294,4.63092168339491,4.64360487441706,-0.0126831910221537
0.1296,4.70599997333714,4.7190010105797,-0.0130010372425682
0.1298,4.78106999166791,4.79439454027443,-0.0133245486065219
0.13,4.8561467420851,4.86977370158555,-0.0136269595004528
0.1302,4.93121764499904,4.94512861202078,-0.0139109670217419
0.1304,5.00625080010104,5.02048165083057,-0.0142308507295326
0.1306,5.08130693148272,5.09582328796522,-0.0145163564824999
0.1308,5.15637752777153,5.17110853493428,-0.0147310071627507
0.131,5.2314537536006,5.24637871671946,-0.0149249631188555
0.1312,5.30659924410913,5.32160363077625,-0.0150043866671234
0.1314,5.38174870058922,5.3967519515462,-0.0150032509569797
0.1316,5.45691855140069,5.47183822081935,-0.0149196694186529
0.1318,5.53208426562237,5.54686160520957,-0.0147773395872042
0.132,5.60728517004103,5.62183060536986,-0.0145454353288343
0.1322,5.68248728035155,5.69674644493398,-0.0142591645824375
0.1324,5.75767038296701,5.77165978191768,-0.0139893989506605
0.1326,5.83277299984886,5.8465186525012,-0.0137456526523376
0.1328,5.90785572859386,5.92136520971071,-0.0135094811168459
0.133,5.98292093712836,5.99630735936785,-0.0133864222394955
0.1332,6.05800593828497,6.07128795866394,-0.0132820203789681
0.1334,6.13307186737338,6.1462423080978,-0.0131704407244246
0.1336,6.20808833834153,6.22116686878411,-0.0130785304425807
0.1338,6.28304963649583,0.0129629424285724,-0.0130986131123301
0.134,0.0748559996021037,0.0879666078344119,-0.0131106082323083
0.1342,0.149857142738486,0.16295013847279,-0.0130929957343041
0.1344,0.224837746866777,0.237912255411519,-0.013074508544742
0.1346,0.299832119141437,0.312904180400386,-0.0130720612589496
0.1348,0.374871596899202,0.387920321919833,-0.0130487250206312
0.135,0.449955831327474,0.462995771048012,-0.0130399397205381
0.1352,0.525031299698356,0.538083213881542,-0.0130519141831852
0.1354,0.600102994182894,0.613212839074496,-0.0131098448916017
0.1356,0.675201574152306,0.688356587023597,-0.0131550128712908
0.1358,0.750340473302768,0.763504619320424,-0.0131641460176564
0.136,0.825493103460131,0.838653707373291,-0.0131606039131608
0.1362,0.900658527643091,0.913840537738118,-0.0131820100950272
0.1364,0.975865459253546,0.989105243229891,-0.0132397839763453
0.1366,1.05111925172657,1.06437967098777,-0.0132604192611974
0.1368,1.12642296898168,1.1396913056669,-0.0132683366852229
0.137,1.20171899555435,1.21503292410145,-0.0133139285470987
0.1372,1.27703531574861,1.29040388137335,-0.0133685656247464
0.1374,1.35234377521004,1.36577997808198,-0.0134362028719421
0.1376,1.42765814192331,1.44116583272886,-0.0135076908055531
0.1378,1.50296329829375,1.51657036078937,-0.0136070624956202
0.138,1.57824432493,1.59197127891101,-0.0137269539810112
0.1382,1.65344092266774,1.66736389603527,-0.0139229733675306
0.1384,1.72861814502264,1.74274682810974,-0.0141286830871028
0.1386,1.8037751106733,1.81810571133442,-0.0143306006611199
0.1388,1.87894453843507,1.89345312711109,-0.0145085886760135
0.139,1.9540992958909,1.96880331796202,-0.0147040220711199
0.1392,2.02922095638586,2.04412672674535,-0.014905770359487
0.1394,2.10427992123946,2.11943905969281,-0.0151591384533569
0.1396,2.17936175850076,2.19476122425395,-0.0153994657531937
0.1398,2.25445478223938,2.27000565939935,-0.0155508771599675
0.14,2.32953363227881,2.34520820771526,-0.015674575436452
0.1402,2.40462961384711,2.42039847412104,-0.0157688602739321
0.1404,2.47976647583131,2.49551092854664,-0.0157444527153303
0.1406,2.55493867830873,2.57061945395169,-0.0156807756429607
0.1408,2.63009134006187,2.6456596896077,-0.0155683495458296
0.141,2.70522806197565,2.72064390522359,-0.0154158432479368
0.1412,2.78037717332147,2.79556865676714,-0.0151914834456659
0.1414,2.85556204665869,2.87045023072177,-0.0148881840630781
0.1416,2.93075272756255,2.94530856004845,-0.0145558324859016
0.1418,3.00594735588652,3.0201672548876,-0.0142198990010791
0.142,3.08118001988091,3.09505735965255,-0.0138773397716387
0.1422,3.15646037593105,3.16996888097268,-0.0135085050416355
0.1424,3.23179113499589,3.24490064173299,-0.013109506737107
0.1426,3.30711326970421,3.31981273917223,-0.0126994694680134
0.1428,3.38245386767654,3.3947694826777,-0.012315615001163
0.143,3.45783730499956,3.46971892029216,-0.0118816152925905
0.1432,3.53322880276809,3.54466442919354,-0.0114356264254516
0.1434,3.60865150027778,3.61962747873876,-0.0109759784609729
0.1436,3.68406177435481,3.6946295290091,-0.0105677546542928
0.1438,3.7594594712054,3.76966347542239,-0.0102040042169946
0.144,3.83484782198502,3.84473898767949,-0.00989116569446491
0.1442,3.91020125411471,3.91989865077775,-0.00969739666303804
0.1444,3.98555111590539,3.9950962080208,-0.00954509211540877
0.1446,4.06086827575225,4.07033675582286,-0.00946848007060996
0.1448,4.13613193578591,4.1456174222332,-0.00948548644729819
0.145,4.21131056540987,4.2209511409097,-0.00964057549982655
0.1452,4.28640979083117,4.29628749522519,-0.00987770439402258
0.1454,4.36149532921419,4.37165822223413,-0.0101628930199444
0.1456,4.43656198404509,4.44704464273547,-0.0104826586903712
0.1458,4.51162622211603,4.52242306706285,-0.0107968449468157
0.146,4.58671480836926,4.59781410435853,-0.0110992959892711
0.1462,4.6617682053104,4.67320635155819,-0.0114381462477882
0.1464,4.73680181807392,4.74860350774068,-0.0118016896667559
0.1466,4.81183732303997,4.82400023651661,-0.0121629134766374
0.1468,4.88689456669517,4.89939493546807,-0.0125003687729004
0.147,4.96199103238039,4.97477916046808,-0.0127881280876876
0.1472,5.03709383629391,5.05013897669324,-0.0130451403993312
0.1474,5.11223580978189,5.12551083382023,-0.0132750240383412
0.1476,5.18749009452423,5.20086716950927,-0.0133770749850362
0.1478,5.26279321122528,5.27617773900962,-0.0133845277843418
0.148,5.33815529415851,5.35145181679918,-0.0132965226406707
0.1482,5.41353263817441,5.42669528309316,-0.0131626449187525
0.1484,5.48891637099271,5.50191549715903,-0.0129991261663207
0.1486,5.56428843117051,5.57708524110676,-0.0127968099362432
0.1488,5.63965414820095,5.65224937160428,-0.0125952234033253
0.149,5.71505294133454,5.72738822006507,-0.0123352787305278
0.1492,5.79041486855492,5.80250548039251,-0.0120906118375892
0.1494,5.86573638220404,5.87761439420352,-0.0118780119994728
0.1496,5.94102939840406,5.95267126646677,-0.0116418680627142
0.1498,6.01624912884586,6.02761158174384,-0.0113624528979832
0.15,6.0914303405326,6.10254180115357,-0.0111114606209739
0.1502,6.1665854917163,6.17749710755722,-0.0109116158409215
0.1504,6.24168380327245,6.25238566752456,-0.0107018642521064
0.1506,0.0335069243330137,0.0440104542250594,-0.0105035298920456
0.1508,0.108524328881546,0.118853643534947,-0.0103293146534008
0.151,0.183572402577748,0.193775659354471,-0.010203256776723
0.1512,0.258639679203109,0.268687838214088,-0.0100481590109788
0.1514,0.333706979540308,0.343588156494598,-0.00988117695428942
0.1516,0.408829867870963,0.418524017324024,-0.0096941494530608
0.1518,0.483962084120455,0.493485675503785,-0.00952359138333059
0.152,0.559097393496269,0.568466561845116,-0.0093691683488466
0.1522,0.634263126560209,0.643467250048282,-0.00920412348807287
0.1524,0.709469459593433,0.718519340459148,-0.0090498808657149
0.1526,0.784744960750835,0.793651822422578,-0.00890686167174293
0.1528,0.860010681550596,0.868822427697496,-0.00881174614689983
0.153,0.935270936395459,0.943958484253631,-0.00868754785817261
0.1532,1.0105077354693,1.01909087262445,-0.0085831371551508
0.1534,1.08574633111065,1.09426535230889,-0.00851902119824755
0.1536,1.16100875633605,1.16948712035121,-0.00847836401516577
0.1538,1.23626407337544,1.24475012943838,-0.00848605606293762
0.154,1.31150450117436,1.32005172696558,-0.00854722579122291
0.1542,1.38675206742328,1.39540145615558,-0.00864938873230225
0.1544,1.46199977273375,1.47076828311339,-0.00876851037963866
0.1546,1.53728926898458,1.54615770074562,-0.0088684317610348
0.1548,1.61256542143899,1.62155604961233,-0.00899062817334362
0.155,1.68774956267224,1.69694951065736,-0.00919994798512391
0.1552,1.76290319925124,1.77233503873206,-0.0094318394808206
0.1554,1.83798442534719,1.84770032590059,-0.00971590055339178
0.1556,1.91301655109345,1.92303588755379,-0.0100193364603409
0.1558,1.98801410263891,1.99833878412874,-0.0103246814898315
0.156,2.06296841758088,2.07362287026905,-0.0106544526881645
0.1562,2.13786081889644,2.14882478560785,-0.0109639667114156
0.1564,2.21276219604206,2.22399501566833,-0.0112328196262723
0.1566,2.28770068846244,2.29915869980811,-0.0114580113456664
0.1568,2.36267750387816,2.37426178681483,-0.0115842829366644
0.157,2.43767144954513,2.44933264850636,-0.0116611989612312
0.1572,2.51269234967708,2.52429586126202,-0.0116035115849371
0.1574,2.58766675240519,2.59922166174592,-0.011554909340731
0.1576,2.66263712474135,2.67418750679314,-0.0115503820517975
0.1578,2.73763956190494,2.74912793068451,-0.0114883687795744
0.158,2.8126838266031,2.82407570240814,-0.0113918758050362
0.1582,2.88781145835873,2.89905475358294,-0.0112432952242107
0.1584,2.9629468273398,2.97401891337488,-0.0110720860350808
0.1586,3.03808856040674,3.04893133225799,-0.0108427718512578
0.1588,3.11325142973814,3.12383843589981,-0.0105870061616722
0.159,3.18847897572915,3.19873746372201,-0.0102584879928629
0.1592,3.2637156338395,3.27364641929894,-0.00993078545943638
0.1594,3.3389719109361,3.34852777167839,-0.00955586074228743
0.1596,3.41421589240784,3.42338450571221,-0.00916861330437335
0.1598,3.48948972565594,3.49828512737889,-0.00879540172294746
0.16,3.56477131754679,3.57320874713825,-0.00843742959145821
0.1602,3.64008641089248,3.64820664805383,-0.00812023716134291
0.1604,3.71538172393527,3.72324343047946,-0.00786170654419172
0.1606,3.79064804568708,3.79831125798678,-0.00766321229969824
0.1608,3.86588471153881,3.87339196012865,-0.00750724858983665
0.161,3.94103872075473,3.94847586206608,-0.00743714131134787
0.1612,4.01614593383839,4.02361553399288,-0.00746960015448472
0.1614,4.09122103059046,4.09882638869233,-0.00760535810186713
0.1616,4.16624703942018,4.17405821126282,-0.00781117184263636
0.1618,4.24119760392226,4.249354178445,-0.00815657452273921
0.162,4.31613844857349,4.32467256751266,-0.00853411893917055
0.1622,4.39107934570684,4.39998806779049,-0.00890872208365234
0.1624,4.46602159181008,4.47535011463742,-0.00932852282733787
0.1626,4.54097064572787,4.55073319408854,-0.00976254836066293
0.1628,4.61596415018716,4.62612074640725,-0.0101565962200905
0.163,4.69094594455971,4.701516929929,-0.0105709853692941
0.1632,4.76591639516468,4.77691533156495,-0.0109989364002736
0.1634,4.8409118013254,4.85231648568118,-0.0114046843557869
0.1636,4.91595922902096,4.92771143638778,-0.0117522073668201
0.1638,4.99110144067897,5.00309392749083,-0.0119924868118684
0.164,5.06627026843914,5.07845005148145,-0.0121797830423134
0.1642,5.14145678101674,5.15376302931993,-0.0123062483031839
0.1644,5.21666359939746,5.22905397518602,-0.0123903757885531
0.1646,5.29191416811467,5.30431023235506,-0.0123960642403906
0.1648,5.36716684609676,5.37955377818979,-0.0123869320930279
0.165,5.44244298352461,5.45475398769098,-0.0123110041663699
0.1652,5.51770644164013,5.52993779257397,-0.0122313509338365
0.1654,5.59299090800623,5.60507534245282,-0.0120844344465922
0.1656,5.66826779094762,5.68016457441716,-0.0118967834695454
0.1658,5.74352487220548,5.7552131850429,-0.0116883128374132
0.166,5.81870450558818,5.83016611225115,-0.0114616066629685
0.1662,5.89385612845275,5.9050766906625,-0.0112205622097523
0.1664,5.96897695671046,5.97999486077102,-0.0110179040605569
0.1666,6.04402417984308,6.05485087505296,-0.0108266952098859
0.1668,6.11902971790399,6.12966286688804,-0.0106331489840503
0.167,6.19398377910867,6.2044624147157,-0.010478635607023
0.1672,6.26887691212948,6.27927436566904,-0.010397453539559
0.1674,0.0605413495528166,0.0708606377849621,-0.0103192882321455
0.1676,0.135409316477953,0.145622693665068,-0.0102133771871153
0.1678,0.210296376822732,0.220395647312661,-0.0100992704899285
0.168,0.285197368310202,0.295203815196689,-0.0100064468864866
0.1682,0.360112601581886,0.370028696754582,-0.00991609517269604
0.1684,0.435077999782542,0.444960590554912,-0.00988259077236997
0.1686,0.510109623755523,0.519975023604478,-0.0098653998489544
0.1688,0.585135156556354,0.595021340594022,-0.00988618403766761
0.169,0.660172647571836,0.670071196032955,-0.00989854846111937
0.1692,0.735251157135598,0.745166942511794,-0.00991578537619542
0.1694,0.810409336864445,0.820319362235775,-0.00991002537133001
0.1696,0.885586501276201,0.895510820384931,-0.00992431910872993
0.1698,0.960764372917116,0.970783166148679,-0.0100187932315631
0.17,1.03594939933123,1.04609975729236,-0.0101503579611328
0.1702,1.11117046657423,1.12146553630627,-0.0102950697320425
0.1704,1.18638970266817,1.19683304107512,-0.0104433384069493
0.1706,1.2616308554415,1.27222012453885,-0.010589269097357
0.1708,1.33685986418675,1.34760122685364,-0.0107413626668933
0.171,1.41209363025003,1.42298688479396,-0.010893254543936
0.1712,1.48732732620853,1.49838198214489,-0.0110546559363578
0.1714,1.56255292825315,1.57377785609009,-0.0112249278369334
0.1716,1.63771213218183,1.64917995922304,-0.0114678270412103
0.1718,1.71286143758191,1.72457999849702,-0.0117185609151138
0.172,1.78799211247917,1.79997549019439,-0.0119833777152265
0.1722,1.86305506512342,1.87536339895148,-0.0123083338280618
0.1724,1.93807831469629,1.95073325925493,-0.0126549445586357
0.1726,2.01307443412187,2.02606035327873,-0.0129859191568644
0.1728,2.0880332432796,2.10138200721207,-0.0133487639324699
0.173,2.16302150153422,2.17670524140511,-0.0136837398708924
0.1732,2.23802975683475,2.2519639458192,-0.0139341889844449
0.1734,2.31302931990507,2.32718244653549,-0.0141531266304216
0.1736,2.38802648501222,2.40231508085244,-0.0142885958402208
0.1738,2.46303033184085,2.47740480169472,-0.0143744698538724
0.174,2.53800238866128,2.55251420450148,-0.0145118158401982
0.1742,2.61295832399229,2.62752676514728,-0.0145684411549967
0.1744,2.68791306443337,2.70248984015768,-0.0145767757243127
0.1746,2.76288982740483,2.77738560153868,-0.0144957741338478
0.1748,2.83790348336477,2.85222599130548,-0.0143225079407108
0.175,2.9129911672076,2.92708724714549,-0.0140960799378855
0.1752,2.98809868129672,3.00194262291525,-0.0138439416185236
0.1754,3.06325207214377,3.07681900471679,-0.0135669325730161
0.1756,3.13846977163652,3.15170253022994,-0.0132327585934284
0.1758,3.21375560135549,3.22661836746912,-0.01286276611363
0.176,3.28904295224359,3.30153250037408,-0.0124895481304947
0.1762,3.36435345742037,3.3764848978934,-0.0121314404730368
0.1764,3.43966069123836,3.45142017277279,-0.011759481534428
0.1766,3.51498253095902,3.52637248844415,-0.0113899574851266
0.1768,3.59030381171112,3.60133392216552,-0.0110301104544064
0.177,3.6656021493145,3.67625728350388,-0.0106551341893835
0.1772,3.74080946278151,3.75118481857713,-0.0103753557956172
0.1774,3.81598286829926,3.82617503504906,-0.0101921667497948
0.1776,3.89112386199442,3.90124997873502,-0.0101261167406004
0.1778,3.96626936931426,3.97636034785844,-0.0100909785441812
0.178,4.04138773674437,4.05147950352392,-0.010091766779543
0.1782,4.11645609113362,4.1266303315191,-0.0101742403854805
0.1784,4.19144914843454,4.20181827853752,-0.0103691301029798
0.1786,4.26636769060718,4.27702895762469,-0.0106612670175092
0.1788,4.34127713696502,4.35231262872936,-0.0110354917643338
0.179,4.41620818426384,4.42762671260379,-0.0114185283399451
0.1792,4.49117522502416,4.50296600999955,-0.0117907849753855
0.1794,4.56618319432156,4.57834179963982,-0.0121586053182599
0.1796,4.64122198693944,4.65373397842711,-0.0125119914876688
0.1798,4.71623955540832,4.72913158517609,-0.0128920297677686
0.18,4.79124542472585,4.80452058147624,-0.0132751567503906
0.1802,4.86627550573071,4.87988798863289,-0.0136124829021798
0.1804,4.94134679198653,4.95523024619147,-0.0138834542049393
0.1806,5.01643255318875,5.03055085867315,-0.014118305484403
0.1808,5.09152901638656,5.10584108849373,-0.0143120721071694
0.181,5.16666435091496,5.18108153605408,-0.0144171851391262
0.1812,5.24184978626554,5.25631228197142,-0.0144624957058808
0.1814,5.31709668544932,5.33151129412092,-0.0144146086715979
0.1816,5.39234978639568,5.40665903624567,-0.0143092498499904
0.1818,5.4676300543781,5.48176734011217,-0.0141372857340771
0.182,5.54289905297066,5.55683864562344,-0.0139395926527754
0.1822,5.61816631552518,5.63191390518131,-0.0137475896561234
0.1824,5.69348247065249,5.706977717216,-0.0134952465635045
0.1826,5.76878422759571,5.78202403530473,-0.0132398077090237
0.1828,5.84400034826877,5.85702732752428,-0.0130269792555122
0.183,5.9192029572281,5.93202777339878,-0.0128248161706743
0.1832,5.99438886290073,6.00706703560256,-0.012678172701829
0.1834,6.06958208078374,6.08212324318842,-0.0125411624046743
0.1836,6.14474906561367,6.15720426998494,-0.0124552043712756
0.1838,6.21986971819075,6.2322447764563,-0.0123750582655546
0.184,0.0117293941233632,0.0240448140235138,-0.0123154199001506
0.1842,0.0867068930545222,0.0989510756670287,-0.0122441826125065
0.1844,0.161685822254192,0.173845475535153,-0.0121596532809603
0.1846,0.236661914084809,0.248739025324993,-0.012077111240184
0.1848,0.311657370275097,0.323670079583576,-0.0120127093084791
0.185,0.386690835679724,0.398606614897221,-0.0119157792174963
0.1852,0.461757863475033,0.473520000753983,-0.0117621372789507
0.1854,0.536806598859059,0.548450325576248,-0.0116437267171891
0.1856,0.611843397930832,0.623446842111866,-0.0116034441810332
0.1858,0.686897871741741,0.69845699755932,-0.0115591258175795
0.186,0.761991240998399,0.77347497110489,-0.0114837301064914
0.1862,0.837088597021673,0.848539453961049,-0.0114508569393758
0.1864,0.91218491070704,0.923636236956339,-0.0114513262492989
0.1866,0.987345306771714,0.998799031939767,-0.0114537251680531
0.1868,1.06256378828275,1.07399535447685,-0.0114315661941018
0.187,1.13783911332652,1.14925709279303,-0.0114179794665117
0.1872,1.21311679703805,1.22455128243629,-0.0114344853982415
0.1874,1.28839464608297,1.2998756591247,-0.0114810130417242
0.1876,1.36366810401665,1.37524089816457,-0.0115727941479176
0.1878,1.43894915479744,1.45062224881474,-0.0116730940173038
0.188,1.51421812126043,1.52602314769693,-0.0118050264364982
0.1882,1.58946407201102,1.60142250856207,-0.0119584365510417
0.1884,1.66463060079282,1.67681415157121,-0.0121835507783932
0.1886,1.73978149570879,1.75219584851979,-0.0124143528109941
0.1888,1.81487871402879,1.82756183973594,-0.0126831257071485
0.189,1.88994644876971,1.90291846553007,-0.0129720167603578
0.1892,1.96500005562128,1.97827431379273,-0.013274258171442
0.1894,2.04001597474258,2.05359648378792,-0.0135805090453385
0.1896,2.11496051648232,2.12884755643132,-0.0138870399489961
0.1898,2.18992233739049,2.20407467924821,-0.014152341857729
0.19,2.26489084077492,2.27923108323436,-0.014340242459439
0.1902,2.33983815792529,2.35434373290395,-0.0145055749786613
0.1904,2.4147957599366,2.42944412089497,-0.0146483609583745
0.1906,2.48979255400604,2.50450165664418,-0.014709102638141
0.1908,2.56483092446183,2.57956819438237,-0.0147372699205408
0.191,2.63985821521295,2.65459980778904,-0.0147415925760868
0.1912,2.71488063152734,2.7295779727781,-0.0146973412507538
0.1914,2.78992196072569,2.80448745862713,-0.0145654979014362
0.1916,2.86499977201957,2.87934303049574,-0.0143432584761687
0.1918,2.94008356263109,2.9541591224192,-0.0140755597881164
0.192,3.01517347747794,3.02893611960825,-0.0137626421303096
0.1922,3.09033471539297,3.10372218959812,-0.013387474205151
0.1924,3.16555555059688,3.17850102712749,-0.0129454765306107
0.1926,3.24082661521619,3.25330783326652,-0.0124812180503264
0.1928,3.31608748239142,3.32808009586446,-0.0119926134730401
0.193,3.39133541191771,3.40287901954168,-0.0115436076239752
0.1932,3.46662335087341,3.47772294005608,-0.0110995891826682
0.1934,3.54192179376188,3.55258381366813,-0.0106620199062455
0.1936,3.61725508823099,3.62754018593639,-0.0102850977053972
0.1938,3.6925801282224,3.70257202906086,-0.00999190083846324
0.194,3.76782651541105,3.777603443328,-0.00977692791694951
0.1942,3.84306021041847,3.85266726294307,-0.00960705252459526
0.1944,3.91827102484781,3.9278020466482,-0.00953102180038323
0.1946,3.99347800380592,4.00297925532146,-0.00950125151553483
0.1948,4.06864018554066,4.07820150204842,-0.00956131650775838
0.195,4.14373241729882,4.15345838713463,-0.00972596983580853
0.1952,4.21872834901474,4.22875829033857,-0.0100299413238272
0.1954,4.2936464738822,4.30406657629615,-0.0104201024139483
0.1956,4.36856396691774,4.379427370435,-0.0108634035172646
0.1958,4.44347639630536,4.45481468052104,-0.0113382842156886
0.196,4.51839165379079,4.53019699113143,-0.0118053373406379
0.1962,4.59333735471727,4.60558811974198,-0.0122507650247119
0.1964,4.66826943541093,4.68098233745795,-0.0127129020470189
0.1966,4.74321465350435,4.75638063820333,-0.0131659846989871
0.1968,4.81821111361375,4.83178183758668,-0.0135707239729301
0.197,4.89326272816845,4.90718455685606,-0.0139218286876064
0.1972,4.9683964702056,4.98257611870902,-0.0141796485034238
0.1974,5.0435278349151,5.05794767915223,-0.0144198442371293
0.1976,5.11865774481301,5.13332095230412,-0.0146632074911146
0.1978,5.19381173800897,5.20868190853927,-0.0148701705303047
0.198,5.26903272877275,5.28400574171997,-0.0149730129472188
0.1982,5.34428687716713,5.35929582091268,-0.0150089437455456
0.1984,5.41954982084262,5.43453628166059,-0.0149864608179708
0.1986,5.49481835800492,5.50976895779572,-0.0149505997908088
0.1988,5.57013020186684,5.58494964021171,-0.0148194383448734
0.199,5.64544342833735,5.66004824719519,-0.0146048188578414
0.1992,5.72078465385957,5.73511588687755,-0.0143312330179732
0.1994,5.79609378332081,5.81011838283312,-0.0140245995123154
0.1996,5.87130129486779,5.88501594154104,-0.0137146466732485
0.1998,5.9464763551095,5.95986334946876,-0.0133869943592613
0.2,6.02158167355729,6.0346057940867,-0.0130241205294164
0.2002,6.09664142705699,6.10931275692262,-0.0126713298656247
0.2004,6.1716690432013,6.18403808717256,-0.01236904397126
0.2006,6.24664063576053,6.25874619583744,-0.0121055600769111
0.2008,0.0383403467439329,0.0502537224007065,-0.0119133756567735
0.201,0.113158121572077,0.124923761718475,-0.0117656401463982
0.2012,0.18799390182323,0.199638910256902,-0.0116450084336729
0.2014,0.262855958903704,0.274362732638081,-0.0115067737343773
0.2016,0.337733257571012,0.349102667176883,-0.0113694096058716
0.2018,0.412667184154811,0.42394220113127,-0.0112750169764588
0.202,0.487681088828889,0.498877095019953,-0.0111960061910644
0.2022,0.562704493425684,0.573834685260406,-0.011130191834722
0.2024,0.637760282052262,0.648851950722187,-0.0110916686699253
0.2026,0.71283298969562,0.723927862853529,-0.0110948731579086
0.2028,0.787948682265832,0.799081127110888,-0.0111324448450558
0.203,0.863079664058187,0.874283388466475,-0.0112037244082878
0.2032,0.938217789505042,0.949482368258658,-0.0112645787536156
0.2034,1.01337447551323,1.02469855273649,-0.0113240772232537
0.2036,1.08858535318762,1.09994344949246,-0.0113580963048421
0.2038,1.16381039522121,1.17521507265066,-0.0114046774294552
0.204,1.23906438872751,1.25053312989165,-0.0114687411641465
0.2042,1.31430621540156,1.32587259201851,-0.0115663766169558
0.2044,1.38957319532787,1.4012387920034,-0.0116655966755377
0.2046,1.46484554174176,1.47661299022572,-0.0117674484839547
0.2048,1.54015545296623,1.55200488246624,-0.011849429500012
0.205,1.61544393544735,1.62740302008832,-0.0119590846409703
0.2052,1.6906305609917,1.70279430196881,-0.0121637409771063
0.2054,1.76578066755935,1.77816927370864,-0.012388606149295
0.2056,1.84085941705548,1.85351483430103,-0.0126554172455569
0.2058,1.91589590467837,1.9288318296781,-0.0129359249997316
0.206,1.990907295294,2.00412231496272,-0.0132150196687233
0.2062,2.0658869865342,2.0794005638471,-0.0135135773128932
0.2064,2.14081644138503,2.1545983167573,-0.0137818753722674
0.2066,2.21575950361532,2.22976220356921,-0.0140026999538874
0.2068,2.2907145346004,2.30493674053593,-0.0142222059355355
0.207,2.36566901807947,2.38004310338816,-0.0143740853086864
0.2072,2.4406198031111,2.45510966271966,-0.0144898596085583
0.2074,2.51561239116944,2.53013243248241,-0.0145200413129642
0.2076,2.59059805368683,2.60510100494975,-0.0145029512629264
0.2078,2.66558081138075,2.68008389101575,-0.0145030796349968
0.208,2.740602633622,2.75508016001481,-0.014477526392811
0.2082,2.8156832316708,2.83008928441374,-0.0144060527429373
0.2084,2.89085319974232,2.90511470677262,-0.0142615070303034
0.2086,2.96603920883989,2.98011245809182,-0.0140732492519335
0.2088,3.04123764352581,3.05500041957852,-0.0137627760527148
0.209,3.11646064057441,3.1298643050711,-0.0134036644966926
0.2092,3.19173830273864,3.20470944846372,-0.0129711457250781
0.2094,3.26702718318533,3.27958421075301,-0.0125570275676856
0.2096,3.34234097416139,3.35447848655966,-0.012137512398263
0.2098,3.41763593767473,3.42934233368861,-0.0117063960138784
0.21,3.49294446318243,3.50423153036524,-0.0112870671828103
0.2102,3.56824408044313,3.57912418177211,-0.010880101328985
0.2104,3.64353063972515,3.65401378252055,-0.0104831427953935
0.2106,3.71875073641992,3.72896377919274,-0.0102130427728202
0.2108,3.79391737932106,3.80394561421397,-0.0100282348929115
0.211,3.86905200858946,3.87892290937345,-0.00987090078399078
0.2112,3.94411937334297,3.95388792657281,-0.00976855322983283
0.2114,4.01914764001336,4.02892069061421,-0.00977305060085065
0.2116,4.09412694138188,4.10399466629063,-0.00986772490875065
0.2118,4.16904871766636,4.1791124123397,-0.0100636946733381
0.212,4.24392878910525,4.25432806822333,-0.0103992791180749
0.2122,4.31882509308559,4.32958780816643,-0.0107627150808396
0.2124,4.39374051913022,4.40487276487864,-0.0111322457484215
0.2126,4.4686761663892,4.48021596445567,-0.0115397980664733
0.2128,4.54362024243339,4.55559065557731,-0.0119704131439233
0.213,4.61861686710466,4.63098646645312,-0.0123695993484523
0.2132,4.69361044070024,4.70638785145462,-0.0127774107543841
0.2134,4.76859667188105,4.78178224487146,-0.0131855729904089
0.2136,4.84361227348391,4.85716711589922,-0.0135548424153127
0.2138,4.91863886133515,4.93252959827105,-0.0138907369359096
0.214,4.99363870495516,5.00788593890165,-0.0142472339464952
0.2142,5.06867056485397,5.08322270028048,-0.014552135426511
0.2144,5.14372690336255,5.15849512976404,-0.0147682264014888
0.2146,5.21880150514326,5.23372677216911,-0.0149252670258502
0.2148,5.29392670519533,5.30889885523445,-0.0149721500391227
0.215,5.36907054680353,5.3840587991701,-0.0149882523665745
0.2152,5.44425488278531,5.45916783975171,-0.0149129569664055
0.2154,5.5194397761971,5.53420338598793,-0.0147636097908315
0.2156,5.59465766599034,5.6091951427984,-0.0145374768080595
0.2158,5.66988196263289,5.68416054877497,-0.0142785861420816
0.216,5.74513810155727,5.75915206908596,-0.0140139675286912
0.2162,5.82037299156066,5.8341407860132,-0.013767794452539
0.2164,5.8955800362355,5.90909708637909,-0.0135170501435864
0.2166,5.9707600215538,5.98405869857031,-0.0132986770165067
0.2168,6.04586671194825,6.0589494854881,-0.0130827735398462
0.217,6.12092564691697,6.13380421449852,-0.0128785675815495
0.2172,6.19594769071567,6.20868351891737,-0.0127358282017083
0.2174,6.27091900987425,0.000394617673714015,-0.0126609149790475
0.2176,0.0626303866234332,0.0753032234185421,-0.0126728367951088
0.2178,0.137515754895141,0.150199627846755,-0.0126838729516139
0.218,0.212395937337145,0.225087407750968,-0.0126914704138235
0.2182,0.287296766593959,0.300021608905677,-0.0127248423117172
0.2184,0.362241291354983,0.374948725122139,-0.0127074337671556
0.2186,0.437233886274219,0.449849883112388,-0.0126159968381695
0.2188,0.512229370520105,0.524777607150371,-0.0125482366302661
0.219,0.587236106531674,0.599732225864479,-0.0124961193328043
0.2192,0.662282072460272,0.674706702926514,-0.0124246304662423
0.2194,0.737377413669815,0.749749749265943,-0.0123723355961278
0.2196,0.812550925041385,0.824852528769049,-0.0123016037276632
0.2198,0.887740634084822,0.899999716434572,-0.0122590823497503
0.22,0.962968283771523,0.975232627864516,-0.0122643440929927
0.2202,1.03825312811933,1.05048200521963,-0.012228877100305
0.2204,1.11360602463802,1.12577367630782,-0.0121676516697991
0.2206,1.18896516977239,1.20110022047569,-0.0121350507033013
0.2208,1.26434520044476,1.27646097308621,-0.0121157726414445
0.221,1.3397041289443,1.35182895674401,-0.012124827799711
0.2212,1.41505060701158,1.42720761938814,-0.0121570123765655
0.2214,1.49037802817709,1.50259988148102,-0.0122218533039311
0.2216,1.56568234982197,1.5779957133264,-0.0123133635044266
0.2218,1.64090796028509,1.65339828770061,-0.0124903274155139
0.222,1.71611008405565,1.72879879222225,-0.0126887081665961
0.2222,1.79127954074517,1.80419500163855,-0.0129154608933797
0.2224,1.86637090877247,1.87957998906625,-0.0132090802937801
0.2226,1.94141665771796,1.95493613091877,-0.0135194732008064
0.2228,2.01640651423323,2.03024847033057,-0.0138419560973451
0.223,2.09132963595608,2.10553409139724,-0.0142044554411678
0.2232,2.16620059939465,2.18081316375954,-0.0146125643648896
0.2234,2.24109460153314,2.25602831763594,-0.014933716102794
0.2236,2.31601031716708,2.33122140715697,-0.0152110899898941
0.2238,2.39096441286673,2.4064124055375,-0.0154479926707798
0.224,2.46596739391725,2.48154211094058,-0.015574717023326
0.2242,2.54100846245704,2.55665734316976,-0.015648880712718
0.2244,2.61603327910746,2.63166222124031,-0.0156289421328473
0.2246,2.69105015144577,2.70657884763513,-0.0155286961893544
0.2248,2.76609235277382,2.78140016723129,-0.0153078144574721
0.225,2.84117449677783,2.85614967642627,-0.0149751796484465
0.2252,2.91627133151342,2.93088179822831,-0.0146104667148816
0.2254,2.99138568849105,3.00560955618929,-0.0142238676982394
0.2256,3.06651258526597,3.08027634561222,-0.0137637603462464
0.2258,3.141651442054,3.15493077041522,-0.0132793283612118
0.226,3.21682772500914,3.22960214375471,-0.0127744187455661
0.2262,3.29200608906551,3.30428642221059,-0.0122803331450752
0.2264,3.36721156203939,3.37902906734773,-0.0118175053083376
0.2266,3.44240851377929,3.45377508748002,-0.0113665737007298
0.2268,3.51761028594519,3.52856021749027,-0.0109499315450838
0.227,3.59280513376184,3.60343853287428,-0.0106333991124372
0.2272,3.66798053961,3.67834156995183,-0.0103610303418247
0.2274,3.74307823424174,3.75326900216572,-0.0101907679239761
0.2276,3.81815960297416,3.82826976257063,-0.0101101595964765
0.2278,3.89322390347175,3.90338367428603,-0.0101597708142762
0.228,3.96830358020797,3.97852997250535,-0.0102263922973891
0.2282,4.04336597010625,4.05372005177007,-0.0103540816638183
0.2284,4.11839140137996,4.12896311416179,-0.0105717127818252
0.2286,4.19335615129251,4.20423726540976,-0.0108811141172538
0.2288,4.26835188617753,4.27951395417049,-0.011162067992962
0.229,4.34336699426797,4.35483628592166,-0.011469291653694
0.2292,4.4183713450201,4.43017283718585,-0.0118014921657483
0.2294,4.49336624991117,4.5055408246259,-0.0121745747147273
0.2296,4.56836349574051,4.58092658345171,-0.0125630877111984
0.2298,4.64340490545971,4.65631767923229,-0.0129127737725847
0.23,4.71843577011788,4.73171482115691,-0.0132790510390333
0.2302,4.79345450483064,4.80710566992017,-0.0136511650895326
0.2304,4.8684907012548,4.88248313518485,-0.0139924339300421
0.2306,4.94355697586196,4.95783414033349,-0.0142771644715305
0.2308,5.01862528613153,5.03315685599093,-0.0145315698594048
0.231,5.09369604077616,5.10845629028544,-0.0147602495092833
0.2312,5.16880377040704,5.18371424876119,-0.0149104783541514
0.2314,5.24396167594764,5.25896347696428,-0.0150018010166448
0.2316,5.31917666299953,5.33417251976502,-0.0149958567654931
0.2318,5.39438970709372,5.40933223914384,-0.0149425320501155
0.232,5.46959802770631,5.48446288013423,-0.014864852427924
0.2322,5.54480464416596,5.55954884342075,-0.0147441992547899
0.2324,5.62002752913101,5.63463319794372,-0.0146056688127096
0.2326,5.69530817702196,5.70967092825358,-0.0143627512316273
0.2328,5.77057366884998,5.7846555603625,-0.0140818915125163
0.233,5.84575020793512,5.85958341589234,-0.0138332079572159
0.2332,5.92091514876712,5.93449772006207,-0.013582571294954
0.2334,5.9960718674842,6.00946492416191,-0.013393056677713
0.2336,6.07124545751939,6.08445309413779,-0.0132076366183931
0.2338,6.14639685732344,6.15943405029894,-0.0130371929755011
0.234,6.22149952454419,6.23436145906152,-0.0128619345173329
0.2342,0.0133365237687286,0.0260731898067213,-0.0127366660379927
0.2344,0.0882880664791784,0.100914366241175,-0.0126262997619963
0.2346,0.163238830195639,0.175757376814896,-0.0125185466192571
0.2348,0.238183675727728,0.250572467334285,-0.0123887916065575
0.235,0.313144555755062,0.325404970322379,-0.0122604145673167
0.2352,0.388142210320528,0.400267968120845,-0.0121257578003166
0.2354,0.463174577781777,0.475186240319845,-0.0120116625380684
0.2356,0.538186852098339,0.550081427546328,-0.0118945754479892
0.2358,0.613186906918416,0.62502341109401,-0.0118365041755947
0.236,0.688203627836402,0.699982397838884,-0.0117787700024824
0.2362,0.763259043876354,0.774952047369676,-0.0116930034933228
0.2364,0.838324365018251,0.849973641705972,-0.0116492766877204
0.2366,0.913398729148126,0.925032888524956,-0.0116341593768305
0.2368,0.988478997547948,1.00015841885097,-0.0116794213030231
0.237,1.06357000880079,1.07534788226496,-0.0117778734641703
0.2372,1.13873881555397,1.15060614462321,-0.0118673290692428
0.2374,1.21391842022444,1.22589260363281,-0.0119741834083711
0.2376,1.28909227334203,1.30120317824444,-0.012110904902408
0.2378,1.36431167093556,1.37655276679939,-0.0122410958638386
0.238,1.43954730932095,1.45192238747585,-0.0123750781548995
0.2382,1.51482994289574,1.52731506249229,-0.0124851195965456
0.2384,1.59009896233561,1.60271371617928,-0.0126147538436707
0.2386,1.66528478045366,1.67810651346835,-0.0128217330146869
0.2388,1.74044938130475,1.75348223937916,-0.0130328580744159
0.239,1.81555520861692,1.82884150133536,-0.0132862927184425
0.2392,1.89062625247503,1.90419325860186,-0.0135670061268236
0.2394,1.96567470197904,1.9795323854997,-0.0138576835206579
0.2396,2.04067769416006,2.05482958175204,-0.0141518875919773
0.2398,2.1156048319343,2.13006491021893,-0.0144600782846296
0.24,2.19054718568969,2.20526670759873,-0.0147195219090372
0.2402,2.26549646002696,2.28038787023374,-0.0148914102067725
0.2404,2.3404285290564,2.35541776174044,-0.0149892326840373
0.2406,2.41536750417084,2.43042245648366,-0.0150549523128221
0.2408,2.49034265426411,2.50533977165715,-0.0149971173930363
0.241,2.56529170197931,2.58023381026881,-0.0149421082894992
0.2412,2.64022636477222,2.65510224576869,-0.0148758809964709
0.2414,2.71516437928578,2.72993180926761,-0.0147674299818319
0.2416,2.79012135101106,2.80471182621138,-0.0145904752003121
0.2418,2.86511380992832,2.879483559555,-0.0143697496266841
0.242,2.94011533140579,2.95421700438169,-0.0141016729758969
0.2422,3.01513113858011,3.02897645018818,-0.0138453116080743
0.2424,3.09023229628556,3.10381322168837,-0.0135809254028083
0.2426,3.16541266339521,3.1786877954513,-0.0132751320560907
0.2428,3.2406636428354,3.25359557069288,-0.0129319278574798
0.243,3.31591774144068,3.32848821731554,-0.0125704758748562
0.2432,3.39118668462689,3.40340279580508,-0.0122161111781924
0.2434,3.46642701038136,3.47830858451608,-0.0118815741347169
0.2436,3.5416493042137,3.55321173130117,-0.0115624270874717
0.2438,3.61689760893561,3.62819376021186,-0.0112961512762495
0.244,3.69212731653625,3.70325303093321,-0.0111257143969601
0.2442,3.76733911625048,3.77832343309566,-0.0109843168451875
0.2444,3.84254060752853,3.85341175032931,-0.0108711428007746
0.2446,3.91767883138008,3.92850902159284,-0.0108301902127583
0.2448,3.99278053285038,4.00365372697494,-0.0108731941245614
0.245,4.06785572244065,4.07885653238573,-0.01100080994508
0.2452,4.14287527595494,4.15408347142347,-0.0112081954685301
0.2454,4.21780783874746,4.22933830579244,-0.0115304670449783
0.2456,4.29267431252187,4.30460892852783,-0.0119346160059646
0.2458,4.36755475735511,4.37993429960492,-0.012379542249815
0.246,4.44244674898757,4.45528214586416,-0.0128353968765831
0.2462,4.51735923802507,4.53063126896335,-0.0132720309382792
0.2464,4.59230621631438,4.60600979527465,-0.0137035789602704
0.2466,4.667289832333,4.68140201010611,-0.0141121777731072
0.2468,4.74228131841974,4.75680058730955,-0.0145192688898108
0.247,4.81730208046534,4.83220370729159,-0.0149016268262558
0.2472,4.89237028537131,4.90760697078126,-0.0152366854099499
0.2474,4.96752400670815,4.98299339100848,-0.0154693843003288
0.2476,5.04267544443226,5.05835136985227,-0.0156759254200134
0.2478,5.1178132046739,5.13370376264647,-0.0158905579725754
0.248,5.19295329079947,5.20904161804423,-0.0160883272447672
0.2482,5.26813862069204,5.28434536570826,-0.016206745016226
0.2484,5.34334279544596,5.35961257344227,-0.0162697779963086
0.2486,5.41855045535895,5.43479917188645,-0.0162487165274952
0.2488,5.49376547338829,5.50996506210354,-0.016199588715252
0.249,5.56903172665847,5.58507147694166,-0.0160397502831859
0.2492,5.6443127329245,5.6601100917509,-0.0157973588263953
0.2494,5.71959225067965,5.73511371662922,-0.0155214659495755
0.2496,5.79481633920131,5.81005629796316,-0.0152399587618488
0.2498,5.86996457204779,5.88490719371976,-0.0149426216719695
0.25,5.94509494922719,5.95971805290508,-0.0146231036778888
0.2502,6.02019215509134,6.03446733379282,-0.0142751787014763
0.2504,6.0952843041275,6.10918573056867,-0.0139014264411781
0.2506,6.17033950358067,6.18391289902693,-0.0135733954462589
0.2508,6.24533423286057,6.25861555011985,-0.0132813172592758
0.251,0.0370540310301459,0.050110950284469,-0.0130569192543231
0.2512,0.111886672805352,0.124763569336404,-0.0128768965310516
0.2514,0.186731739519333,0.199459044656985,-0.0127273051376523
0.2516,0.261598499700875,0.274160205917882,-0.0125617062170075
0.2518,0.336475453044098,0.348865156187199,-0.0123897031431017
0.252,0.411373068979782,0.423574664097847,-0.0122015951180655
0.2522,0.486230161364156,0.498346271658082,-0.0121161102939257
0.2524,0.561067640890589,0.573156035861779,-0.0120883949711902
0.2526,0.635913679154307,0.64804697669363,-0.012133297539323
0.2528,0.710793439061993,0.723016044128504,-0.0122226050665107
0.253,0.785728283458293,0.798073646359409,-0.0123453629011164
0.2532,0.860685357665353,0.873184122251624,-0.0124987645862713
0.2534,0.935694735302191,0.948353459673255,-0.0126587243710642
0.2536,1.01082466845391,1.02359700580164,-0.0127723373477335
0.2538,1.08600497645182,1.09888227136867,-0.0128772949168436
0.254,1.16123824885592,1.17421018387622,-0.0129719350202999
0.2542,1.23652070316356,1.24957271338678,-0.0130520102232172
0.2544,1.31180339677963,1.32495438717259,-0.013150990392957
0.2546,1.38711519159885,1.40035157383462,-0.0132363822357646
0.2548,1.46242738011323,1.47574794529986,-0.0133205651866277
0.255,1.53776302799031,1.55114689683493,-0.0133838688446244
0.2552,1.61306591952906,1.62654456545638,-0.013478645927318
0.2554,1.68832332429923,1.70194006942933,-0.0136167451300944
0.2556,1.76353745374374,1.77732092144367,-0.0137834676999276
0.2558,1.83866579406744,1.85266860853294,-0.0140028144655067
0.256,1.91375547594327,1.92798599620679,-0.0142305202635185
0.2562,1.98880430879828,2.00329351165607,-0.0144892028577812
0.2564,2.06379785962036,2.07859892726084,-0.0148010676404846
0.2566,2.13872829626497,2.15384081081361,-0.0151125145486408
0.2568,2.21357417674621,2.22904396400572,-0.0154697872595091
0.257,2.28845243378429,2.30424050953226,-0.0157880757479663
0.2572,2.3633653967729,2.37935284024419,-0.0159874434712854
0.2574,2.43827974614032,2.45443199907934,-0.0161522529390234
0.2576,2.51324747427508,2.52953714409788,-0.0162896698228039
0.2578,2.58829848630155,2.60461474832562,-0.0163162620240733
0.258,2.6633566124484,2.67967387428877,-0.0163172618403689
0.2582,2.73843410203437,2.75470020453132,-0.0162661024969468
0.2584,2.8135143847065,2.82960274086252,-0.0160883561560152
0.2586,2.88856110635317,2.9044557951024,-0.0158946887492237
0.2588,2.96361320619181,2.97926785468798,-0.0156546484961733
0.259,3.03867830047708,3.05395944617297,-0.0152811456958872
0.2592,3.11375896534153,3.12860298171758,-0.0148440163760486
0.2594,3.18888921329982,3.20321362535234,-0.0143244120525239
0.2596,3.26404098280238,3.2778355438245,-0.0137945610221246
0.2598,3.33919555823987,3.35245950245062,-0.0132639442107476
0.26,3.41435250707224,3.42715635151903,-0.0128038444467879
0.2602,3.48954774255763,3.50193180670213,-0.0123840641444972
0.2604,3.56473789824831,3.57673170655029,-0.0119938083019773
0.2606,3.63994371330727,3.65160544923522,-0.0116617359279494
0.2608,3.71512417808852,3.72650666040162,-0.0113824823130946
0.261,3.79021696746661,3.80143321863128,-0.0112162511646763
0.2612,3.86529707411514,3.87645004827736,-0.0111529741622225
0.2614,3.94033001420337,3.95151519751904,-0.0111851833156784
0.2616,4.015338699714,4.02662390933662,-0.0112852096226232
0.2618,4.09032830816323,4.10179797653483,-0.0114696683715945
0.262,4.16527773711486,4.17699960701002,-0.0117218698951564
0.2622,4.24015669948046,4.25227702698828,-0.0121203275078186
0.2624,4.31502744983703,4.3275888582739,-0.0125614084368753
0.2626,4.38990002365833,4.40290548367575,-0.0130054600174176
0.2628,4.4648040360284,4.47826085390404,-0.013456817875638
0.263,4.53976014553691,4.55363682416479,-0.0138766786278754
0.2632,4.61476546551448,4.62901482744174,-0.0142493619272583
0.2634,4.68977085038576,4.70440809577548,-0.0146372453897197
0.2636,4.76478868632058,4.77980720865708,-0.0150185223364998
0.2638,4.83985132540141,4.85520032868982,-0.0153490032884145
0.264,4.91496304084922,4.93057826353694,-0.0156152226877193
0.2642,4.99015236751606,5.00593884687883,-0.0157864793627738
0.2644,5.06533059939575,5.08126138774893,-0.0159307883531792
0.2646,5.14049302227872,5.15652013075624,-0.0160271084775188
0.2648,5.21566314800465,5.2317384180505,-0.0160752700458531
0.265,5.29088190284594,5.30689388829674,-0.0160119854507945
0.2652,5.36611536753282,5.3820360322788,-0.0159206647459795
0.2654,5.44138105500202,5.45712895542861,-0.0157479004265895
0.2656,5.51663216703625,5.5321631971792,-0.0155310301429532
0.2658,5.59187536677093,5.60715498962829,-0.015279622857352
0.266,5.66710571793914,5.68208267885871,-0.0149769609195722
0.2662,5.74232013391852,5.75700958271589,-0.0146894487973679
0.2664,5.81746546584722,5.83193812803365,-0.0144726621864306
0.2666,5.89260173559815,5.90682393513184,-0.0142221995336893
0.2668,5.96772218476378,5.9816783452455,-0.013956160481718
0.267,6.042779038557,6.05645464112169,-0.0136756025646925
0.2672,6.11780179121311,6.13120389136781,-0.0134021001546962
0.2674,6.19280515705601,6.20599311318677,-0.013187956130766
0.2676,6.26778192796441,6.28082626069302,-0.0130443327286072
0.2678,0.0595283468584293,0.0725220706879851,-0.0129937238295557
0.268,0.134480098135764,0.14742486833006,-0.0129447701942955
0.2682,0.209452484426459,0.222335357200545,-0.0128828727740864
0.2684,0.284431608020716,0.297252841007483,-0.0128212329867667
0.2686,0.359408542378401,0.372192992238719,-0.0127844498603186
0.2688,0.434414671126231,0.447185982131825,-0.0127713110055935
0.269,0.509395244803623,0.522190870523235,-0.0127956257196118
0.2692,0.584354041418234,0.597193467291189,-0.0128394258729551
0.2694,0.659328292576903,0.672189426085404,-0.0128611335085016
0.2696,0.73430574712317,0.747182110401274,-0.0128763632781039
0.2698,0.809257391985388,0.822197566159237,-0.0129401741738485
0.27,0.884246989363143,0.89724845631097,-0.0130014669478271
0.2702,0.959267040471973,0.972312009004855,-0.013044968532882
0.2704,1.03431054572471,1.04741518834374,-0.0131046426190256
0.2706,1.10940979150155,1.12256733389858,-0.0131575423970349
0.2708,1.18453452457247,1.19778057020836,-0.0132460456358907
0.271,1.25970858094757,1.27306038232501,-0.0133518013774478
0.2712,1.33489310297722,1.34838748079233,-0.0134943778151126
0.2714,1.41011834698161,1.42375488544985,-0.0136365384682322
0.2716,1.48535116990556,1.49914572402157,-0.0137945541160038
0.2718,1.56060845337873,1.57454311400282,-0.0139346606240858
0.272,1.63583028108337,1.64993778775766,-0.0141075066742908
0.2722,1.71100866702756,1.72532038045894,-0.0143117134313877
0.2724,1.78614661418704,1.80069053472871,-0.0145439205416686
0.2726,1.86120783078883,1.87603922675716,-0.0148313959683346
0.2728,1.93621898179813,1.95133906648298,-0.0151200846848494
0.273,2.01116507148835,2.02657999505072,-0.0154149235623713
0.2732,2.08603905506904,2.10177839452065,-0.0157393394516094
0.2734,2.16086160641351,2.17696932732482,-0.0161077209113083
0.2736,2.23570842295028,2.25209979622245,-0.0163913732721692
0.2738,2.31057472210311,2.32719784191413,-0.0166231198110243
0.274,2.38547746913212,2.40227013875157,-0.0167926696194582
0.2742,2.4604352023497,2.47726239522804,-0.0168271928783379
0.2744,2.5354523640255,2.55218597013515,-0.0167336061096477
0.2746,2.61047479929013,2.62702992081153,-0.0165551215214026
0.2748,2.68550102760253,2.70184739721931,-0.0163463696167763
0.275,2.76056025649383,2.77668712324677,-0.0161268667529448
0.2752,2.83566092678387,2.85156433108482,-0.0159034043009494
0.2754,2.91077233909578,2.92643973741342,-0.0156673983176421
0.2756,2.98589521422288,3.00130372275383,-0.0154085085309559
0.2758,3.06102552039984,3.07610525183694,-0.0150797314371025
0.276,3.13616426479569,3.150912230069,-0.0147479652733127
0.2762,3.21137660291546,3.22574741415705,-0.0143708112415948
0.2764,3.28659415952977,3.30058108340034,-0.0139869238705708
0.2766,3.36182626750209,3.37541250134957,-0.0135862338474784
0.2768,3.43703895763122,3.45022149833206,-0.013182540700837
0.277,3.51226702671646,3.52507566048949,-0.0128086337730329
0.2772,3.58748207597397,3.59995085971389,-0.0124687837399238
0.2774,3.66267580233326,3.67481346435438,-0.0121376620211184
0.2776,3.73779524645686,3.74972797078016,-0.0119327243233007
0.2778,3.81290061008666,3.82469876068318,-0.0117981505965283
0.278,3.88798891805855,3.89971830809306,-0.0117293900345103
0.2782,3.96301901841244,3.97475387246189,-0.011734854049442
0.2784,4.03802375689189,4.04984549598711,-0.0118217390952138
0.2786,4.1129891107796,4.12499431554944,-0.0120052047698413
0.2788,4.18789539476624,4.20019533829546,-0.0122999435292197
0.279,4.26282172216359,4.27541008658753,-0.0125883644239355
0.2792,4.33775222399702,4.35068608412913,-0.0129338601321098
0.2794,4.41266463425521,4.42599978492674,-0.01333515067153
0.2796,4.48759715104124,4.50134351060987,-0.0137463595686276
0.2798,4.56258136798487,4.57672212286105,-0.0141407548761805
0.28,4.63761540680986,4.6521163475353,-0.0145009407254415
0.2802,4.71264320270322,4.72751460754518,-0.0148714048419638
0.2804,4.7876668885689,4.80290696295639,-0.0152400743874841
0.2806,4.86271524200695,4.8782872990215,-0.0155720570145501
0.2808,4.93780258681844,4.95364849841663,-0.0158459115981895
0.281,5.01290548587753,5.02900578475972,-0.0161002988821899
0.2812,5.08802546416126,5.10434298812269,-0.0163175239614262
0.2814,5.1631515457977,5.17961428956375,-0.0164627437660494
0.2816,5.23827679412142,5.25486700655035,-0.0165902124289223
0.2818,5.31346316067468,5.33007734040283,-0.0166141797281547
0.282,5.38864774577837,5.40521827970616,-0.0165705339277897
0.2822,5.46385115759935,5.4802980382408,-0.0164468806414506
0.2824,5.53904819963623,5.55530673062706,-0.0162585309908243
0.2826,5.61425601968067,5.63028378142703,-0.0160277617463587
0.2828,5.68945917366617,5.70519540370933,-0.0157362300431538
0.283,5.76464126949663,5.78005552715857,-0.015414257661936
0.2832,5.83974211509231,5.85486318897128,-0.015121073878972
0.2834,5.91482721793904,5.9296589924549,-0.0148317745158559
0.2836,5.98989462091864,6.00448698299595,-0.0145923620773152
0.2838,6.0649746939735,6.07933364423845,-0.0143589502649517
0.284,6.14003991428244,6.15418090782092,-0.0141409935384829
0.2842,6.21507376094265,6.22897768190149,-0.0139039209588478
0.2844,0.00686292846292513,0.020601920919516,-0.0137389924565909
0.2846,0.0818627027483624,0.0954042164931688,-0.0135415137448064
0.2848,0.156873823169763,0.170181094851006,-0.013307271681243
0.285,0.231869521456291,0.244947346080299,-0.0130778246240076
0.2852,0.306855027918127,0.319728667398252,-0.0128736394801254
0.2854,0.381842004705172,0.394515323136057,-0.0126733184308844
0.2856,0.456795911751139,0.469342110841757,-0.0125461990906188
0.2858,0.531732624155498,0.544219948107702,-0.0124873239522032
0.286,0.606664513547765,0.619164947876082,-0.0125004343283173
0.2862,0.681613043040166,0.694175661539334,-0.012562618499168
0.2864,0.756592388273978,0.769287106730217,-0.012694718456239
0.2866,0.831582979345023,0.844425209404919,-0.0128422300598963
0.2868,0.906590008039915,0.919590656343584,-0.013000648303669
0.287,0.981657646278452,0.994826202580279,-0.0131685563018272
0.2872,1.05678474109639,1.07008149666557,-0.0132967555691814
0.2874,1.13196439594295,1.14537853187385,-0.0134141359308984
0.2876,1.20713747097042,1.22068614630979,-0.0135486753393792
0.2878,1.28230657782055,1.29600636191346,-0.0136997840929043
0.288,1.35748004775356,1.37134610568874,-0.0138660579351741
0.2882,1.43267872460115,1.44671011301672,-0.0140313884155661
0.2884,1.50788101000637,1.52210024688927,-0.0142192368828979
0.2886,1.58306539181291,1.59749785553075,-0.0144324637178419
0.2888,1.65816851917457,1.67290280405116,-0.0147342848765915
0.289,1.73325745573326,1.74830768322682,-0.0150502274935667
0.2892,1.80833343037758,1.82369702346313,-0.0153635930855553
0.2894,1.88342593083407,1.89908193689771,-0.015656006063639
0.2896,1.95849797524633,1.97445812080545,-0.0159601455591194
0.2898,2.03352204817807,2.04979148365999,-0.0162694354819246
0.29,2.10846760701019,2.12506297121805,-0.0165953642078582
0.2902,2.18342699171412,2.20030851536466,-0.0168815236505413
0.2904,2.25839528802975,2.27548649018119,-0.0170912021514442
0.2906,2.33334848127191,2.35057838118532,-0.0172298999134153
0.2908,2.40831620490662,2.42560929797198,-0.0172930930653581
0.291,2.48332205610105,2.50055326711572,-0.0172312110146735
0.2912,2.55828968419554,2.57546394222763,-0.0171742580320884
0.2914,2.63323586536205,2.65030222924249,-0.0170663638804385
0.2916,2.70818094021689,2.72505930763404,-0.0168783674171542
0.2918,2.78314235693676,2.79974816068984,-0.0166058037530772
0.292,2.85814204734687,2.87443479126003,-0.0162927439131635
0.2922,2.93316025459899,2.94910201332669,-0.0159417587277
0.2924,3.00820131149351,3.02377770097282,-0.0155763894793095
0.2926,3.08325719043203,3.09840207511131,-0.015144884679287
0.2928,3.15832225281257,3.17301051174845,-0.0146882589358825
0.293,3.23345561002084,3.2476689195298,-0.0142133095089583
0.2932,3.30858975536727,3.32231088672764,-0.0137211313603696
0.2934,3.38371371376443,3.39699117184308,-0.0132774580786497
0.2936,3.45888519752562,3.47170203233786,-0.0128168348122446
0.2938,3.53407837815954,3.5464721274521,-0.0123937492925652
0.294,3.60932419937342,3.62137396550574,-0.0120497661323253
0.2942,3.68456055270802,3.6963373965638,-0.0117768438557784
0.2944,3.75971615384938,3.77129522903793,-0.0115790751885494
0.2946,3.8348556050653,3.84630711770508,-0.0114515126397805
0.2948,3.90993837748488,3.92136398381036,-0.0114256063254761
0.295,3.98498555217757,3.99644238917404,-0.0114568369964756
0.2952,4.06000837431448,4.07156894834008,-0.0115605740255953
0.2954,4.13498337664981,4.1467419183422,-0.0117585416923882
0.2956,4.20988056284678,4.22196194891599,-0.0120813860692097
0.2958,4.28471473335164,4.29720615204489,-0.0124914186932497
0.296,4.35955842327843,4.37250999778149,-0.0129515745030622
0.2962,4.43440651649881,4.44785409281997,-0.0134475763211537
0.2964,4.50928131086292,4.52322728938317,-0.0139459785202494
0.2966,4.58420308803369,4.59862261543898,-0.0144195274052841
0.2968,4.65909481838463,4.67402053170933,-0.0149257133247049
0.297,4.73397041491404,4.74941780464649,-0.0154473897324472
0.2972,4.80884657741842,4.82480948380771,-0.0159629063892908
0.2974,4.88373851089801,4.90018986427681,-0.0164513533787982
0.2976,4.95866619121565,4.97555126809089,-0.0168850768752362
0.2978,5.03360698889262,5.05088779925035,-0.0172808103577289
0.298,5.10856634261732,5.12622305016921,-0.0176567075518985
0.2982,5.18361231869885,5.20153720558431,-0.0179248868854573
0.2984,5.25873584226566,5.27679671451954,-0.0180608722538791
0.2986,5.33392743257543,5.3519982270637,-0.0180707944882696
0.2988,5.40912094971655,5.42712676514251,-0.0180058154259637
0.299,5.48433207610764,5.50218527350213,-0.017853197394496
0.2992,5.55952317949565,5.57716150563531,-0.0176383261396564
0.2994,5.63470878012311,5.65215908587261,-0.0174503057494961
0.2996,5.70993100689936,5.72716640361148,-0.0172353967121177
0.2998,5.78513838970189,5.8021405044195,-0.0170021147176067
0.3,5.86032546533398,5.87706973540109,-0.0167442700671128
0.3002,5.93550059579355,5.95445589379732,-0.0189552980037684
0.3004,6.01180147242044,6.03703030150857,-0.0252288290881317
0.3006,6.08887275365075,6.11814232088353,-0.0292695672327792
0.3008,6.16577845139707,6.20010065173258,-0.0343222003355148
0.301,6.24450584810478,6.28091212226464,-0.0364062741598605
0.3012,0.0386052913649273,0.0746397868400933,-0.036034495475166
0.3014,0.116059236834105,0.151124025513191,-0.035064788679086
0.3016,0.194744842965979,0.225022774690163,-0.0302779317241836
0.3018,0.271919782333708,0.296838084621356,-0.0249183022876484
0.302,0.350438756096679,0.36776611777887,-0.0173273616821915
0.3022,0.428644173400417,0.4360157494286,-0.00737157602818317
0.3024,0.505655247098127,0.502928764631918,0.00272648246620899
0.3026,0.583479838491191,0.568292342294406,0.0151874961967853
0.3028,0.659514257181976,0.631641539839096,0.0278727173428795
0.303,0.734854954396268,0.694244787156126,0.0406101672401417
0.3032,0.809987634899519,0.755749364055257,0.0542382708442617
0.3034,0.88349847412171,0.816644862885058,0.0668536112366527
0.3036,0.957212588398299,0.877589277936787,0.0796233104615121
0.3038,1.03051639912184,0.938428821807995,0.0920875773138459
0.304,1.10333046143893,0.999857178905631,0.103473282533301
0.3042,1.176839045857,1.06212436487288,0.11471468098412
0.3044,1.25012903455609,1.12531765505507,0.12481137950102
0.3046,1.32371913207917,1.18975953780424,0.133959594274927
0.3048,1.39768301917761,1.25541257778415,0.142270441393466
0.305,1.47134452681505,1.32246385759926,0.148880669215787
0.3052,1.54516119047978,1.39130872260949,0.153852467870281
0.3054,1.61879358060069,1.46221320755976,0.156580373040924
0.3056,1.69216230526407,1.53539070217975,0.156771603084317
0.3058,1.76550814816862,1.61087024212712,0.154637906041508
0.306,1.8383806538826,1.68862076769534,0.149759886187264
0.3062,1.91090336425363,1.76852835127556,0.142375012978074
0.3064,1.983173455359,1.8505243460938,0.132649109265206
0.3066,2.05508301965965,1.93449157057344,0.120591449086214
0.3068,2.12687037873853,2.0202032759581,0.106667102780436
0.307,2.19855201659701,2.10750369777985,0.0910483188171587
0.3072,2.27015588494956,2.19609498536471,0.0740608995848429
0.3074,2.34179724545876,2.28565660849785,0.0561406369609037
0.3076,2.41351163030358,2.37576493933857,0.0377466909650037
0.3078,2.4852561699311,2.46575128720622,0.0195048827248865
0.308,2.55705500321617,2.55505383313692,0.00200117007924572
0.3082,2.62881196159339,2.64310132611302,-0.0142893645196249
0.3084,2.70057154519435,2.72934377467933,-0.0287722294849768
0.3086,2.77227598786041,2.81324247870641,-0.0409664908460057
0.3088,2.84385484512254,2.89440363711532,-0.0505487919927776
0.309,2.91526715429041,2.97261375715419,-0.0573466028637726
0.3092,2.98657075722345,3.04790685996954,-0.061336102746091
0.3094,3.05782224297415,3.12014764091488,-0.062325397940727
0.3096,3.12900218677974,3.18931824295414,-0.0603160561743978
0.3098,3.20016999920215,3.25557622232861,-0.0554062231264609
0.31,3.27126517945171,3.31883159183078,-0.0475664123790707
0.3102,3.34222411402849,3.37915815468441,-0.0369340406559227
0.3104,3.41313671477984,3.43691593765661,-0.0237792228767644
0.3106,3.48401832207468,3.49214482837705,-0.00812650630237233
0.3108,3.55486606372152,3.54520503621113,0.00966102751039388
0.311,3.6256856976544,3.59635356538677,0.0293321322676356
0.3112,3.6964912817164,3.64580637675009,0.0506849049663072
0.3114,3.76732164644031,3.69374951048617,0.0735721359541408
0.3116,3.83809143866213,3.74021977594666,0.0978716627154688
0.3118,3.90880815892545,3.78538034122843,0.123427817697011
0.312,3.97956746402471,3.82933256020325,0.150234903821457
0.3122,4.05033055178584,3.87215839565016,0.178172156135676
0.3124,4.12107111648485,3.91409622668141,0.20697488980344
0.3126,4.19179489147758,3.95521962709576,0.236575264381818
0.3128,4.26246354144316,3.99579219940785,0.266671342035315
0.313,4.33316866052786,4.03600442677295,0.297164233754904
0.3132,4.40387593372662,4.07595948415932,0.327916449567303
0.3134,4.47450456902105,4.11599148644654,0.358513082574514
0.3136,4.5450824591533,4.15641830045709,0.38866415869621
0.3138,4.61559712238766,4.19738232540441,0.418214796983258
0.314,4.68605550226133,4.23916544356111,0.446890058700219
0.3142,4.7565504196668,4.28224954742526,0.474300872241541
0.3144,4.82707137843525,4.32702220027968,0.500049178155575
0.3146,4.89755089821067,4.37391572870718,0.523635169503493
0.3148,4.96806835338629,4.4234882187494,0.544580134636887
0.315,5.03858807755003,4.47633702198544,0.562251055564587
0.3152,5.10903337651383,4.53315488307965,0.57587849343418
0.3154,5.17944180841438,4.5947757539315,0.584666054482874
0.3156,5.24984587937151,4.66219543331938,0.587650446052129
0.3158,5.32019703412894,4.73633234327473,0.583864690854215
0.316,5.3905247625228,4.81795219497472,0.572572567548079
0.3162,5.46082685999768,4.90748213079595,0.553344729201735
0.3164,5.53112498272608,5.00495094763871,0.526174035087365
0.3166,5.6014284990108,5.10912882849248,0.492299670518316
0.3168,5.67170250370969,5.21291020280377,0.458792300905913
0.317,5.74197183118381,5.28154622381618,0.460425607367627
0.3172,5.81224204427323,5.33933906700926,0.472902977263968
0.3174,5.88247927465369,5.39029158504617,0.492187689607523
0.3176,5.95268553447853,5.427188750469,0.525496784009526
0.3178,6.02284470871524,5.47882463514592,0.544020073569317
0.318,6.09297844817504,5.52688691573892,0.566091532436121
0.3182,6.16309767947112,5.57373341184943,0.589364267621699
0.3184,6.23315155650824,5.62900511292872,0.604146443579524
0.3186,0.0199792541577022,5.67864658487242,0.624517976464868
0.3188,0.0900063026301435,5.73584122620426,0.637350383605471
0.319,0.160011261513633,5.79883376657878,0.644362802114442
0.3192,0.229944655403354,5.86242936940499,0.650700593177952
0.3194,0.299842837821521,5.93777991808455,0.645248226916555
0.3196,0.369676116802094,6.01662298544851,0.636238438533169
0.3198,0.439457440947143,6.10038761313433,0.622255134992403
0.32,0.509231335934107,6.19234018947788,0.600076453635809
0.3202,0.578953031337119,0.000415737601543009,0.578537293735576
0.3204,0.648632020412862,0.0943787550703872,0.554253265342475
0.3206,0.718242665012183,0.187828850475584,0.5304138145366
0.3208,0.787743723012558,0.277051616069095,0.510692106943463
0.321,0.857165934522888,0.365996379648274,0.491169554874614
0.3212,0.926566079295755,0.452309564619896,0.474256514675859
0.3214,0.995907571988321,0.537971340038406,0.457936231949915
0.3216,1.06513812584209,0.625791575280467,0.439346550561618
0.3218,1.13436064040313,0.713349033700552,0.421011606702575
0.322,1.20358823001922,0.799226536413532,0.404361693605688
0.3222,1.27275449604006,0.881173853597795,0.391580642442265
0.3224,1.34183745287078,0.958624866128543,0.383212586742232
0.3226,1.41088461417246,1.03324458293143,0.377640031241037
0.3228,1.47989397471585,1.10520382494839,0.374690149767465
0.323,1.54884565072977,1.1760229180251,0.372822732704672
0.3232,1.61774441045865,1.2470770692042,0.370667341254454
0.3234,1.68657571458312,1.31861297282399,0.367962741759132
0.3236,1.75535288893735,1.39118121889186,0.364171670045491
0.3238,1.82407017393554,1.46491918807168,0.359150985863857
0.324,1.89275816278332,1.53964880585104,0.353109356932274
0.3242,1.96142842765819,1.61508619779362,0.346342229864566
0.3244,2.03005455860775,1.69101463507902,0.339039923528727
0.3246,2.09867276596664,1.76733909941798,0.331333666548654
0.3248,2.16725452657209,1.84390458250698,0.323349944065108
0.325,2.23576104088087,1.92041421476867,0.315346826112201
0.3252,2.30417772029945,1.99665601554763,0.307521704751815
0.3254,2.37247796079727,2.07274745029452,0.299730510502741
0.3256,2.44071641982235,2.14903973910859,0.291676680713763
0.3258,2.50891977148516,2.22530123973722,0.28361853174794
0.326,2.57707538274021,2.30142882994214,0.275646552798074
0.3262,2.64522049113425,2.37724950534724,0.267970985787003
0.3264,2.7133214161879,2.45248993421934,0.26083148196856
0.3266,2.78139388614554,2.52789579535881,0.253498090786731
0.3268,2.84941599297393,2.60362878376452,0.245787209209406
0.327,2.91740418391648,2.67905278879447,0.238351395122013
0.3272,2.98539825401628,2.75427040725991,0.23112784675637
0.3274,3.05336230815607,2.82875579378817,0.224606514367893
0.3276,3.12125325761049,2.90287978927309,0.218373468337399
0.3278,3.1891432755578,2.97636357169195,0.212779703865851
0.328,3.25701656813386,3.0486788969666,0.208337671167266
0.3282,3.32485062967594,3.1205854256787,0.204265203997241
0.3284,3.39264275320936,3.19242163357871,0.200221119630648
0.3286,3.46043654077233,3.26441980531269,0.196016735459633
0.3288,3.52823077722983,3.33667867971939,0.19155209751044
0.329,3.59597909635702,3.40891009564202,0.187069000714998
0.3292,3.66367206271567,3.48161125853322,0.182060804182453
0.3294,3.73136386529576,3.55478025159792,0.176583613697842
0.3296,3.79906690470803,3.62787917107707,0.171187733630963
0.3298,3.86672717684116,3.70093212502576,0.165795051815393
0.33,3.9343307634181,3.77447038921063,0.159860374207469
0.3302,4.00194289509549,3.84826800402964,0.153674891065852
0.3304,4.06959162259347,3.92223650060417,0.147355121989301
0.3306,4.13722244586828,3.99648843330146,0.140734012566828
0.3308,4.20486108777716,4.07093045199632,0.133930635780835
0.331,4.27248596258346,4.1455018500085,0.126984112574954
0.3312,4.34006772788584,4.22055018395138,0.119517543934456
0.3314,4.4075951129323,4.29606668713514,0.111528425797159
0.3316,4.47508310262748,4.37183928803013,0.10324381459735
0.3318,4.54253452170107,4.44765825353448,0.0948762681665869
0.332,4.60999237423673,4.52339826280098,0.0865941114357547
0.3322,4.67743119922163,4.5989948079835,0.078436391238129
0.3324,4.74487221821097,4.67448385725361,0.0703883609573595
0.3326,4.81235169047336,4.74988270496629,0.0624689855070759
0.3328,4.87982715783858,4.82514002109181,0.0546871367467636
0.333,4.94724309965409,4.90007773948482,0.0471653601692728
0.3332,5.01457287752464,4.97458779896722,0.0399850785574198
0.3334,5.08194169120784,5.04873050027674,0.0332111909311053
0.3336,5.14936177402571,5.12235718015367,0.027004593872042
0.3338,5.21677019617576,5.19547639726729,0.0212937989084656
0.334,5.28418956963473,5.26805588565935,0.0161336839753865
0.3342,5.35159923043362,5.33985740664712,0.0117418237865019
0.3344,5.41898426297738,5.41073357135628,0.00825069162110381
0.3346,5.48634218523719,5.48068387480967,0.00565831042751874
0.3348,5.55369412253769,5.54979852840097,0.00389559413671936
0.335,5.62102273798532,5.61875994061193,0.00226279737339929
0.3352,5.68833466234713,5.6870973070936,0.00123735525353741
0.3354,5.75562930148828,5.75450231950733,0.00112698198095451
0.3356,5.82294439505014,5.82168705200086,0.00125734304928304
0.3358,5.89028605746991,5.88877179644015,0.00151426102975716
0.336,5.95759746102957,5.95533876685282,0.00225869417674396
0.3362,6.02490808041801,6.02253446006061,0.00237362035740141
0.3364,6.09229349502063,6.09011315455114,0.00218034046948823
0.3366,6.15969270898271,6.15700870973173,0.00268399925098173
0.3368,6.22704236908456,6.22354004803245,0.00350232105210768
0.337,0.011205680030141,0.00697304155503486,0.00423263847510613
0.3372,0.0785382704515655,0.0736946225194913,0.00484364793207423
0.3374,0.145833461437572,0.14067327140578,0.00516019003179147
0.3376,0.213081199831411,0.207527224643577,0.00555397518783407
0.3378,0.280322392565661,0.274307554697226,0.00601483786843515
0.338,0.347536631189333,0.341310221611621,0.00622640957771226
0.3382,0.414739784043976,0.408566076271759,0.00617370777221699
0.3384,0.481910376367768,0.475605077355797,0.0063052990119713
0.3386,0.549052265665406,0.543047558693692,0.00600470697171485
0.3388,0.616227709264706,0.611484476352862,0.00474323291184409
0.339,0.683418010803293,0.6804594147294,0.00295859607389326
0.3392,0.750568385389167,0.749677859732331,0.000890525656836227
0.3394,0.81772851753772,0.819734617576157,-0.00200610003843726
0.3396,0.884943199484933,0.890712599402316,-0.00576939991738334
0.3398,0.952158227941212,0.962177492472247,-0.010019264531035
0.34,1.01931969222444,1.03415883548241,-0.0148391432579711
0.3402,1.08643234650964,1.10686475414758,-0.0204324076379403
0.3404,1.15353592326409,1.18021840640284,-0.0266824831387469
0.3406,1.22063695218878,1.25424322420465,-0.0336062720158661
0.3408,1.28769039888705,1.32882986651276,-0.0411394676257064
0.341,1.35469350503892,1.4039779674567,-0.0492844624177808
0.3412,1.42168303366868,1.47940705556991,-0.0577240219012252
0.3414,1.48867459450241,1.55484564665254,-0.06617105215013
0.3416,1.55567526356899,1.63022255239231,-0.074547288823319
0.3418,1.62271624494166,1.70557702585498,-0.0828607809133233
0.342,1.68978938646103,1.78104516028801,-0.0912557738269724
0.3422,1.75684482899472,1.85668940817724,-0.0998445791825242
0.3424,1.82387774122483,1.93244725327432,-0.108569512049492
0.3426,1.89094665480121,2.00796625417217,-0.117019599370961
0.3428,1.95804891086838,2.08293085832398,-0.124881947455597
0.343,2.02512448499068,2.15742042234879,-0.132295937358107
0.3432,2.09221026274376,2.23132207649305,-0.139111813749281
0.3434,2.15930882398192,2.30437475132598,-0.145065927344062
0.3436,2.22639714767078,2.3763352966473,-0.149938148976519
0.3438,2.29343173854074,2.44693403736124,-0.153502298820499
0.344,2.36038424474985,2.51665499940347,-0.156270754653621
0.3442,2.4273169177579,2.58614324801459,-0.158826330256686
0.3444,2.49428261043773,2.65525109248587,-0.160968482048143
0.3446,2.56124756693746,2.7238180165162,-0.162570449578747
0.3448,2.62816266190643,2.79223807542705,-0.164075413520616
0.345,2.69513221898772,2.86110571873984,-0.165973499752121
0.3452,2.76215039837547,2.92968709248638,-0.167536694110905
0.3454,2.82915782434339,2.99799932123647,-0.168841496893081
0.3456,2.89618548286247,3.0668714495449,-0.170685966682425
0.3458,2.9632725784832,3.13593889134036,-0.172666312857161
0.346,3.03037022016241,3.20424231358533,-0.173872093422922
0.3462,3.09742867877402,3.27174274070356,-0.174314061929538
0.3464,3.16442334922192,3.33926346989941,-0.174840120677483
0.3466,3.2314182759977,3.40727510346688,-0.175856827469181
0.3468,3.29844623570032,3.47566206152134,-0.177215825821027
0.347,3.36545963460157,3.54417564935375,-0.178716014752176
0.3472,3.43244509740699,3.61331439609678,-0.180869298689798
0.3474,3.49943142442878,3.68287860565913,-0.183447181230346
0.3476,3.56640849877496,3.75290913114104,-0.186500632366084
0.3478,3.63338629098706,3.82304951934741,-0.189663228360345
0.348,3.70039437239469,3.8935387566636,-0.193144384268909
0.3482,3.76748802277679,3.96427924100738,-0.196791218230591
0.3484,3.83461785517306,4.03523681913601,-0.200618963962944
0.3486,3.90175484182944,4.10691196662424,-0.205157124794805
0.3488,3.96894663242582,4.17965920207152,-0.210712569645692
0.349,4.0361914046276,4.25305911602285,-0.216867711395251
0.3492,4.10342741753094,4.32702120982505,-0.22359379229411
0.3494,4.17069385115106,4.40150084262564,-0.230806991474577
0.3496,4.23799371878513,4.47648714117602,-0.238493422390891
0.3498,4.30530304989191,4.55176136854731,-0.246458318655402
0.35,4.37257944077226,4.62719446505227,-0.254615024280012
0.3502,4.4397925639341,4.7026563450559,-0.262863781121802
0.3504,4.50700463061619,4.77798607766251,-0.270981447046315
0.3506,4.57426860740844,4.85310135832414,-0.278832750915699
0.3508,4.64154961603202,4.92801520298579,-0.286465586953777
0.351,4.70879685853947,5.00304392704694,-0.294247068507467
0.3512,4.77608925212609,5.07829008974318,-0.302200837617089
0.3514,4.84344622675373,5.15349485823221,-0.310048631478478
0.3516,4.9108245399164,5.22827803254235,-0.317453492625951
0.3518,4.97817806813058,5.30242953795947,-0.324251469828893
0.352,5.04560937898358,5.37590374122068,-0.330294362237103
0.3522,5.11310321886219,5.44843360456992,-0.335330385707732
0.3524,5.18059631336289,5.51993537221813,-0.33933905885524
0.3526,5.24804728478121,5.59076659175164,-0.342719306970432
0.3528,5.3155334574013,5.66024706776381,-0.344713610362517
0.353,5.38306448208193,5.72794120038113,-0.344876718299198
0.3532,5.45058486356066,5.79446052912798,-0.343875665567313
0.3534,5.5180536755767,5.86026340699055,-0.342209731413851
0.3536,5.58548571241552,5.9253771499885,-0.339891437572975
0.3538,5.65294785689744,5.99070958287519,-0.337761725977749
0.354,5.72045390835633,6.05632405564844,-0.335870147292118
0.3542,5.78801303781831,6.12281047536009,-0.33479743754178
0.3544,5.85567256575516,6.18986477796189,-0.334192212206735
0.3546,5.92340766126501,6.25756446925981,-0.334156807994803
0.3548,5.99123228665397,0.0426139123459617,-0.334566932871576
0.355,6.05913144001791,0.110993158880192,-0.335047026041863
0.3552,6.1270375791277,0.178871590713801,-0.335019318765685
0.3554,6.19490614515211,0.245683781941429,-0.333962943968906
0.3556,6.26272495298517,0.312125023569765,-0.332585377764181
0.3558,0.0473756287051135,0.379306865415873,-0.33193123671076
0.356,0.115228808331331,0.447002338040219,-0.331773529708888
0.3562,0.18307758946373,0.514579067345695,-0.331501477881965
0.3564,0.250905010591795,0.582458277726837,-0.331553267135042
0.3566,0.318756673269716,0.651363748906323,-0.332607075636607
0.3568,0.386666612787713,0.721074832369318,-0.334408219581605
0.357,0.454597811196644,0.791318959437954,-0.33672114824131
0.3572,0.52256926804802,0.861955998088161,-0.339386730040141
0.3574,0.590612031188928,0.932920091988541,-0.342308060799613
0.3576,0.658689240317359,1.00393113248729,-0.345241892169933
0.3578,0.726755671851985,1.07518212385953,-0.34842645200755
0.358,0.794857114722911,1.14713853012168,-0.352281415398765
0.3582,0.862983000823709,1.21985018161721,-0.3568671807935
0.3584,0.931144751445885,1.29335182284425,-0.362207071398361
0.3586,0.999310559939147,1.36753032746833,-0.368219767529179
0.3588,1.06744279344029,1.44232880288468,-0.374886009444394
0.359,1.13559571448416,1.51753893310789,-0.38194321862373
0.3592,1.20376471710262,1.59291707685774,-0.389152359755124
0.3594,1.27193785807454,1.66829318581409,-0.396355327739548
0.3596,1.34011218884802,1.74352738487306,-0.40341519602504
0.3598,1.40833409059304,1.81856294336174,-0.410228852768694
0.36,1.47660156449359,1.89349980322855,-0.416898238734959
0.3602,1.54489593329439,1.96833931532103,-0.423443382026635
0.3604,1.61324917933771,2.0433725520133,-0.430123372675582
0.3606,1.68166358693185,2.11889175076701,-0.437228163835156
0.3608,1.75009237761049,2.19449558803009,-0.444403210419599
0.361,1.81852808848619,2.26967477426383,-0.45114668577764
0.3612,1.88702716694217,2.34419908984286,-0.457171922900691
0.3614,1.95558752047118,2.41796664843476,-0.462379127963579
0.3616,2.02415067417964,2.49013171883734,-0.465981044657699
0.3618,2.09267828163253,2.56096198696101,-0.468283705328482
0.362,2.16122811638419,2.63116021652382,-0.469932100139635
0.3622,2.22979503017513,2.70034358754784,-0.47054855737271
0.3624,2.29835708400182,2.76813753955791,-0.469780455556093
0.3626,2.36697229340576,2.83557669910538,-0.468604405699623
0.3628,2.43566548971735,2.90358037973384,-0.467914890016488
0.363,2.50438768517538,2.97181627657734,-0.467428591401961
0.3632,2.5730865590262,3.03922797942563,-0.46614142039943
0.3634,2.6417353337238,3.10605062220081,-0.46431528847701
0.3636,2.7104534391441,3.17365133496753,-0.463197895823427
0.3638,2.7792424599803,3.24170584366417,-0.462463383683867
0.364,2.84804872123632,3.30985525416204,-0.461806532925725
0.3642,2.91690200130358,3.37852293595629,-0.461620934652714
0.3644,2.98583923061256,3.44766129260066,-0.461822061988101
0.3646,3.05480966640375,3.516299671309,-0.461490004905243
0.3648,3.12376073739904,3.58469438638612,-0.460933648987081
0.365,3.19274338712686,3.65367475092533,-0.460931363798475
0.3652,3.26174708261206,3.72299840795791,-0.461251325345851
0.3654,3.33073484193362,3.79204607288752,-0.461311230953899
0.3656,3.3997078837651,3.86092739234341,-0.461219508578319
0.3658,3.46867677135673,3.93045051346759,-0.461773742110856
0.366,3.53769438646349,4.0007928201966,-0.463098433733102
0.3662,3.60676605989744,4.07143879632233,-0.464672736424891
0.3664,3.67587038719421,4.14252775283968,-0.466657365645477
0.3666,3.74503811572861,4.21429158827941,-0.469253472550804
0.3668,3.81427623375723,4.28651534853589,-0.472239114778659
0.367,3.8835673900054,4.35921102922055,-0.475643639215147
0.3672,3.95294817042147,4.43278620048132,-0.479838030059857
0.3674,4.02240613644879,4.50707044671154,-0.484664310262755
0.3676,4.09187523098113,4.58188608509578,-0.490010854114651
0.3678,4.16131531738043,4.65710172022074,-0.495786402840306
0.368,4.23078567706051,4.73248212474981,-0.501696447689301
0.3682,4.3002806596935,4.80791075777116,-0.507630098077661
0.3684,4.36976491544968,4.88335805818431,-0.513593142734635
0.3686,4.43922498100195,4.95860184737214,-0.519376866370188
0.3688,4.50873104197521,5.03349036819894,-0.524759326223736
0.369,4.57831600448663,5.10816473024749,-0.529848725760854
0.3692,4.64793571664008,5.18259744145403,-0.534661724813947
0.3694,4.71760574977616,5.25670767748662,-0.539101927710466
0.3696,4.78735783737868,5.33085355146316,-0.543495714084471
0.3698,4.85715215558667,5.40559121154225,-0.548439055955588
0.37,4.92694548416655,5.48105940673043,-0.554113922563879
0.3702,4.99678714118529,5.55696449458196,-0.560177353396678
0.3704,5.06666531621366,5.63216337788652,-0.565498061672859
0.3706,5.13658932521122,5.7059598035704,-0.569370478359183
0.3708,5.20652691299673,5.77793557709318,-0.571408664096455
0.371,5.27643931180063,5.84794683252602,-0.571507520725398
0.3712,5.34638187866875,5.91646624116061,-0.570084362491855
0.3714,5.4163500467084,5.98333052038349,-0.566980473675097
0.3716,5.48632939369822,6.04865314196922,-0.562323748271003
0.3718,5.55631737306418,6.11362736097169,-0.55730998790751
0.372,5.62636046434928,6.17955206364686,-0.553191599297583
0.3722,5.69645785653576,6.24623725493202,-0.549779398396257
0.3724,5.76659068369752,0.0297837758999902,-0.546378399382059
0.3726,5.83678935465129,0.0973172181795667,-0.543713170707868
0.3728,5.90705972180063,0.165699067507659,-0.541824652886611
0.373,5.97735490191528,0.234233441041854,-0.540063846306158
0.3732,6.04769229319414,0.302993510785133,-0.53848652477058
0.3734,6.11813276021237,0.37180504916332,-0.536857596130542
0.3736,6.18861745355617,0.440392766025677,-0.534960619649096
0.3738,6.25908708224113,0.508543005005906,-0.532641229944362
0.374,0.0464075133780799,0.576740305200007,-0.530332791821927
0.3742,0.116938311520041,0.645490268598894,-0.528551957078853
0.3744,0.187470359410219,0.715096790600509,-0.527626431190291
0.3746,0.257992116460672,0.78546166309004,-0.527469546629368
0.3748,0.328545478920194,0.85674115198247,-0.528195673062276
0.375,0.399166777234765,0.928364287039675,-0.52919750980491
0.3752,0.469820059655839,1.00039109307917,-0.530571033423334
0.3754,0.540521227091375,1.07322819232065,-0.532706965229272
0.3756,0.611303582788558,1.14663102985696,-0.535327447068402
0.3758,0.682127360966882,1.22012995509205,-0.538002594125171
0.376,0.752949424379944,1.29359123443182,-0.540641810051877
0.3762,0.823819426823162,1.367271414965,-0.543451988141841
0.3764,0.89472457124443,1.44148705070809,-0.546762479463664
0.3766,0.965673045066636,1.516343256293,-0.550670211226366
0.3768,1.03663177963467,1.59165421858484,-0.555022438950172
0.377,1.10756251241746,1.66731854035026,-0.559756027932807
0.3772,1.17852098999367,1.74301074106714,-0.564489751073473
0.3774,1.24953181946733,1.81836890379844,-0.568837084331105
0.3776,1.32054470035085,1.89326260445383,-0.572717904102977
0.3778,1.39154821079254,1.96769322300646,-0.576145012213921
0.378,1.46259710525274,2.04203043592167,-0.579433330668931
0.3782,1.53369710723546,2.11642573682501,-0.582728629589549
0.3784,1.60483346814392,2.19064899104757,-0.585815522903654
0.3786,1.67606651540224,2.2645182336279,-0.588451718225658
0.3788,1.74735461859914,2.33841073777656,-0.591056119177426
0.379,1.8186826828931,2.41312001522423,-0.594437332331126
0.3792,1.89012222126329,2.48807767482374,-0.597955453560451
0.3794,1.9616300109837,2.56214148499804,-0.600511474014341
0.3796,2.03313597396601,2.63550459033916,-0.602368616373146
0.3798,2.10468232386445,2.70883394072558,-0.604151616861134
0.38,2.17625516162133,2.78195908053576,-0.60570391891443
0.3802,2.24781439651152,2.85353796041783,-0.605723563906312
0.3804,2.31935177667777,2.9229377275909,-0.603585950913127
0.3806,2.39086410629807,2.99086004917481,-0.599995942876738
0.3808,2.46240151938598,3.0580818541434,-0.595680334757427
0.381,2.53400731294641,3.12517450062448,-0.591167187678073
0.3812,2.60564310069663,3.19253133366033,-0.586888232963705
0.3814,2.67732465252443,3.26071142594283,-0.583386773418401
0.3816,2.74908533567399,3.32929831371624,-0.580212978042252
0.3818,2.82088254155968,3.39861429955644,-0.577731757996757
0.382,2.89274712580627,3.46949536874358,-0.576748242937313
0.3822,2.96471717359444,3.54133448793631,-0.576617314341873
0.3824,3.0367369006883,3.61287272170582,-0.576135821017516
0.3826,3.10874561823934,3.68377027529982,-0.575024657060484
0.3828,3.18079048287262,3.75469984532713,-0.57390936245451
0.383,3.25285960885932,3.82539324222585,-0.57253363336653
0.3832,3.32491586570206,3.8956367858136,-0.57072092011154
0.3834,3.39696141224067,3.96615377629237,-0.569192364051701
0.3836,3.46897342736693,4.03707338605374,-0.568099958686817
0.3838,3.54098975540599,4.10857529297058,-0.567585537564594
0.384,3.61308884981867,4.18056144921459,-0.567472599395915
0.3842,3.68525304149027,4.25338590840278,-0.568132866912505
0.3844,3.7574946406336,4.32706901997627,-0.569574379342667
0.3846,3.82980596308015,4.40108671124287,-0.571280748162725
0.3848,3.90213670438247,4.47524174291058,-0.573105038528108
0.385,3.97451154122551,4.54990712054649,-0.575395579320985
0.3852,4.04699325880758,4.62490721564932,-0.577913956841748
0.3854,4.11951938124658,4.70011610046657,-0.580596719219986
0.3856,4.19210508718304,4.77560281865388,-0.583497731470844
0.3858,4.26474407457861,4.85122530573515,-0.586481231156547
0.386,4.33740583476477,4.92688797693823,-0.589482142173457
0.3862,4.41004403401587,5.00249759345846,-0.592453559442593
0.3864,4.48263267693705,5.07771459724132,-0.595081920304272
0.3866,4.55523147028363,5.15225771864723,-0.5970262483636
0.3868,4.62789476893792,5.22619341656816,-0.598298647630237
0.387,4.70058949116662,5.29962891179469,-0.599039420628078
0.3872,4.77333029165852,5.37297793137196,-0.599647639713441
0.3874,4.84615342884937,5.44717914196254,-0.601025713113164
0.3876,4.91902672450434,5.52217888732273,-0.603152162818393
0.3878,4.99190080647265,5.59725388378638,-0.605353077313724
0.388,5.06484864350928,5.67229186211216,-0.607443218602884
0.3882,5.13787113046033,5.74749114309956,-0.609620012639235
0.3884,5.21091353852712,5.82258885357737,-0.611675315050244
0.3886,5.28396458972061,5.89683618646864,-0.612871596748025
0.3888,5.35709017488205,5.96966980358538,-0.612579628703322
0.389,5.43024409863017,6.04124465431549,-0.611000555685322
0.3892,5.50337193896775,6.11121623806336,-0.607844299095609
0.3894,5.5764783064314,6.17963283279861,-0.603154526367209
0.3896,5.64960356670714,6.24785100835513,-0.598247441647984
0.3898,5.7227703461309,0.0327366356213861,-0.593151596670067
0.39,5.79595198714414,0.10006791320086,-0.587301233236309
0.3902,5.86916777639311,0.168254730326272,-0.582272261112747
0.3904,5.94247737111656,0.23783181992142,-0.578539755984446
0.3906,6.01586645305858,0.308571774310038,-0.575890628431047
0.3908,6.0893600383557,0.380458614876211,-0.574283883700092
0.391,6.16293640061888,0.452743338456797,-0.572992245017504
0.3912,6.23652277401923,0.525129211880877,-0.571791745041239
0.3914,0.026985509595967,0.597760230689453,-0.570774721093486
0.3916,0.100699096640236,0.670222535840633,-0.569523439200397
0.3918,0.17441392377219,0.742363877650583,-0.567949953878392
0.392,0.248088499591791,0.813749179047951,-0.56566067945616
0.3922,0.321704926731616,0.884755739044506,-0.56305081231289
0.3924,0.395326978831008,0.956643138475707,-0.561316159644699
0.3926,0.469011443797449,1.02967942046148,-0.560667976664027
0.3928,0.542724214012317,1.10341610395679,-0.560691889944476
0.393,0.61647938602975,1.17782273491324,-0.561343348883486
0.3932,0.690310574803218,1.25241378325594,-0.562103208452726
0.3934,0.764173995795025,1.32725592625053,-0.563081930455505
0.3936,0.838151413047387,1.40242051753587,-0.564269104488484
0.3938,0.912227751587211,1.4776477634264,-0.565420011839192
0.394,0.986328286932383,1.55290021397983,-0.566571927047444
0.3942,1.06043324055661,1.62836664579274,-0.567933405236136
0.3944,1.13457613435563,1.70412264766093,-0.569546513305306
0.3946,1.20872067398886,1.78006352190932,-0.571342847920462
0.3948,1.28286067834381,1.85585214058351,-0.5729914622397
0.395,1.35700433900828,1.93135310944299,-0.574348770434708
0.3952,1.43117071910269,2.00657189523962,-0.575401176136926
0.3954,1.50534988965982,2.08167772324059,-0.576327833580767
0.3956,1.57955472316372,2.15608167975711,-0.576526956593389
0.3958,1.65380821307781,2.22964229752796,-0.575834084450151
0.396,1.72810589207448,2.30298162765064,-0.574875735576164
0.3962,1.8024479370517,2.3763426404664,-0.5738947034147
0.3964,1.8768436568623,2.44971589904468,-0.57287224218238
0.3966,1.95135752710399,2.52359691783894,-0.572239390734955
0.3968,2.02593342482931,2.59809438673722,-0.57216096190791
0.397,2.10057553289482,2.67346158974513,-0.572886056850307
0.3972,2.17527023359203,2.74913803265054,-0.57386779905851
0.3974,2.24998549354744,2.82401225766619,-0.574026764118746
0.3976,2.32467000611707,2.89746180138359,-0.572791795266516
0.3978,2.39937424931677,2.97015544781706,-0.570781198500293
0.398,2.47408280350491,3.04245146164385,-0.568368658138948
0.3982,2.54881608910609,3.11435556785761,-0.565539478751519
0.3984,2.62355656764238,3.18583319213111,-0.562276624488723
0.3986,2.69833098667712,3.25654177561995,-0.558210788942835
0.3988,2.77317857164364,3.32682795940801,-0.553649387764377
0.399,2.84806075483863,3.39777706508252,-0.54971631024389
0.3992,2.923047455116,3.4702095471999,-0.547162092083904
0.3994,2.99811601666636,3.54323561524133,-0.545119598574968
0.3996,3.07321327040848,3.61630764766106,-0.54309437725258
0.3998,3.14829229021582,3.68975982604638,-0.541467535830556
0.4,3.22340606074579,3.76371095081754,-0.54030489007175
0.4002,3.29854198949407,3.87400122076077,-0.575459231266701
0.4004,3.38188860939885,4.06336858554715,-0.681479976148295
0.4006,3.47132958028395,4.2583604926131,-0.787030912329151
0.4008,3.56614474556056,4.4107257073371,-0.844580961776545
0.401,3.66144502219906,4.52710184689759,-0.86565682469853
0.4012,3.75539979798237,4.62071783933207,-0.865318041349695
0.4014,3.84956867432168,4.7016581134178,-0.852089439096121
0.4016,3.94392180493638,4.77462368723196,-0.83070188229558
0.4018,4.03860467219058,4.84233042518254,-0.803725752991965
0.402,4.13385840422531,4.90645441165924,-0.772596007433932
0.4022,4.22970280429963,4.96730669196506,-0.737603887665431
0.4024,4.32620108716936,5.02592346767121,-0.699722380501846
0.4026,4.4232857170737,5.08480993454346,-0.661524217469767
0.4028,4.5214137494926,5.14728543427449,-0.625871684781884
0.403,4.62119168230525,5.21539991854886,-0.594208236243601
0.4032,4.72266443177314,5.28814699537503,-0.565482563601886
0.4034,4.82539448857688,5.36382461295137,-0.538430124374497
0.4036,4.92912659469174,5.44373281567844,-0.514606220986702
0.4038,5.03485126377407,5.53291764208687,-0.4980663783128
0.404,5.14425038216376,5.6366417628453,-0.492391380681535
0.4042,5.25774612936593,5.75549757429064,-0.497751444924709
0.4044,5.37385017093409,5.88398551661135,-0.510135345677257
0.4046,5.49009061980611,6.01424740055216,-0.524156780746043
0.4048,5.60458617559486,6.14149172178716,-0.536905546192304
0.405,5.71720610622212,6.26649926268477,-0.54929315646265
0.4052,5.82892555178516,0.109196187154478,-0.563455942548906
0.4054,5.94079396769517,0.238185247759238,-0.58057658724365
0.4056,6.05365598381165,0.371393690309919,-0.600923013677852
0.4058,6.16832738764844,0.508873018576373,-0.623730938107521
0.406,0.00223695154836889,0.647998586861493,-0.645761635313124
0.4062,0.121535958401376,0.783397434647174,-0.661861476245798
0.4064,0.241924851523587,0.909911178400312,-0.667986326876725
0.4066,0.362271092853886,1.02567141417272,-0.663400321318837
0.4068,0.482253212551426,1.13196891410063,-0.6497157015492
0.407,0.602368097874003,1.23087080159438,-0.628502703720381
0.4072,0.72319219893228,1.32352011105793,-0.600327912125648
0.4074,0.844900039681395,1.41041539456569,-0.56551535488429
0.4076,0.96735657369803,1.49209059544464,-0.524734021746611
0.4078,1.09050383016821,1.5693921309383,-0.478888300770092
0.408,1.2144122409508,1.64324848143223,-0.428836240481439
0.4082,1.33912715714712,1.71440317274562,-0.375276015598502
0.4084,1.46453696332417,1.78338924203817,-0.318852278714001
0.4086,1.59042579723251,1.85069278229115,-0.260266985058636
0.4088,1.71653395082863,1.9168792047095,-0.200345253880875
0.409,1.84257554142824,1.98256983317079,-0.139994291742545
0.4092,1.96831195316693,2.04830533092722,-0.0799933777602928
0.4094,2.09374443177392,2.11489864574719,-0.0211542139732739
0.4096,2.21930328973874,2.18325014289662,0.036053146842129
0.4098,2.34537682935407,2.25386032057361,0.0915165087804577
0.41,2.47189050216526,2.32678641068468,0.145104091480581
0.4102,2.59835343573624,2.40190404181391,0.196449393922322
0.4104,2.72423242088058,2.47907724857433,0.245155172306251
0.4106,2.84929008115166,2.55844683634558,0.290843244806089
0.4108,2.97356250837889,2.64041160376671,0.333150904612179
0.411,3.09714442042634,2.7256106115963,0.371533808830042
0.4112,3.22017906220821,2.8145483722859,0.405630689922305
0.4114,3.34289492785782,2.90733544845668,0.435559479401145
0.4116,3.46524846552409,3.00366225736394,0.461586208160148
0.4118,3.58721689660757,3.10323290061418,0.483983995993392
0.412,3.7088240033135,3.20559587007377,0.503228133239729
0.4122,3.83000080495113,3.31016097401174,0.519839830939391
0.4124,3.95057869592972,3.41640469105977,0.534174004869949
0.4126,4.07034743842118,3.5235963628865,0.546751075534678
0.4128,4.18917955257199,3.63061221195959,0.558567340612398
0.413,4.30714380438348,3.73619055233301,0.570953252050462
0.4132,4.42441881151907,3.839079876052,0.585338935467068
0.4134,4.54134025358553,3.93880737487825,0.602532878707283
0.4136,4.65807753228505,4.03537793997456,0.622699592310495
0.4138,4.77469895706314,4.12902799044138,0.645670966621754
0.414,4.89106305618263,4.21997555145055,0.67108750473208
0.4142,5.00684785467373,4.30831749685093,0.698530357822798
0.4144,5.12171531286955,4.39408220926265,0.727633103606897
0.4146,5.23544334842217,4.4772339048092,0.758209443612968
0.4148,5.34809297917589,4.55771951637086,0.790373462805032
0.415,5.46015486963057,4.63583293533953,0.824321934291041
0.4152,5.57185355504416,4.71203281265499,0.859820742389169
0.4154,5.68334287002249,4.78676518804632,0.896577681976175
0.4156,5.79475077116448,4.86044058682135,0.934310184343127
0.4158,5.90599340675898,4.93338319255083,0.972610214208151
0.416,6.01677508097719,5.00580212769272,1.01097295328447
0.4162,6.12678870616394,5.07786434979315,1.04892435637078
0.4164,6.23590602546458,5.14982823224939,1.08607779321519
0.4166,0.0611044568448822,5.22200030430677,1.1222894597177
0.4168,0.168837349800096,5.29526552525078,1.1567571317289
0.417,0.276113312628558,5.37568220440307,1.18361641540507
0.4172,0.383075709402419,5.46387245323334,1.20238856334866
0.4174,0.489865399508974,5.55900865805632,1.21404204863224
0.4176,0.596560030514738,5.6580640939202,1.22168124377413
0.4178,0.70303158636526,5.75829983208307,1.22791706146177
0.418,0.808992365854411,5.86043176628653,1.23174590674747
0.4182,0.914227900861103,5.96422670997661,1.23318649806408
0.4184,1.01886134132333,6.0684714808234,1.23357516767951
0.4186,1.12320743236884,6.17316158224123,1.2332311573072
0.4188,1.22734089675918,6.27836487044283,1.23216133349594
0.419,1.33133079592655,0.100591106301614,1.23073968962493
0.4192,1.43531311067353,0.204407333771935,1.2309057769016
0.4194,1.53933922241899,0.303627761889575,1.23571146052942
0.4196,1.64326643672656,0.397233002978362,1.2460334337482
0.4198,1.74682693555627,0.486480273510485,1.26034666204578
0.42,1.84987373200426,0.573024829106643,1.27684890289762
0.4202,1.95244822418103,0.657195784513546,1.29525243966748
0.4204,2.05474270548543,0.737594772244297,1.31714793324113
0.4206,2.15693902208198,0.813161838181733,1.34377718390025
0.4208,2.25912183672739,0.884612882533875,1.37450895419352
0.421,2.3613793894568,0.95410211200144,1.40727727745536
0.4212,2.46376067143177,1.02376947887304,1.43999119255873
0.4214,2.5661892011059,1.09478964079294,1.47139956031296
0.4216,2.66844946218879,1.16699103571994,1.50145842646884
0.4218,2.77034422076573,1.23967200150224,1.53067221926349
0.422,2.87190537887859,1.31244119642622,1.55946418245237
0.4222,2.97331724136542,1.38528079992842,1.588036441437
0.4224,3.07473430938484,1.45841886780332,1.61631544158153
0.4226,3.17626709022057,1.53235163763868,1.64391545258189
0.4228,3.27798054480135,1.60776472918537,1.67021581561597
0.423,3.37982481988482,1.68517803584026,1.69464678404456
0.4232,3.48164407248798,1.76467506701517,1.71696900547281
0.4234,3.58341663829904,1.84614090347947,1.73727573481956
0.4236,3.68515845081889,1.92969798059235,1.75546047022655
0.4238,3.7869428665133,2.0157278148827,1.7712150516306
0.424,3.88886459001368,2.10435372717683,1.78451086283685
0.4242,3.99094401235651,2.19483541354392,1.79610859881259
0.4244,4.0931036126041,2.2856784148873,1.80742519771679
0.4246,4.19519133822956,2.37558404430067,1.81960729392889
0.4248,4.29719298099996,2.46395574664963,1.83323723435033
0.425,4.39923734577509,2.55078316206122,1.84845418371388
0.4252,4.50149817516674,2.63597377643308,1.86552439873366
0.4254,4.60387727052259,2.71897217212945,1.88490509839314
0.4256,4.70623716886542,2.79897656150356,1.90726060736186
0.4258,4.80851494367512,2.87539019293118,1.93312475074394
0.426,4.9106838274139,2.94726215803767,1.96342166937624
0.4262,5.01274462115816,3.01357225698199,1.99917236417617
0.4264,5.11468534365444,3.0743771949527,2.04030814870174
0.4266,5.21645002164995,3.13086839588903,2.08558162576093
0.4268,5.31808026432525,3.18470299146242,2.13337727286283
0.427,5.41948157916205,3.23732098546434,2.18216059369771
0.4272,5.52060271136829,3.28971559027912,2.23088712108917
0.4274,5.62126546392652,3.34251978542638,2.27874567850015
0.4276,5.72125762456277,3.39599605810522,2.32526156645755
0.4278,5.82043372448703,3.4500910161618,2.37034270832523
0.428,5.91890064932712,3.50482519518699,2.41407545414013
0.4282,6.01675628037188,3.5607076259139,2.45604865445797
0.4284,6.11404395114355,3.61814012652475,2.4959038246188
0.4286,6.21066347848235,3.6773979804763,2.53326549800605
0.4288,0.023346279743806,3.73852946136933,2.56800212555406
0.429,0.118455376723366,3.80134727213627,2.60029341176668
0.4292,0.212893155761001,3.86545158299189,2.63062687994869
0.4294,0.306823606835767,3.93068329934422,2.65932561467113
0.4296,0.400377899737456,3.99724790253189,2.68631530438515
0.4298,0.493672083646066,4.06542827105372,2.71142911977193
0.43,0.586797797587681,4.1353136620238,2.73466944274347
0.4302,0.679763917205431,4.20662542196767,2.75632380241734
0.4304,0.772619137143872,4.27895210018351,2.77685234413995
0.4306,0.865395217760363,4.35187038717339,2.79671013776656
0.4308,0.958152715404,4.42515929569505,2.81617872688854
0.431,1.05097178036581,4.49876141989566,2.83539566764974
0.4312,1.14394803925569,4.57277556283041,2.85435778360487
0.4314,1.23717966689813,4.64740382592436,2.87296114815336
0.4316,1.33071887147698,4.72264034173195,2.89126383692462
0.4318,1.4246007261644,4.79817293569547,2.90961309764852
0.432,1.51888202808591,4.87361374484028,2.92845359042522
0.4322,1.61359801619356,4.94854895515173,2.94823436822142
0.4324,1.70886162277968,5.02267561455098,2.96937131540828
0.4326,1.80469198905139,5.09586344427469,2.99201385195629
0.4328,1.90109948628636,5.16803830853427,3.01624648493167
0.433,1.99808585734361,5.23895516784837,3.04231599667483
0.4332,2.09566651615106,5.30814178251772,3.07071004081292
0.4334,2.19392103222865,5.37529240240525,3.10181393700299
0.4336,2.29288560527877,5.44018115128506,3.13588976117329
0.4338,2.39258181130873,5.50286562327898,-3.11028381197025
0.434,2.49294888763244,5.56338074111274,-3.0704318534803
0.4342,2.59403217719009,5.62167500107676,-3.02764282388667
0.4344,2.69589127958603,5.67792845442021,-2.98203717483419
0.4346,2.79854290876649,5.73252899532783,-2.93398608656134
0.4348,2.90195319499623,5.78606367593089,-2.88411048093466
0.435,3.00618859239735,5.83917771908858,-2.83298912669123
0.4352,3.11131827043237,5.8923918361157,-2.78107356568332
0.4354,3.21736825424956,5.94597254396966,-2.7286042897201
0.4356,3.324372951866,6.00036364796608,-2.67599069610007
0.4358,3.43235160467629,6.05595485635752,-2.62360325168123
0.436,3.54135568823383,6.11266035861464,-2.5713046703808
0.4362,3.65146986351427,6.17015196498242,-2.51868210146815
0.4364,3.76270243885945,6.22846096681014,-2.4657585279507
0.4366,3.87504646994436,0.00507745565366546,-2.41321629288889
0.4368,3.98853173045454,0.0671164280404957,-2.36177000476554
0.437,4.10315200658481,0.132157189353947,-2.31219048994873
0.4372,4.21892676269364,0.200525084960914,-2.26478362944686
0.4374,4.33590836040259,0.272302905071585,-2.21957985184858
0.4376,4.45417216521544,0.347527371894526,-2.17654051385867
0.4378,4.57371156501022,0.425918350178309,-2.13539209234767
0.438,4.69457577537138,0.506878536322164,-2.09548806813037
0.4382,4.81680474700031,0.589866106851731,-2.05624666703101
0.4384,4.94042877565165,0.674573737586839,-2.01733026911478
0.4386,5.06554011709392,0.760738476135298,-1.97838366622096
0.4388,5.19216300306686,0.847921733912415,-1.93894403802515
0.439,5.32032831239194,0.935605223068774,-1.89846221785642
0.4392,5.45004484429309,1.02317993810192,-1.85632040098842
0.4394,5.58132153072251,1.11002258819904,-1.81188636465612
0.4396,5.71410385721347,1.19551588174639,-1.76459733171251
0.4398,5.84834326093925,1.27923758549028,-1.71407963173061
0.44,5.98400657727044,1.36096491675185,-1.660143646661
0.4402,6.12102356542912,1.44062043053072,-1.60278217228119
0.4404,6.25933433308166,1.51825935871843,-1.54211033281636
0.4406,0.11573899886781,1.59399607462042,-1.47825707575261
0.4408,0.256559200950817,1.6680128515394,-1.41145365058859
0.441,0.398503004463003,1.74063936212295,-1.34213635765995
0.4412,0.541491775713282,1.81232959084053,-1.27083781512724
0.4414,0.685450697772677,1.88355542103937,-1.19810472326669
0.4416,0.830288403322346,1.95469115828509,-1.12440275496274
0.4418,0.975940543216609,2.02604122042327,-1.05010067720666
0.442,1.12230995940556,2.0979324521205,-0.975622492714937
0.4422,1.26929723957067,2.17069232355861,-0.901395083987941
0.4424,1.41675556428326,2.24471174995712,-0.82795618567386
0.4426,1.56455672348778,2.32040300856108,-0.755846285073298
0.4428,1.71259133302877,2.39812732514768,-0.685535992118918
0.443,1.86074484579098,2.47817274842605,-0.617427902635063
0.4432,2.00893327329599,2.56058069498167,-0.551647421685684
0.4434,2.15710413635539,2.64526682895014,-0.488162692594745
0.4436,2.30520317969727,2.73188953125821,-0.426686351560938
0.4438,2.45308238316502,2.81991386544061,-0.3668314822756
0.444,2.60054061178651,2.90877219183836,-0.308231580051848
0.4442,2.74737863519111,2.99800514187591,-0.250626506684805
0.4444,2.8934771157021,3.0873542086704,-0.193877092968301
0.4446,3.03888670418062,3.17670135411827,-0.137814649937651
0.4448,3.1837289345547,3.26572548178162,-0.0819965472269217
0.445,3.32800982085134,3.3540118310213,-0.0260020101699525
0.4452,3.47169076176799,3.44117321331395,0.0305175484540361
0.4454,3.61470989536578,3.52704082280533,0.0876690725604514
0.4456,3.75693768184024,3.61153291026186,0.145404771578378
0.4458,3.8982000280871,3.69456162512751,0.203638402959591
0.446,4.03845111131103,3.77622726920205,0.262223842108979
0.4462,4.17771201464099,3.85662137611659,0.321090638524402
0.4464,4.31615285517515,3.93591879665914,0.380234058516012
0.4466,4.45391196755393,4.01443033544161,0.439481632112321
0.4468,4.59100742340519,4.09239273350496,0.49861468990023
0.447,4.72740236083238,4.16994769017013,0.557454670662249
0.4472,4.8629745829401,4.24719174199489,0.615782840945216
0.4474,4.99751891340444,4.32416772289237,0.673351190512061
0.4476,5.13085885713029,4.40073339828735,0.730125458842939
0.4478,5.26304957873345,4.47679043578224,0.786259142951203
0.448,5.39439591518481,4.55243632309049,0.841959592094314
0.4482,5.52510221817843,4.62786365438697,0.897238563791465
0.4484,5.65516662553342,4.70323428981188,0.951932335721533
0.4486,5.78456834673601,4.77868430757934,1.00588403915667
0.4488,5.91329303600239,4.85434551387414,1.05894752212825
0.449,6.04127959986145,4.93035691493529,1.11092268492616
0.4492,6.16850554262605,5.00689594155624,1.16160960106981
0.4494,0.0118404063855255,5.08413644233107,1.21088927123404
0.4496,0.137661335354159,5.16227585779696,1.25857078473678
0.4498,0.262939389156523,5.24157688782775,1.30454780850835
0.45,0.387812617447157,5.32223164534761,1.34876627927913
0.4502,0.512303756660071,5.40441804797161,1.39107101586805
0.4504,0.636458988567662,5.4881273719767,1.43151692377055
0.4506,0.760350077122088,5.57312921203889,1.47040617226278
0.4508,0.884080016575859,5.65916149326524,1.50810383049021
0.451,1.00774885712616,5.74601464950917,1.54491951479657
0.4512,1.13141418573445,5.8335013741552,1.58109811875884
0.4514,1.25506615787488,5.92138443092843,1.61686703412603
0.4516,1.37867149742162,6.00920459338294,1.65265221121827
0.4518,1.50221775998596,6.09624065510976,1.68916241205578
0.452,1.62578920453739,6.18194228406186,1.72703222765512
0.4522,1.7495221464739,6.26585452908948,1.766852924564
0.4524,1.87356130760187,0.0644121484716519,1.80914915913021
0.4526,1.99804353128786,0.144126068743607,1.85391746254425
0.4528,2.12298956481457,0.22211794368434,1.90087162113023
0.453,2.24827670513882,0.298363613399655,1.94991309173916
0.4532,2.37380330930989,0.372729556497725,2.00107375281217
0.4534,2.49954036491699,0.445149428998343,2.05439093591864
0.4536,2.6256070201443,0.515693550407528,2.10991346973677
0.4538,2.75211480285193,0.584659387506597,2.16745541534533
0.454,2.87912139538409,0.652429649787235,2.22669174559686
0.4542,3.0066890928236,0.719359478029051,2.28732961479455
0.4544,3.13493621561005,0.785822675100436,2.34911354050961
0.4546,3.26389190137127,0.85226317900736,2.41162872236391
0.4548,3.39350073018687,0.919072542364629,2.47442818782224
0.455,3.52372144940429,0.986576156743992,2.5371452926603
0.4552,3.65461624141344,1.05496044729045,2.59965579412299
0.4554,3.78636322804747,1.12436665032402,2.66199657772344
0.4556,3.91906411597145,1.19479875407195,2.7242653618995
0.4558,4.05283710138078,1.26627524398423,2.78656185739655
0.456,4.18759963409518,1.33881196577065,2.84878766832453
0.4562,4.32327068845779,1.41235488659383,2.91091580186396
0.4564,4.45991117574137,1.48675960186107,2.9731515738803
0.4566,4.59760821480284,1.56184058377807,3.03576763102477
0.4568,4.736513180431,1.63738359558808,3.09912958484292
0.457,4.8768418261122,1.71319847309377,-3.11954195416115
0.4572,5.01868949006529,1.78913302163509,-3.05362883874939
0.4574,5.16199756372713,1.86504162909805,-2.9862293725505
0.4576,5.30675952081848,1.94075640606671,-2.91718219242782
0.4578,5.45297138239931,2.01611634152178,-2.84633026630205
0.458,5.60067213037727,2.09098272023708,-2.77349589703939
0.4582,5.74996014285076,2.16525924238701,-2.69848440671584
0.4584,5.90081982253161,2.23890625969702,-2.621271744345
0.4586,6.05325341988009,2.311929694926,-2.5418615822255
0.4588,6.20723986673036,2.38444702966363,-2.46039247011285
0.459,0.079590716556952,2.45654448771527,-2.37695377115832
0.4592,0.236645726266393,2.52830842075054,-2.29166269448415
0.4594,0.395289271424117,2.59978662700278,-2.20449735557866
0.4596,0.555606867344566,2.67094384089727,-2.1153369735527
0.4598,0.717616301398757,2.74168804166539,-2.02407174026663
0.46,0.881304357095675,2.81192157051811,-1.93061721342244
0.4602,1.04663781290332,2.88164685765231,-1.83500904474899
0.4604,1.21355509845244,2.95106261343491,-1.73750751498247
0.4606,1.38199077946,3.02029851795385,-1.63830773849385
0.4608,1.55184582760714,3.08938343368338,-1.53753760607624
0.461,1.72294012492854,3.15832481718745,-1.43538469225892
0.4612,1.89501698840434,3.22709403390338,-1.33207704549904
0.4614,2.06783970515816,3.29573862598563,-1.22789892082746
0.4616,2.24111681433245,3.36452696427472,-1.12341014994227
0.4618,2.41457701711135,3.43370807824497,-1.01913106113362
0.462,2.58797590543689,3.50343020140751,-0.915454295970619
0.4622,2.76116408126527,3.57385981116547,-0.812695729900196
0.4624,2.93406217414459,3.64536665862644,-0.711304484481848
0.4626,3.10663810354403,3.71816989288016,-0.611531789336132
0.4628,3.27878167967368,3.79225063107589,-0.513468951402217
0.463,3.45028398109478,3.86750396951216,-0.41721998841738
0.4632,3.62086666695888,3.94357530082173,-0.322708633862853
0.4634,3.79035974952245,4.02008791668261,-0.229728167160161
0.4636,3.95868268463641,4.09676938777153,-0.138086703135124
0.4638,4.12582925671793,4.1733977301945,-0.0475684734765744
0.464,4.29187994841879,4.24987688258237,0.0420030658364174
0.4642,4.45685827203566,4.32637152363461,0.130486748401052
0.4644,4.62068105243873,4.40309827598646,0.217582776452271
0.4646,4.78322898101974,4.48003062015808,0.303198360861663
0.4648,4.94434583552314,4.5567818169464,0.387564018576738
0.465,5.10396906010179,4.63301425974255,0.470954800359246
0.4652,5.26229499472493,4.70868393061361,0.553611064111315
0.4654,5.41954445440837,4.78388287179326,0.635661582615109
0.4656,5.5757881599426,4.85869823768639,0.717089922256207
0.4658,5.73104498135574,4.93317275075926,0.797872230596483
0.466,5.88528828778535,5.00733461176434,0.877953676021011
0.4662,6.0384221353508,5.0812383197855,0.9571838155653
0.4664,6.19039880952137,5.15491793108563,1.03548087843573
0.4666,0.0580899582666694,5.22840342538991,1.11287184005634
0.4668,0.207905972220363,5.30177411271104,1.18931716668891
0.467,0.356842678464077,5.37521707010964,1.26481091553402
0.4672,0.50509583711402,5.44899641166652,1.33928473262708
0.4674,0.652712150932184,5.52339735206301,1.41250010604876
0.4676,0.799656409409377,5.5984462016255,1.48439551496347
0.4678,0.945982740615724,5.67389095557024,1.55527709222507
0.468,1.0918991123528,5.74939837101278,1.62568604851961
0.4682,1.2376629095943,5.8250125752473,1.69583564152658
0.4684,1.38347700332881,5.9011149199423,1.7655473905661
0.4686,1.52932432131401,5.97785569390919,1.83465393458441
0.4688,1.67521280269223,6.055171650586,1.90322645928582
0.469,1.82123815695861,6.13307756517165,1.97134589896654
0.4692,1.96756123170535,6.21112767620302,2.03961886268192
0.4694,2.11444451178598,0.00548725972257791,2.1089572520634
0.4696,2.26210866235682,0.0824409927517027,2.17966766960511
0.4698,2.41055989214743,0.159066563480672,2.25149332866676
0.47,2.55973476723617,0.235541745841389,2.32419302139478
0.4702,2.70963717069744,0.311914307539786,2.39772286315766
0.4704,2.86041135543733,0.388120684264252,2.47229067117308
0.4706,3.01223509024875,0.464072866549319,2.54816222369944
0.4708,3.16512854246951,0.539793787278799,2.62533475519072
0.471,3.31922801888966,0.61521111708428,2.70401690180539
0.4712,3.47479711179814,0.690209287662997,2.78458782413515
0.4714,3.63201971188316,0.764738921555763,2.8672807903274
0.4716,3.79097254065028,0.838879876349651,2.95209266430063
0.4718,3.95161615357549,0.912905545946368,3.03871060762912
0.472,4.11389607440996,0.98704716862724,3.12684890578272
0.4722,4.27791818134425,1.06146528069641,-3.06673240653175
0.4724,4.44382431640178,1.13621822304124,-2.97557921381905
0.4726,4.61178471860329,1.21122914076721,-2.8826297293435
0.4728,4.78192175504125,1.28638798342502,-2.78765153556336
0.473,4.95430509481123,1.36161000329738,-2.69049021566574
0.4732,5.12885711760007,1.43687846096773,-2.59120665054724
0.4734,5.30544653440305,1.51220943262503,-2.48994820540156
0.4736,5.48396626186768,1.58759720770799,-2.38681625301989
0.4738,5.66436896881327,1.6629862878849,-2.28180262625122
0.474,5.84657446238033,1.73828749123347,-2.17489833603273
0.4742,6.03053960982799,1.81340214143827,-2.06604783878987
0.4744,6.21624488912966,1.8882690642725,-1.95520948232242
0.4746,0.120390697652994,1.96284683596091,-1.84245613830791
0.4748,0.309080178706803,2.03716060495781,-1.728080426251
0.475,0.49875295839546,2.11137826137819,-1.61262530298273
0.4752,0.689089517565412,2.18561736145919,-1.49652784389378
0.4754,0.880014717176276,2.25982818702807,-1.37981346985179
0.4756,1.07140875968006,2.33387711720758,-1.26246835752752
0.4758,1.26310226720601,2.40758922093445,-1.14448695372844
0.476,1.45488277806919,2.48093358511021,-1.02605080704102
0.4762,1.64639008826356,2.55421662228326,-0.907826534019703
0.4764,1.8372593172617,2.62778979164088,-0.790530474379183
0.4766,2.0272846933347,2.70203286855592,-0.674748175221223
0.4768,2.21640947585399,2.77720615521659,-0.560796679362606
0.477,2.40456199406552,2.85316695306942,-0.4486049590039
0.4772,2.59156051848805,2.92974464920975,-0.338184130721707
0.4774,2.77719712649555,3.00674616853791,-0.229549042042369
0.4776,2.96119316608874,3.08389372044461,-0.122700554355862
0.4778,3.14325254471761,3.16126611816766,-0.0180135734500544
0.478,3.32344425550031,3.23912726437559,0.0843169911247208
0.4782,3.50210423337055,3.31742141114765,0.184682822222903
0.4784,3.67926524042002,3.39587501928131,0.283390221138707
0.4786,3.85487001836056,3.47432650762355,0.380543510737004
0.4788,4.02882124556319,3.55265021066627,0.476171034896922
0.479,4.20092646141219,3.63043985574067,0.570486605671519
0.4792,4.37128934788262,3.7072120632315,0.664077284651117
0.4794,4.54018041988017,3.78275014839652,0.757430271483645
0.4796,4.70795454496363,3.85720906816372,0.850745476799911
0.4798,4.87466976643778,3.93101613757607,0.943653628861707
0.48,5.04020356275664,4.00453406171898,1.03566950103766
0.4802,5.20441984707677,4.0779961409437,1.12642370613307
0.4804,5.36724916642437,4.15118992912037,1.21605923730401
0.4806,5.52900334613354,4.22374008316907,1.30526326296447
0.4808,5.69028188882865,4.29570577407531,1.39457611475334
0.481,5.85119213160599,4.36747384259597,1.48371828901002
0.4812,6.01172420016286,4.43938771756154,1.57233648260132
0.4814,6.17183246511472,4.51180144579727,1.66003101931745
0.4816,0.0483538725498258,4.5850400836972,1.74649909603222
0.4818,0.207789607160659,4.65927358771265,1.83170132662759
0.482,0.367240297421625,4.73448160121616,1.91594400338505
0.4822,0.527045573901148,4.8106225122904,1.99960836879033
0.4824,0.687345991729503,4.88765712266191,2.08287417624718
0.4826,0.848188031609249,4.96545578347721,2.16591755531163
0.4828,1.00968163191137,5.04369558632753,2.24917135276343
0.483,1.17212336994936,5.12195044162861,2.33335823550034
0.4832,1.33555118161057,5.19982357053609,2.41891291825406
0.4834,1.49997852643042,5.27685474296106,2.50630909064894
0.4836,1.66554371406783,5.35225938449782,2.59646963674959
0.4838,1.83244456877508,5.42525058537095,2.69037929058371
0.484,2.00093551683178,5.4952999220733,2.78882090193807
0.4842,2.17119053548083,5.56247580372646,2.89190003893396
0.4844,2.34318028566514,5.62719770701342,2.9991678858313
0.4846,2.5168277745096,5.68978737224973,3.11022570943946
0.4848,2.69217855080826,5.75028425465573,-3.05810570384747
0.485,2.86936350899506,5.80830403455785,-2.9389405255628
0.4852,3.04871460032435,5.8641650843457,-2.81545048402135
0.4854,3.23034953077328,5.91888848723448,-2.6885389564612
0.4856,3.41405312505667,5.97337835650881,-2.55932523145214
0.4858,3.59963426470216,6.0283649813883,-2.42873071668614
0.486,3.78702505548754,6.08473237754972,-2.29770732206218
0.4862,3.97620408463583,6.143099319365,-2.16689523472917
0.4864,4.16725653624675,6.20388723500327,-2.03663069875652
0.4866,4.36020823078786,6.26723053575282,-1.90702230496496
0.4868,4.5547776749695,0.0501822342257724,-1.77858986643586
0.487,4.75065400404372,0.119332405465543,-1.65186370860141
0.4872,4.94757237121037,0.191476475739429,-1.52708941170864
0.4874,5.14523500282549,0.26732968374831,-1.40527998810241
0.4876,5.34369428821662,0.347190079378665,-1.28668109834164
0.4878,5.54279187129184,0.430125730527321,-1.17051916641507
0.488,5.74207670073495,0.515225063824945,-1.05633367026958
0.4882,5.94118348467415,0.601676240748094,-0.943678063253529
0.4884,6.13981344968288,0.688670453560058,-0.83204231105676
0.4886,0.0545527076728662,0.77555714995233,-0.721004442279464
0.4888,0.251739118269028,0.861943654684117,-0.61020453641509
0.489,0.448185769563042,0.947228769774952,-0.49904300021191
0.4892,0.643540878693102,1.03102009766697,-0.38747921897387
0.4894,0.837512974477441,1.11322156406618,-0.275708589588741
0.4896,1.02987086323851,1.19394988473007,-0.164079021491566
0.4898,1.22031834369522,1.27321910596575,-0.0529007622705326
0.49,1.40909555950513,1.35105046338656,0.0580450961185686
0.4902,1.59638875593669,1.42774669168897,0.168642064247716
0.4904,1.78196391589236,1.50366223009714,0.278301685795217
0.4906,1.96571051520119,1.57914551987654,0.386564995324648
0.4908,2.14760341102086,1.65454959247481,0.493053818546049
0.491,2.32748003057269,1.73023852549836,0.597241505074328
0.4912,2.5056166080447,1.80666959480191,0.698947013242782
0.4914,2.6822344677775,1.88428802513799,0.797946442639508
0.4916,2.85744491393211,1.96334152933056,0.894103384601553
0.4918,3.03124719242403,2.04391351415069,0.987333678273345
0.492,3.2036840825975,2.12607242869331,1.07761165390419
0.4922,3.37466184757695,2.20992210864013,1.16473973893682
0.4924,3.54437077396065,2.29584770047788,1.24852307348277
0.4926,3.71339891763831,2.38393840276935,1.32946051486896
0.4928,3.88169228694735,2.47374591913555,1.40794636781181
0.493,4.0492316971959,2.56454678416095,1.48468491303495
0.4932,4.21613932850719,2.65567118427678,1.56046814423041
0.4934,4.3825038810848,2.74622368223412,1.63628019885068
0.4936,4.54865943568513,2.83543807504027,1.71322136064486
0.4938,4.71484547390679,2.92294303816969,1.79190243573711
0.494,4.88110619334278,3.00843032522226,1.87267586812052
0.4942,5.04747145560031,3.09161578405361,1.9558556715467
0.4944,5.21405942562528,3.17217274145479,2.04188668417049
0.4946,5.38098971467818,3.24864278580126,2.13234692887692
0.4948,5.54888238801818,3.32034216868107,2.22854021933711
0.495,5.71780407719864,3.388178534199,2.32962554299965
0.4952,5.8875771091222,3.45262376420851,2.4349533449137
0.4954,6.05824004947503,3.51379477778955,2.54444527168548
0.4956,6.22994183979349,3.57185102222109,2.6580908175724
0.4958,0.119887013841117,3.62746492483351,2.77560739618719
0.496,0.294696667534849,3.68147137023893,2.89641060447551
0.4962,0.471251158719377,3.73471382820927,3.01972263768969
0.4964,0.649377613624799,3.78764338420406,-3.13826577057926
0.4966,0.829045024322912,3.84049256768953,-3.01144754336661
0.4968,1.01033415153416,3.89377478786501,-2.88344063633086
0.497,1.19367481562411,3.94856224067088,-2.75488742504677
0.4972,1.37935202517207,4.00588025855297,-2.6265282333809
0.4974,1.56708929014818,4.06643151765831,-2.49934222751013
0.4976,1.75658658985607,4.13019939918123,-2.37361280932517
0.4978,1.94770940664993,4.19724986131174,-2.24954045466181
0.498,2.14049454665052,4.26761725579053,-2.12712270914001
0.4982,2.33512148440032,4.34121303428432,-2.006091549884
0.4984,2.53164084637263,4.41707786492104,-1.88543701854841
0.4986,2.72961440662833,4.49421873118945,-1.76460432456112
0.4988,2.92862293270765,4.57175577146901,-1.64313283876136
0.499,3.12835576371969,4.64884875037542,-1.52049298665573
0.4992,3.32863144174615,4.72476019094792,-1.39612874920177
0.4994,3.52978710369048,4.79886759448978,-1.2690804907993
0.4996,3.73144819658425,4.87090487738029,-1.13945668079604
0.4998,3.93300757441943,4.94085409387286,-1.00784651945343
0.5,4.13405412285208,5.00885297667421,-0.87479885382213
0.5002,4.33426069645868,5.07531647938804,-0.741055782929357
0.5004,4.53380179817089,5.14102799697138,-0.607226198800497
0.5006,4.7326980314987,5.20656636513626,-0.473868333637554
0.5008,4.93059867634749,5.27231190613806,-0.341713229790567
0.501,5.12705673326564,5.33857272275696,-0.211515989491314
0.5012,5.32180246264106,5.40575470951426,-0.0839522468731939
0.5014,5.51459042853242,5.47471919042617,0.0398712381062474
0.5016,5.70587728414568,5.54707706565727,0.158800218488402
0.5018,5.89586662270799,5.62333056377562,0.272536058932364
0.502,6.0841253934726,5.70323002654902,0.380895366923585
0.5022,6.27039567239057,5.78666349346972,0.48373217892085
0.5024,0.171454569351376,5.87363617868446,0.581003697846504
0.5026,0.353591143107815,5.96421403602269,0.672562414264712
0.5028,0.53419587383309,6.0583724552129,0.759008725799777
0.503,0.713553469223911,6.15522670269131,0.841512073712186
0.5032,0.891359211427699,6.25383496731204,0.920709551295245
0.5034,1.06752305306991,0.0703123093920031,0.997210743677906
0.5036,1.24213284859161,0.170275110930634,1.07185773766097
0.5038,1.41520745125581,0.269479893840172,1.14572755741563
0.504,1.58742449909501,0.366229870281363,1.22119462881365
0.5042,1.75899637186629,0.459207291527657,1.29978908033864
0.5044,1.92967407579333,0.548624088151774,1.38104998764156
0.5046,2.09944181578242,0.634798464569252,1.46464335121317
0.5048,2.26841950094567,0.717767071297147,1.55065242964852
0.505,2.43684710160062,0.797498346021229,1.63934875557939
0.5052,2.60514391111611,0.87380873042664,1.73133518068947
0.5054,2.773579472437,0.947262450390141,1.82631702204685
0.5056,2.94198829774992,1.01859544631414,1.92339285143578
0.5058,3.1103813168702,1.08849082923624,2.02189048763396
0.506,3.27887203055995,1.15752874239192,2.12134328816802
0.5062,3.44765386837952,1.22604759971387,2.22160626866565
0.5064,3.61746352776612,1.2946203094411,2.32284321832502
0.5066,3.78823117861321,1.36408553884016,2.42414563977304
0.5068,3.95977364547904,1.43496095050819,2.52481269497085
0.507,4.1321657522649,1.50758670647472,2.62457904579018
0.5072,4.30552114883843,1.58225135426732,2.72326979457111
0.5074,4.48033535323255,1.65909088720667,2.82124446602588
0.5076,4.65689537835866,1.73807302239046,2.9188223559682
0.5078,4.8351133267659,1.81883755782448,3.01627576894141
0.508,5.01483382048968,1.90073592337423,3.11409789711545
0.5082,5.19606802821222,1.98298218337933,-3.07009946234669
0.5084,5.3788071239394,2.06447188911829,-2.96885007235848
0.5086,5.56354459725735,2.14351388187321,-2.86315459179545
0.5088,5.75053737096488,2.21955077903415,-2.75219871524886
0.509,5.93941404070236,2.29199852709922,-2.63576979357645
0.5092,6.12989281304092,2.36016563552164,-2.51345812966031
0.5094,0.0386926672972736,2.42382086483753,-2.38512819754025
0.5096,0.232314226183466,2.4829023148273,-2.25058808864383
0.5098,0.427720434249185,2.53742706547619,-2.109706631227
0.51,0.624876916160768,2.58815289656668,-1.96327598040591
0.5102,0.823263757186302,2.63628103445788,-1.81301727727157
0.5104,1.02247037684825,2.68265252087852,-1.66018214403027
0.5106,1.2222078847371,2.72822158114678,-1.50601369640968
0.5108,1.42278611596323,2.77438768674374,-1.35160157078051
0.511,1.62429976504779,2.82151039212149,-1.1972106270737
0.5112,1.82609622481799,2.87033911792579,-1.0442428931078
0.5114,2.0275661889019,2.9224930863257,-0.894926897423802
0.5116,2.22833444523027,2.97808561033894,-0.749751165108662
0.5118,2.42811251306257,3.03768657370903,-0.609574060646455
0.512,2.62720890214219,3.10293744209172,-0.475728539949535
0.5122,2.82565061658622,3.1737250340846,-0.348074417498376
0.5124,3.02280874165568,3.24993583881483,-0.227127097159157
0.5126,3.21823790921284,3.33134398746878,-0.113106078255937
0.5128,3.41174673712535,3.41755891013772,-0.00581217301236769
0.513,3.60353251906639,3.50839019308507,0.0951423259813207
0.5132,3.79422679383213,3.60288131625325,0.191345477578881
0.5134,3.98347514904568,3.6993794488626,0.284095700183083
0.5136,4.17081202462828,3.79605246121731,0.374759563410969
0.5138,4.3560630124389,3.8919600996065,0.4641029128324
0.514,4.53915949643464,3.98635751782097,0.55280197861367
0.5142,4.72073541112564,4.07831493521239,0.64242047591325
0.5144,4.90110208155074,4.1674788278887,0.733623253662034
0.5146,5.08002117327617,4.25361357850964,0.826407594766524
0.5148,5.25726822656424,4.33667861205844,0.920589614505801
0.515,5.43282917945303,4.41714393484127,1.01568524461176
0.5152,5.60668276547184,4.49553864845393,1.11114411701791
0.5154,5.77954669660588,4.57221607002553,1.20733062658035
0.5156,5.95177219138836,4.64791862835563,1.30385356303273
0.5158,6.12305301548536,4.72330729142139,1.39974572406397
0.516,0.0101045243282281,4.7990267149209,1.49426311658692
0.5162,0.179416199812123,4.87570688811662,1.58689461887509
0.5164,0.347831556725259,4.95393442735679,1.67708243654806
0.5166,0.516050792146748,5.03438403486325,1.76485206446308
0.5168,0.684438279429132,5.1174952441234,1.85012834248531
0.517,0.852747962100133,5.20329467451289,1.93263859476683
0.5172,1.02092541684634,5.29181090111867,2.01229982290726
0.5174,1.18908320415371,5.38310300184434,2.08916550948895
0.5176,1.35720685739597,5.47685926388535,2.1635329006902
0.5178,1.52592946431532,5.57209321278806,2.23702155870685
0.518,1.6956166365415,5.66803436469661,2.31076757902448
0.5182,1.8660673234013,5.76261529795176,2.38663733262912
0.5184,2.03725293224863,5.85471697870654,2.46572126072168
0.5186,2.20928084055814,5.94401488082612,2.54845126691161
0.5188,2.38225144943499,6.02963509006074,2.63580166655383
0.519,2.55663769697469,6.10997870672044,2.72984429743383
0.5192,2.73273603458867,6.18505449441694,2.83086684735132
0.5194,2.91034862730587,6.25451446262912,2.93901947185634
0.5196,3.08942187674545,0.0353896995872356,3.05403217715821
0.5198,3.26999103819107,0.0947893714778225,-3.10798364046634
0.52,3.45209981111021,0.149560422001694,-2.98064591807107
0.5202,3.63637036179524,0.199981322269075,-2.84679626765342
0.5204,3.82265919010033,0.247128536369988,-2.70765465344924
0.5206,4.01062914033691,0.29256833076476,-2.56512449760743
0.5208,4.20017385222471,0.336966007308338,-2.41997746226321
0.521,4.39120781789875,0.38105150641752,-2.27302899569835
0.5212,4.58412537680379,0.426134935877304,-2.1251948662531
0.5214,4.77900741366833,0.472761083144048,-1.9769389766553
0.5216,4.97534237312983,0.521700779482135,-1.82954371353189
0.5218,5.17266543591192,0.574314354364462,-1.68483422563213
0.522,5.37072451230383,0.631122785315948,-1.5435835801917
0.5222,5.56922377052355,0.692479552324661,-1.4064410889807
0.5224,5.76850130913765,0.759534550694877,-1.27421854873681
0.5226,5.96851606951786,0.831493485068821,-1.14616272273055
0.5228,6.16851760096269,0.907586041188678,-1.02225374740557
0.523,0.0847783106469198,0.987331969871882,-0.902553659224962
0.5232,0.283407076941269,1.06971935469114,-0.786312277749872
0.5234,0.481661186400657,1.1537315559652,-0.672070369564543
0.5236,0.67962766926749,1.23802761572228,-0.558399946454794
0.5238,0.876774873386983,1.3213994149718,-0.444624541584816
0.524,1.07250269974429,1.40290993189198,-0.330407232147697
0.5242,1.26648456153566,1.48217501964673,-0.215690458111077
0.5244,1.45850037644755,1.55907653081272,-0.100576154365177
0.5246,1.64916003568214,1.63372155969932,0.0154384759828217
0.5248,1.83867052636459,1.70641711285682,0.132253413507773
0.525,2.0264769177886,1.77753312212294,0.248943795665659
0.5252,2.21220958217849,1.84780343602293,0.364406146155561
0.5254,2.39577877790099,1.91789785541382,0.477880922487164
0.5256,2.57740954467806,1.98840009714054,0.589009447537527
0.5258,2.75756563502838,2.06015449761011,0.697411137418275
0.526,2.9364399111823,2.13366475483003,0.802775156352268
0.5262,3.11366739893201,2.20944423882974,0.90422316010228
0.5264,3.28909542662404,2.28810874842806,1.00098667819598
0.5266,3.46276275748,2.37008177753882,1.09268097994117
0.5268,3.63484065872228,2.45590378125089,1.17893687747139
0.527,3.80622475727329,2.54592955308738,1.26029520418591
0.5272,3.97689082974471,2.63985796485488,1.33703286488983
0.5274,4.14654727445877,2.73663785020787,1.4099094242509
0.5276,4.3151564817974,2.83566111660639,1.47949536519101
0.5278,4.48275707354506,2.93640295899303,1.54635411455203
0.528,4.64963059203862,3.0378436533581,1.61178693868052
0.5282,4.81614375688857,3.13857241309901,1.67757134378956
0.5284,4.98257866953229,3.23751986588594,1.74505880364635
0.5286,5.1487950080846,3.33283248964269,1.81596251844191
0.5288,5.31480806163016,3.42410928627286,1.8906987753573
0.529,5.48069349126211,3.51189450805452,1.96879898320759
0.5292,5.64648160990805,3.59562880850325,2.05085280140481
0.5294,5.81291069264658,3.67460569058203,2.13830500206455
0.5296,5.98014653788514,3.74908185048437,2.23106468740077
0.5298,6.14800269014569,3.81944573527043,2.32855695487526
0.53,0.0333227951735235,3.88655349970523,2.42995460264788
0.5302,0.20255733733616,3.95115598947896,2.53458665503678
0.5304,0.372682212867089,4.01379287013382,2.64207464991286
0.5306,0.544068896560625,4.07487603358343,2.75237817015678
0.5308,0.716992574488112,4.13549888765415,2.86467899401355
0.531,0.891308529789362,4.19635252191136,2.97814131505758
0.5312,1.06700605578421,4.25782008246533,3.09237128049846
0.5314,1.24410111445631,4.32032222802885,-3.07622111357254
0.5316,1.42266112896024,4.38455963199447,-2.96189850303423
0.5318,1.60334698558429,4.45098775822,-2.84764077263571
0.532,1.78598416488855,4.52010249849318,-2.73411833360463
0.5322,1.97027958335877,4.59174584071909,-2.62146625736033
0.5324,2.15616269333071,4.6654399785785,-2.50927728524779
0.5326,2.34353585114137,4.74066275439379,-2.39712690325242
0.5328,2.53283518471326,4.81658697938929,-2.28375179467603
0.533,2.72416885014631,4.89222476147583,-2.16805591132953
0.5332,2.91701832351116,4.96654948367097,-2.04953116015982
0.5334,3.11099118334029,5.03869458725521,-1.92770340391492
0.5336,3.30589567440328,5.10812366468677,-1.80222799028349
0.5338,3.5014420676237,5.17441424033952,-1.67297217271582
0.534,3.69796715359176,5.23709827119121,-1.53913111759945
0.5342,3.89542032473688,5.2964480755907,-1.40102775085383
0.5344,4.09306723304151,5.35345628282648,-1.26038904978496
0.5346,4.29040461690053,5.40869219559005,-1.11828757868952
0.5348,4.48719409987365,5.46269820840386,-0.975504108530214
0.535,4.68380500838419,5.51629051578019,-0.832485507396007
0.5352,4.88025404712468,5.57000073257017,-0.689746685445494
0.5354,5.07610517336317,5.62430876793076,-0.548203594567583
0.5356,5.2707485545208,5.6805063924045,-0.4097578378837
0.5358,5.46384527676569,5.73919539631693,-0.275350119551235
0.536,5.6551761137017,5.80098681547285,-0.145810701771151
0.5362,5.84533892188053,5.86741403385909,-0.0220751119785598
0.5364,6.03449805035791,5.93834351346682,0.0961545368910839
0.5366,6.22205200936129,6.01368333104232,0.208368678318964
0.5368,0.12441591133325,6.09391428648165,0.313686932031188
0.537,0.307852073273365,6.17879759556618,0.412239784886774
0.5372,0.489122389008,6.26809845404269,0.504209242144896
0.5374,0.668881397391226,0.0786792689513807,0.590202128439845
0.5376,0.847371107703126,0.175858602318708,0.671512505384418
0.5378,1.02416084689122,0.274607469412945,0.749553377478274
0.538,1.19906516098621,0.373922770022697,0.825142390963517
0.5382,1.37213497872464,0.473204353313511,0.898930625411134
0.5384,1.54344599880685,0.571284287920877,0.972161710885978
0.5386,1.7138178261797,0.666968009971694,1.04684981620801
0.5388,1.88340404717364,0.759865431163038,1.1235386160106
0.539,2.05187396341554,0.848992896242248,1.20288106717329
0.5392,2.21913798428073,0.934563884874533,1.28457409940619
0.5394,2.38524393860986,1.01733646859899,1.36790747001088
0.5396,2.5501067432814,1.09756392886758,1.45254281441382
0.5398,2.71443662949951,1.17510966524708,1.53932696425243
0.54,2.87860630392497,1.25052847393189,1.62807782999309
0.5402,3.04238568255691,1.3246491484486,1.71773653410831
0.5404,3.20574835432086,1.39823162833509,1.80751672598577
0.5406,3.36879586339649,1.47194611283386,1.89684975056263
0.5408,3.53146496525317,1.54637403541851,1.98509092983466
0.541,3.69440551059544,1.62207348087493,2.07233202972051
0.5412,3.85797318697907,1.6995330750572,2.15844011192187
0.5414,4.02196894453072,1.77907177909207,2.24289716543865
0.5416,4.18639576381318,1.86098056510133,2.32541519871185
0.5418,4.35137014640048,1.94546264231748,2.405907504083
0.542,4.51682502552243,2.0323767821651,2.48444824335733
0.5422,4.68334310356504,2.1208149837036,2.56252811986144
0.5424,4.85125610523301,2.20959703258322,2.64165907264979
0.5426,5.02036276838437,2.29782198303248,2.72254078535189
0.5428,5.19064839250131,2.38488332765503,2.80576506484628
0.543,5.36220522207364,2.47016067280131,2.89204454927233
0.5432,5.53492884631398,2.55261254041116,2.98231630590281
0.5434,5.7093158749498,2.63006773109304,3.07924814385676
0.5436,5.88562800530705,2.70178014999325,-3.09933745186579
0.5438,6.06360330440925,2.76815851365833,-2.98774051642866
0.544,6.2431696930068,2.82956277492876,-2.86957838910154
0.5442,0.141176924788862,2.88638710274884,-2.74521017795998
0.5444,0.323808160927538,2.93899290984207,-2.61518474891453
0.5446,0.508267969681581,2.98765520320045,-2.47938723351887
0.5448,0.694675065294615,3.03373209434433,-2.33905702904971
0.545,0.882599713580463,3.0782755190391,-2.19567580545863
0.5452,1.07181533764891,3.12182040088031,-2.0500050632314
0.5454,1.26220919316261,3.16484465745248,-1.90263546428987
0.5456,1.45343549379034,3.20800953657536,-1.75457404278502
0.5458,1.64578242195149,3.25293489141519,-1.60715246946369
0.546,1.83922227838251,3.30142464475402,-1.46220236637151
0.5462,2.0331599133923,3.35373047979702,-1.32057056640472
0.5464,2.22724952633757,3.40992126753009,-1.18267174119252
0.5466,2.42128473579676,3.47091066405178,-1.04962592825502
0.5468,2.61571219462165,3.53822446171015,-0.922512267088499
0.547,2.81052192441833,3.6111866868953,-0.800664762476969
0.5472,3.00495331321201,3.68907681759542,-0.684123504383414
0.5474,3.19845147133127,3.77123132607817,-0.572779854746893
0.5476,3.39076919074103,3.85672449813396,-0.465955307392922
0.5478,3.58165358547452,3.9447700476558,-0.363116462181286
0.548,3.77159909442218,4.03477428820707,-0.263175193784899
0.5482,3.96064962265528,4.12512144199926,-0.164471819343983
0.5484,4.14812668838549,4.21433763060946,-0.0662109422239716
0.5486,4.33362815142527,4.30184450088811,0.0317836505371618
0.5488,4.51709259856236,4.3872514475542,0.129841151008161
0.549,4.69847384830173,4.4702507922365,0.228223056065237
0.5492,4.87843458186777,4.55071720260382,0.327717379263953
0.5494,5.05713672793076,4.62881035352849,0.428326374402276
0.5496,5.23406058017476,4.70506219089828,0.52899838927648
0.5498,5.40899823391115,4.77999475129829,0.629003482612854
0.55,5.58202100435131,4.85408398541337,0.727937018937936
0.5502,5.7532398657353,4.92797557049586,0.825264295239444
0.5504,5.92347416263742,5.00246049506449,0.921013667572932
0.5506,6.09278554872467,5.07824119521786,1.01454435350682
0.5508,6.26081774037408,5.15580961168384,1.10500812869024
0.551,0.14428610440908,5.23553400595624,1.19193740563243
0.5512,0.309578035639329,5.3177246722344,1.27503867058451
0.5514,0.473380907003456,5.40269717881554,1.3538690353675
0.5516,0.636388518255656,5.49067438358497,1.42889944185027
0.5518,0.798962170978127,5.58150576735265,1.50064171080507
0.552,0.960864501416773,5.67499547556088,1.56905433303548
0.5522,1.12206848966226,5.77087376496238,1.63438003187946
0.5524,1.28267872913345,5.86863793726223,1.69722609905081
0.5526,1.44263666059437,5.96720221587521,1.75861975189874
0.5528,1.60259598824076,6.06366113600566,1.82212015941468
0.553,1.76289743100452,6.15722646568414,1.88885627249997
0.5532,1.92332498052304,6.2480362996591,1.95847398804352
0.5534,2.08387780558639,0.052604794281109,2.03127301130528
0.5536,2.24467907667045,0.137035454808699,2.10764362186175
0.5538,2.40566995223392,0.217628501425624,2.18804145080829
0.554,2.56727608706635,0.293111356041622,2.27416473102473
0.5542,2.7297589491589,0.363688142893524,2.36607080626537
0.5544,2.89317030948484,0.430297333766532,2.46287297571831
0.5546,3.05749934108286,0.49355251850784,2.56394682257502
0.5548,3.22281988322418,0.553931346666312,2.66888853655787
0.555,3.3890697090782,0.612234152718069,2.77683555636013
0.5552,3.55599858127711,0.669430919583485,2.88656766169363
0.5554,3.72419916062936,0.72555113032244,2.99864803030692
0.5556,3.89402183672888,0.781117354283189,3.11290448244569
0.5558,4.0653633148474,0.836811846147243,-3.05463383847943
0.556,4.23823680498632,0.893069400509849,-2.93801790270311
0.5562,4.41260552803356,0.950184137034514,-2.82076391618054
0.5564,4.58816459030617,1.0095617090802,-2.70458242595361
0.5566,4.76537188477532,1.0720255151879,-2.58983893759217
0.5568,4.94452284662525,1.13738542265063,-2.47604788320496
0.557,5.12538537905257,1.20552053159423,-2.36332045972125
0.5572,5.30782754216778,1.27619553052087,-2.25155329553268
0.5574,5.49168069535511,1.34890294626125,-2.14040755808573
0.5576,5.67666389290898,1.42342744683907,-2.02994886110968
0.5578,5.86321513981008,1.49903858686998,-1.91900875423949
0.558,6.05119379366174,1.57467133365518,-1.80666284717302
0.5582,6.24017258531437,1.64949132762498,-1.6925040494902
0.5584,0.146730885813319,1.72280996685096,-1.57607908103764
0.5586,0.336973445388623,1.79404810430109,-1.45707465891247
0.5588,0.528050605646783,1.86291864253667,-1.33486803688988
0.559,0.719890297855785,1.92948160982078,-1.209591311965
0.5592,0.911761300079529,1.99394348964419,-1.08218218956466
0.5594,1.10319693166388,2.05663098845402,-0.953434056790137
0.5596,1.29402671752557,2.1178407434625,-0.82381402593693
0.5598,1.48399899271578,2.17800708498414,-0.694008092268357
0.56,1.67351589149075,2.23863529901837,-0.565119407527625
0.5602,1.86249989749645,2.30009336074012,-0.437593463243669
0.5604,2.05020615313575,2.36246068968256,-0.312254536546817
0.5606,2.23623877254325,2.42630722014039,-0.190068447597141
0.5608,2.42055128984884,2.49219036375732,-0.07163907390848
0.561,2.60302247794406,2.56080694128565,0.042215536658416
0.5612,2.78424054656423,2.63390270310001,0.150337843464213
0.5614,2.96428804646024,2.71130215743138,0.252985889028865
0.5616,3.14259757133691,2.79245501485867,0.350142556478236
0.5618,3.31893908788141,2.87730383688061,0.441635251000807
0.562,3.49334977931739,2.96588427347515,0.52746550584224
0.5622,3.66591141768694,3.05841586819843,0.607495549488511
0.5624,3.83740164543452,3.15409626861202,0.683305376822499
0.5626,4.00778081800221,3.25182720263575,0.755953615366462
0.5628,4.17666268628734,3.35067211787571,0.825990568411639
0.563,4.34393959741393,3.44959049304087,0.89434910437306
0.5632,4.50962078242065,3.54754131567935,0.962079466741298
0.5634,4.67357125750965,3.64244543696379,1.03112582054587
0.5636,4.83647689628853,3.7335823633186,1.10289453296993
0.5638,4.9986660709863,3.8216789266662,1.1769871443201
0.564,5.15986125694369,3.90700799785498,1.25285325908871
0.5642,5.32001641982002,3.98955465231769,1.33046176750233
0.5644,5.47923635096898,4.06953147398145,1.40970487698754
0.5646,5.63746159541853,4.14677375569169,1.49068783972684
0.5648,5.79533646175406,4.22126711589565,1.57406934585841
0.565,5.95317722997324,4.29401547040432,1.65916175956892
0.5652,6.11074983058225,4.36581409707467,1.74493573350759
0.5654,6.26805022705787,4.43720124605693,1.83084898100094
0.5656,0.142018154033546,4.50872643046496,1.91647703074817
0.5658,0.298967874578199,4.58104301247867,2.00111016927912
0.566,0.455518305712207,4.65453039185884,2.08417322103295
0.5662,0.612240566719629,4.72948825146394,2.16593762243528
0.5664,0.769566727575943,4.806270679854,2.24648135490153
0.5666,0.927409072883567,4.88509160722601,2.32550277283715
0.5668,1.08578491805723,4.96594298217819,2.40302724305863
0.567,1.24470269757373,5.04837120292344,2.47951680182988
0.5672,1.40396900680655,5.13195319006618,2.55520112391996
0.5674,1.564166573705,5.2159629168943,2.63138896399028
0.5676,1.72572692955895,5.29966599071497,2.70924624602356
0.5678,1.88857425043739,5.3823094637017,2.78945009391528
0.568,2.05273224036962,5.46328570011354,2.87263184743567
0.5682,2.21820594473381,5.54178368361608,2.95960756829731
0.5684,2.3847775764607,5.61716652215786,3.05079636148242
0.5686,2.5527473321651,5.68861368690868,-3.13586635474357
0.5688,2.72237698968305,5.75557721902838,-3.03320022934533
0.569,2.89378982442527,5.8180518587286,-2.92426203430333
0.5692,3.06690446871753,5.87636772998714,-2.80946326126961
0.5694,3.24161925060034,5.93188064173509,-2.69026139113476
0.5696,3.41766733705178,5.98546142310068,-2.5677940860489
0.5698,3.5948079518583,6.0369131200497,-2.44210516819139
0.57,3.77366080629956,6.08646532229704,-2.31280451599748
0.5702,3.95415664594971,6.13488304388889,-2.18072639793918
0.5704,4.13610716268526,6.18271013522672,-2.04660297254146
0.5706,4.3194373690062,6.23129846425525,-1.91186109524904
0.5708,4.50387240279388,6.28152805249121,-1.77765564969733
0.571,4.68962302665312,0.051186156432466,-1.64474843695893
0.5712,4.8766338023031,0.106965832288779,-1.51351733716527
0.5714,5.06443956431175,0.166059806925329,-1.38480554979316
0.5716,5.25273613523969,0.228692364293928,-1.25914153623383
0.5718,5.44132537134329,0.294766975472268,-1.13662691130857
0.572,5.62979154554536,0.365212819667701,-1.01860658130193
0.5722,5.81836967519152,0.441046872953669,-0.905862504941737
0.5724,6.00699154229831,0.521109724517736,-0.797303489399013
0.5726,6.1950300010754,0.604451410810955,-0.69260671691514
0.5728,0.0989565821967817,0.690628831816749,-0.591672249619968
0.573,0.285014921157556,0.778943096887732,-0.493928175730176
0.5732,0.46973261173032,0.868006969864661,-0.398274358134341
0.5734,0.653512733173138,0.957150647620982,-0.303637914447844
0.5736,0.83634953853423,1.04542177188656,-0.20907223335233
0.5738,1.0176638378983,1.13208244587155,-0.114418607973248
0.574,1.19723356084103,1.21686039627538,-0.0196268354343512
0.5742,1.37508053812126,1.29956841958142,0.0755121185398431
0.5744,1.55104750851255,1.37992990157014,0.17111760694241
0.5746,1.72568410814982,1.45818452844454,0.267499579705279
0.5748,1.89911772675861,1.53479606271621,0.364321664042396
0.575,2.07090056642779,1.61018042892017,0.460720137507619
0.5752,2.24089926784096,1.68479858897241,0.556100678868547
0.5754,2.40916378918474,1.75920868977012,0.649955099414619
0.5756,2.57556550050309,1.83399226090743,0.741573239595661
0.5758,2.74072858657852,1.9098778989195,0.83085068765902
0.576,2.90490821359238,1.98726621109859,0.917642002493795
0.5762,3.06778328288254,2.06649982780903,1.00128345507351
0.5764,3.22929329507994,2.14797892149729,1.08131437358265
0.5766,3.38953290007031,2.23165994640972,1.15787295366059
0.5768,3.5484260778232,2.31775267913938,1.23067339868381
0.577,3.70660060010426,2.40679843591598,1.29980216418828
0.5772,3.864341176135,2.49846655776148,1.36587461837352
0.5774,4.02136866562941,2.59209204653793,1.42927661909148
0.5776,4.17764599339658,2.68702144496526,1.49062454843132
0.5778,4.33329523923711,2.78152865353191,1.55176658570521
0.578,4.48827476745086,2.87513438750419,1.61314037994667
0.5782,4.64230227911683,2.96768541525818,1.67461686385865
0.5784,4.79599401068199,3.05794796035196,1.73804605033003
0.5786,4.94977394181236,3.14524329683374,1.80453064497863
0.5788,5.10354316068049,3.22897581843448,1.87456734224601
0.579,5.25735153271956,3.30853452750208,1.94881700521747
0.5792,5.41125723248122,3.38456244986233,2.02669478261889
0.5794,5.56509517368519,3.45756686030503,2.10752831338016
0.5796,5.71921677131162,3.52667950685021,2.19253726446141
0.5798,5.87419438851235,3.59213151417866,2.28206287433369
0.58,6.02999431889909,3.6546783903251,2.37531592857399
0.5802,6.18661206182773,3.71553861374984,2.47107344807789
0.5804,0.0608881978194216,3.77535804304391,2.56871546195509
0.5806,0.219057114604752,3.83459747481805,2.66764494696629
0.5808,0.377651543785417,3.89358980691682,2.76724704404818
0.581,0.537310037165505,3.95220337446742,2.86829196987767
0.5812,0.698521034340205,4.01098313894926,2.97072320257053
0.5814,0.861175643138046,4.07145848414675,3.07290246617089
0.5816,1.02520382321068,4.13393626897474,-3.10873244576407
0.5818,1.1905227969962,4.19812326991474,-3.00760047291854
0.582,1.35686692523998,4.26419005650889,-2.90732313126891
0.5822,1.52472281400697,4.33263372878699,-2.80791091478002
0.5824,1.69448149735693,4.40330435584462,-2.70882285848768
0.5826,1.86604606010766,4.47586688232965,-2.60982082222198
0.5828,2.03938938437977,4.55001288499455,-2.51062350061478
0.583,2.21441662136649,4.62510277639534,-2.41068615502884
0.5832,2.39075206457937,4.70053662661156,-2.30978456203219
0.5834,2.56847458386334,4.77576052058509,-2.20728593672175
0.5836,2.74763084519565,4.85007918515996,-2.10244833996431
0.5838,2.92828339826286,4.92285000768013,-1.99456660941728
0.584,3.11022921207542,4.99385683706273,-1.88362762498732
0.5842,3.29322893321491,5.06308593013924,-1.76985699692433
0.5844,3.47686127928948,5.13049702606682,-1.65363574677734
0.5846,3.66136274504993,5.19590324354241,-1.53454049849248
0.5848,3.84675306363656,5.25944775405767,-1.4126946904211
0.585,4.03255888116632,5.32138766518837,-1.28882878402205
0.5852,4.21854709987448,5.38255826563335,-1.16401116575888
0.5854,4.40457726868208,5.44351833011458,-1.0389410614325
0.5856,4.59022809540055,5.50477435364117,-0.914546258240615
0.5858,4.77570320737955,5.56708566577514,-0.791382458395586
0.586,4.96093130421358,5.63069740494243,-0.669766100728856
0.5862,5.1453455982642,5.69579658705497,-0.550450988790774
0.5864,5.32867362070043,5.76297200399554,-0.434298383295109
0.5866,5.51079758827959,5.83288858808196,-0.322090999802369
0.5868,5.69139315905623,5.90581570530953,-0.214422546253297
0.587,5.87084867563909,5.9827888136201,-0.111940137981015
0.5872,6.04921836559357,6.06358184205075,-0.0143634764571781
0.5874,6.22601867959439,6.14793493181191,0.0780837477824816
0.5876,0.117901469413173,6.23515373750478,0.165933039087976
0.5878,0.291273321603389,0.0415749130107773,0.249698408592611
0.588,0.462800449826141,0.133238765496981,0.329561684329161
0.5882,0.633035445297035,0.226762349384471,0.406273095912564
0.5884,0.802142538578354,0.321153417026551,0.480989121551803
0.5886,0.969717363428471,0.415486224534252,0.554231138894219
0.5888,1.13564991411996,0.507997061129869,0.627652852990096
0.589,1.30000689109731,0.598380836239514,0.701626054857794
0.5892,1.46267149674915,0.686704415784483,0.775967080964669
0.5894,1.62422146287023,0.772417202685436,0.851804260184789
0.5896,1.78489989324951,0.855590306163062,0.929309587086444
0.5898,1.94440918281993,0.936409733924553,1.00799944889538
0.59,2.10271249476106,1.01476023877125,1.08795225598981
0.5902,2.2599264895642,1.09113410220745,1.16879238735674
0.5904,2.41599330689338,1.16631694087019,1.24967636602319
0.5906,2.57061647896469,1.24068884888358,1.32992763008111
0.5908,2.7244195890844,1.31422871393112,1.41019087515329
0.591,2.87781084614053,1.38747791170734,1.49033293443319
0.5912,3.0306583246757,1.46108241176103,1.56957591291468
0.5914,3.18299126958242,1.53544596626092,1.6475453033215
0.5916,3.33486603004214,1.61090167497868,1.72396435506346
0.5918,3.48612402351695,1.68772193014262,1.79840209337433
0.592,3.63724549234648,1.7661748973204,1.87107059502608
0.5922,3.78868901361022,1.84641289739758,1.94227611621263
0.5924,3.94036652293303,1.92800109822762,2.01236542470541
0.5926,4.09228815706297,2.01061456119853,2.08167359586444
0.5928,4.24449904452566,2.09416590402315,2.15033314050251
0.593,4.39687235894445,2.17842712699123,2.21844523195322
0.5932,4.54913622442591,2.26279405941397,2.28634216501194
0.5934,4.70193112968339,2.34609846735512,2.35583266232827
0.5936,4.85574566358296,2.42710829450486,2.4286373690781
0.5938,5.01048335735173,2.50532230322872,2.50516105412301
0.594,5.16610427049026,2.58088845268703,2.58521581780323
0.5942,5.3225832588072,2.65421326044118,2.66836999836602
0.5944,5.47973132713939,2.72569138771286,2.75403993942653
0.5946,5.63723918389034,2.79464868063955,2.8425905032508
0.5948,5.79579314096176,2.85915299917892,2.93664014178284
0.595,5.95596793068273,2.92016398588612,3.03580394479661
0.5952,6.11773014195714,2.97874870565405,3.13898143630309
0.5954,6.28102160213797,3.03556925067253,-3.03773295571415
0.5956,0.162522919907838,3.09124607410588,-2.92872315419805
0.5958,0.328294639934292,3.14574253458777,-2.81744789465348
0.596,0.495658375304478,3.19840006224376,-2.70274168693929
0.5962,0.665016263813343,3.25110547861421,-2.58608921480086
0.5964,0.836209640515251,3.30533250257643,-2.46912286206118
0.5966,1.00908786611438,3.36108322183719,-2.35199535572281
0.5968,1.18344293525358,3.41822180518856,-2.23477886993498
0.597,1.35886402997991,3.47697572368101,-2.1181116937011
0.5972,1.53560565207918,3.53819156200838,-2.0025859099292
0.5974,1.71398151888137,3.60210856798033,-1.88812704909896
0.5976,1.89374582095756,3.66955637594173,-1.77581055498417
0.5978,2.07470562686455,3.74046852414028,-1.66576289727573
0.598,2.25664952799346,3.81397835403814,-1.55732882604468
0.5982,2.4390868883702,3.88986860103565,-1.45078171266545
0.5984,2.62216994073915,3.9689728509537,-1.34680291021455
0.5986,2.80588300327335,4.05057940743216,-1.24469640415881
0.5988,2.98977506043685,4.13326246236709,-1.14348740193023
0.599,3.17365243213284,4.2162212094511,-1.04256877731825
0.5992,3.35739288134662,4.29887930402196,-0.941486422675339
0.5994,3.54057559161548,4.38081943599146,-0.840243844375974
0.5996,3.72340668610113,4.46190622634118,-0.738499540240045
0.5998,3.90583396220831,4.54172172062364,-0.635887758415324
0.6,4.08733534101688,4.61985000596551,-0.532514664948633
